"item_id","restaurant_id","item_name","item_description","item_rating","item_type","cuisine","menu_category","menu_price","restaurant_name","restaurant_description","restaurant_address","city","source_created_on"
"MENU_000001","REST_00001","\It's Not Frickin' Chicken\"" Taco- Vegetarian""","Marinated \chicken fajita\"" our (plant-based protien) seared with onions & peppers","$7.50","","","scallions & pico de gallo""","topped with shredded jack cheese","","Tacos!!!","4.67123317718506","Houston","2022-10-30 15:09:09.0000000"
"MENU_000002","REST_00002","\Pastor Falso\"" Taco- Vegetarian""","Sliced vegetarian \pork fajita\"" in an ancho-morita chili sauce simmered with spices & pineapple topped with cilantro","Tacos!!!","","","","onion & queso fresco""","146","Tacos A Go Go","Mexican","Houston","2022-10-30 15:09:09.0000000"
"MENU_000003","REST_00003","\Pastor\"" Quesadilla-Vegetarian""","Our saucy vegetarian \faux pork\"" added in with loads of Jack cheese","Quesadillas!!!","","","","served with pico de gallo and our creamy chipotle dipping sauce on the side.""","168","Tacos A Go Go","Mexican","Houston","2022-11-07 21:17:47.0000000"
"MENU_000004","REST_00004","BREAKFAST Molletes","A VIP's Classic!Butter toasted \telera\"" bun with chorizo refired beans","https://img.cdn4dd.com/cdn-cgi/image/fit=contain,width=1200,height=672,format=auto/https://doordash-static.s3.amazonaws.com/media/photosV2/df72d95a-c463-4908-ae82-b4b04f3e2bb0-04d5faba-b27a-472f-b3ec-3344b5039537-retina-large.JPG","","","","melted cheese","4.26522302627563","2956","La Calle Tacos","Houston","2022-10-30 15:03:51.0000000"
"MENU_000005","REST_00004","CHIPS & CHICHARRON","Chose between Tasty, popping and crunchy \Chicharron\"" or Chip tortillas fried daily for maximum flavor. Choose 1","https://img.cdn4dd.com/cdn-cgi/image/fit=contain,width=1200,height=672,format=auto/https://doordash-static.s3.amazonaws.com/media/photosV2/db485c1e-5110-4ea6-bdb6-6c8608346c3a-7b363c57-6347-4279-a6bf-5679f4620aa8-retina-large.JPG","","","","2","4.26522302627563","2956","La Calle Tacos","Houston","2022-10-30 15:03:51.0000000"
"MENU_000006","REST_00004","STREET Elote (Cobb)","The ULTIMATE Mexican Street Snack on the \COBB\""","https://img.cdn4dd.com/cdn-cgi/image/fit=contain,width=1200,height=672,format=auto/https://doordash-static.s3.amazonaws.com/media/photosV2/02fcce00-535d-490e-8c15-f5f481d145f6-8ff240df-6b5a-4765-829a-e3241aa6d093-retina-large.JPG","","","$7.20","both with mayocrema","4.26522302627563","2956","La Calle Tacos","Houston","2022-10-30 15:03:51.0000000"
"MENU_000007","REST_00004","STREET Esquite (Elote in a Cup)","The ULTIMATE Mexican Street Snack in a \CUP\""","https://img.cdn4dd.com/cdn-cgi/image/fit=contain,width=1200,height=672,format=auto/https://doordash-static.s3.amazonaws.com/media/photosV2/67c1c055-458a-42e9-adc0-873cd1c25ca1-e17d9b30-cb16-4c08-b983-52d26dc8a30d-retina-large.JPG","","","$7.20","both with mayocrema","4.26522302627563","2956","La Calle Tacos","Houston","2022-10-30 15:03:51.0000000"
"MENU_000008","REST_00005","CHIPS & CHICHARRON","Chose between Tasty, popping and crunchy \Chicharron\"" or Chip tortillas fried daily for maximum flavor. Choose 1","https://img.cdn4dd.com/cdn-cgi/image/fit=contain,width=1200,height=672,format=auto/https://doordash-static.s3.amazonaws.com/media/photosV2/db485c1e-5110-4ea6-bdb6-6c8608346c3a-7b363c57-6347-4279-a6bf-5679f4620aa8-retina-large.JPG","","","$5.99","2","4.26675605773926","2969","La Calle Tacos","Houston","2022-11-07 21:17:36.0000000"
"MENU_000009","REST_00006","The Impossible Potsticker","Pan-seared, gluten-free potstickers filled with Impossible \beef\""","https://img.cdn4dd.com/cdn-cgi/image/fit=contain,width=1200,height=672,format=auto/https://doordash-static.s3.amazonaws.com/media/photosV2/ed82696b-63eb-4f14-a024-99b90b5b6d83-retina-large.jpeg","","","","fresh garlic","4.49400520324707","2502","moonbowls - Healthy Korean Bowls","Houston","2022-10-30 15:11:23.0000000"
"MENU_000010","REST_00007","Assam Milk Tea","Full-Bodied and Creamy Milk TeasMilk Teas are widely available around every corner but what makes our milk teas different? Real milk, cane sugar, and loose leaf tea. Simplicity and authenticity - simply delicious, that is what makes our Oolong and Assam Milk Tea special. Known Allergen: DairyCalories: 240-310","4.85917997360229","","","Tea & Juice","$5.76","7 Leaves Cafe","Tea and Coffee Beverages","3825 Richmond Ave Houston, TX 77027 United States","Houston","2022-10-30 15:12:38.0000000"
"MENU_000011","REST_00007","Green Thai Tea","A sweet and creamy milk tea made with a jasmine tea blend for a fresh floral taste.","4.85917997360229","","","Tea & Juice","$5.76","7 Leaves Cafe","Tea and Coffee Beverages","3825 Richmond Ave Houston, TX 77027 United States","Houston","2022-10-30 15:12:38.0000000"
"MENU_000012","REST_00007","Herbal Tea","Brewed from Seven Types of Herbs and TeasFormulated to cool and refresh the mind and body, Herbal Tea is a quenching and balanced blend of seven distinct types of herbs and teas, consisting of natural and exotic ingredients such as pandan leaves, chrysanthemum, and raw cane. The end result is a truly refreshing coffee experience.Calories: 100-120","4.85917997360229","","","Tea & Juice","$5.76","7 Leaves Cafe","Tea and Coffee Beverages","3825 Richmond Ave Houston, TX 77027 United States","Houston","2022-10-30 15:12:38.0000000"
"MENU_000013","REST_00007","House Coffee","Authentic Vietnamese Style Creamy Iced CoffeePerfected over the time span of a hundred years, Cafe Sua Da has become one of the world’s most refined and popular drinks. Using our secret brewing technique and the finest coffee beans in the world, our House Coffee is the culmination of authentic Vietnamese-style coffee, famous for its delicately nutty and smooth flavor along with a taste that is distinctly our own.Known Allergies: Dairy, Soy and HazelnutCalories: 330-390","4.85917997360229","","","Coffee","$5.76","7 Leaves Cafe","Tea and Coffee Beverages","3825 Richmond Ave Houston, TX 77027 United States","Houston","2022-10-30 15:12:38.0000000"
"MENU_000014","REST_00007","Japanese Matcha Tea","The Healthiest Drink Nature Has to OfferMatcha is known today as the healthiest, rarest and most premium of all tea varieties from Japan. For over 800 years, Zen Buddhist monks have been using Matcha green for meditation purposes. It is extremely exquisite with only a few dozen farmers having the required knowledge to produce it, and we are proud to source our Matcha from such master tea farmers. There is no other fruit or vegetable in the world that provides more antioxidants than Matcha. It is literally the healthiest drink nature has to offer.Calories: 125 - 160","4.85917997360229","","","Tea & Juice","$6.06","7 Leaves Cafe","Tea and Coffee Beverages","3825 Richmond Ave Houston, TX 77027 United States","Houston","2022-10-30 15:12:38.0000000"
"MENU_000015","REST_00007","Jasmine Milk Tea","A Sweet Mix of Jasmine Green Tea and MilkThe Jasmine Milk Tea, perfectly curated and brewed to fit the taste of any individual, no matter the preference. Utilizing our award-winning Jasmine scented tea leaves, our unique recipe captures the nuance and the subtleties of how a pure Jasmine Milk Tea should taste — light and refreshing with every sip.No Known Allergens.Calories: 180-220","4.85917997360229","","","Tea & Juice","$5.76","7 Leaves Cafe","Tea and Coffee Beverages","3825 Richmond Ave Houston, TX 77027 United States","Houston","2022-10-30 15:12:38.0000000"
"MENU_000016","REST_00007","Mung Bean Milk Tea","Jasmine Tea with Mung Bean and Pandan LeavesThat Mung bean flavor you are tasting? Yes, it’s real Mung bean. Cooked, strained, and blended Mung bean has a slightly sweet and unique earthy tone that is perfect for Milk Tea infusion. But the Mung bean is not the only thing that is real. So is the tea and pandan leaves. Brewed from loose leaf green tea using our 5-step brewing process, the extra care that goes into our Mung Bean Milk Tea creates a cup of Milk Tea unlike any other.Known Allergens: DairyCalories: 280-340","4.85917997360229","","","Tea & Juice","$5.76","7 Leaves Cafe","Tea and Coffee Beverages","3825 Richmond Ave Houston, TX 77027 United States","Houston","2022-10-30 15:12:38.0000000"
"MENU_000017","REST_00007","Oolong Milk Tea","Full-Bodied and Creamy Milk TeasMilk Teas are widely available around every corner but what makes our milk teas different? Real milk, cane sugar, and loose leaf tea. Simplicity and authenticity - simply delicious, that is what makes our Oolong and Assam Milk Tea special. Known Allergen: DairyCalories: 240-310","4.85917997360229","","","Tea & Juice","$5.76","7 Leaves Cafe","Tea and Coffee Beverages","3825 Richmond Ave Houston, TX 77027 United States","Houston","2022-10-30 15:12:38.0000000"
"MENU_000018","REST_00007","Sea Cream Jasmine Tea","Jasmine Green Tea Topped with Our Signature Whipped Sea CreamOur award-winning jasmine blended with jasmine petals is grown in the high mountains and harvested every spring in the early morning before they bloom to preserve their naturally subtle sweetness. With its alluring fragrance, jasmine is one of the world’s most desirable tea. Topped with a frothy foam of our signature whipped sea cream, made daily, our Sea Cream Jasmine tea is a light and refreshing twist to green tea.Known Allergen: DairyCalories: 180-200","4.85917997360229","","","Tea & Juice","$5.76","7 Leaves Cafe","Tea and Coffee Beverages","3825 Richmond Ave Houston, TX 77027 United States","Houston","2022-10-30 15:12:38.0000000"
"MENU_000019","REST_00007","Strawberry Hibiscus Tea","Brewed with Real Fruits, Hibiscus Flowers, and Rooibos TeasBorn from a deep and complex infusion of real strawberry slices, golden apples, sweet rose hips, hibiscus flowers, and passion fruit essence – the 7 Leaves Strawberry Hibiscus is a sweet and tangy thirst-quencher that is not only refreshing but also invigorating.Calories: 100-120","4.85917997360229","","","Tea & Juice","$5.76","7 Leaves Cafe","Tea and Coffee Beverages","3825 Richmond Ave Houston, TX 77027 United States","Houston","2022-10-30 15:12:38.0000000"
"MENU_000020","REST_00007","Thai Tea","A Blend of Black Teas, Vanilla Bean, Cardamom, and AniseThai Tea (also known as Thai Iced Tea) is a popular iced drink hailing from Thailand, commonly found in Thai restaurants across the U.S. Our Thai Iced Tea is a traditional blend of strong black tea, vanilla bean, cardamom, and anise. Known Allergens: DairyCalories: 290-370","4.85917997360229","","","Tea & Juice","$5.76","7 Leaves Cafe","Tea and Coffee Beverages","3825 Richmond Ave Houston, TX 77027 United States","Houston","2022-10-30 15:12:38.0000000"
"MENU_000021","REST_00007","Vietnamese Coffee","Traditional Vietnamese Iced CoffeeStrong coffee with sweetened condensed milk and chilled on ice makes an unbeatable Southeast Asian treat. Even those who only take their coffee black will like this. Serve it on hot summer days or as an evening treat. We learned this in Vietnam, and now drink almost all our espresso this way.Known Allergens: DairyCalories: 210-280","4.85917997360229","","","Coffee","$5.76","7 Leaves Cafe","Tea and Coffee Beverages","3825 Richmond Ave Houston, TX 77027 United States","Houston","2022-10-30 15:12:38.0000000"
"MENU_000022","REST_00008","1 Fish* & 9 Shrimp","Your choice of catfish or tilapia with 9 butterfly shrimps.* WE USE MEKONG CATFISH. CAUTION: MAY CONTAIN FISH BONES.","4.47627115249634","","","Fish & Shrimp","$16.99","7 Spice Cajun Seafood","Seafood, Chicken, Dinner","7Spice, 5950 Gulf Fwy, Houston, TX 77023, USA","Houston","2022-11-07 21:13:15.0000000"
"MENU_000023","REST_00008","1 Lb. EZ Peel Shrimp","Sold by the pound, you can choose your favorite 7Spice flavor for it.","4.47627115249634","","","Boiled By The Pound","$17.99","7 Spice Cajun Seafood","Seafood, Chicken, Dinner","7Spice, 5950 Gulf Fwy, Houston, TX 77023, USA","Houston","2022-11-07 21:13:15.0000000"
"MENU_000024","REST_00008","1/2 Lb. Snow Crab","1/2 Lb. Snow Crab, you can choose your favorite 7Spice flavor for it.","4.47627115249634","","","Boiled By The Pound","$19.49","7 Spice Cajun Seafood","Seafood, Chicken, Dinner","7Spice, 5950 Gulf Fwy, Houston, TX 77023, USA","Houston","2022-11-07 21:13:15.0000000"
"MENU_000025","REST_00008","2 Fish* & 6 Shrimp","Your choice of catfish or tilapia with 6 butterfly shrimps.* WE USE MEKONG CATFISH. CAUTION: MAY CONTAIN FISH BONES.","4.47627115249634","","","Fish & Shrimp","$17.99","7 Spice Cajun Seafood","Seafood, Chicken, Dinner","7Spice, 5950 Gulf Fwy, Houston, TX 77023, USA","Houston","2022-11-07 21:13:15.0000000"
"MENU_000026","REST_00008","3 Blackened Fish*","Your choice of catfish or tilapia* WE USE MEKONG CATFISH. CAUTION: MAY CONTAIN FISH BONES.","4.47627115249634","","","Blackened","$16.99","7 Spice Cajun Seafood","Seafood, Chicken, Dinner","7Spice, 5950 Gulf Fwy, Houston, TX 77023, USA","Houston","2022-11-07 21:13:15.0000000"
"MENU_000027","REST_00008","4 Tenders & 6 Shrimp","4 chicken tenders served combined with 6 Butterfly Shrimps","4.47627115249634","","","Chicken Combinations","$16.99","7 Spice Cajun Seafood","Seafood, Chicken, Dinner","7Spice, 5950 Gulf Fwy, Houston, TX 77023, USA","Houston","2022-11-07 21:13:15.0000000"
"MENU_000028","REST_00008","9 Shrimp & Etouffee","9 (Fried or Blackened) shrimps served with our famous étouffée on the side for the rice to be smothered to your liking","4.47627115249634","","","Etouffee Combos","$16.99","7 Spice Cajun Seafood","Seafood, Chicken, Dinner","7Spice, 5950 Gulf Fwy, Houston, TX 77023, USA","Houston","2022-11-07 21:13:15.0000000"
"MENU_000029","REST_00008","Large Fried Crawfish Tails & Etouffee","Fried crawfish tails served with our famous étouffée on the side for the rice to be smothered to your liking","4.47627115249634","","","Etouffee Combos","$16.99","7 Spice Cajun Seafood","Seafood, Chicken, Dinner","7Spice, 5950 Gulf Fwy, Houston, TX 77023, USA","Houston","2022-11-07 21:13:15.0000000"
"MENU_000030","REST_00008","White Rice (L)","","4.47627115249634","","","Sides","$1.99","7 Spice Cajun Seafood","Seafood, Chicken, Dinner","7Spice, 5950 Gulf Fwy, Houston, TX 77023, USA","Houston","2022-11-07 21:13:15.0000000"
"MENU_000031","REST_00008","White Rice (M)","","4.47627115249634","","","Sides","$0.99","7 Spice Cajun Seafood","Seafood, Chicken, Dinner","7Spice, 5950 Gulf Fwy, Houston, TX 77023, USA","Houston","2022-11-07 21:13:15.0000000"
"MENU_000032","REST_00009","77. Beef with Asparagus","","4.66892719268799","","","Beef","$14.95","888 Chinese Restaurant","Wings, Soup, Chinese, Seafood, Spring Rolls, Asian, Beef, Szechuan, Chow Mein, Fried Rice, Dumplings, Chicken","2410 S Wayside Dr, Houston, TX 77023, USA","Houston","2022-10-30 15:21:32.0000000"
"MENU_000033","REST_00010","Aladdin\s Falafel wrap""","Falafel Wrapped with pickles, tomatoes, pickles,cabbage, roasted cauliflower, and roasted potatoes .","4.83308601379395","","","Pita Wraps","$9.50","Aladdin Mediterranean","Greek, Mediterranean","912 Westheimer Rd, 912 Westheimer Road, Houston, TX 77006, USA","Houston","2022-10-30 15:05:32.0000000"
"MENU_000034","REST_00010","Caramelized Onion Hummus","Classic hummus, delicately flavored with caramelized onions. (Vegan, GF)","4.83308601379395","","","Dips","$5.99","Aladdin Mediterranean","Greek, Mediterranean","912 Westheimer Rd, 912 Westheimer Road, Houston, TX 77006, USA","Houston","2022-10-30 15:05:32.0000000"
"MENU_000035","REST_00010","Chicken Kabob Wrap","Chunks of chargrilled white meat chicken wrapped with Garlic sauce, tomatoes pickles, and cabbage .","4.83308601379395","","","Pita Wraps","$9.50","Aladdin Mediterranean","Greek, Mediterranean","912 Westheimer Rd, 912 Westheimer Road, Houston, TX 77006, USA","Houston","2022-10-30 15:05:32.0000000"
"MENU_000036","REST_00010","Chicken Shawarma Wrap","white meat chicken shawarma wrapped with tomatoes,pickles,cabbage and garlic sauce. ","4.83308601379395","","","Pita Wraps","$9.50","Aladdin Mediterranean","Greek, Mediterranean","912 Westheimer Rd, 912 Westheimer Road, Houston, TX 77006, USA","Houston","2022-10-30 15:05:32.0000000"
"MENU_000037","REST_00010","Chipotle Chicken kabob Wrap","Chipotle chargrilled white meat chicken chunks wrapped in a pita with  tomatoes, cabbage, garlic sauce, and pickles . ","4.83308601379395","","","Pita Wraps","$9.50","Aladdin Mediterranean","Greek, Mediterranean","912 Westheimer Rd, 912 Westheimer Road, Houston, TX 77006, USA","Houston","2022-10-30 15:05:32.0000000"
"MENU_000038","REST_00010","Lamb Gyro Wrap","Slices of lamb Gyro wrapped with tomatoes, tatziki, onions, and pickles","4.83308601379395","","","Pita Wraps","$9.50","Aladdin Mediterranean","Greek, Mediterranean","912 Westheimer Rd, 912 Westheimer Road, Houston, TX 77006, USA","Houston","2022-10-30 15:05:32.0000000"
"MENU_000039","REST_00010","Tatziki Dip","yogurt cream mixed with dill, garlic and cucumbers","4.83308601379395","","","Dips","$5.99","Aladdin Mediterranean","Greek, Mediterranean","912 Westheimer Rd, 912 Westheimer Road, Houston, TX 77006, USA","Houston","2022-10-30 15:05:32.0000000"
"MENU_000040","REST_00011","Meatloaf Red Sauce","","4.03416109085083","","","A la carte Protein Menu","$9.75","Alfreda's Soulfood Cafe","Soul Food, Cafe, Breakfast, Dessert","5101 Almeda Rd, Houston, TX 77004, USA","Houston","2022-10-30 15:05:14.0000000"
"MENU_000041","REST_00011","OL. Meatloaf","Meatloaf in Alfreda's special \marinara sauce\"".""","4.03416109085083","","","Lunch and Dinner Meals incudes 3 veggies and cornbread","$13.75","Alfreda's Soulfood Cafe","Soul Food, Cafe, Breakfast, Dessert","5101 Almeda Rd, Houston, TX 77004, USA","Houston","2022-10-30 15:05:14.0000000"
"MENU_000042","REST_00012","10-Piece Boneless Wing Meal","Served with fries and a drink.","4.42056798934937","","","Boneless Wings","$14.19","American Deli","Deli, Takeout, Gyro, Chicken, Burgers, Fast Food, Chicken Wings, Cheesesteaks, Family Meals, Pickup","6120 Scott St, Houston, TX 77021, USA","Houston","2022-10-30 15:10:21.0000000"
"MENU_000043","REST_00012","8-Piece Boneless Wing Meal","Served with fries and a drink.","4.42056798934937","","","Boneless Wings","$12.99","American Deli","Deli, Takeout, Gyro, Chicken, Burgers, Fast Food, Chicken Wings, Cheesesteaks, Family Meals, Pickup","6120 Scott St, Houston, TX 77021, USA","Houston","2022-10-30 15:10:21.0000000"
"MENU_000044","REST_00012","Egg Roll-8 pieces","","4.41972017288208","","","Sides","$9.00","American Deli","Deli, Takeout, Gyro, Chicken, Burgers, Fast Food, Chicken Wings, Cheesesteaks, Family Meals, Pickup","6120 Scott St, Houston, TX 77021, USA","Houston","2022-11-07 21:16:36.0000000"
"MENU_000045","REST_00013","Mendo's Original Pork Belly Banh Mi - Salad Style!","Our chef's special \salad style\"" recipe for our Mendo's Original Pork Belly Banh Mi sandwich - braised","chopped romaine","","","jalapenos","caramelized pork belly","and cilantro","(340 cal) with miso vinaigrette (230 cal)""","$15.70","Houston","2022-10-30 15:15:28.0000000"
"MENU_000046","REST_00014","I5 Thai Style Teriyaki served with Garlic Rice","","4.69734191894531","","","Special Menu","$11.95","Asia Market Restaurant","Thai, Appetizers, Noodles, Curry, Salads","4822 Fulton St, Houston, TX 77009, USA","Houston","2022-10-27 23:10:10.0000000"
"MENU_000047","REST_00014","Mango and Sticky Rice","","4.69734191894531","","","Dessert","$6.95","Asia Market Restaurant","Thai, Appetizers, Noodles, Curry, Salads","4822 Fulton St, Houston, TX 77009, USA","Houston","2022-10-30 15:21:43.0000000"
"MENU_000048","REST_00014","Rice Stick Noodle","","4.69734191894531","","","Side Orders","$2.50","Asia Market Restaurant","Thai, Appetizers, Noodles, Curry, Salads","4822 Fulton St, Houston, TX 77009, USA","Houston","2022-10-27 23:10:10.0000000"
"MENU_000049","REST_00015","Fresh Ginger Beef","","4.63386821746826","","","Beef","$15.35","Auntie Chang's Dumpling House","Chinese, Asian, Dumplings, Noodles, Takeout","2621 S Shepherd Dr, Houston, TX 77098, USA","Houston","2022-10-30 15:33:08.0000000"
"MENU_000050","REST_00016","B10-BMBalls. Beef Meatballs Pho","Beef meatballs only.","4.72851800918579","","","Beef Pho","$10.50","B&T Cafe","Baguette & Tea","B&T Cafe, 2007 W Alabama St ste b, Houston, TX 77098, USA","Houston","2022-10-27 23:07:52.0000000"
"MENU_000051","REST_00017","Goat Meat Pepper Soup","","4.34240007400513","","","Entrees","$26.00","B’s African Kitchen","African, Tapas/Small Plates, Snacks","3530 Scott St, Houston, TX 77004, USA","Houston","2022-11-07 21:20:39.0000000"
"MENU_000052","REST_00018","Baguette","Classic / Seeded.","4.82178211212158","","","Breads","$4.03","Badolina Bakery","Pastries, Dessert, Coffee","5555 Morningside Dr, Houston, TX 77005, USA","Houston","2022-10-30 15:09:23.0000000"
"MENU_000053","REST_00018","Basque Cheesecake","Our baseless cheesecake!","4.82178211212158","","","Cake by the Slice","$6.90","Badolina Bakery","Pastries, Dessert, Coffee","5555 Morningside Dr, Houston, TX 77005, USA","Houston","2022-10-30 15:09:23.0000000"
"MENU_000054","REST_00018","Caramelized Onion Focaccia","Our focaccia topped with caramelized onion, poppy seeds and feta cheese","4.82178211212158","","","Savory Pastries","$5.75","Badolina Bakery","Pastries, Dessert, Coffee","5555 Morningside Dr, Houston, TX 77005, USA","Houston","2022-10-30 15:09:23.0000000"
"MENU_000055","REST_00018","Cardamom Bun","Cardamom pastry topped with melted butter and sugar","4.82178211212158","","","Sweet Pastries","$5.50","Badolina Bakery","Pastries, Dessert, Coffee","5555 Morningside Dr, Houston, TX 77005, USA","Houston","2022-10-30 15:09:23.0000000"
"MENU_000056","REST_00018","Cardamom Shortbread","Shortbread cookie with cardamom","4.82178211212158","","","Cookies","$0.85","Badolina Bakery","Pastries, Dessert, Coffee","5555 Morningside Dr, Houston, TX 77005, USA","Houston","2022-10-30 15:09:23.0000000"
"MENU_000057","REST_00018","Cherry Tomato, Ricotta and Parmesan Focaccia","Our focaccia topped with cherry tomatoes, feta and basil.","4.82178211212158","","","Savory Pastries","$5.75","Badolina Bakery","Pastries, Dessert, Coffee","5555 Morningside Dr, Houston, TX 77005, USA","Houston","2022-10-30 15:09:23.0000000"
"MENU_000058","REST_00018","Chocolate Fudge","Gluten-Free.","4.82178211212158","","","Cookies","$3.45","Badolina Bakery","Pastries, Dessert, Coffee","5555 Morningside Dr, Houston, TX 77005, USA","Houston","2022-10-30 15:09:23.0000000"
"MENU_000059","REST_00018","Classic Sourdough","","4.82178211212158","","","Breads","$8.05","Badolina Bakery","Pastries, Dessert, Coffee","5555 Morningside Dr, Houston, TX 77005, USA","Houston","2022-10-30 15:09:23.0000000"
"MENU_000060","REST_00018","Double Chocolate Croissant","Chocolate croissant with chocolate cream","4.82178211212158","","","Sweet Pastries","$6.30","Badolina Bakery","Pastries, Dessert, Coffee","5555 Morningside Dr, Houston, TX 77005, USA","Houston","2022-10-30 15:09:23.0000000"
"MENU_000061","REST_00018","Morning Glory Muffin ","Dairy free muffin made with whole wheat flour, raisins, walnuts, apples, carrots and coconut shavings.","4.82178211212158","","","Sweet Pastries","$5.75","Badolina Bakery","Pastries, Dessert, Coffee","5555 Morningside Dr, Houston, TX 77005, USA","Houston","2022-10-30 15:09:23.0000000"
"MENU_000062","REST_00018","Nelson Bread","With seeds and honey","4.82178211212158","","","Breads","$9.20","Badolina Bakery","Pastries, Dessert, Coffee","5555 Morningside Dr, Houston, TX 77005, USA","Houston","2022-10-30 15:09:23.0000000"
"MENU_000063","REST_00018","Orange Cake","Our gluten free orange cake!","4.82178211212158","","","Cake by the Slice","$7.00","Badolina Bakery","Pastries, Dessert, Coffee","5555 Morningside Dr, Houston, TX 77005, USA","Houston","2022-10-30 15:09:23.0000000"
"MENU_000064","REST_00018","Pistachio Macadamia and White Chocolate","","4.82178211212158","","","Cookies","$3.45","Badolina Bakery","Pastries, Dessert, Coffee","5555 Morningside Dr, Houston, TX 77005, USA","Houston","2022-10-30 15:09:23.0000000"
"MENU_000065","REST_00018","Quiche","Options Include: Sweet Potato and Butternut Squash/Zucchini, Leek and Gruyere","4.82178211212158","","","Savory Pastries","$9.20","Badolina Bakery","Pastries, Dessert, Coffee","5555 Morningside Dr, Houston, TX 77005, USA","Houston","2022-10-30 15:09:23.0000000"
"MENU_000066","REST_00018","Sambusak","Sabich (Eggplant, Roasted Tomatoes, Boiled Egg, and Tahini).","4.82178211212158","","","Savory Pastries","$8.60","Badolina Bakery","Pastries, Dessert, Coffee","5555 Morningside Dr, Houston, TX 77005, USA","Houston","2022-10-30 15:09:23.0000000"
"MENU_000067","REST_00018","Shakshuka Focaccia","Our Focaccia wrapped around a boiled egg and filled with our Shakshuka tomato sauce.","4.82178211212158","","","Savory Pastries","$8.60","Badolina Bakery","Pastries, Dessert, Coffee","5555 Morningside Dr, Houston, TX 77005, USA","Houston","2022-10-30 15:09:23.0000000"
"MENU_000068","REST_00018","Spinach and Cheese Focaccia","Our focaccia topped with spinach, cheese and boiled egg.","4.82178211212158","","","Savory Pastries","$8.60","Badolina Bakery","Pastries, Dessert, Coffee","5555 Morningside Dr, Houston, TX 77005, USA","Houston","2022-10-30 15:09:23.0000000"
"MENU_000069","REST_00018","Vegan Chocolate Chip","","4.82178211212158","","","Cookies","$3.45","Badolina Bakery","Pastries, Dessert, Coffee","5555 Morningside Dr, Houston, TX 77005, USA","Houston","2022-10-30 15:09:23.0000000"
"MENU_000070","REST_00019","BYO Peanut Satay Bowl","Build your own bowl with our housemade peanut satay sauce. Pick your own veggies, protein, base, and toppings!","3.84999990463257","","","BYO Bowls","$13.00","Bangkok Bowls","Thai, Vegan, Healthy","2616 Blodgett St, Houston, TX 77004, USA","Houston","2022-10-30 15:33:12.0000000"
"MENU_000071","REST_00019","Peanut Satay Bowl","Marinated chicken with peanut sauce, peppers & onions, roasted mushrooms, chili-dusted pineapple, marinated cucumbers, basil, sesame seeds, and chopped peanuts. Served with a lime wedge and a base of your choice. (Gluten-Free)","3.84999990463257","","","Signature Bowls","$13.00","Bangkok Bowls","Thai, Vegan, Healthy","2616 Blodgett St, Houston, TX 77004, USA","Houston","2022-10-30 15:33:12.0000000"
"MENU_000072","REST_00019","Sweet Loren's Chocolate Chunk Edible Cookie Dough","Creamy, smooth and scoop-able gluten-free cookie dough. Delicious taste from only clean ingredients. Spoon under lid (3.6 oz). (Gluten-free, vegan)","3.84999990463257","","","Desserts","$7.75","Bangkok Bowls","Thai, Vegan, Healthy","2616 Blodgett St, Houston, TX 77004, USA","Houston","2022-10-30 15:33:12.0000000"
"MENU_000073","REST_00019","Thai Peanut Salad","Mixed greens,sauteed mushrooms, peppers, basil,roasted peanuts, sesame seeds, peanut dressing, lemon wedge. Served with a base of your choice and either roasted antibiotic-free chicken or roasted sesame tofu. (Gluten-Free & Vegan)","3.84999990463257","","","Sides","$14.00","Bangkok Bowls","Thai, Vegan, Healthy","2616 Blodgett St, Houston, TX 77004, USA","Houston","2022-10-30 15:33:12.0000000"
"MENU_000074","REST_00019","The Impossible Potsticker","Gluten-free potstickers filled with Impossible Beef, fresh garlic, and fresh ginger. Pan fried and served with our house-made ginger garlic sauce. 5 per order. (Gluten-Free & Vegan)","3.84999990463257","","","Sides","$12.00","Bangkok Bowls","Thai, Vegan, Healthy","2616 Blodgett St, Houston, TX 77004, USA","Houston","2022-10-30 15:33:12.0000000"
"MENU_000075","REST_00020","B1. Fresh Shrimp, Pork & Chives (8)","","4.72087717056274","","","Potstickers","$9.49","Bao Shi Yi","Chinese, Dumplings, Snacks, Noodles, Rice Bowl","3819 Kirby Dr, Houston, TX 77098, USA","Houston","2022-11-07 21:14:49.0000000"
"MENU_000076","REST_00021","3 Scoop Sundae","Your choice of 3-2.5 oz. scoops of ice cream topped with your choice of wet topping, chopped almonds, and a cherry. Delivered products will not include whipped cream.","4.76417207717896","","","Classic Sundaes","$8.36","Baskin-Robbins","Ice cream cups & cones, milkshakes, and more. While every measure will be taken to deliver exceptional product, product temperature and quality may be affected by longer delivery times. All of our products may have come into contact with allergens including eggs, fish, milk, peanuts, shellfish, soy, tree nuts, or wheat. Please contact your local Baskin Robbins shop for more information.","3266 Westheimer Rd, Houston, TX 77098, USA","Houston","2022-11-07 21:15:36.0000000"
"MENU_000077","REST_00021","Milkshake","Your choice of ice cream blended with Milk and Simple Syrup","4.76417207717896","","","Frozen Beverages","$6.98","Baskin-Robbins","Ice cream cups & cones, milkshakes, and more. While every measure will be taken to deliver exceptional product, product temperature and quality may be affected by longer delivery times. All of our products may have come into contact with allergens including eggs, fish, milk, peanuts, shellfish, soy, tree nuts, or wheat. Please contact your local Baskin Robbins shop for more information.","3266 Westheimer Rd, Houston, TX 77098, USA","Houston","2022-11-07 21:15:36.0000000"
"MENU_000078","REST_00022","TOGO Add 1 Flauta","","4.39440584182739","","","Texaneaux Combeauxs","$2.50","BB's Tex-Orleans","The Home of Tex-Orleans Cooking!","2701 White Oak Dr, Houston, TX 77007, USA","Houston","2022-11-07 21:18:15.0000000"
"MENU_000079","REST_00022","TOGO Boiled Greens","Boiled Broccoli and Green Beans","4.39440584182739","","","The Boil: Crawfish, Shrimp, Crab And Add-Ons","$2.99","BB's Tex-Orleans","The Home of Tex-Orleans Cooking!","2701 White Oak Dr, Houston, TX 77007, USA","Houston","2022-11-07 21:18:15.0000000"
"MENU_000080","REST_00022","TOGO El Tejaneaux","","4.39440584182739","","","Texaneaux Combeauxs","$12.99","BB's Tex-Orleans","The Home of Tex-Orleans Cooking!","2701 White Oak Dr, Houston, TX 77007, USA","Houston","2022-11-07 21:18:15.0000000"
"MENU_000081","REST_00022","TOGO Garlic Link","1 Smoked Garlic Sausage Link","4.39440584182739","","","The Boil: Crawfish, Shrimp, Crab And Add-Ons","$5.99","BB's Tex-Orleans","The Home of Tex-Orleans Cooking!","2701 White Oak Dr, Houston, TX 77007, USA","Houston","2022-11-07 21:18:15.0000000"
"MENU_000082","REST_00022","TOGO La Cela","","4.39440584182739","","","Texaneaux Combeauxs","$14.99","BB's Tex-Orleans","The Home of Tex-Orleans Cooking!","2701 White Oak Dr, Houston, TX 77007, USA","Houston","2022-11-07 21:18:15.0000000"
"MENU_000083","REST_00022","TOGO Maw Maw's Bread Pudding","","4.39641094207764","","","Desserts","$8.99","BB's Tex-Orleans","The Home of Tex-Orleans Cooking!","2701 White Oak Dr, Houston, TX 77007, USA","Houston","2022-10-30 15:07:29.0000000"
"MENU_000084","REST_00022","TOGO Monsta Greens","","4.39440584182739","","","The Boil: Crawfish, Shrimp, Crab And Add-Ons","$8.99","BB's Tex-Orleans","The Home of Tex-Orleans Cooking!","2701 White Oak Dr, Houston, TX 77007, USA","Houston","2022-11-07 21:18:15.0000000"
"MENU_000085","REST_00023","*Chicken Taco","served on a blue corn tortilla with roasted chicken, corn pico, cilantro, queso fresco, chipotle sauce.","4.77519416809082","","","Tacos","$6.00","Bebidas","Smoothies, Tacos, Coffee, Sandwiches","Bebidas, 2606 Edloe St, Houston, TX 77027, USA","Houston","2022-10-30 15:03:44.0000000"
"MENU_000086","REST_00024","*NEW* HIBACHI RIBEYE","Ribeye* grilled to your specification and finished with our signature garlic sauce.","4.34729814529419","","","STEAK AND CHICKEN ","$42.00","Benihana","Chicken, Steak, Hibachi, Asian Food, Family Meals, Asian, Sushi, Japanese","1318 Louisiana St, Houston, TX, 77002 USA","Houston","2022-11-07 21:12:06.0000000"
"MENU_000087","REST_00024","*NEW* HIBACHI RIBEYE & CHICKEN ","Ribeye* grilled to your specification and finished with our signature garlic sauce. Served with chicken breast and mushrooms with sesame seeds.","4.34729814529419","","","SPECIALTIES","$46.60","Benihana","Chicken, Steak, Hibachi, Asian Food, Family Meals, Asian, Sushi, Japanese","1318 Louisiana St, Houston, TX, 77002 USA","Houston","2022-11-07 21:12:06.0000000"
"MENU_000088","REST_00024","*NEW* HIBACHI RIBEYE & COLOSSAL SHRIMP ","Ribeye* grilled to your specification and finished with our signature garlic sauce. Served with colossal shrimp lightly seasoned and grilled with lemon.","4.34729814529419","","","SPECIALTIES","$51.00","Benihana","Chicken, Steak, Hibachi, Asian Food, Family Meals, Asian, Sushi, Japanese","1318 Louisiana St, Houston, TX, 77002 USA","Houston","2022-11-07 21:12:06.0000000"
"MENU_000089","REST_00024","*NEW* HIBACHI RIBEYE & LOBSTER","Ribeye* grilled to your specification and finished with our signature garlic sauce. Served with a cold water lobster tail grilled with lemon.","4.34729814529419","","","SPECIALTIES","$56.70","Benihana","Chicken, Steak, Hibachi, Asian Food, Family Meals, Asian, Sushi, Japanese","1318 Louisiana St, Houston, TX, 77002 USA","Houston","2022-11-07 21:12:06.0000000"
"MENU_000090","REST_00024","*NEW* HIBACHI RIBEYE & SCALLOPS","Ribeye* grilled to your specification and finished with our signature garlic sauce. Served with tender sea scallops grilled hibachi style with lemon. ","4.34729814529419","","","SPECIALTIES","$51.40","Benihana","Chicken, Steak, Hibachi, Asian Food, Family Meals, Asian, Sushi, Japanese","1318 Louisiana St, Houston, TX, 77002 USA","Houston","2022-11-07 21:12:06.0000000"
"MENU_000091","REST_00024","BENIHANA SALAD","Crisp greens, red cabbage, carrots and grape tomatoes with oil and vinegar. ","4.34729814529419","","","GLUTEN SENSITIVE","$5.70","Benihana","Chicken, Steak, Hibachi, Asian Food, Family Meals, Asian, Sushi, Japanese","1318 Louisiana St, Houston, TX, 77002 USA","Houston","2022-11-07 21:12:06.0000000"
"MENU_000092","REST_00024","CHICKEN A LA CARTE","","4.34729814529419","","","GLUTEN SENSITIVE","$15.30","Benihana","Chicken, Steak, Hibachi, Asian Food, Family Meals, Asian, Sushi, Japanese","1318 Louisiana St, Houston, TX, 77002 USA","Houston","2022-11-07 21:12:06.0000000"
"MENU_000093","REST_00024","CUCUMBER ROLL","Cucumber and rice rolled in seaweed","4.34729814529419","","","GLUTEN SENSITIVE","$8.70","Benihana","Chicken, Steak, Hibachi, Asian Food, Family Meals, Asian, Sushi, Japanese","1318 Louisiana St, Houston, TX, 77002 USA","Houston","2022-11-07 21:12:06.0000000"
"MENU_000094","REST_00024","EDAMAME","Served warm and sprinkled with sea salt.","4.34729814529419","","","GLUTEN SENSITIVE","$7.80","Benihana","Chicken, Steak, Hibachi, Asian Food, Family Meals, Asian, Sushi, Japanese","1318 Louisiana St, Houston, TX, 77002 USA","Houston","2022-11-07 21:12:06.0000000"
"MENU_000095","REST_00024","HIBACHI CHICKEN RICE","Grilled chicken, rice, egg, chopped vegetables in Gluten-Free Soy Sauce. ","4.34729814529419","","","GLUTEN SENSITIVE","$6.60","Benihana","Chicken, Steak, Hibachi, Asian Food, Family Meals, Asian, Sushi, Japanese","1318 Louisiana St, Houston, TX, 77002 USA","Houston","2022-11-07 21:12:06.0000000"
"MENU_000096","REST_00024","MISO SOUP","A delicious blend of miso, green onion and tofu.","4.34729814529419","","","GLUTEN SENSITIVE","$6.40","Benihana","Chicken, Steak, Hibachi, Asian Food, Family Meals, Asian, Sushi, Japanese","1318 Louisiana St, Houston, TX, 77002 USA","Houston","2022-11-07 21:12:06.0000000"
"MENU_000097","REST_00024","PHILADELPHIA ROLL","Salmon*, cream cheese, cucumber, avocado.","4.34729814529419","","","GLUTEN SENSITIVE","$12.10","Benihana","Chicken, Steak, Hibachi, Asian Food, Family Meals, Asian, Sushi, Japanese","1318 Louisiana St, Houston, TX, 77002 USA","Houston","2022-11-07 21:12:06.0000000"
"MENU_000098","REST_00024","SALMON A LA CARTE","","4.34729814529419","","","GLUTEN SENSITIVE","$17.80","Benihana","Chicken, Steak, Hibachi, Asian Food, Family Meals, Asian, Sushi, Japanese","1318 Louisiana St, Houston, TX, 77002 USA","Houston","2022-11-07 21:12:06.0000000"
"MENU_000099","REST_00024","SALMON ROLL","Fresh salmon* and rice rolled in seaweed","4.34729814529419","","","GLUTEN SENSITIVE","$11.00","Benihana","Chicken, Steak, Hibachi, Asian Food, Family Meals, Asian, Sushi, Japanese","1318 Louisiana St, Houston, TX, 77002 USA","Houston","2022-11-07 21:12:06.0000000"
"MENU_000100","REST_00024","SASHIMI SAMPLER","Tuna, salmon and snapper.","4.34729814529419","","","GLUTEN SENSITIVE","$16.80","Benihana","Chicken, Steak, Hibachi, Asian Food, Family Meals, Asian, Sushi, Japanese","1318 Louisiana St, Houston, TX, 77002 USA","Houston","2022-11-07 21:12:06.0000000"
"MENU_000101","REST_00024","SHRIMP A LA CARTE","","4.34729814529419","","","GLUTEN SENSITIVE","$20.90","Benihana","Chicken, Steak, Hibachi, Asian Food, Family Meals, Asian, Sushi, Japanese","1318 Louisiana St, Houston, TX, 77002 USA","Houston","2022-11-07 21:12:06.0000000"
"MENU_000102","REST_00024","SHRIMP SAUTÉ","Served with Gluten-Free Soy Sauce.","4.34729814529419","","","GLUTEN SENSITIVE","$13.90","Benihana","Chicken, Steak, Hibachi, Asian Food, Family Meals, Asian, Sushi, Japanese","1318 Louisiana St, Houston, TX, 77002 USA","Houston","2022-11-07 21:12:06.0000000"
"MENU_000103","REST_00024","SPICY HIBACHI CHICKEN RICE","Grilled chicken, rice, egg, chopped vegetables and a combination of chili peppers, ginger, Sriracha sauce, and Gluten-Free Soy Sauce.","4.34729814529419","","","GLUTEN SENSITIVE","$7.20","Benihana","Chicken, Steak, Hibachi, Asian Food, Family Meals, Asian, Sushi, Japanese","1318 Louisiana St, Houston, TX, 77002 USA","Houston","2022-11-07 21:12:06.0000000"
"MENU_000104","REST_00024","STEAK A LA CARTE","","4.34729814529419","","","GLUTEN SENSITIVE","$20.80","Benihana","Chicken, Steak, Hibachi, Asian Food, Family Meals, Asian, Sushi, Japanese","1318 Louisiana St, Houston, TX, 77002 USA","Houston","2022-11-07 21:12:06.0000000"
"MENU_000105","REST_00024","SUSHI SAMPLER","Tuna, salmon, snapper, yellowtail and shrimp nigiri.","4.34729814529419","","","GLUTEN SENSITIVE","$16.20","Benihana","Chicken, Steak, Hibachi, Asian Food, Family Meals, Asian, Sushi, Japanese","1318 Louisiana St, Houston, TX, 77002 USA","Houston","2022-11-07 21:12:06.0000000"
"MENU_000106","REST_00024","TUNA ROLL","Fresh tuna* and rice rolled in seaweed","4.34729814529419","","","GLUTEN SENSITIVE","$11.00","Benihana","Chicken, Steak, Hibachi, Asian Food, Family Meals, Asian, Sushi, Japanese","1318 Louisiana St, Houston, TX, 77002 USA","Houston","2022-11-07 21:12:06.0000000"
"MENU_000107","REST_00024","TUNA TATAKI","Seared sashimi grade tuna served with Gluten-Free Soy Sauce.","4.34729814529419","","","GLUTEN SENSITIVE","$16.60","Benihana","Chicken, Steak, Hibachi, Asian Food, Family Meals, Asian, Sushi, Japanese","1318 Louisiana St, Houston, TX, 77002 USA","Houston","2022-11-07 21:12:06.0000000"
"MENU_000108","REST_00024","VEGETABLE ROLL","Green leaf, avocado, cucumber, tomato,red cabbage, pickled carrot.","4.34729814529419","","","GLUTEN SENSITIVE","$9.30","Benihana","Chicken, Steak, Hibachi, Asian Food, Family Meals, Asian, Sushi, Japanese","1318 Louisiana St, Houston, TX, 77002 USA","Houston","2022-11-07 21:12:06.0000000"
"MENU_000109","REST_00024","YELLOWTAIL ROLL","Fresh yellowtail* and rice rolled in seaweed","4.34729814529419","","","GLUTEN SENSITIVE","$11.00","Benihana","Chicken, Steak, Hibachi, Asian Food, Family Meals, Asian, Sushi, Japanese","1318 Louisiana St, Houston, TX, 77002 USA","Houston","2022-11-07 21:12:06.0000000"
"MENU_000110","REST_00025","Berryhill Queso","","4.69767379760742","","","Appetizers","$3.00","Berryhill Baja Grill","Seriously Fresh Mex","702 E 11th St, 702 East 11th Street, Houston, TX 77008, USA","Houston","2022-11-07 21:18:04.0000000"
"MENU_000111","REST_00026","Gallon Rita","","4.5357141494751","","","Big City Margaritas","$60.00","Big City Wings","Great Wings and other American Classics","2240 Navigation Blvd #100, Houston, TX 77003, USA","Houston","2022-11-07 21:19:47.0000000"
"MENU_000112","REST_00027","Catfish Seafod Pasta","","3","","","Menu","$20.00","Black Pulse","Black Pulse","1001 Westheimer Rd, Houston, TX 77006, USA","Houston","2022-10-30 15:27:54.0000000"
"MENU_000113","REST_00027","Cherry Lemonade","16oz cup.","3","","","Drinks","$4.00","Black Pulse","Black Pulse","1001 Westheimer Rd, Houston, TX 77006, USA","Houston","2022-10-30 15:27:54.0000000"
"MENU_000114","REST_00027","Chicken Wings with 2 Sides","","3","","","Menu","$16.00","Black Pulse","Black Pulse","1001 Westheimer Rd, Houston, TX 77006, USA","Houston","2022-10-30 15:27:54.0000000"
"MENU_000115","REST_00027","Collard Greens","","3","","","Sides","$3.50","Black Pulse","Black Pulse","1001 Westheimer Rd, Houston, TX 77006, USA","Houston","2022-10-30 15:27:54.0000000"
"MENU_000116","REST_00027","Kool-Aid","Cherry, Grape, and Blue Raspberry mix together.16oz Cup.","3","","","Drinks","$3.00","Black Pulse","Black Pulse","1001 Westheimer Rd, Houston, TX 77006, USA","Houston","2022-10-30 15:27:54.0000000"
"MENU_000117","REST_00027","Soda","Pepsi, Sprite, A&W, Dr. Pepper","3","","","Drinks","$1.00","Black Pulse","Black Pulse","1001 Westheimer Rd, Houston, TX 77006, USA","Houston","2022-10-30 15:27:54.0000000"
"MENU_000118","REST_00027","Surf N Turf Fries","","3","","","Menu","$16.00","Black Pulse","Black Pulse","1001 Westheimer Rd, Houston, TX 77006, USA","Houston","2022-10-30 15:27:54.0000000"
"MENU_000119","REST_00028","**NEW** ASIAN GREEN BEANS","Crispy green beans, golden barbecue sauce, crispy garlic, fresh lime, sesame seed, sunflower seeds","4.63380479812622","","","SHAREABLE STARTERS","$8.40","Black Walnut Cafe","American (New), Cafes, Breakfast, Lunch","5512 Memorial Drive, Houston, TX 77007, USA","Houston","2022-11-07 21:14:26.0000000"
"MENU_000120","REST_00028","AMERICAN BURGER","Half-pound Gyulais Wagyu patty, American cheese, lettuce, tomatoes, house-made pickles, spicy mustard mayo, brioche bun, choice of house-made potato salad or fries ","4.63380479812622","","","BURGERS & SANDWICHES","$15.75","Black Walnut Cafe","American (New), Cafes, Breakfast, Lunch","5512 Memorial Drive, Houston, TX 77007, USA","Houston","2022-11-07 21:14:26.0000000"
"MENU_000121","REST_00028","AMERICANO SM Americano","","4.63380479812622","","","JOE TO GO","$3.15","Black Walnut Cafe","American (New), Cafes, Breakfast, Lunch","5512 Memorial Drive, Houston, TX 77007, USA","Houston","2022-11-07 21:14:26.0000000"
"MENU_000122","REST_00028","ASIAN CHICKEN SALAD","Grilled chicken, peanut vinaigrette, carrots, mango, mixed greens, roasted peanuts, crispy garlic, sesame seeds, tomato, scallions, cilantro","4.63380479812622","","","SALADS","$15.75","Black Walnut Cafe","American (New), Cafes, Breakfast, Lunch","5512 Memorial Drive, Houston, TX 77007, USA","Houston","2022-11-07 21:14:26.0000000"
"MENU_000123","REST_00028","ASIAN GLAZED SCOTTISH SALMON","Asian glazed Scottish salmon fillet, crispy garlic, garlic mashed potatoes, broccolini","4.63380479812622","","","ENTREES & TACOS","$19.95","Black Walnut Cafe","American (New), Cafes, Breakfast, Lunch","5512 Memorial Drive, Houston, TX 77007, USA","Houston","2022-11-07 21:14:26.0000000"
"MENU_000124","REST_00028","AVOCADO & EGG TOAST","Two eggs over easy, avocado mash, lime pepper, tomatoes, wheat toast ","4.63380479812622","","","BURGERS & SANDWICHES","$13.65","Black Walnut Cafe","American (New), Cafes, Breakfast, Lunch","5512 Memorial Drive, Houston, TX 77007, USA","Houston","2022-11-07 21:14:26.0000000"
"MENU_000125","REST_00028","BACON JAM DEVILED EGGS","Deviled eggs, bacon jam, pickled onions ","4.63380479812622","","","SHAREABLE STARTERS","$10.50","Black Walnut Cafe","American (New), Cafes, Breakfast, Lunch","5512 Memorial Drive, Houston, TX 77007, USA","Houston","2022-11-07 21:14:26.0000000"
"MENU_000126","REST_00028","BEYOND TACOS","Seasoned Beyond Meat®, Tzatziki sauce, fresh dill, toasted almonds, shredded lettuce, flour tortillas, balsamic vinaigrette house salad","4.63380479812622","","","ENTREES & TACOS","$16.80","Black Walnut Cafe","American (New), Cafes, Breakfast, Lunch","5512 Memorial Drive, Houston, TX 77007, USA","Houston","2022-11-07 21:14:26.0000000"
"MENU_000127","REST_00028","BIRRIA TACOS","Slow-cooked chuck tender, mozzarella, tomatillo salsa verde, chili au jus, corn tortillas, cilantro, fresh lime, served with street corn","4.63380479812622","","","ENTREES & TACOS","$16.80","Black Walnut Cafe","American (New), Cafes, Breakfast, Lunch","5512 Memorial Drive, Houston, TX 77007, USA","Houston","2022-11-07 21:14:26.0000000"
"MENU_000128","REST_00028","BLACK WALNUT FISH TACOS","Grilled Mahi Mahi, shredded lettuce, pico de gallo, cilantro, cayenne ranch, fresh lime, corn tortillas, house salad","4.63380479812622","","","ENTREES & TACOS","$14.70","Black Walnut Cafe","American (New), Cafes, Breakfast, Lunch","5512 Memorial Drive, Houston, TX 77007, USA","Houston","2022-11-07 21:14:26.0000000"
"MENU_000129","REST_00028","BLACK WALNUT SALAD","Grilled marinated chicken breast, walnuts, Gorgonzola cheese, julienne green apples, house greens, tomato savory dressing, garlic bread","4.63380479812622","","","SALADS","$16.28","Black Walnut Cafe","American (New), Cafes, Breakfast, Lunch","5512 Memorial Drive, Houston, TX 77007, USA","Houston","2022-11-07 21:14:26.0000000"
"MENU_000130","REST_00028","BLACKENED SALMON BLUEBERRY SPINACH SALAD","6 oz. Blackened Atlantic salmon, spinach, blueberries, heart of palm, goat cheese, candied walnuts, sun-dried tomatoes, house-made blueberry dressing, garlic bread","4.63380479812622","","","SALADS","$19.95","Black Walnut Cafe","American (New), Cafes, Breakfast, Lunch","5512 Memorial Drive, Houston, TX 77007, USA","Houston","2022-11-07 21:14:26.0000000"
"MENU_000131","REST_00028","BRISKET BURGER","Half-pound Gyulais Wagyu patty, smoked brisket, smoked cheddar, golden barbecue sauce, lettuce, pickled onions, crispy garlic, spicy mustard, brioche bun, choice of house-made potato salad or fries","4.63380479812622","","","BURGERS & SANDWICHES","$17.85","Black Walnut Cafe","American (New), Cafes, Breakfast, Lunch","5512 Memorial Drive, Houston, TX 77007, USA","Houston","2022-11-07 21:14:26.0000000"
"MENU_000132","REST_00028","BRISKET TACOS","Shredded smoked beef brisket, pickled jalapeños, jalapeño aioli, crispy garlic, cilantro, cheese-crusted flour tortillas, served with street corn","4.63380479812622","","","ENTREES & TACOS","$16.80","Black Walnut Cafe","American (New), Cafes, Breakfast, Lunch","5512 Memorial Drive, Houston, TX 77007, USA","Houston","2022-11-07 21:14:26.0000000"
"MENU_000133","REST_00028","BWC CHICKEN COBB SALAD","Grilled chicken breast, applewood smoked bacon, hard-boiled eggs, Marie cheese, avocado, cherry tomatoes, pickled onions, sunflower seeds, crispy garlic, house-made creamy red wine vinaigrette","4.63380479812622","","","SALADS","$16.80","Black Walnut Cafe","American (New), Cafes, Breakfast, Lunch","5512 Memorial Drive, Houston, TX 77007, USA","Houston","2022-11-07 21:14:26.0000000"
"MENU_000134","REST_00028","BWC CHICKEN TENDERS","Crispy chicken tenders, fries, honey slaw, cayenne ranch and honey mustard dipping sauces","4.63380479812622","","","ENTREES & TACOS","$15.75","Black Walnut Cafe","American (New), Cafes, Breakfast, Lunch","5512 Memorial Drive, Houston, TX 77007, USA","Houston","2022-11-07 21:14:26.0000000"
"MENU_000135","REST_00028","BWC QUESO","House-made queso, roasted peppers and onions, tomatoes, spicy sausage, cilantro, corn tortilla chips","4.63380479812622","","","SHAREABLE STARTERS","$10.50","Black Walnut Cafe","American (New), Cafes, Breakfast, Lunch","5512 Memorial Drive, Houston, TX 77007, USA","Houston","2022-11-07 21:14:26.0000000"
"MENU_000136","REST_00028","CAFE MOCHA SM Cafe Mocha","","4.63380479812622","","","JOE TO GO","$4.20","Black Walnut Cafe","American (New), Cafes, Breakfast, Lunch","5512 Memorial Drive, Houston, TX 77007, USA","Houston","2022-11-07 21:14:26.0000000"
"MENU_000137","REST_00028","CAPPUCCINO SM Cappuccino","","4.63380479812622","","","JOE TO GO","$3.68","Black Walnut Cafe","American (New), Cafes, Breakfast, Lunch","5512 Memorial Drive, Houston, TX 77007, USA","Houston","2022-11-07 21:14:26.0000000"
"MENU_000138","REST_00028","CARAMEL LATTE SM Caramel Latt","","4.63380479812622","","","JOE TO GO","$4.20","Black Walnut Cafe","American (New), Cafes, Breakfast, Lunch","5512 Memorial Drive, Houston, TX 77007, USA","Houston","2022-11-07 21:14:26.0000000"
"MENU_000139","REST_00028","CARAMEL MACCHIATO SM Crml Mach","","4.63380479812622","","","JOE TO GO","$4.20","Black Walnut Cafe","American (New), Cafes, Breakfast, Lunch","5512 Memorial Drive, Houston, TX 77007, USA","Houston","2022-11-07 21:14:26.0000000"
"MENU_000140","REST_00028","CHICKEN AND WAFFLES","Belgian waffle, two eggs over easy, crispy chicken tenders, scallions, powdered sugar, pure maple syrup","4.63380479812622","","","ENTREES & TACOS","$16.80","Black Walnut Cafe","American (New), Cafes, Breakfast, Lunch","5512 Memorial Drive, Houston, TX 77007, USA","Houston","2022-11-07 21:14:26.0000000"
"MENU_000141","REST_00028","CHICKEN BREAST","","4.63380479812622","","","GRILL","$15.75","Black Walnut Cafe","American (New), Cafes, Breakfast, Lunch","5512 Memorial Drive, Houston, TX 77007, USA","Houston","2022-11-07 21:14:26.0000000"
"MENU_000142","REST_00028","CHICKEN CROISSANT CLUB","Sliced chicken, Swiss, peppered bacon, lettuce, tomatoes, pesto mayo, handcrafted croissant, choice of fries or housemade potato salad ","4.63380479812622","","","BURGERS & SANDWICHES","$15.23","Black Walnut Cafe","American (New), Cafes, Breakfast, Lunch","5512 Memorial Drive, Houston, TX 77007, USA","Houston","2022-11-07 21:14:26.0000000"
"MENU_000143","REST_00028","CHICKEN LETTUCE WRAPS","Thai peanut chicken, bell peppers, pickled onions, peanuts, mint, crispy garlic, lime","4.63380479812622","","","SHAREABLE STARTERS","$10.50","Black Walnut Cafe","American (New), Cafes, Breakfast, Lunch","5512 Memorial Drive, Houston, TX 77007, USA","Houston","2022-11-07 21:14:26.0000000"
"MENU_000144","REST_00028","CHICKEN PARMESAN","Parmesan-crusted chicken, tomato sauce, mozzarella, sautéed spinach, amber butter, Alfredo sauce, linguine","4.63380479812622","","","PASTAS","$15.75","Black Walnut Cafe","American (New), Cafes, Breakfast, Lunch","5512 Memorial Drive, Houston, TX 77007, USA","Houston","2022-11-07 21:14:26.0000000"
"MENU_000145","REST_00028","CHICKEN QUESADILLA","Grilled chicken breast, cheddar, mozzarella, sour cream, pico de gallo, avocado mash, cilantro, flour tortillas, served with street corn","4.63380479812622","","","ENTREES & TACOS","$14.70","Black Walnut Cafe","American (New), Cafes, Breakfast, Lunch","5512 Memorial Drive, Houston, TX 77007, USA","Houston","2022-11-07 21:14:26.0000000"
"MENU_000146","REST_00028","CHICKEN TORTILLA SOUP Large Tortilla Soup","Tomato base, vegetables, avocado, habanero","4.63380479812622","","","SOUPS","$8.93","Black Walnut Cafe","American (New), Cafes, Breakfast, Lunch","5512 Memorial Drive, Houston, TX 77007, USA","Houston","2022-11-07 21:14:26.0000000"
"MENU_000147","REST_00028","CHICKEN TORTILLA SOUP Small Tortilla Soup","Tomato base, vegetables, avocado, habanero","4.63380479812622","","","SOUPS","$5.25","Black Walnut Cafe","American (New), Cafes, Breakfast, Lunch","5512 Memorial Drive, Houston, TX 77007, USA","Houston","2022-11-07 21:14:26.0000000"
"MENU_000148","REST_00028","CHIPOTLE CHICKEN PEPPER PASTA","Grilled marinated chicken breast, chipotle Alfredo sauce, amber butter, pico de gallo, tortilla strips, linguine","4.63380479812622","","","PASTAS","$15.75","Black Walnut Cafe","American (New), Cafes, Breakfast, Lunch","5512 Memorial Drive, Houston, TX 77007, USA","Houston","2022-11-07 21:14:26.0000000"
"MENU_000149","REST_00028","COCONUT SHRIMP TACOS","Crispy coconut shrimp, honey slaw, chipotle aioli, pickled onions, flour tortillas, house salad","4.63380479812622","","","ENTREES & TACOS","$16.80","Black Walnut Cafe","American (New), Cafes, Breakfast, Lunch","5512 Memorial Drive, Houston, TX 77007, USA","Houston","2022-11-07 21:14:26.0000000"
"MENU_000150","REST_00028","CREAMY TOMATO BASIL SOUP Large Basil Soup","Pesto tomato basil soup with croutons","4.63380479812622","","","SOUPS","$7.35","Black Walnut Cafe","American (New), Cafes, Breakfast, Lunch","5512 Memorial Drive, Houston, TX 77007, USA","Houston","2022-11-07 21:14:26.0000000"
"MENU_000151","REST_00028","CREAMY TOMATO BASIL SOUP Small Basil Soup","Pesto tomato basil soup with croutons","4.63380479812622","","","SOUPS","$4.73","Black Walnut Cafe","American (New), Cafes, Breakfast, Lunch","5512 Memorial Drive, Houston, TX 77007, USA","Houston","2022-11-07 21:14:26.0000000"
"MENU_000152","REST_00028","CRISPY COCONUT SHRIMP","Jumbo coconut shrimp, honey slaw, sweet potato fries, spicy mango dipping sauce","4.63380479812622","","","ENTREES & TACOS","$24.15","Black Walnut Cafe","American (New), Cafes, Breakfast, Lunch","5512 Memorial Drive, Houston, TX 77007, USA","Houston","2022-11-07 21:14:26.0000000"
"MENU_000153","REST_00028","DOC'S KRAZY TURKEY BURGER","Seasoned turkey patty, Swiss, sautéed mushrooms, tomato, avocado, spinach, pesto mayo, wheat bun, sweet potato fries","4.63380479812622","","","BURGERS & SANDWICHES","$15.75","Black Walnut Cafe","American (New), Cafes, Breakfast, Lunch","5512 Memorial Drive, Houston, TX 77007, USA","Houston","2022-11-07 21:14:26.0000000"
"MENU_000154","REST_00028","ESPRESSO CON PANNA SM Espresso Panna","","4.63380479812622","","","JOE TO GO","$2.63","Black Walnut Cafe","American (New), Cafes, Breakfast, Lunch","5512 Memorial Drive, Houston, TX 77007, USA","Houston","2022-11-07 21:14:26.0000000"
"MENU_000155","REST_00028","ESPRESSO Dbl Espresso","","4.63380479812622","","","JOE TO GO","$2.63","Black Walnut Cafe","American (New), Cafes, Breakfast, Lunch","5512 Memorial Drive, Houston, TX 77007, USA","Houston","2022-11-07 21:14:26.0000000"
"MENU_000156","REST_00028","ESPRESSO Espresso","","4.63380479812622","","","JOE TO GO","$2.10","Black Walnut Cafe","American (New), Cafes, Breakfast, Lunch","5512 Memorial Drive, Houston, TX 77007, USA","Houston","2022-11-07 21:14:26.0000000"
"MENU_000157","REST_00028","ESPRESSO MACCHIATO Dbl Espres Mach","","4.63380479812622","","","JOE TO GO","$2.89","Black Walnut Cafe","American (New), Cafes, Breakfast, Lunch","5512 Memorial Drive, Houston, TX 77007, USA","Houston","2022-11-07 21:14:26.0000000"
"MENU_000158","REST_00028","ESPRESSO MACCHIATO Espresso Mach","","4.63380479812622","","","JOE TO GO","$2.63","Black Walnut Cafe","American (New), Cafes, Breakfast, Lunch","5512 Memorial Drive, Houston, TX 77007, USA","Houston","2022-11-07 21:14:26.0000000"
"MENU_000159","REST_00028","FOUR CHEESE RAVIOLI","Truffle alfredo sauce, grilled chicken breast, artichokes, Marie cheese, bread crumbs, chives","4.63380479812622","","","PASTAS","$18.38","Black Walnut Cafe","American (New), Cafes, Breakfast, Lunch","5512 Memorial Drive, Houston, TX 77007, USA","Houston","2022-11-07 21:14:26.0000000"
"MENU_000160","REST_00028","FRAPPE Caramel Frappe","","4.63380479812622","","","JOE TO GO","$5.25","Black Walnut Cafe","American (New), Cafes, Breakfast, Lunch","5512 Memorial Drive, Houston, TX 77007, USA","Houston","2022-11-07 21:14:26.0000000"
"MENU_000161","REST_00028","FRAPPE Coffee Frappe","","4.63380479812622","","","JOE TO GO","$5.25","Black Walnut Cafe","American (New), Cafes, Breakfast, Lunch","5512 Memorial Drive, Houston, TX 77007, USA","Houston","2022-11-07 21:14:26.0000000"
"MENU_000162","REST_00028","FRAPPE Marshmello Frap","","4.63380479812622","","","JOE TO GO","$5.25","Black Walnut Cafe","American (New), Cafes, Breakfast, Lunch","5512 Memorial Drive, Houston, TX 77007, USA","Houston","2022-11-07 21:14:26.0000000"
"MENU_000163","REST_00028","FRAPPE Raspberry Frapp","","4.63380479812622","","","JOE TO GO","$5.25","Black Walnut Cafe","American (New), Cafes, Breakfast, Lunch","5512 Memorial Drive, Houston, TX 77007, USA","Houston","2022-11-07 21:14:26.0000000"
"MENU_000164","REST_00028","GRAPEFRUIT JUICE","","4.63380479812622","","","BEVERAGES","$6.30","Black Walnut Cafe","American (New), Cafes, Breakfast, Lunch","5512 Memorial Drive, Houston, TX 77007, USA","Houston","2022-11-07 21:14:26.0000000"
"MENU_000165","REST_00028","GRILLED SHRIMP ALFREDO","Blackened shrimp, red onion, garlic, tomatoes, scallion, lemon alfredo sauce, Marie cheese, linguine","4.63380479812622","","","PASTAS","$17.85","Black Walnut Cafe","American (New), Cafes, Breakfast, Lunch","5512 Memorial Drive, Houston, TX 77007, USA","Houston","2022-11-07 21:14:26.0000000"
"MENU_000166","REST_00028","HOT CHOCOLATE Large Hot Chocolate","","4.63380479812622","","","JOE TO GO","$4.20","Black Walnut Cafe","American (New), Cafes, Breakfast, Lunch","5512 Memorial Drive, Houston, TX 77007, USA","Houston","2022-11-07 21:14:26.0000000"
"MENU_000167","REST_00028","HOT CHOCOLATE SM Hot Chocolate","","4.63380479812622","","","JOE TO GO","$3.15","Black Walnut Cafe","American (New), Cafes, Breakfast, Lunch","5512 Memorial Drive, Houston, TX 77007, USA","Houston","2022-11-07 21:14:26.0000000"
"MENU_000168","REST_00028","HOUSE COFFEE","","4.63380479812622","","","JOE TO GO","$2.89","Black Walnut Cafe","American (New), Cafes, Breakfast, Lunch","5512 Memorial Drive, Houston, TX 77007, USA","Houston","2022-11-07 21:14:26.0000000"
"MENU_000169","REST_00028","ICED TEA Iced Tea","","4.63380479812622","","","BEVERAGES","$3.10","Black Walnut Cafe","American (New), Cafes, Breakfast, Lunch","5512 Memorial Drive, Houston, TX 77007, USA","Houston","2022-11-07 21:14:26.0000000"
"MENU_000170","REST_00028","KIDS CHEESEBURGER","","4.63380479812622","","","KIDS MENU","$9.45","Black Walnut Cafe","American (New), Cafes, Breakfast, Lunch","5512 Memorial Drive, Houston, TX 77007, USA","Houston","2022-11-07 21:14:26.0000000"
"MENU_000171","REST_00028","KIDS CHEESY PENNE PASTA WITH CHICKEN","","4.63380479812622","","","KIDS MENU","$9.45","Black Walnut Cafe","American (New), Cafes, Breakfast, Lunch","5512 Memorial Drive, Houston, TX 77007, USA","Houston","2022-11-07 21:14:26.0000000"
"MENU_000172","REST_00028","KIDS CHICKEN TENDERS","","4.63380479812622","","","KIDS MENU","$9.45","Black Walnut Cafe","American (New), Cafes, Breakfast, Lunch","5512 Memorial Drive, Houston, TX 77007, USA","Houston","2022-11-07 21:14:26.0000000"
"MENU_000173","REST_00028","KIDS GRILLED CHEESE","","4.63380479812622","","","KIDS MENU","$9.45","Black Walnut Cafe","American (New), Cafes, Breakfast, Lunch","5512 Memorial Drive, Houston, TX 77007, USA","Houston","2022-11-07 21:14:26.0000000"
"MENU_000174","REST_00028","KIDS SODA","","4.63380479812622","","","BEVERAGES","$1.84","Black Walnut Cafe","American (New), Cafes, Breakfast, Lunch","5512 Memorial Drive, Houston, TX 77007, USA","Houston","2022-11-07 21:14:26.0000000"
"MENU_000175","REST_00028","LATTE SM Latte","","4.63380479812622","","","JOE TO GO","$3.68","Black Walnut Cafe","American (New), Cafes, Breakfast, Lunch","5512 Memorial Drive, Houston, TX 77007, USA","Houston","2022-11-07 21:14:26.0000000"
"MENU_000176","REST_00028","MEDITERRANEAN CHICKEN","Grilled chicken breast, artichokes, Kalamata olives, lemon Pavia sauce, garlic mashed potatoes, capers, spinach, crispy garlic, sun-dried tomatoes","4.63380479812622","","","ENTREES & TACOS","$15.75","Black Walnut Cafe","American (New), Cafes, Breakfast, Lunch","5512 Memorial Drive, Houston, TX 77007, USA","Houston","2022-11-07 21:14:26.0000000"
"MENU_000177","REST_00028","MILK Chocolate Milk","","4.63380479812622","","","BEVERAGES","$3.68","Black Walnut Cafe","American (New), Cafes, Breakfast, Lunch","5512 Memorial Drive, Houston, TX 77007, USA","Houston","2022-11-07 21:14:26.0000000"
"MENU_000178","REST_00028","MILK Milk","","4.63380479812622","","","BEVERAGES","$3.68","Black Walnut Cafe","American (New), Cafes, Breakfast, Lunch","5512 Memorial Drive, Houston, TX 77007, USA","Houston","2022-11-07 21:14:26.0000000"
"MENU_000179","REST_00028","NASHVILLE HOT CHICKEN SANDWICH","Crispy hot chicken, house-made pickles, honey slaw, paprika, brioche bun, house-made potato salad or fries","4.63380479812622","","","BURGERS & SANDWICHES","$14.70","Black Walnut Cafe","American (New), Cafes, Breakfast, Lunch","5512 Memorial Drive, Houston, TX 77007, USA","Houston","2022-11-07 21:14:26.0000000"
"MENU_000180","REST_00028","ORANGE JUICE Large OJ","","4.63380479812622","","","BEVERAGES","$5.25","Black Walnut Cafe","American (New), Cafes, Breakfast, Lunch","5512 Memorial Drive, Houston, TX 77007, USA","Houston","2022-11-07 21:14:26.0000000"
"MENU_000181","REST_00028","PEPPERMINT MOCHA SM Mint Mocha","","4.63380479812622","","","JOE TO GO","$4.20","Black Walnut Cafe","American (New), Cafes, Breakfast, Lunch","5512 Memorial Drive, Houston, TX 77007, USA","Houston","2022-11-07 21:14:26.0000000"
"MENU_000182","REST_00028","PIMENTO CHEESE & CRACKERS","Roasted red bell peppers, pickled jalapeños, chives, saltine crackers","4.63380479812622","","","SHAREABLE STARTERS","$10.50","Black Walnut Cafe","American (New), Cafes, Breakfast, Lunch","5512 Memorial Drive, Houston, TX 77007, USA","Houston","2022-11-07 21:14:26.0000000"
"MENU_000183","REST_00028","POT ROAST DINNER","Slow cooked chuck tender, garlic mashed potatoes, mushroom gravy, garlic bread","4.63380479812622","","","ENTREES & TACOS","$19.95","Black Walnut Cafe","American (New), Cafes, Breakfast, Lunch","5512 Memorial Drive, Houston, TX 77007, USA","Houston","2022-11-07 21:14:26.0000000"
"MENU_000184","REST_00028","POT ROAST GRILLED CHEESE","Slow cooked chuck tender, butter, challah bread, American cheese, house salad, cup of tomato basil soup","4.63380479812622","","","BURGERS & SANDWICHES","$15.23","Black Walnut Cafe","American (New), Cafes, Breakfast, Lunch","5512 Memorial Drive, Houston, TX 77007, USA","Houston","2022-11-07 21:14:26.0000000"
"MENU_000185","REST_00028","PULLED PORK CARNITAS TACOS","House-braised pork, feta, shredded lettuce, pico de gallo, yellow onions, avocado, spicy mustard mayo, fresh lime, corn tortillas, served with street corn","4.63380479812622","","","ENTREES & TACOS","$14.70","Black Walnut Cafe","American (New), Cafes, Breakfast, Lunch","5512 Memorial Drive, Houston, TX 77007, USA","Houston","2022-11-07 21:14:26.0000000"
"MENU_000186","REST_00028","SANTA FE SALAD","Chilled thinly-sliced chicken breast, roasted corn, black beans, mango, cheddar, tortilla strips, pico de gallo, sweet bell peppers, house greens, spicy mango cilantro dressing, garlic bread","4.63380479812622","","","SALADS","$15.75","Black Walnut Cafe","American (New), Cafes, Breakfast, Lunch","5512 Memorial Drive, Houston, TX 77007, USA","Houston","2022-11-07 21:14:26.0000000"
"MENU_000187","REST_00028","SCOTTISH SALMON 6OZ","","4.63380479812622","","","GRILL","$19.95","Black Walnut Cafe","American (New), Cafes, Breakfast, Lunch","5512 Memorial Drive, Houston, TX 77007, USA","Houston","2022-11-07 21:14:26.0000000"
"MENU_000188","REST_00028","SHRIMP CAESAR SALAD","Crispy shrimp, romaine hearts, herbed croutons, Marie cheese, crispy garlic, house-made Caesar dressing, garlic bread","4.63380479812622","","","SALADS","$15.75","Black Walnut Cafe","American (New), Cafes, Breakfast, Lunch","5512 Memorial Drive, Houston, TX 77007, USA","Houston","2022-11-07 21:14:26.0000000"
"MENU_000189","REST_00028","SLICE OF HUMMINGBIRD CAKE","","4.63380479812622","","","DESSERTS & PASTRIES","$7.35","Black Walnut Cafe","American (New), Cafes, Breakfast, Lunch","5512 Memorial Drive, Houston, TX 77007, USA","Houston","2022-11-07 21:14:26.0000000"
"MENU_000190","REST_00028","SOFT DRINK","","4.63380479812622","","","BEVERAGES","$3.10","Black Walnut Cafe","American (New), Cafes, Breakfast, Lunch","5512 Memorial Drive, Houston, TX 77007, USA","Houston","2022-11-07 21:14:26.0000000"
"MENU_000191","REST_00028","SPINACH AND ARTICHOKE DIP","Spinach, artichokes, cream cheese, mozzarella, Parmesan, red onions, garlic, sour cream, pico de gallo, fire-roasted salsa, chips","4.63380479812622","","","SHAREABLE STARTERS","$11.55","Black Walnut Cafe","American (New), Cafes, Breakfast, Lunch","5512 Memorial Drive, Houston, TX 77007, USA","Houston","2022-11-07 21:14:26.0000000"
"MENU_000192","REST_00028","STEAK SALAD","Tenderloin filet tips, mixed greens, artichokes, walnuts, Asian pear, sun-dried tomatoes, celery, creamy tomato dressing, goat cheese, garlic bread","4.63380479812622","","","SALADS","$19.95","Black Walnut Cafe","American (New), Cafes, Breakfast, Lunch","5512 Memorial Drive, Houston, TX 77007, USA","Houston","2022-11-07 21:14:26.0000000"
"MENU_000193","REST_00028","TENDERLOIN FILET TIPS","","4.63380479812622","","","GRILL","$26.25","Black Walnut Cafe","American (New), Cafes, Breakfast, Lunch","5512 Memorial Drive, Houston, TX 77007, USA","Houston","2022-11-07 21:14:26.0000000"
"MENU_000194","REST_00028","TEXAS-SIZED WAGYU CHICKEN FRIED STEAK","8 oz. Snake River Farms cutlet, roasted garlic mashed potatoes, scallions, house-made cream gravy","4.63380479812622","","","ENTREES & TACOS","$18.90","Black Walnut Cafe","American (New), Cafes, Breakfast, Lunch","5512 Memorial Drive, Houston, TX 77007, USA","Houston","2022-11-07 21:14:26.0000000"
"MENU_000195","REST_00028","THAI PEANUT BRUSSELS SPROUTS","Crispy Brussels sprouts, peanut vinaigrette, peanuts, honey","4.63380479812622","","","SHAREABLE STARTERS","$8.40","Black Walnut Cafe","American (New), Cafes, Breakfast, Lunch","5512 Memorial Drive, Houston, TX 77007, USA","Houston","2022-11-07 21:14:26.0000000"
"MENU_000196","REST_00028","THE BEYOND BURGER","Beyond Meat®, white cheddar, pickled jalapeños, tomatoes, pickles, mixed greens, jalapeño aioli, wheat bun, house-made potato salad or fries","4.63380479812622","","","BURGERS & SANDWICHES","$15.75","Black Walnut Cafe","American (New), Cafes, Breakfast, Lunch","5512 Memorial Drive, Houston, TX 77007, USA","Houston","2022-11-07 21:14:26.0000000"
"MENU_000197","REST_00028","THE PIMENTO CHEESEBURGER","Wagyu and venison patty, house-made pimento cheese, shredded lettuce, challah bun, house-made potato salad or fries","4.63380479812622","","","BURGERS & SANDWICHES","$16.80","Black Walnut Cafe","American (New), Cafes, Breakfast, Lunch","5512 Memorial Drive, Houston, TX 77007, USA","Houston","2022-11-07 21:14:26.0000000"
"MENU_000198","REST_00028","ULTIMATE BACON CHEESEBURGER","Gyulais wagyu patty, applewood smoked bacon, truffle bacon jam mustard, American cheese, house-made pickles, tomatoes, shredded lettuce, brioche bun, fries or potato salad","4.63380479812622","","","BURGERS & SANDWICHES","$17.85","Black Walnut Cafe","American (New), Cafes, Breakfast, Lunch","5512 Memorial Drive, Houston, TX 77007, USA","Houston","2022-11-07 21:14:26.0000000"
"MENU_000199","REST_00028","VALENCIA SM Valencia","","4.63380479812622","","","JOE TO GO","$4.20","Black Walnut Cafe","American (New), Cafes, Breakfast, Lunch","5512 Memorial Drive, Houston, TX 77007, USA","Houston","2022-11-07 21:14:26.0000000"
"MENU_000200","REST_00028","VANILLA LATTE Iced Vanil Latt","","4.63380479812622","","","JOE TO GO","$4.99","Black Walnut Cafe","American (New), Cafes, Breakfast, Lunch","5512 Memorial Drive, Houston, TX 77007, USA","Houston","2022-11-07 21:14:26.0000000"
"MENU_000201","REST_00028","VANILLA LATTE Large Vanill Latte","","4.63380479812622","","","JOE TO GO","$4.99","Black Walnut Cafe","American (New), Cafes, Breakfast, Lunch","5512 Memorial Drive, Houston, TX 77007, USA","Houston","2022-11-07 21:14:26.0000000"
"MENU_000202","REST_00028","VANILLA LATTE SM Vanill Latte","","4.63380479812622","","","JOE TO GO","$4.20","Black Walnut Cafe","American (New), Cafes, Breakfast, Lunch","5512 Memorial Drive, Houston, TX 77007, USA","Houston","2022-11-07 21:14:26.0000000"
"MENU_000203","REST_00028","VINDALOO WINGS","Jumbo chicken wings, Vindaloo sauce, Vindaloo seasoning, crispy garlic, scallions","4.63380479812622","","","SHAREABLE STARTERS","$12.60","Black Walnut Cafe","American (New), Cafes, Breakfast, Lunch","5512 Memorial Drive, Houston, TX 77007, USA","Houston","2022-11-07 21:14:26.0000000"
"MENU_000204","REST_00028","WHITE CHOCOLATE MOCHA SM White Mocha","","4.63380479812622","","","JOE TO GO","$4.20","Black Walnut Cafe","American (New), Cafes, Breakfast, Lunch","5512 Memorial Drive, Houston, TX 77007, USA","Houston","2022-11-07 21:14:26.0000000"
"MENU_000205","REST_00029","Soft Chili Scramble w/ Avocado","Chili shallot-folded eggs with sheep's milk feta, avocado & sesame seeds topped with chili oil. Allergens: G = Contains gluten, D = Contains dairy, E = Contains egg, S = Contains soy, SE = Contains sesame","4.53987693786621","","","Brekkie All Day","$15.68","Bluestone Lane","Coffee Shop & Bar","115 W 19th St, Houston, TX 77008, USA","Houston","2022-10-30 15:03:23.0000000"
"MENU_000206","REST_00030","Bangin' Pizza","tomato sauce, fontina, shishitos, calabrian chilis, pepperoncinis, mozzarella","4.7832818031311","","","Pizza","$13.00","Brasil","Breakfast, Coffee, Pizza, Burgers, Sandwiches","Brasil, 2604 Dunlavy St, Houston, TX 77098, USA","Houston","2022-11-07 21:13:40.0000000"
"MENU_000207","REST_00030","Chicken Verde","grilled chicken, garlic oil, mozzarella, lemon, arugula","4.7832818031311","","","Pizza","$17.50","Brasil","Breakfast, Coffee, Pizza, Burgers, Sandwiches","Brasil, 2604 Dunlavy St, Houston, TX 77098, USA","Houston","2022-11-07 21:13:40.0000000"
"MENU_000208","REST_00030","Chili Crisp & Chicken","grilled chicken, chili crisp (contains peanuts), banana peppers, mozzarella, arugula","4.7832818031311","","","Pizza","$17.50","Brasil","Breakfast, Coffee, Pizza, Burgers, Sandwiches","Brasil, 2604 Dunlavy St, Houston, TX 77098, USA","Houston","2022-11-07 21:13:40.0000000"
"MENU_000209","REST_00030","Fig & Prosciutto Pizza","mozzarella, garlic oil, parmesan, arugula","4.7832818031311","","","Pizza","$16.50","Brasil","Breakfast, Coffee, Pizza, Burgers, Sandwiches","Brasil, 2604 Dunlavy St, Houston, TX 77098, USA","Houston","2022-11-07 21:13:40.0000000"
"MENU_000210","REST_00030","Hummus and Flatbread","basil & preserved lemon hummus, tomatoes, vinegar carrots, flatbread","4.7832818031311","","","Small Plates","$13.25","Brasil","Breakfast, Coffee, Pizza, Burgers, Sandwiches","Brasil, 2604 Dunlavy St, Houston, TX 77098, USA","Houston","2022-11-07 21:13:40.0000000"
"MENU_000211","REST_00030","Kale & Artichoke Pizza","artichoke hearts, ricotta, mozzarella, preserved lemon, olive oil","4.7832818031311","","","Pizza","$16.50","Brasil","Breakfast, Coffee, Pizza, Burgers, Sandwiches","Brasil, 2604 Dunlavy St, Houston, TX 77098, USA","Houston","2022-11-07 21:13:40.0000000"
"MENU_000212","REST_00030","Margherita","garlic oil, cherry tomato, mozzarella, basil","4.7832818031311","","","Pizza","$15.50","Brasil","Breakfast, Coffee, Pizza, Burgers, Sandwiches","Brasil, 2604 Dunlavy St, Houston, TX 77098, USA","Houston","2022-11-07 21:13:40.0000000"
"MENU_000213","REST_00030","Pepperoni","tomato sauce, mozzarella","4.7832818031311","","","Pizza","$15.50","Brasil","Breakfast, Coffee, Pizza, Burgers, Sandwiches","Brasil, 2604 Dunlavy St, Houston, TX 77098, USA","Houston","2022-11-07 21:13:40.0000000"
"MENU_000214","REST_00030","Sausage & Goat Cheese","tomato sauce, mozzarella","4.7832818031311","","","Pizza","$16.50","Brasil","Breakfast, Coffee, Pizza, Burgers, Sandwiches","Brasil, 2604 Dunlavy St, Houston, TX 77098, USA","Houston","2022-11-07 21:13:40.0000000"
"MENU_000215","REST_00031","#21 Breakfast on a Bun®","What's On It: Small Bun (4\)","","","","$4.17","Sausage (Breakfast on a Bun)","Breakfast","4.28205108642578","429","Houston","2022-10-30 15:02:54.0000000"
"MENU_000216","REST_00031","#21 Breakfast on a Bun® Whatameal®","What's On It: Small Bun (4\)","","","","$6.63","Sausage (Breakfast on a Bun)","Breakfast","4.28205108642578","429","Houston","2022-10-30 15:02:54.0000000"
"MENU_000217","REST_00032","Cinnamon Toast Crunch Milkshake","","4.35269689559937","","","Milkshakes","$7.50","BunSlut","BunSlut","1731 Westheimer Rd, Houston, TX 77098, USA","Houston","2022-10-30 15:15:19.0000000"
"MENU_000218","REST_00032","Slutty Fries","Seasoned Fries, Chopped Patty with Cheese, Slut Sauce, and Grilled Onions","4.35269689559937","","","Fries","$10.00","BunSlut","BunSlut","1731 Westheimer Rd, Houston, TX 77098, USA","Houston","2022-10-27 23:07:42.0000000"
"MENU_000219","REST_00032","Virgin Fries","Seasoned Fries","4.35269689559937","","","Fries","$4.00","BunSlut","BunSlut","1731 Westheimer Rd, Houston, TX 77098, USA","Houston","2022-10-27 23:07:42.0000000"
"MENU_000220","REST_00033","16PC Chicken Nuggets Meal","Bite-sized white meat chicken coated in crispy homestyle seasoned breading.","4.14949178695679","","","Meals (pm)","$7.99","Burger King","Burgers, Fast Food","Burger King, 2316 Scott St, Houston, TX 77004, USA","Houston","2022-10-30 15:02:55.0000000"
"MENU_000221","REST_00033","5PC French Toast Meal","","4.14949178695679","","","Breakfast Meals","$6.89","Burger King","Burgers, Fast Food","Burger King, 2316 Scott St, Houston, TX 77004, USA","Houston","2022-10-30 15:02:55.0000000"
"MENU_000222","REST_00033","9PC Chicken Fries Meal","Breaded, crispy white meat chicken perfect for dipping in any of our delicious dipping sauces.","4.14949178695679","","","Meals (pm)","$9.09","Burger King","Burgers, Fast Food","Burger King, 2316 Scott St, Houston, TX 77004, USA","Houston","2022-10-30 15:02:55.0000000"
"MENU_000223","REST_00033","Bacon & Egg Croissan'wich Meal","","4.14949178695679","","","Breakfast Meals","$7.99","Burger King","Burgers, Fast Food","Burger King, 2316 Scott St, Houston, TX 77004, USA","Houston","2022-10-30 15:02:55.0000000"
"MENU_000224","REST_00033","Bacon King Sandwich Meal","Two 1/4 lb* flame-grilled beef patties with crispy bacon, melted American cheese, ketchup, and creamy mayonnaise on a toasted sesame seed bun.*Weight based on pre-cooked patty.","4.14949178695679","","","Meals (pm)","$14.49","Burger King","Burgers, Fast Food","Burger King, 2316 Scott St, Houston, TX 77004, USA","Houston","2022-10-30 15:02:55.0000000"
"MENU_000225","REST_00033","Bacon, Egg & Cheese Biscuit Meal","Crispy bacon, fluffy eggs, and melted American cheese on a warm buttermilk biscuit. Served with Hash Browns and your choice of Drink.","4.14949178695679","","","Breakfast Meals","$8.49","Burger King","Burgers, Fast Food","Burger King, 2316 Scott St, Houston, TX 77004, USA","Houston","2022-10-30 15:02:55.0000000"
"MENU_000226","REST_00033","Bacon, Egg & Cheese Croissan'wich Meal","Crispy bacon, fluffy eggs, and melted American cheese on a toasted croissant. Served with Hash Browns and your choice of Drink.","4.14949178695679","","","Breakfast Meals","$8.49","Burger King","Burgers, Fast Food","Burger King, 2316 Scott St, Houston, TX 77004, USA","Houston","2022-10-30 15:02:55.0000000"
"MENU_000227","REST_00033","BBQ Bacon and Cheese BK Royal Crispy Chicken Meal","Crispy white meat breast fillet topped with southern-spiced BBQ sauce, crispy bacon and melty cheese on a toasted potato bun.","4.14949178695679","","","Meals (pm)","$13.69","Burger King","Burgers, Fast Food","Burger King, 2316 Scott St, Houston, TX 77004, USA","Houston","2022-10-30 15:02:55.0000000"
"MENU_000228","REST_00033","Big Fish Sandwich Meal","100% White Alaskan Pollock with crispy panko breading, sweet tartar sauce, and crunchy pickles on a toasted brioche-style bun.","4.14949178695679","","","Meals (pm)","$11.19","Burger King","Burgers, Fast Food","Burger King, 2316 Scott St, Houston, TX 77004, USA","Houston","2022-10-30 15:02:55.0000000"
"MENU_000229","REST_00033","BK Bacon and Swiss Cheese Royal Crispy Chicken Meal","Crispy white meat breast fillet topped with savory sauce, creamy swiss cheese, crispy bacon, lettuce and juicy tomatoes on a toasted potato bun.","4.14949178695679","","","Meals (pm)","$13.69","Burger King","Burgers, Fast Food","Burger King, 2316 Scott St, Houston, TX 77004, USA","Houston","2022-10-30 15:02:55.0000000"
"MENU_000230","REST_00033","BK Café Coffee","","4.14949178695679","","","Breakfast Beverages","$1.89","Burger King","Burgers, Fast Food","Burger King, 2316 Scott St, Houston, TX 77004, USA","Houston","2022-10-30 15:02:55.0000000"
"MENU_000231","REST_00033","BK Royal Crispy Chicken Meal","Crispy white meat breast fillet topped with savory sauce, lettuce and juicy tomatoes on a toasted potato bun.","4.14949178695679","","","Meals (pm)","$11.89","Burger King","Burgers, Fast Food","Burger King, 2316 Scott St, Houston, TX 77004, USA","Houston","2022-10-30 15:02:55.0000000"
"MENU_000232","REST_00033","BK Spicy Royal Crispy Chicken Meal","Crispy white meat breast fillet coated with our triple pepper spicy glaze, topped with savory sauce, lettuce and juicy tomatoes on a toasted potato bun.","4.14949178695679","","","Meals (pm)","$12.49","Burger King","Burgers, Fast Food","Burger King, 2316 Scott St, Houston, TX 77004, USA","Houston","2022-10-30 15:02:55.0000000"
"MENU_000233","REST_00033","Double Whopper Meal","Two ¼ lb* flame-grilled beef patties with juicy tomatoes, crisp lettuce, creamy mayonnaise, ketchup, crunchy pickles, and sliced white onions on a toasted sesame seed bun.  *Weight based on pre-cooked patty.","4.14949178695679","","","Meals (pm)","$12.99","Burger King","Burgers, Fast Food","Burger King, 2316 Scott St, Houston, TX 77004, USA","Houston","2022-10-30 15:02:55.0000000"
"MENU_000234","REST_00033","Egg & Cheese Biscuit Meal","Fluffy eggs and melted American cheese on a warm buttermilk biscuit. Served with Hash Browns and your choice of Drink.","4.14949178695679","","","Breakfast Meals","$6.99","Burger King","Burgers, Fast Food","Burger King, 2316 Scott St, Houston, TX 77004, USA","Houston","2022-10-30 15:02:55.0000000"
"MENU_000235","REST_00033","Egg & Cheese Croissan'wich Meal","","4.14949178695679","","","Breakfast Meals","$6.99","Burger King","Burgers, Fast Food","Burger King, 2316 Scott St, Houston, TX 77004, USA","Houston","2022-10-30 15:02:55.0000000"
"MENU_000236","REST_00033","Egg-Normous Burrito Meal","Sizzling sausage, crispy bacon, fluffy eggs, melted American cheese, crunchy hash browns, and a creamy spicy sauce all wrapped up in a soft flour tortilla. Served with Hash Browns and your choice of Drink.","4.14949178695679","","","Breakfast Meals","$8.69","Burger King","Burgers, Fast Food","Burger King, 2316 Scott St, Houston, TX 77004, USA","Houston","2022-10-30 15:02:55.0000000"
"MENU_000237","REST_00033","French Fries","Piping hot and perfectly salted.","4.14949178695679","","","Sides","$3.09","Burger King","Burgers, Fast Food","Burger King, 2316 Scott St, Houston, TX 77004, USA","Houston","2022-10-30 15:02:55.0000000"
"MENU_000238","REST_00033","Frozen Coke®","The great taste of Coca-Cola® in a refreshing frozen drink.","4.14949178695679","","","Beverages","$2.19","Burger King","Burgers, Fast Food","Burger King, 2316 Scott St, Houston, TX 77004, USA","Houston","2022-10-30 15:02:55.0000000"
"MENU_000239","REST_00033","Frozen Fanta® Wild Cherry","The great taste of Fanta® Wild Chery soda in a refreshing frozen drink.","4.14949178695679","","","Beverages","$2.19","Burger King","Burgers, Fast Food","Burger King, 2316 Scott St, Houston, TX 77004, USA","Houston","2022-10-30 15:02:55.0000000"
"MENU_000240","REST_00033","Ham & Egg Croissan'wich Meal","","4.14949178695679","","","Breakfast Meals","$7.99","Burger King","Burgers, Fast Food","Burger King, 2316 Scott St, Houston, TX 77004, USA","Houston","2022-10-30 15:02:55.0000000"
"MENU_000241","REST_00033","Ham, Egg & Cheese Biscuit Meal","Black Forest ham, fluffy eggs, and melted American cheese on a warm buttermilk biscuit. Served with Hash Browns and your choice of Drink.","4.14949178695679","","","Breakfast Meals","$8.49","Burger King","Burgers, Fast Food","Burger King, 2316 Scott St, Houston, TX 77004, USA","Houston","2022-10-30 15:02:55.0000000"
"MENU_000242","REST_00033","Ham, Egg & Cheese Croissan'wich Meal","Black Forest ham, fluffy eggs, and melted American cheese on a toasted croissant. Served with Hash Browns and your choice of Drink.","4.14949178695679","","","Breakfast Meals","$8.49","Burger King","Burgers, Fast Food","Burger King, 2316 Scott St, Houston, TX 77004, USA","Houston","2022-10-30 15:02:55.0000000"
"MENU_000243","REST_00033","Hash Browns","Crunchy, sizzling hot, and golden brown.","4.14949178695679","","","Breakfast Sides","$2.09","Burger King","Burgers, Fast Food","Burger King, 2316 Scott St, Houston, TX 77004, USA","Houston","2022-10-30 15:02:55.0000000"
"MENU_000244","REST_00033","Impossible™ Whopper Meal","A flame-grilled, plant-based patty with juicy tomatoes, crisp lettuce, creamy mayonnaise, ketchup, crunchy pickles, and sliced white onions on a toasted sesame seed bun. *Patty cooked on the same broiler as beef patties.","4.14949178695679","","","Meals (pm)","$12.89","Burger King","Burgers, Fast Food","Burger King, 2316 Scott St, Houston, TX 77004, USA","Houston","2022-10-30 15:02:55.0000000"
"MENU_000245","REST_00033","Onion Rings","Golden brown, hot, and crispy.","4.14949178695679","","","Sides","$3.09","Burger King","Burgers, Fast Food","Burger King, 2316 Scott St, Houston, TX 77004, USA","Houston","2022-10-30 15:02:55.0000000"
"MENU_000246","REST_00033","Original Chicken Sandwich Meal","Lightly breaded white meat chicken topped with crisp lettuce and creamy mayonnaise on a sesame seed bun.","4.14949178695679","","","Meals (pm)","$10.69","Burger King","Burgers, Fast Food","Burger King, 2316 Scott St, Houston, TX 77004, USA","Houston","2022-10-30 15:02:55.0000000"
"MENU_000247","REST_00033","Sausage & Egg Biscuit Meal","","4.14949178695679","","","Breakfast Meals","$7.99","Burger King","Burgers, Fast Food","Burger King, 2316 Scott St, Houston, TX 77004, USA","Houston","2022-10-30 15:02:55.0000000"
"MENU_000248","REST_00033","Sausage & Egg Croissan'wich Meal","Sizzling sausage, fluffy eggs, and melted American cheese on a toasted croissant. Served with Hash Browns and your choice of Drink.","4.14949178695679","","","Breakfast Meals","$7.99","Burger King","Burgers, Fast Food","Burger King, 2316 Scott St, Houston, TX 77004, USA","Houston","2022-10-30 15:02:55.0000000"
"MENU_000249","REST_00033","Sausage, Egg & Cheese Biscuit Meal","Sizzling sausage, fluffy eggs, and melted American cheese on a warm buttermilk biscuit. Served with Hash Browns and your choice of Drink.","4.14949178695679","","","Breakfast Meals","$8.49","Burger King","Burgers, Fast Food","Burger King, 2316 Scott St, Houston, TX 77004, USA","Houston","2022-10-30 15:02:55.0000000"
"MENU_000250","REST_00033","Sausage, Egg & Cheese Croissan'wich Meal","Sizzling sausage, fluffy eggs, and melted American cheese on a toasted croissant. Served with Hash Browns and your choice of Drink.","4.14949178695679","","","Breakfast Meals","$8.49","Burger King","Burgers, Fast Food","Burger King, 2316 Scott St, Houston, TX 77004, USA","Houston","2022-10-30 15:02:55.0000000"
"MENU_000251","REST_00033","Single Impossible™ King Meal","Features a flame-grilled patty* made from plants topped with melty American cheese, sliced white onions, crunchy pickles, ketchup, and mustard all on a toasted sesame seed bun.*Pre-cooked patty weight 3.6 oz. Impossible™ patty made from plants and cooked on the same broiler as beef patties. Impossible™ is a trademark of Impossible Foods, Inc. Used under license.","4.14949178695679","","","Meals (pm)","$12.49","Burger King","Burgers, Fast Food","Burger King, 2316 Scott St, Houston, TX 77004, USA","Houston","2022-10-30 15:02:55.0000000"
"MENU_000252","REST_00033","Triple Whopper Meal","Three ¼ lb* flame-grilled beef patties with juicy tomatoes, crisp lettuce, melted American cheese, creamy mayonnaise, ketchup, crunchy pickles, and sliced white onions on a toasted sesame seed bun. *Weight based on pre-cooked patty.","4.14949178695679","","","Meals (pm)","$14.39","Burger King","Burgers, Fast Food","Burger King, 2316 Scott St, Houston, TX 77004, USA","Houston","2022-10-30 15:02:55.0000000"
"MENU_000253","REST_00033","Whopper Meal","A ¼ lb* of flame-grilled beef patty topped with juicy tomatoes, crisp lettuce, creamy mayonnaise, ketchup, crunchy pickles, and sliced white onions on a toasted sesame seed bun.  *Weight based on pre-cooked patty.","4.14949178695679","","","Meals (pm)","$11.59","Burger King","Burgers, Fast Food","Burger King, 2316 Scott St, Houston, TX 77004, USA","Houston","2022-10-30 15:02:55.0000000"
"MENU_000254","REST_00034","Basil Pesto Sauce Single Side","Hand made pesto sauce with fresh basil leaves, spinach, garlic, parmesan cheese, toasted walnuts and lemon juice.","4.65069389343262","","","Dressings And Sauces","$1.25","Cafe Express","Lunch, Sandwiches, Modern European, Healthy, Salad, Chicken, Soup","1422 W Gray St, Houston, TX 77019, USA","Houston","2022-11-07 21:19:33.0000000"
"MENU_000255","REST_00034","Bottled Diet Pepsi","","4.65069389343262","","","Drinks","$2.99","Cafe Express","Lunch, Sandwiches, Modern European, Healthy, Salad, Chicken, Soup","1422 W Gray St, Houston, TX 77019, USA","Houston","2022-11-07 21:19:33.0000000"
"MENU_000256","REST_00034","Bottled Dr. Pepper","","4.65069389343262","","","Drinks","$2.99","Cafe Express","Lunch, Sandwiches, Modern European, Healthy, Salad, Chicken, Soup","1422 W Gray St, Houston, TX 77019, USA","Houston","2022-11-07 21:19:33.0000000"
"MENU_000257","REST_00034","Bottled Orange Juice","","4.65069389343262","","","Drinks","$1.89","Cafe Express","Lunch, Sandwiches, Modern European, Healthy, Salad, Chicken, Soup","1422 W Gray St, Houston, TX 77019, USA","Houston","2022-11-07 21:19:33.0000000"
"MENU_000258","REST_00034","Bottled Perrier","","4.65069389343262","","","Drinks","$2.99","Cafe Express","Lunch, Sandwiches, Modern European, Healthy, Salad, Chicken, Soup","1422 W Gray St, Houston, TX 77019, USA","Houston","2022-11-07 21:19:33.0000000"
"MENU_000259","REST_00034","Bottled Water","","4.65069389343262","","","Drinks","$2.09","Cafe Express","Lunch, Sandwiches, Modern European, Healthy, Salad, Chicken, Soup","1422 W Gray St, Houston, TX 77019, USA","Houston","2022-11-07 21:19:33.0000000"
"MENU_000260","REST_00034","Caesar Dressing Single Side","Hand made caesar dressing made fresh eggs, cream, parmesan cheese, lime juice, worcestershire sauce, garlic, and seasonings","4.65069389343262","","","Dressings And Sauces","$0.99","Cafe Express","Lunch, Sandwiches, Modern European, Healthy, Salad, Chicken, Soup","1422 W Gray St, Houston, TX 77019, USA","Houston","2022-11-07 21:19:33.0000000"
"MENU_000261","REST_00034","Cafe Duo","Pick two favorites. Choose from the following half salads, half sandwiches or a cup of soup or mac and cheese.","4.65069389343262","","","Mix & Match","$9.99","Cafe Express","Lunch, Sandwiches, Modern European, Healthy, Salad, Chicken, Soup","1422 W Gray St, Houston, TX 77019, USA","Houston","2022-11-07 21:19:33.0000000"
"MENU_000262","REST_00034","Cafe Express Signature Coffee Blend","","4.65069389343262","","","Drinks","$2.49","Cafe Express","Lunch, Sandwiches, Modern European, Healthy, Salad, Chicken, Soup","1422 W Gray St, Houston, TX 77019, USA","Houston","2022-11-07 21:19:33.0000000"
"MENU_000263","REST_00034","Cafe Trio","Pick three favorites. Choose from half salad, half sandwich, cup of soup, or pasta pesto.","4.65069389343262","","","Mix & Match","$10.99","Cafe Express","Lunch, Sandwiches, Modern European, Healthy, Salad, Chicken, Soup","1422 W Gray St, Houston, TX 77019, USA","Houston","2022-11-07 21:19:33.0000000"
"MENU_000264","REST_00034","Chicken Salad Ciabatta","House-made chicken salad, glazed pecans, lettuce and tomato on ciabatta.  Served with your choice of side. Contains Nuts.","4.65069389343262","","","Handhelds","$9.39","Cafe Express","Lunch, Sandwiches, Modern European, Healthy, Salad, Chicken, Soup","1422 W Gray St, Houston, TX 77019, USA","Houston","2022-11-07 21:19:33.0000000"
"MENU_000265","REST_00034","Chocolate Chunk Brownie","Fresh baked daily and made from scratch with cinnamon and chocolate chunks. Vegetarian.","4.65069389343262","","","Desserts","$2.99","Cafe Express","Lunch, Sandwiches, Modern European, Healthy, Salad, Chicken, Soup","1422 W Gray St, Houston, TX 77019, USA","Houston","2022-11-07 21:19:33.0000000"
"MENU_000266","REST_00034","Family Meal Amalfi Lemon Herb Chicken","Four grilled chicken breasts with fresh lemon herb sauce. Served with two sides and large spring mix salad. Serves four.","4.65069389343262","","","Family Meals","$49.99","Cafe Express","Lunch, Sandwiches, Modern European, Healthy, Salad, Chicken, Soup","1422 W Gray St, Houston, TX 77019, USA","Houston","2022-11-07 21:19:33.0000000"
"MENU_000267","REST_00034","Family Meal Chicken Pesto Alfredo Pasta","Fettuccine, grilled chicken, pesto alfredo sauce, and parmesan. Served with with garlic bread and large spring mix salad. Serves four. Contains Nuts.","4.65069389343262","","","Family Meals","$49.99","Cafe Express","Lunch, Sandwiches, Modern European, Healthy, Salad, Chicken, Soup","1422 W Gray St, Houston, TX 77019, USA","Houston","2022-11-07 21:19:33.0000000"
"MENU_000268","REST_00034","Family Meal Grilled Chicken w/Basil Pesto","Four grilled chicken breasts with fresh basil pesto. Served with choice of two sides and large spring mix salad. Serves four. Contains Nuts.","4.65069389343262","","","Family Meals","$49.99","Cafe Express","Lunch, Sandwiches, Modern European, Healthy, Salad, Chicken, Soup","1422 W Gray St, Houston, TX 77019, USA","Houston","2022-11-07 21:19:33.0000000"
"MENU_000269","REST_00034","Family Meal Mediterranean Salmon","Four grilled salmon filets with lemon herb sauce. Served with choice of two sides and large spring mix salad. Serves four.","4.65069389343262","","","Family Meals","$59.99","Cafe Express","Lunch, Sandwiches, Modern European, Healthy, Salad, Chicken, Soup","1422 W Gray St, Houston, TX 77019, USA","Houston","2022-11-07 21:19:33.0000000"
"MENU_000270","REST_00034","Family Meal Spanish Chicken Romesco","Four grilled chicken breasts with fresh romesco sauce. Served with choice of two sides and large spring mix salad. Serves four. Contains Nuts.","4.65069389343262","","","Family Meals","$49.99","Cafe Express","Lunch, Sandwiches, Modern European, Healthy, Salad, Chicken, Soup","1422 W Gray St, Houston, TX 77019, USA","Houston","2022-11-07 21:19:33.0000000"
"MENU_000271","REST_00034","Family Meal Tuscan Amore Pasta","Fettuccine, roasted tomatoes, kalamata olive* tapenade, olive oil, basil pesto, parmesan, garlic & artichokes. Served with with garlic bread and large spring mix salad. Serves four. Vegetarian. Contains Nuts. Olives may contain pits.","4.65069389343262","","","Family Meals","$45.99","Cafe Express","Lunch, Sandwiches, Modern European, Healthy, Salad, Chicken, Soup","1422 W Gray St, Houston, TX 77019, USA","Houston","2022-11-07 21:19:33.0000000"
"MENU_000272","REST_00034","Greek Dressing Single Side","Hand made Greek dressing made fresh from oil, lemon juice, garlic, dijon mustard, honey, oregano and seasonings","4.65069389343262","","","Dressings And Sauces","$0.99","Cafe Express","Lunch, Sandwiches, Modern European, Healthy, Salad, Chicken, Soup","1422 W Gray St, Houston, TX 77019, USA","Houston","2022-11-07 21:19:33.0000000"
"MENU_000273","REST_00034","Honey Mustard Dressing Single Side","Hand made Honey Mustard Dressing made fresh from buttermilk, cream, mayonaire, lime juice, dijon mustard, honey & seasonings","4.65069389343262","","","Dressings And Sauces","$0.99","Cafe Express","Lunch, Sandwiches, Modern European, Healthy, Salad, Chicken, Soup","1422 W Gray St, Houston, TX 77019, USA","Houston","2022-11-07 21:19:33.0000000"
"MENU_000274","REST_00034","Hot Tea","","4.65069389343262","","","Drinks","$2.49","Cafe Express","Lunch, Sandwiches, Modern European, Healthy, Salad, Chicken, Soup","1422 W Gray St, Houston, TX 77019, USA","Houston","2022-11-07 21:19:33.0000000"
"MENU_000275","REST_00034","Jus Single Side","","4.65069389343262","","","Dressings And Sauces","$0.49","Cafe Express","Lunch, Sandwiches, Modern European, Healthy, Salad, Chicken, Soup","1422 W Gray St, Houston, TX 77019, USA","Houston","2022-11-07 21:19:33.0000000"
"MENU_000276","REST_00034","Kids Cheeseburger","Kids Plain Cheese burger.   Served with a side.","4.65069389343262","","","Clever Kids","$7.29","Cafe Express","Lunch, Sandwiches, Modern European, Healthy, Salad, Chicken, Soup","1422 W Gray St, Houston, TX 77019, USA","Houston","2022-11-07 21:19:33.0000000"
"MENU_000277","REST_00034","Kids Crispy Chicken Strips","Kids Crispy Chicken Strips.  Served with a side","4.65069389343262","","","Clever Kids","$6.99","Cafe Express","Lunch, Sandwiches, Modern European, Healthy, Salad, Chicken, Soup","1422 W Gray St, Houston, TX 77019, USA","Houston","2022-11-07 21:19:33.0000000"
"MENU_000278","REST_00034","Kids Mac & Cheese","Kids Mac & Cheese Pasta.  Served with a side.","4.65069389343262","","","Clever Kids","$5.99","Cafe Express","Lunch, Sandwiches, Modern European, Healthy, Salad, Chicken, Soup","1422 W Gray St, Houston, TX 77019, USA","Houston","2022-11-07 21:19:33.0000000"
"MENU_000279","REST_00034","Kids Shells & Butter","Kids Shells & Butter.  Served with a side.","4.65069389343262","","","Clever Kids","$5.99","Cafe Express","Lunch, Sandwiches, Modern European, Healthy, Salad, Chicken, Soup","1422 W Gray St, Houston, TX 77019, USA","Houston","2022-11-07 21:19:33.0000000"
"MENU_000280","REST_00034","Lemon Herb Sauce Single Side","Hand made Lemon Herb sauce, made fresh from oil, lemon juice, flat leaf Italian parsley, onions and seasonings","4.65069389343262","","","Dressings And Sauces","$1.25","Cafe Express","Lunch, Sandwiches, Modern European, Healthy, Salad, Chicken, Soup","1422 W Gray St, Houston, TX 77019, USA","Houston","2022-11-07 21:19:33.0000000"
"MENU_000281","REST_00034","Lemon Vinaigrette Single Side","Hand made Lemon Vinaigrette made with oil, lemon juice, garlic, dijon mustard, honey and seasonings","4.65069389343262","","","Dressings And Sauces","$0.99","Cafe Express","Lunch, Sandwiches, Modern European, Healthy, Salad, Chicken, Soup","1422 W Gray St, Houston, TX 77019, USA","Houston","2022-11-07 21:19:33.0000000"
"MENU_000282","REST_00034","Mediterranean Veggie Ciabatta","Roasted tomatoes, feta, avocado, romesco mayo and spring mix on ciabatta. Served with your choice of side. Contains nuts. Vegetarian.","4.65069389343262","","","Handhelds","$9.99","Cafe Express","Lunch, Sandwiches, Modern European, Healthy, Salad, Chicken, Soup","1422 W Gray St, Houston, TX 77019, USA","Houston","2022-11-07 21:19:33.0000000"
"MENU_000283","REST_00034","Ranch Dressing Single Side","Hand made traditional ranch dressing.  Made fresh from buttermilk, cream, mayonaire, lime juice, parsley, dill, chives and seasonings","4.65069389343262","","","Dressings And Sauces","$0.99","Cafe Express","Lunch, Sandwiches, Modern European, Healthy, Salad, Chicken, Soup","1422 W Gray St, Houston, TX 77019, USA","Houston","2022-11-07 21:19:33.0000000"
"MENU_000284","REST_00034","Red Wine Vinaigrette Single Side","Hand made Red Wine Vinaigrette dressing, made fresh from oil, red wine vinegar, dijon mustard, garlic, fresh basil leaves, honey and seasonings","4.65069389343262","","","Dressings And Sauces","$0.99","Cafe Express","Lunch, Sandwiches, Modern European, Healthy, Salad, Chicken, Soup","1422 W Gray St, Houston, TX 77019, USA","Houston","2022-11-07 21:19:33.0000000"
"MENU_000285","REST_00034","Regular Fountain Drink","","4.65069389343262","","","Drinks","$2.89","Cafe Express","Lunch, Sandwiches, Modern European, Healthy, Salad, Chicken, Soup","1422 W Gray St, Houston, TX 77019, USA","Houston","2022-11-07 21:19:33.0000000"
"MENU_000286","REST_00034","Regular Iced Tea","","4.65069389343262","","","Drinks","$2.89","Cafe Express","Lunch, Sandwiches, Modern European, Healthy, Salad, Chicken, Soup","1422 W Gray St, Houston, TX 77019, USA","Houston","2022-11-07 21:19:33.0000000"
"MENU_000287","REST_00034","Regular Lemonade","","4.65069389343262","","","Drinks","$2.89","Cafe Express","Lunch, Sandwiches, Modern European, Healthy, Salad, Chicken, Soup","1422 W Gray St, Houston, TX 77019, USA","Houston","2022-11-07 21:19:33.0000000"
"MENU_000288","REST_00034","Roasted Half Chicken Entree","Seasoned & oven-roasted, served with chicken jus.  Served with your choice of two sides.","4.65069389343262","","","Entrees","$12.99","Cafe Express","Lunch, Sandwiches, Modern European, Healthy, Salad, Chicken, Soup","1422 W Gray St, Houston, TX 77019, USA","Houston","2022-11-07 21:19:33.0000000"
"MENU_000289","REST_00034","Romesco Mayo Single Side","Hand made Romesco Ranch.  Made fresh from roasted red peppers, mayonaise, smoked almonds, red wine vinegar, oil bread crumbs and seasonings.  Contains nuts.","4.65069389343262","","","Dressings And Sauces","$0.99","Cafe Express","Lunch, Sandwiches, Modern European, Healthy, Salad, Chicken, Soup","1422 W Gray St, Houston, TX 77019, USA","Houston","2022-11-07 21:19:33.0000000"
"MENU_000290","REST_00034","Signature Chicken Deli Salad","Grilled chicken & pesto pasta on a bed of romaine & spring mix lettuce with pine nuts, kalamata olives*, grape tomatoes, parmesan & house-made red wine vinaigrette dressing (Contains Nuts)","4.65069389343262","","","Salads","$12.29","Cafe Express","Lunch, Sandwiches, Modern European, Healthy, Salad, Chicken, Soup","1422 W Gray St, Houston, TX 77019, USA","Houston","2022-11-07 21:19:33.0000000"
"MENU_000291","REST_00034","Signature Dressing Single Side","A secret and signature Café Express recipe (contains eggs)","4.65069389343262","","","Dressings And Sauces","$0.99","Cafe Express","Lunch, Sandwiches, Modern European, Healthy, Salad, Chicken, Soup","1422 W Gray St, Houston, TX 77019, USA","Houston","2022-11-07 21:19:33.0000000"
"MENU_000292","REST_00034","Spanish Romesco Sauce Single Side","Hand made Spanish Romesco sauce.  A traditional Spanish sauce made fresh from roasted red peppers, smoked almonds, red wine vinegar, oil bread crumbs and seasonings.  Contains nuts.","4.65069389343262","","","Dressings And Sauces","$1.25","Cafe Express","Lunch, Sandwiches, Modern European, Healthy, Salad, Chicken, Soup","1422 W Gray St, Houston, TX 77019, USA","Houston","2022-11-07 21:19:33.0000000"
"MENU_000293","REST_00035","Tekka Maki","Fresh Tuna Roll with Sushi Rice. (8 Pcs)","4.74764919281006","","","Basic Hand Roll OR Cut Roll ","$9.00","Cafe Ginger","Chinese, Takeout, Seafood, Pickup, Sushi Bars","Café Ginger, River Oaks Shopping Center, 1574 W Gray St, Houston, TX 77019, USA","Houston","2022-10-30 15:27:21.0000000"
"MENU_000294","REST_00036","Bacon Strips","","4.74418592453003","","","Sides","$3.50","Canary Cafe","Canary Cafe","Canary Cafe, 4928 Fulton St Suite A, Houston, TX 77009, USA","Houston","2022-10-30 15:11:22.0000000"
"MENU_000295","REST_00036","Berries & Granola","","4.74418592453003","","","Sides","$4.00","Canary Cafe","Canary Cafe","Canary Cafe, 4928 Fulton St Suite A, Houston, TX 77009, USA","Houston","2022-10-30 15:11:22.0000000"
"MENU_000296","REST_00036","Egg Your Way","any way you like it, within reason.","4.74418592453003","","","Sides","$1.50","Canary Cafe","Canary Cafe","Canary Cafe, 4928 Fulton St Suite A, Houston, TX 77009, USA","Houston","2022-10-30 15:11:22.0000000"
"MENU_000297","REST_00036","Equal Parts Loggerbier","","4.74418592453003","","","Speciality Drinks","$4.00","Canary Cafe","Canary Cafe","Canary Cafe, 4928 Fulton St Suite A, Houston, TX 77009, USA","Houston","2022-10-30 15:11:22.0000000"
"MENU_000298","REST_00036","Equal Parts Three Seashells","","4.74418592453003","","","Speciality Drinks","$4.00","Canary Cafe","Canary Cafe","Canary Cafe, 4928 Fulton St Suite A, Houston, TX 77009, USA","Houston","2022-10-30 15:11:22.0000000"
"MENU_000299","REST_00036","Potato Hash","Potatoes chopped, fried, and topped with some of our roasted corn medley.","4.74418592453003","","","Sides","$3.00","Canary Cafe","Canary Cafe","Canary Cafe, 4928 Fulton St Suite A, Houston, TX 77009, USA","Houston","2022-10-30 15:11:22.0000000"
"MENU_000300","REST_00036","Sausage Patties","2oz sausage patties x2.","4.74418592453003","","","Sides","$3.50","Canary Cafe","Canary Cafe","Canary Cafe, 4928 Fulton St Suite A, Houston, TX 77009, USA","Houston","2022-10-30 15:11:22.0000000"
"MENU_000301","REST_00037","Hot Bobbie","A Thanksgiving classic served warm. Whole turkeys are slow-roasted in house, to make a turkey masterpiece with cranberry sauce, handmade stuffing, and mayo.","4.29166698455811","","","Signature Subs","$7.29","Capriotti's","Wagyu, Cheesesteaks, American, Sandwiches","1035 N Shepherd Dr, Houston, TX 77008, USA","Houston","2022-10-30 15:30:02.0000000"
"MENU_000302","REST_00037","Hot Bobbie Combo","A Thanksgiving classic served warm. Whole turkeys are slow-roasted in house, to make a turkey masterpiece with cranberry sauce, handmade stuffing, and mayo.","4.29166698455811","","","Signature Subs","$11.79","Capriotti's","Wagyu, Cheesesteaks, American, Sandwiches","1035 N Shepherd Dr, Houston, TX 77008, USA","Houston","2022-10-30 15:30:02.0000000"
"MENU_000303","REST_00037","The Half Bobbie","A Thanksgiving classic. Whole turkeys are slow-roasted in house to make a turkey masterpiece with cranberry sauce, handmade stuffing, and mayo.","4.29166698455811","","","Signature Subs","$7.29","Capriotti's","Wagyu, Cheesesteaks, American, Sandwiches","1035 N Shepherd Dr, Houston, TX 77008, USA","Houston","2022-10-30 15:30:02.0000000"
"MENU_000304","REST_00037","The Half Bobbie Combo","A Thanksgiving classic. Whole turkeys are slow-roasted in house to make a turkey masterpiece with cranberry sauce, handmade stuffing, and mayo. Comes with chips, cookie, and your choice of drink.","4.29166698455811","","","Signature Subs","$11.79","Capriotti's","Wagyu, Cheesesteaks, American, Sandwiches","1035 N Shepherd Dr, Houston, TX 77008, USA","Houston","2022-10-30 15:30:02.0000000"
"MENU_000305","REST_00037","The Large Bobbie","A Thanksgiving classic. Whole turkeys are slow-roasted in house to make a turkey masterpiece with cranberry sauce, handmade stuffing, and mayo.","4.29166698455811","","","Signature Subs","$20.99","Capriotti's","Wagyu, Cheesesteaks, American, Sandwiches","1035 N Shepherd Dr, Houston, TX 77008, USA","Houston","2022-10-30 15:30:02.0000000"
"MENU_000306","REST_00037","The Large Bobbie Combo","A Thanksgiving classic. Whole turkeys are slow-roasted in house to make a turkey masterpiece with cranberry sauce, handmade stuffing, and mayo. Comes with chips, cookie, and your choice of drink.","4.29166698455811","","","Signature Subs","$25.49","Capriotti's","Wagyu, Cheesesteaks, American, Sandwiches","1035 N Shepherd Dr, Houston, TX 77008, USA","Houston","2022-10-30 15:30:02.0000000"
"MENU_000307","REST_00037","The Medium Bobbie","A Thanksgiving classic. Whole turkeys are slow-roasted in house to make a turkey masterpiece with cranberry sauce, handmade stuffing, and mayo.","4.29166698455811","","","Signature Subs","$12.59","Capriotti's","Wagyu, Cheesesteaks, American, Sandwiches","1035 N Shepherd Dr, Houston, TX 77008, USA","Houston","2022-10-30 15:30:02.0000000"
"MENU_000308","REST_00037","The Medium Bobbie Combo","A Thanksgiving classic. Whole turkeys are slow-roasted in house to make a turkey masterpiece with cranberry sauce, handmade stuffing, and mayo. Comes with chips, cookie, and your choice of drink.","4.29166698455811","","","Signature Subs","$17.09","Capriotti's","Wagyu, Cheesesteaks, American, Sandwiches","1035 N Shepherd Dr, Houston, TX 77008, USA","Houston","2022-10-30 15:30:02.0000000"
"MENU_000309","REST_00037","The Small Bobbie","A Thanksgiving classic. Whole turkeys are slow-roasted in house to make a turkey masterpiece with cranberry sauce, handmade stuffing, and mayo.","4.29166698455811","","","Signature Subs","$10.99","Capriotti's","Wagyu, Cheesesteaks, American, Sandwiches","1035 N Shepherd Dr, Houston, TX 77008, USA","Houston","2022-10-30 15:30:02.0000000"
"MENU_000310","REST_00037","The Small Bobbie Combo","A Thanksgiving classic. Whole turkeys are slow-roasted in house to make a turkey masterpiece with cranberry sauce, handmade stuffing, and mayo. Comes with chips, cookie, and your choice of drink.","4.29166698455811","","","Signature Subs","$15.49","Capriotti's","Wagyu, Cheesesteaks, American, Sandwiches","1035 N Shepherd Dr, Houston, TX 77008, USA","Houston","2022-10-30 15:30:02.0000000"
"MENU_000311","REST_00038","Aegean Grill","Gyros, charbroiled chicken, Mediterranean rice, Grecian sauce and seasonal vegetables.","4.74902009963989","","","The Entrees","$14.00","Chatter's Cafe","Cafes, Breakfast, American (New), Sandwich, Lunch, Catering","140 S Heights Blvd, 140 South Heights Boulevard, Houston, TX 77007, USA","Houston","2022-11-07 21:13:10.0000000"
"MENU_000312","REST_00038","California Burger","Charbroiled chicken breast, avocado, provolone, bacon andmayo.","4.74902009963989","","","The Burgers","$11.00","Chatter's Cafe","Cafes, Breakfast, American (New), Sandwich, Lunch, Catering","140 S Heights Blvd, 140 South Heights Boulevard, Houston, TX 77007, USA","Houston","2022-11-07 21:13:10.0000000"
"MENU_000313","REST_00038","Chatter Burger","1/2 lb. Angus beef with our own Chatter’s spread.","4.74902009963989","","","The Burgers","$9.25","Chatter's Cafe","Cafes, Breakfast, American (New), Sandwich, Lunch, Catering","140 S Heights Blvd, 140 South Heights Boulevard, Houston, TX 77007, USA","Houston","2022-11-07 21:13:10.0000000"
"MENU_000314","REST_00038","Fried Calamari","With house made marinara & spicy remoulade.","4.74902009963989","","","The Appetizers","$9.00","Chatter's Cafe","Cafes, Breakfast, American (New), Sandwich, Lunch, Catering","140 S Heights Blvd, 140 South Heights Boulevard, Houston, TX 77007, USA","Houston","2022-11-07 21:13:10.0000000"
"MENU_000315","REST_00038","Garden Veggie Burger","A healthy blend of vegetables, grains and spices with provolone,avocado and roasted garlic aioli.","4.74902009963989","","","The Burgers","$9.25","Chatter's Cafe","Cafes, Breakfast, American (New), Sandwich, Lunch, Catering","140 S Heights Blvd, 140 South Heights Boulevard, Houston, TX 77007, USA","Houston","2022-11-07 21:13:10.0000000"
"MENU_000316","REST_00038","Grilled Chicken Kabob","Served with Mediterranean rice, seasonal vegetables and St. George sauce.","4.74902009963989","","","The Entrees","$14.00","Chatter's Cafe","Cafes, Breakfast, American (New), Sandwich, Lunch, Catering","140 S Heights Blvd, 140 South Heights Boulevard, Houston, TX 77007, USA","Houston","2022-11-07 21:13:10.0000000"
"MENU_000317","REST_00038","Gyros Plate","Slices of slow-roasted blend of seasoned lamb & beef, Greciansauce, sliced tomatoes and red onion served with fresh cut friesand grilled pita.","4.74902009963989","","","The Entrees","$13.00","Chatter's Cafe","Cafes, Breakfast, American (New), Sandwich, Lunch, Catering","140 S Heights Blvd, 140 South Heights Boulevard, Houston, TX 77007, USA","Houston","2022-11-07 21:13:10.0000000"
"MENU_000318","REST_00038","Hummus","Served with carrots, celery, cucumber and grilled pita.","4.74902009963989","","","The Appetizers","$5.00","Chatter's Cafe","Cafes, Breakfast, American (New), Sandwich, Lunch, Catering","140 S Heights Blvd, 140 South Heights Boulevard, Houston, TX 77007, USA","Houston","2022-11-07 21:13:10.0000000"
"MENU_000319","REST_00038","Mediterranean Salad","Gyros meat, tomato, cucumber, garbanzo beans, feta, Kalamataolives, red onion and stuffed grape leaves","4.74902009963989","","","Salads","$13.00","Chatter's Cafe","Cafes, Breakfast, American (New), Sandwich, Lunch, Catering","140 S Heights Blvd, 140 South Heights Boulevard, Houston, TX 77007, USA","Houston","2022-11-07 21:13:10.0000000"
"MENU_000320","REST_00038","Tuscan Pasta Salad","Penne with basil pesto, olive salad and sundried tomatoes overmixed greens.","4.74902009963989","","","Salads","$9.00","Chatter's Cafe","Cafes, Breakfast, American (New), Sandwich, Lunch, Catering","140 S Heights Blvd, 140 South Heights Boulevard, Houston, TX 77007, USA","Houston","2022-11-07 21:13:10.0000000"
"MENU_000321","REST_00039","Triple Choco-Chunk Cookie","","4.72118997573853","","","Munchies","$3.09","Cheba Hut","Toasted Subs","2150 Edwards St, Houston, TX 77007, USA","Houston","2022-10-30 15:21:17.0000000"
"MENU_000322","REST_00040","1/2 Sweet Tea 1/2 Unsweet Tea","","4.60093212127686","","","Beverages","$2.85","Chick-fil-A","Chicken. Sides. Desserts.","1200 McKinney St Suite 363, Houston, TX 77010, USA","Houston","2022-10-30 15:10:16.0000000"
"MENU_000323","REST_00040","Barq's® Root Beer","Fountain beverage. A product of The Coca-Cola Company.","4.60093212127686","","","Beverages","$2.85","Chick-fil-A","Chicken. Sides. Desserts.","1200 McKinney St Suite 363, Houston, TX 77010, USA","Houston","2022-10-30 15:10:16.0000000"
"MENU_000324","REST_00040","Chick-fil-A Waffle Potato Fries®","Waffle-cut potatoes cooked in canola oil until crispy outside and tender inside. Sprinkled with Sea Salt.","4.60093212127686","","","Sides","$3.05","Chick-fil-A","Chicken. Sides. Desserts.","1200 McKinney St Suite 363, Houston, TX 77010, USA","Houston","2022-10-30 15:10:16.0000000"
"MENU_000325","REST_00040","Chick-fil-A® Diet Lemonade","Classic lemonade using three simple ingredients: real lemon juice—not from concentrate, Splenda® No Calorie Sweetener, and water.","4.60093212127686","","","Beverages","$3.29","Chick-fil-A","Chicken. Sides. Desserts.","1200 McKinney St Suite 363, Houston, TX 77010, USA","Houston","2022-10-30 15:10:16.0000000"
"MENU_000326","REST_00040","Coca-Cola®","Fountain beverage. A product of The Coca-Cola Company.","4.60093212127686","","","Beverages","$2.85","Chick-fil-A","Chicken. Sides. Desserts.","1200 McKinney St Suite 363, Houston, TX 77010, USA","Houston","2022-10-30 15:10:16.0000000"
"MENU_000327","REST_00040","Coca-Cola® Cherry","Fountain beverage. A product of The Coca-Cola Company.","4.60093212127686","","","Beverages","$2.85","Chick-fil-A","Chicken. Sides. Desserts.","1200 McKinney St Suite 363, Houston, TX 77010, USA","Houston","2022-10-30 15:10:16.0000000"
"MENU_000328","REST_00040","Coke® Zero Sugar","Fountain beverage. A product of The Coca-Cola Company.","4.60093212127686","","","Beverages","$2.85","Chick-fil-A","Chicken. Sides. Desserts.","1200 McKinney St Suite 363, Houston, TX 77010, USA","Houston","2022-10-30 15:10:16.0000000"
"MENU_000329","REST_00040","Diet Coke®","Fountain beverage. A product of The Coca-Cola Company.","4.60093212127686","","","Beverages","$2.85","Chick-fil-A","Chicken. Sides. Desserts.","1200 McKinney St Suite 363, Houston, TX 77010, USA","Houston","2022-10-30 15:10:16.0000000"
"MENU_000330","REST_00040","Diet Dr Pepper®","Fountain beverage. Product of Keurig Dr Pepper, Inc.","4.60093212127686","","","Beverages","$2.85","Chick-fil-A","Chicken. Sides. Desserts.","1200 McKinney St Suite 363, Houston, TX 77010, USA","Houston","2022-10-30 15:10:16.0000000"
"MENU_000331","REST_00040","Dr Pepper®","Fountain beverage. Product of Keurig Dr Pepper, Inc.","4.60093212127686","","","Beverages","$2.85","Chick-fil-A","Chicken. Sides. Desserts.","1200 McKinney St Suite 363, Houston, TX 77010, USA","Houston","2022-10-30 15:10:16.0000000"
"MENU_000332","REST_00040","Freshly-Brewed Iced Tea Sweetened","Freshly-brewed each day from a blend of tea leaves. Available sweetened with real cane sugar.","4.60093212127686","","","Beverages","$2.85","Chick-fil-A","Chicken. Sides. Desserts.","1200 McKinney St Suite 363, Houston, TX 77010, USA","Houston","2022-10-30 15:10:16.0000000"
"MENU_000333","REST_00040","Freshly-Brewed Iced Tea Unsweetened","Freshly-brewed each day from a blend of tea leaves unsweetened.","4.60093212127686","","","Beverages","$2.85","Chick-fil-A","Chicken. Sides. Desserts.","1200 McKinney St Suite 363, Houston, TX 77010, USA","Houston","2022-10-30 15:10:16.0000000"
"MENU_000334","REST_00040","POWERADE®","Fountain beverage. A product of The Coca-Cola Company.","4.60093212127686","","","Beverages","$2.85","Chick-fil-A","Chicken. Sides. Desserts.","1200 McKinney St Suite 363, Houston, TX 77010, USA","Houston","2022-10-30 15:10:16.0000000"
"MENU_000335","REST_00040","Sunjoy® (1/2 Sweet Tea, 1/2 Diet Lemonade)","A refreshing combination of our classic Chick-fil-A® Diet Lemonade and freshly-brewed Sweetened Iced Tea. Also available with combinations of Chick-fil-A® Lemonade or Unsweetened Iced Tea.","4.60093212127686","","","Beverages","$3.29","Chick-fil-A","Chicken. Sides. Desserts.","1200 McKinney St Suite 363, Houston, TX 77010, USA","Houston","2022-10-30 15:10:16.0000000"
"MENU_000336","REST_00040","Sunjoy® (1/2 Sweet Tea, 1/2 Lemonade)","A refreshing combination of our classic Chick-fil-A® Lemonade and freshly-brewed Sweetened Iced Tea. Also available with combinations of Chick-fil-A® Diet Lemonade or Unsweetened Iced Tea.","4.60093212127686","","","Beverages","$3.29","Chick-fil-A","Chicken. Sides. Desserts.","1200 McKinney St Suite 363, Houston, TX 77010, USA","Houston","2022-10-30 15:10:16.0000000"
"MENU_000337","REST_00040","Sunjoy® (1/2 Unsweet Tea, 1/2 Diet Lemonade)","A refreshing combination of our classic Chick-fil-A® Diet Lemonade and freshly-brewed Unsweetened Iced Tea. Also available with combinations of Chick-fil-A® Lemonade or Sweetened Iced Tea.","4.60093212127686","","","Beverages","$3.29","Chick-fil-A","Chicken. Sides. Desserts.","1200 McKinney St Suite 363, Houston, TX 77010, USA","Houston","2022-10-30 15:10:16.0000000"
"MENU_000338","REST_00040","Sunjoy® (1/2 Unsweet Tea, 1/2 Lemonade)","A refreshing combination of our classic Chick-fil-A® Lemonade and freshly-brewed Unsweetened Iced Tea. Also available with combinations of Chick-fil-A® Diet Lemonade or Sweetened Iced Tea.","4.60093212127686","","","Beverages","$3.29","Chick-fil-A","Chicken. Sides. Desserts.","1200 McKinney St Suite 363, Houston, TX 77010, USA","Houston","2022-10-30 15:10:16.0000000"
"MENU_000339","REST_00041","1/2 Sweet Tea 1/2 Unsweet Tea","","4.71902799606323","","","Beverages","$2.69","Chick-fil-A","Chicken. Sides. Desserts.","2222 Shearn St, Houston, TX 77007, USA","Houston","2022-11-07 21:11:16.0000000"
"MENU_000340","REST_00041","2 Ct Chick-n-Strips® Kid's Meal","Includes a 2-count of Chick-fil-A Chick-n-Strips®, a choice of a small Side Item (Buddy Fruits® Apple Sauce, Mac & Cheese, Chick-fil-A Waffle Potato Fries®, or Fruit Cup), a kid’s size drink and a prize. ","4.71902799606323","","","Kid's Meals","$7.89","Chick-fil-A","Chicken. Sides. Desserts.","2222 Shearn St, Houston, TX 77007, USA","Houston","2022-11-07 21:11:16.0000000"
"MENU_000341","REST_00041","5 Ct Grilled Nuggets Kid's Meal","Includes a 5-count of Chick-fil-A® Grilled Nuggets, a choice of a small Side Item (Buddy Fruits® Apple Sauce, Mac & Cheese, Chick-fil-A Waffle Potato Fries®, or Fruit Cup), a kid’s size drink and a prize. ","4.71902799606323","","","Kid's Meals","$7.99","Chick-fil-A","Chicken. Sides. Desserts.","2222 Shearn St, Houston, TX 77007, USA","Houston","2022-11-07 21:11:16.0000000"
"MENU_000342","REST_00041","5 Ct Nuggets Kid's Meal","Includes a 5-count of Chick-fil-A® Nuggets, a choice of a small Side Item (Buddy Fruits® Apple Sauce, Mac & Cheese, Chick-fil-A Waffle Potato Fries®, or Fruit Cup), a kid’s size drink and a prize. ","4.71902799606323","","","Kid's Meals","$7.39","Chick-fil-A","Chicken. Sides. Desserts.","2222 Shearn St, Houston, TX 77007, USA","Houston","2022-11-07 21:11:16.0000000"
"MENU_000343","REST_00041","Bacon, Egg, & Cheese Biscuit Meal","Delicious strips of smoked applewood bacon along with folded egg and cheese served on a freshly baked buttermilk biscuit.","4.71902799606323","","","Breakfast","$8.89","Chick-fil-A","Chicken. Sides. Desserts.","2222 Shearn St, Houston, TX 77007, USA","Houston","2022-11-07 21:11:16.0000000"
"MENU_000344","REST_00041","Bacon, Egg, & Cheese Muffin Meal","Delicious strips of smoked applewood bacon, folded egg and American cheese served on a toasted multigrain English muffin.","4.71902799606323","","","Breakfast","$9.05","Chick-fil-A","Chicken. Sides. Desserts.","2222 Shearn St, Houston, TX 77007, USA","Houston","2022-11-07 21:11:16.0000000"
"MENU_000345","REST_00041","Barq's® Root Beer","Fountain beverage. A product of The Coca-Cola Company.","4.71902799606323","","","Beverages","$2.69","Chick-fil-A","Chicken. Sides. Desserts.","2222 Shearn St, Houston, TX 77007, USA","Houston","2022-11-07 21:11:16.0000000"
"MENU_000346","REST_00041","Chicken, Egg & Cheese Biscuit Meal","A breakfast portion of our famous boneless breast of chicken, seasoned to perfection, freshly breaded, pressure cooked in 100% refined peanut oil, a folded egg and cheese, served on a buttermilk biscuit baked fresh at each Restaurant.","4.71902799606323","","","Breakfast","$9.69","Chick-fil-A","Chicken. Sides. Desserts.","2222 Shearn St, Houston, TX 77007, USA","Houston","2022-11-07 21:11:16.0000000"
"MENU_000347","REST_00041","Chicken, Egg, & Cheese Muffin Meal","A breakfast portion of our famous boneless breast of chicken, with folded egg and American cheese, served on a toasted multigrain English Muffin.","4.71902799606323","","","Breakfast","$9.95","Chick-fil-A","Chicken. Sides. Desserts.","2222 Shearn St, Houston, TX 77007, USA","Houston","2022-11-07 21:11:16.0000000"
"MENU_000348","REST_00041","Chick-fil-A Chick-n-Minis™ 4 Ct Meal","Bite-sized Chick-fil-A® Nuggets nestled in warm, mini yeast rolls that are lightly brushed with a honey butter spread.","4.71902799606323","","","Breakfast","$9.59","Chick-fil-A","Chicken. Sides. Desserts.","2222 Shearn St, Houston, TX 77007, USA","Houston","2022-11-07 21:11:16.0000000"
"MENU_000349","REST_00041","Chick-fil-A Waffle Potato Fries®","Waffle-cut potatoes cooked in canola oil until crispy outside and tender inside. Sprinkled with Sea Salt.","4.71902799606323","","","Sides","$2.99","Chick-fil-A","Chicken. Sides. Desserts.","2222 Shearn St, Houston, TX 77007, USA","Houston","2022-11-07 21:11:16.0000000"
"MENU_000350","REST_00041","Chick-fil-A® Chicken Biscuit Meal","A breakfast portion of our famous boneless breast of chicken, seasoned to perfection, hand-breaded, pressure cooked in 100% refined peanut oil and served on a buttermilk biscuit baked fresh at each Restaurant.","4.71902799606323","","","Breakfast","$8.49","Chick-fil-A","Chicken. Sides. Desserts.","2222 Shearn St, Houston, TX 77007, USA","Houston","2022-11-07 21:11:16.0000000"
"MENU_000351","REST_00041","Chick-fil-A® Cool Wrap Meal","Sliced grilled chicken breast, nestled in a fresh mix of Green Leaf lettuce, petite red and green lettuce, and shredded green cabbage with a blend of shredded Monterey Jack and Cheddar cheeses, tightly rolled in a flaxseed flour flat bread. Made fresh daily. Served with Avocado Lime Ranch dressing (or guest’s choice of dressing).","4.71902799606323","","","Meals","$14.39","Chick-fil-A","Chicken. Sides. Desserts.","2222 Shearn St, Houston, TX 77007, USA","Houston","2022-11-07 21:11:16.0000000"
"MENU_000352","REST_00041","Chick-fil-A® Deluxe Meal","A boneless breast of chicken seasoned to perfection, freshly breaded, pressure cooked in 100% refined peanut oil and served on a toasted, buttered bun with dill pickle chips, Green Leaf lettuce, tomato and American cheese. Also available on a multigrain bun.","4.71902799606323","","","Meals","$11.65","Chick-fil-A","Chicken. Sides. Desserts.","2222 Shearn St, Houston, TX 77007, USA","Houston","2022-11-07 21:11:16.0000000"
"MENU_000353","REST_00041","Chick-fil-A® Nuggets Meal","Bite-sized pieces of tender all breast meat chicken, seasoned to perfection, freshly breaded and pressure cooked in 100% refined peanut oil. Available in 8-count, 12-count, or 30-count entrées with choice of dipping sauce.","4.71902799606323","","","Meals","$10.79","Chick-fil-A","Chicken. Sides. Desserts.","2222 Shearn St, Houston, TX 77007, USA","Houston","2022-11-07 21:11:16.0000000"
"MENU_000354","REST_00041","Chick-fil-A® Sandwich Meal","A boneless breast of chicken seasoned to perfection, freshly breaded, pressure cooked in 100% refined peanut oil.","4.71902799606323","","","Meals","$10.69","Chick-fil-A","Chicken. Sides. Desserts.","2222 Shearn St, Houston, TX 77007, USA","Houston","2022-11-07 21:11:16.0000000"
"MENU_000355","REST_00041","Chick-fil-A® Spicy Chicken Sandwich Meal","A boneless breast of chicken seasoned with a spicy blend of peppers, freshly breaded, pressure cooked in 100% refined peanut oil and served on a toasted, buttered bun with dill pickle chips. Also available on a multigrain bun.","4.71902799606323","","","Meals","$11.25","Chick-fil-A","Chicken. Sides. Desserts.","2222 Shearn St, Houston, TX 77007, USA","Houston","2022-11-07 21:11:16.0000000"
"MENU_000356","REST_00041","Chick-n-Strips® Meal","Boneless chicken tenders seasoned to perfection, freshly breaded and pressure cooked in 100% refined peanut oil.","4.71902799606323","","","Meals","$11.15","Chick-fil-A","Chicken. Sides. Desserts.","2222 Shearn St, Houston, TX 77007, USA","Houston","2022-11-07 21:11:16.0000000"
"MENU_000357","REST_00041","Coca-Cola®","Fountain beverage. A product of The Coca-Cola Company.","4.71902799606323","","","Beverages","$2.69","Chick-fil-A","Chicken. Sides. Desserts.","2222 Shearn St, Houston, TX 77007, USA","Houston","2022-11-07 21:11:16.0000000"
"MENU_000358","REST_00041","Coca-Cola® Cherry","Fountain beverage. A product of The Coca-Cola Company.","4.71902799606323","","","Beverages","$2.69","Chick-fil-A","Chicken. Sides. Desserts.","2222 Shearn St, Houston, TX 77007, USA","Houston","2022-11-07 21:11:16.0000000"
"MENU_000359","REST_00041","Coke® Zero Sugar","Fountain beverage. A product of The Coca-Cola Company.","4.71902799606323","","","Beverages","$2.69","Chick-fil-A","Chicken. Sides. Desserts.","2222 Shearn St, Houston, TX 77007, USA","Houston","2022-11-07 21:11:16.0000000"
"MENU_000360","REST_00041","Diet Dr Pepper®","Fountain beverage. Product of Keurig Dr Pepper, Inc.","4.71902799606323","","","Beverages","$2.69","Chick-fil-A","Chicken. Sides. Desserts.","2222 Shearn St, Houston, TX 77007, USA","Houston","2022-11-07 21:11:16.0000000"
"MENU_000361","REST_00041","Dr Pepper®","Fountain beverage. Product of Keurig Dr Pepper, Inc.","4.71902799606323","","","Beverages","$2.69","Chick-fil-A","Chicken. Sides. Desserts.","2222 Shearn St, Houston, TX 77007, USA","Houston","2022-11-07 21:11:16.0000000"
"MENU_000362","REST_00041","Egg White Grill Meal","A breakfast portion of grilled chicken with a hint of citrus, served on a toasted multigrain English muffin with egg whites and American cheese.","4.71902799606323","","","Breakfast","$10.19","Chick-fil-A","Chicken. Sides. Desserts.","2222 Shearn St, Houston, TX 77007, USA","Houston","2022-11-07 21:11:16.0000000"
"MENU_000363","REST_00041","Freshly-Brewed Iced Tea Sweetened","Freshly-brewed each day from a blend of tea leaves. Available sweetened with real cane sugar.","4.71859407424927","","","Beverages","$2.69","Chick-fil-A","Chicken. Sides. Desserts.","2222 Shearn St, Houston, TX 77007, USA","Houston","2022-10-27 23:13:22.0000000"
"MENU_000364","REST_00041","Freshly-Brewed Iced Tea Unsweetened","Freshly-brewed each day from a blend of tea leaves unsweetened.","4.71902799606323","","","Beverages","$2.69","Chick-fil-A","Chicken. Sides. Desserts.","2222 Shearn St, Houston, TX 77007, USA","Houston","2022-11-07 21:11:16.0000000"
"MENU_000365","REST_00041","Grilled Chicken Club Meal","A lemon-herb marinated boneless breast of chicken, grilled for a tender and juicy backyard-smokey taste, served on a toasted Multigrain Brioche bun with American cheese, applewood smoked bacon, Green Leaf lettuce and tomato. Pairs well with Honey Roasted BBQ Sauce.","4.71902799606323","","","Meals","$14.99","Chick-fil-A","Chicken. Sides. Desserts.","2222 Shearn St, Houston, TX 77007, USA","Houston","2022-11-07 21:11:16.0000000"
"MENU_000366","REST_00041","Grilled Chicken Sandwich Meal","A lemon-herb marinated boneless breast of chicken, grilled for a tender and juicy backyard-smoky taste, served on a toasted multigrain bun with green leaf lettuce and tomato. Pairs well with Honey Roasted BBQ sauce.","4.71902799606323","","","Meals","$12.85","Chick-fil-A","Chicken. Sides. Desserts.","2222 Shearn St, Houston, TX 77007, USA","Houston","2022-11-07 21:11:16.0000000"
"MENU_000367","REST_00041","Grilled Nuggets Meal","Bite-sized pieces of freshly marinated boneless breast of chicken, grilled for a tender and juicy backyard-smoky taste. Available in 8-count or 12-count entrées with choice of dipping sauce.","4.71902799606323","","","Meals","$11.95","Chick-fil-A","Chicken. Sides. Desserts.","2222 Shearn St, Houston, TX 77007, USA","Houston","2022-11-07 21:11:16.0000000"
"MENU_000368","REST_00041","Grilled Spicy Deluxe Meal","A boneless breast of chicken marinated with a blend of peppers and grilled for a tender and spicy taste, served on a toasted multigrain brioche bun with Colby Jack cheese, green leaf lettuce and tomato. Served with Cilantro Lime Sauce. ","4.71902799606323","","","Meals","$13.25","Chick-fil-A","Chicken. Sides. Desserts.","2222 Shearn St, Houston, TX 77007, USA","Houston","2022-11-07 21:11:16.0000000"
"MENU_000369","REST_00041","Hash Brown Scramble Bowl Meal","A hearty morning meal of sliced Chick-fil-A Nuggets, crispy Hash Browns, scrambled eggs and a blend of MontereyJack and Cheddar cheeses. Made fresh each morning. Served in a convenient bowl. Served with Jalapeño Salsa.","4.71902799606323","","","Breakfast","$9.99","Chick-fil-A","Chicken. Sides. Desserts.","2222 Shearn St, Houston, TX 77007, USA","Houston","2022-11-07 21:11:16.0000000"
"MENU_000370","REST_00041","Hash Brown Scramble Burrito Meal","A hearty morning meal of sliced grilled chicken, crispy Hash Browns, scrambled eggs and a blend of Monterey Jack and Cheddar cheeses. Made fresh each morning. Rolled in a warm flour tortilla. Served with Jalapeño Salsa.","4.71902799606323","","","Breakfast","$9.99","Chick-fil-A","Chicken. Sides. Desserts.","2222 Shearn St, Houston, TX 77007, USA","Houston","2022-11-07 21:11:16.0000000"
"MENU_000371","REST_00041","Market Salad","Sliced grilled chicken breast served on a fresh bed of mixed greens, topped with crumbled blue cheese and a mix of red and green apples, strawberries and blueberries. Prepared fresh daily. Served with Harvest Nut Granola and Roasted Almonds. Pairs well with Zesty Apple Cider Vinaigrette.","4.71902799606323","","","Salads","$12.35","Chick-fil-A","Chicken. Sides. Desserts.","2222 Shearn St, Houston, TX 77007, USA","Houston","2022-11-07 21:11:16.0000000"
"MENU_000372","REST_00041","Sausage, Egg, & Cheese Biscuit Meal","A tasty pork sausage patty along with a folded egg and cheese served on a freshly baked buttermilk biscuit.","4.71902799606323","","","Breakfast","$8.89","Chick-fil-A","Chicken. Sides. Desserts.","2222 Shearn St, Houston, TX 77007, USA","Houston","2022-11-07 21:11:16.0000000"
"MENU_000373","REST_00041","Sausage, Egg, & Cheese Muffin Meal","Savory pork sausage, freshly prepared eggs and American cheese served on a toasted multigrain English muffin.","4.71902799606323","","","Breakfast","$9.05","Chick-fil-A","Chicken. Sides. Desserts.","2222 Shearn St, Houston, TX 77007, USA","Houston","2022-11-07 21:11:16.0000000"
"MENU_000374","REST_00041","Spicy Chicken Biscuit Meal","A breakfast portion of our boneless breast of chicken, seasoned with a spicy blend of peppers, freshly-breaded, pressure-cooked in 100% refined peanut oil and served on a buttermilk biscuit baked fresh at each Restaurant.","4.71902799606323","","","Breakfast","$8.89","Chick-fil-A","Chicken. Sides. Desserts.","2222 Shearn St, Houston, TX 77007, USA","Houston","2022-11-07 21:11:16.0000000"
"MENU_000375","REST_00041","Spicy Chicken Sandwich Deluxe Meal","A boneless breast of chicken seasoned with a spicy blend of peppers, freshly breaded, pressure cooked in 100% refined peanut oil and served on a toasted, buttered bun with dill pickle chips, Green Leaf lettuce, tomato and cheese. Also available on a multigrain bun.","4.71902799606323","","","Meals","$12.15","Chick-fil-A","Chicken. Sides. Desserts.","2222 Shearn St, Houston, TX 77007, USA","Houston","2022-11-07 21:11:16.0000000"
"MENU_000376","REST_00042","Cherry Limeade","","4.77380990982056","","","Beverages","$3.00","Chi'lantro","Eggs, Side Vegetables, Spicy Chicken, Guacamole, Korean BBQ, Barbecue","2616 Blodgett St, Houston, TX 77004, USA","Houston","2022-11-07 21:20:13.0000000"
"MENU_000377","REST_00043","Maker's Mark-a-Rita","Equal parts Maker's Mark Whiskey, Lunazul Blanco Tequila and Chili's fresh sour. Served in a rocks glass and garnished with an orange wedge and lime wedge.","4.36720514297485","","","To-Go Alcohol","$6.00","Chili's Grill & Bar","Chicken Tenders Burgers Ribs Fajitas & More","2425 Katy Fwy, Houston, TX 77007, USA","Houston","2022-11-07 21:13:05.0000000"
"MENU_000378","REST_00044","Blok Pops","West African gourmet street popcorn.","4.95945882797241","","","Small Chops","$11.00","CHÒPNBLỌK","Steak, Curry, Asian Fusion, Chicken, Fried Chicken","401 Franklin St, Houston, TX 77201, USA","Houston","2022-11-07 21:17:35.0000000"
"MENU_000379","REST_00044","Kelewele","Ghanaian spiced sweet plantains.","4.95945882797241","","","Small Chops","$6.00","CHÒPNBLỌK","Steak, Curry, Asian Fusion, Chicken, Fried Chicken","401 Franklin St, Houston, TX 77201, USA","Houston","2022-11-07 21:17:35.0000000"
"MENU_000380","REST_00045","Garden Savory Biscuit","","0","","","Fresh Bakes","$5.22","Christo Mio","Christo Mio","2523 Quenby St, Houston, TX 77005, USA","Houston","2022-10-30 15:10:04.0000000"
"MENU_000381","REST_00046","2% Milk (large)","","4.68128681182861","","","Beverage","$2.55","Christy's Donuts & Kolaches","Donuts, Breakfast & Brunch, Bakeries","Christy's Donuts Kolaches, 1103 W Gray St, Houston, TX 77019, USA","Houston","2022-10-30 15:02:59.0000000"
"MENU_000382","REST_00046","Apple Fritter (1/2doz)","","4.68128681182861","","","Donuts","$11.99","Christy's Donuts & Kolaches","Donuts, Breakfast & Brunch, Bakeries","Christy's Donuts Kolaches, 1103 W Gray St, Houston, TX 77019, USA","Houston","2022-10-30 15:02:59.0000000"
"MENU_000383","REST_00046","Apple Fritter (1doz)","","4.68128681182861","","","Donuts","$22.99","Christy's Donuts & Kolaches","Donuts, Breakfast & Brunch, Bakeries","Christy's Donuts Kolaches, 1103 W Gray St, Houston, TX 77019, USA","Houston","2022-10-30 15:02:59.0000000"
"MENU_000384","REST_00046","Apple Fritter Donut","","4.68128681182861","","","Donuts","$2.19","Christy's Donuts & Kolaches","Donuts, Breakfast & Brunch, Bakeries","Christy's Donuts Kolaches, 1103 W Gray St, Houston, TX 77019, USA","Houston","2022-10-30 15:02:59.0000000"
"MENU_000385","REST_00046","Assorted Donuts (1/2 Doz)","","4.68128681182861","","","Donuts","$7.79","Christy's Donuts & Kolaches","Donuts, Breakfast & Brunch, Bakeries","Christy's Donuts Kolaches, 1103 W Gray St, Houston, TX 77019, USA","Houston","2022-10-30 15:02:59.0000000"
"MENU_000386","REST_00046","Bacon & Cheese Croissant (Each)","","4.68128681182861","","","Croissants","$3.99","Christy's Donuts & Kolaches","Donuts, Breakfast & Brunch, Bakeries","Christy's Donuts Kolaches, 1103 W Gray St, Houston, TX 77019, USA","Houston","2022-10-30 15:02:59.0000000"
"MENU_000387","REST_00046","Bacon & Cheese Kolaches","","4.68128681182861","","","Kolaches","$2.19","Christy's Donuts & Kolaches","Donuts, Breakfast & Brunch, Bakeries","Christy's Donuts Kolaches, 1103 W Gray St, Houston, TX 77019, USA","Houston","2022-10-30 15:02:59.0000000"
"MENU_000388","REST_00046","Bacon and Ch. Kol (1/2doz)","","4.68128681182861","","","Kolaches","$12.50","Christy's Donuts & Kolaches","Donuts, Breakfast & Brunch, Bakeries","Christy's Donuts Kolaches, 1103 W Gray St, Houston, TX 77019, USA","Houston","2022-10-30 15:02:59.0000000"
"MENU_000389","REST_00046","Bacon and Ch. Kol (1doz)","","4.68128681182861","","","Kolaches","$23.99","Christy's Donuts & Kolaches","Donuts, Breakfast & Brunch, Bakeries","Christy's Donuts Kolaches, 1103 W Gray St, Houston, TX 77019, USA","Houston","2022-10-30 15:02:59.0000000"
"MENU_000390","REST_00046","Bacon, Egg and Ch. Kol. (1/2doz))","","4.68128681182861","","","Kolaches","$17.90","Christy's Donuts & Kolaches","Donuts, Breakfast & Brunch, Bakeries","Christy's Donuts Kolaches, 1103 W Gray St, Houston, TX 77019, USA","Houston","2022-10-30 15:02:59.0000000"
"MENU_000391","REST_00046","Bacon, Egg and Ch. Kol. (1doz)","","4.68128681182861","","","Kolaches","$34.99","Christy's Donuts & Kolaches","Donuts, Breakfast & Brunch, Bakeries","Christy's Donuts Kolaches, 1103 W Gray St, Houston, TX 77019, USA","Houston","2022-10-30 15:02:59.0000000"
"MENU_000392","REST_00046","Bar filled (1/2doz)","Choc. or Maple topping","4.68128681182861","","","Donuts","$11.99","Christy's Donuts & Kolaches","Donuts, Breakfast & Brunch, Bakeries","Christy's Donuts Kolaches, 1103 W Gray St, Houston, TX 77019, USA","Houston","2022-10-30 15:02:59.0000000"
"MENU_000393","REST_00046","Bar filled (1doz)","Choc. or Maple topping","4.68128681182861","","","Donuts","$22.99","Christy's Donuts & Kolaches","Donuts, Breakfast & Brunch, Bakeries","Christy's Donuts Kolaches, 1103 W Gray St, Houston, TX 77019, USA","Houston","2022-10-30 15:02:59.0000000"
"MENU_000394","REST_00046","Bar Filled Donut","","4.68128681182861","","","Donuts","$2.19","Christy's Donuts & Kolaches","Donuts, Breakfast & Brunch, Bakeries","Christy's Donuts Kolaches, 1103 W Gray St, Houston, TX 77019, USA","Houston","2022-10-30 15:02:59.0000000"
"MENU_000395","REST_00046","Bear Claw (1 doz)","Apple inside","4.68128681182861","","","Donuts","$22.99","Christy's Donuts & Kolaches","Donuts, Breakfast & Brunch, Bakeries","Christy's Donuts Kolaches, 1103 W Gray St, Houston, TX 77019, USA","Houston","2022-10-30 15:02:59.0000000"
"MENU_000396","REST_00046","Bear Claw (1/2doz)","Apple inside","4.68128681182861","","","Donuts","$11.99","Christy's Donuts & Kolaches","Donuts, Breakfast & Brunch, Bakeries","Christy's Donuts Kolaches, 1103 W Gray St, Houston, TX 77019, USA","Houston","2022-10-30 15:02:59.0000000"
"MENU_000397","REST_00046","Bear Claw Donut","","4.68128681182861","","","Donuts","$2.19","Christy's Donuts & Kolaches","Donuts, Breakfast & Brunch, Bakeries","Christy's Donuts Kolaches, 1103 W Gray St, Houston, TX 77019, USA","Houston","2022-10-30 15:02:59.0000000"
"MENU_000398","REST_00046","Blue Berry cake (1/2doz)","","4.68128681182861","","","Donuts","$8.59","Christy's Donuts & Kolaches","Donuts, Breakfast & Brunch, Bakeries","Christy's Donuts Kolaches, 1103 W Gray St, Houston, TX 77019, USA","Houston","2022-10-30 15:02:59.0000000"
"MENU_000399","REST_00046","Blue Berry cake (1doz)","","4.68128681182861","","","Donuts","$15.99","Christy's Donuts & Kolaches","Donuts, Breakfast & Brunch, Bakeries","Christy's Donuts Kolaches, 1103 W Gray St, Houston, TX 77019, USA","Houston","2022-10-30 15:02:59.0000000"
"MENU_000400","REST_00046","Blue Berry Cake Donut","","4.68128681182861","","","Donuts","$1.50","Christy's Donuts & Kolaches","Donuts, Breakfast & Brunch, Bakeries","Christy's Donuts Kolaches, 1103 W Gray St, Houston, TX 77019, USA","Houston","2022-10-30 15:02:59.0000000"
"MENU_000401","REST_00046","Blueberry Cake Donut","","4.68128681182861","","","Donuts","$1.50","Christy's Donuts & Kolaches","Donuts, Breakfast & Brunch, Bakeries","Christy's Donuts Kolaches, 1103 W Gray St, Houston, TX 77019, USA","Houston","2022-10-30 15:02:59.0000000"
"MENU_000402","REST_00046","Boudin Kolaches (1/2 Doz)","","4.68128681182861","","","Kolaches","$22.99","Christy's Donuts & Kolaches","Donuts, Breakfast & Brunch, Bakeries","Christy's Donuts Kolaches, 1103 W Gray St, Houston, TX 77019, USA","Houston","2022-10-30 15:02:59.0000000"
"MENU_000403","REST_00046","Boudins Kolaches (1 Doz)","","4.68128681182861","","","Kolaches","$44.99","Christy's Donuts & Kolaches","Donuts, Breakfast & Brunch, Bakeries","Christy's Donuts Kolaches, 1103 W Gray St, Houston, TX 77019, USA","Houston","2022-10-30 15:02:59.0000000"
"MENU_000404","REST_00046","Cake Donut","","4.68128681182861","","","Donuts","$1.50","Christy's Donuts & Kolaches","Donuts, Breakfast & Brunch, Bakeries","Christy's Donuts Kolaches, 1103 W Gray St, Houston, TX 77019, USA","Houston","2022-10-30 15:02:59.0000000"
"MENU_000405","REST_00046","Chappel Hill Jumbo Sau. Kol.","","4.68128681182861","","","Kolaches","$3.89","Christy's Donuts & Kolaches","Donuts, Breakfast & Brunch, Bakeries","Christy's Donuts Kolaches, 1103 W Gray St, Houston, TX 77019, USA","Houston","2022-10-30 15:02:59.0000000"
"MENU_000406","REST_00046","Chappel Hill Jumbo Sau. Kol. (1/2doz)","Regular or Spicy","4.68128681182861","","","Kolaches","$22.99","Christy's Donuts & Kolaches","Donuts, Breakfast & Brunch, Bakeries","Christy's Donuts Kolaches, 1103 W Gray St, Houston, TX 77019, USA","Houston","2022-10-30 15:02:59.0000000"
"MENU_000407","REST_00046","Chappel Hill Jumbo Sau. Kol. (1doz)","","4.68128681182861","","","Kolaches","$44.99","Christy's Donuts & Kolaches","Donuts, Breakfast & Brunch, Bakeries","Christy's Donuts Kolaches, 1103 W Gray St, Houston, TX 77019, USA","Houston","2022-10-30 15:02:59.0000000"
"MENU_000408","REST_00046","Chocolate Icing","","4.68128681182861","","","Donuts","$1.40","Christy's Donuts & Kolaches","Donuts, Breakfast & Brunch, Bakeries","Christy's Donuts Kolaches, 1103 W Gray St, Houston, TX 77019, USA","Houston","2022-10-30 15:02:59.0000000"
"MENU_000409","REST_00046","Chocolate milk (large)","","4.68128681182861","","","Beverage","$2.55","Christy's Donuts & Kolaches","Donuts, Breakfast & Brunch, Bakeries","Christy's Donuts Kolaches, 1103 W Gray St, Houston, TX 77019, USA","Houston","2022-10-30 15:02:59.0000000"
"MENU_000410","REST_00046","Cinnamon Crumb Donut","","4.68128681182861","","","Donuts","$1.40","Christy's Donuts & Kolaches","Donuts, Breakfast & Brunch, Bakeries","Christy's Donuts Kolaches, 1103 W Gray St, Houston, TX 77019, USA","Houston","2022-10-30 15:02:59.0000000"
"MENU_000411","REST_00046","Cinnamon Roll Donuts","","4.68128681182861","","","Donuts","$2.19","Christy's Donuts & Kolaches","Donuts, Breakfast & Brunch, Bakeries","Christy's Donuts Kolaches, 1103 W Gray St, Houston, TX 77019, USA","Houston","2022-10-30 15:02:59.0000000"
"MENU_000412","REST_00046","Cinnamon Roll or Twist (1/2 doz)","","4.68128681182861","","","Donuts","$11.99","Christy's Donuts & Kolaches","Donuts, Breakfast & Brunch, Bakeries","Christy's Donuts Kolaches, 1103 W Gray St, Houston, TX 77019, USA","Houston","2022-10-30 15:02:59.0000000"
"MENU_000413","REST_00046","Cinnamon Roll or Twist (1doz)","","4.68128681182861","","","Donuts","$22.99","Christy's Donuts & Kolaches","Donuts, Breakfast & Brunch, Bakeries","Christy's Donuts Kolaches, 1103 W Gray St, Houston, TX 77019, USA","Houston","2022-10-30 15:02:59.0000000"
"MENU_000414","REST_00046","Cinnamon Twist Donut","","4.68128681182861","","","Donuts","$2.19","Christy's Donuts & Kolaches","Donuts, Breakfast & Brunch, Bakeries","Christy's Donuts Kolaches, 1103 W Gray St, Houston, TX 77019, USA","Houston","2022-10-30 15:02:59.0000000"
"MENU_000415","REST_00046","Devil's Food cake (1/2doz)","","4.68128681182861","","","Donuts","$8.59","Christy's Donuts & Kolaches","Donuts, Breakfast & Brunch, Bakeries","Christy's Donuts Kolaches, 1103 W Gray St, Houston, TX 77019, USA","Houston","2022-10-30 15:02:59.0000000"
"MENU_000416","REST_00046","Devil's Food cake (1doz)","","4.68128681182861","","","Donuts","$15.99","Christy's Donuts & Kolaches","Donuts, Breakfast & Brunch, Bakeries","Christy's Donuts Kolaches, 1103 W Gray St, Houston, TX 77019, USA","Houston","2022-10-30 15:02:59.0000000"
"MENU_000417","REST_00046","Devil's Food Cake Donut","","4.68128681182861","","","Donuts","$1.50","Christy's Donuts & Kolaches","Donuts, Breakfast & Brunch, Bakeries","Christy's Donuts Kolaches, 1103 W Gray St, Houston, TX 77019, USA","Houston","2022-10-30 15:02:59.0000000"
"MENU_000418","REST_00046","Donut Holes (1/2doz)","","4.68128681182861","","","Donuts","$0.99","Christy's Donuts & Kolaches","Donuts, Breakfast & Brunch, Bakeries","Christy's Donuts Kolaches, 1103 W Gray St, Houston, TX 77019, USA","Houston","2022-10-30 15:02:59.0000000"
"MENU_000419","REST_00046","Donut Holes (1doz)","","4.68128681182861","","","Donuts","$1.99","Christy's Donuts & Kolaches","Donuts, Breakfast & Brunch, Bakeries","Christy's Donuts Kolaches, 1103 W Gray St, Houston, TX 77019, USA","Houston","2022-10-30 15:02:59.0000000"
"MENU_000420","REST_00046","Donuts (assorted) (1doz)","","4.68128681182861","","","Donuts","$14.99","Christy's Donuts & Kolaches","Donuts, Breakfast & Brunch, Bakeries","Christy's Donuts Kolaches, 1103 W Gray St, Houston, TX 77019, USA","Houston","2022-10-30 15:02:59.0000000"
"MENU_000421","REST_00046","Egg & Cheese Croissant (Each)","","4.68128681182861","","","Croissants","$3.99","Christy's Donuts & Kolaches","Donuts, Breakfast & Brunch, Bakeries","Christy's Donuts Kolaches, 1103 W Gray St, Houston, TX 77019, USA","Houston","2022-10-30 15:02:59.0000000"
"MENU_000422","REST_00046","Egg & Cheese Kolaches","","4.68128681182861","","","Kolaches","$2.19","Christy's Donuts & Kolaches","Donuts, Breakfast & Brunch, Bakeries","Christy's Donuts Kolaches, 1103 W Gray St, Houston, TX 77019, USA","Houston","2022-10-30 15:02:59.0000000"
"MENU_000423","REST_00046","Egg and Ch Kol (1/2doz)","","4.68128681182861","","","Kolaches","$12.50","Christy's Donuts & Kolaches","Donuts, Breakfast & Brunch, Bakeries","Christy's Donuts Kolaches, 1103 W Gray St, Houston, TX 77019, USA","Houston","2022-10-30 15:02:59.0000000"
"MENU_000424","REST_00046","Egg and Ch. Kol (1doz)","","4.68128681182861","","","Kolaches","$23.99","Christy's Donuts & Kolaches","Donuts, Breakfast & Brunch, Bakeries","Christy's Donuts Kolaches, 1103 W Gray St, Houston, TX 77019, USA","Houston","2022-10-30 15:02:59.0000000"
"MENU_000425","REST_00046","Filled Donuts","bavarian creme, choc., straw, apple, and lemon filled","4.68128681182861","","","Donuts","$1.75","Christy's Donuts & Kolaches","Donuts, Breakfast & Brunch, Bakeries","Christy's Donuts Kolaches, 1103 W Gray St, Houston, TX 77019, USA","Houston","2022-10-30 15:02:59.0000000"
"MENU_000426","REST_00046","Filled Donuts (1/2doz)","Bavarian cream, Strawberry, Choc., Lemon, and Apple filled","4.68128681182861","","","Donuts","$9.99","Christy's Donuts & Kolaches","Donuts, Breakfast & Brunch, Bakeries","Christy's Donuts Kolaches, 1103 W Gray St, Houston, TX 77019, USA","Houston","2022-10-30 15:02:59.0000000"
"MENU_000427","REST_00046","Filled Donuts (1doz)","Bava Cream, Straw., Lemon, Apple & Choc. filled","4.68128681182861","","","Donuts","$19.99","Christy's Donuts & Kolaches","Donuts, Breakfast & Brunch, Bakeries","Christy's Donuts Kolaches, 1103 W Gray St, Houston, TX 77019, USA","Houston","2022-10-30 15:02:59.0000000"
"MENU_000428","REST_00046","Gatorade (Large)","","4.68128681182861","","","Beverage","$2.35","Christy's Donuts & Kolaches","Donuts, Breakfast & Brunch, Bakeries","Christy's Donuts Kolaches, 1103 W Gray St, Houston, TX 77019, USA","Houston","2022-10-30 15:02:59.0000000"
"MENU_000429","REST_00046","Glaze Donut","","4.68128681182861","","","Donuts","$1.20","Christy's Donuts & Kolaches","Donuts, Breakfast & Brunch, Bakeries","Christy's Donuts Kolaches, 1103 W Gray St, Houston, TX 77019, USA","Houston","2022-10-30 15:02:59.0000000"
"MENU_000430","REST_00046","Glaze Donuts  (1 doz)","","4.68128681182861","","","Donuts","$12.99","Christy's Donuts & Kolaches","Donuts, Breakfast & Brunch, Bakeries","Christy's Donuts Kolaches, 1103 W Gray St, Houston, TX 77019, USA","Houston","2022-10-30 15:02:59.0000000"
"MENU_000431","REST_00046","Glaze Donuts (1/2Doz)","","4.68128681182861","","","Donuts","$6.39","Christy's Donuts & Kolaches","Donuts, Breakfast & Brunch, Bakeries","Christy's Donuts Kolaches, 1103 W Gray St, Houston, TX 77019, USA","Houston","2022-10-30 15:02:59.0000000"
"MENU_000432","REST_00046","Ham & ch Kolaches (1 Doz)","Kolaches","4.68128681182861","","","Kolaches","$23.99","Christy's Donuts & Kolaches","Donuts, Breakfast & Brunch, Bakeries","Christy's Donuts Kolaches, 1103 W Gray St, Houston, TX 77019, USA","Houston","2022-10-30 15:02:59.0000000"
"MENU_000433","REST_00046","Ham & ch kolaches (1/2 Doz)","Kolaches","4.68128681182861","","","Kolaches","$12.50","Christy's Donuts & Kolaches","Donuts, Breakfast & Brunch, Bakeries","Christy's Donuts Kolaches, 1103 W Gray St, Houston, TX 77019, USA","Houston","2022-10-30 15:02:59.0000000"
"MENU_000434","REST_00046","Ham & Cheese Croissant (Each)","","4.68128681182861","","","Croissants","$3.99","Christy's Donuts & Kolaches","Donuts, Breakfast & Brunch, Bakeries","Christy's Donuts Kolaches, 1103 W Gray St, Houston, TX 77019, USA","Houston","2022-10-30 15:02:59.0000000"
"MENU_000435","REST_00046","Ham & Cheese Kolaches","","4.68128681182861","","","Kolaches","$2.19","Christy's Donuts & Kolaches","Donuts, Breakfast & Brunch, Bakeries","Christy's Donuts Kolaches, 1103 W Gray St, Houston, TX 77019, USA","Houston","2022-10-30 15:02:59.0000000"
"MENU_000436","REST_00046","Ham, Egg and Ch. Kol. (1/2doz)","","4.68128681182861","","","Kolaches","$17.90","Christy's Donuts & Kolaches","Donuts, Breakfast & Brunch, Bakeries","Christy's Donuts Kolaches, 1103 W Gray St, Houston, TX 77019, USA","Houston","2022-10-30 15:02:59.0000000"
"MENU_000437","REST_00046","Ham, Egg and Ch. Kol. (1doz)","","4.68128681182861","","","Kolaches","$34.99","Christy's Donuts & Kolaches","Donuts, Breakfast & Brunch, Bakeries","Christy's Donuts Kolaches, 1103 W Gray St, Houston, TX 77019, USA","Houston","2022-10-30 15:02:59.0000000"
"MENU_000438","REST_00046","Jal. Sau. & Ch. Kol (1/2 Doz)","","4.68128681182861","","","Kolaches","$10.99","Christy's Donuts & Kolaches","Donuts, Breakfast & Brunch, Bakeries","Christy's Donuts Kolaches, 1103 W Gray St, Houston, TX 77019, USA","Houston","2022-10-30 15:02:59.0000000"
"MENU_000439","REST_00046","Jal. Sau. & Ch. Kol. (1 Doz)","Jalapeno sausage and cheese kolaches","4.68128681182861","","","Kolaches","$19.99","Christy's Donuts & Kolaches","Donuts, Breakfast & Brunch, Bakeries","Christy's Donuts Kolaches, 1103 W Gray St, Houston, TX 77019, USA","Houston","2022-10-30 15:02:59.0000000"
"MENU_000440","REST_00046","Jalapeno Sausage & Cheese Kolaches","","4.68128681182861","","","Kolaches","$1.85","Christy's Donuts & Kolaches","Donuts, Breakfast & Brunch, Bakeries","Christy's Donuts Kolaches, 1103 W Gray St, Houston, TX 77019, USA","Houston","2022-10-30 15:02:59.0000000"
"MENU_000441","REST_00046","Jumbo Sau. and Ch. Kol. (1/2doz)","","4.68128681182861","","","Kolaches","$20.99","Christy's Donuts & Kolaches","Donuts, Breakfast & Brunch, Bakeries","Christy's Donuts Kolaches, 1103 W Gray St, Houston, TX 77019, USA","Houston","2022-10-30 15:02:59.0000000"
"MENU_000442","REST_00046","Jumbo Sau. and Ch. Kol. (1doz)","","4.68128681182861","","","Kolaches","$39.99","Christy's Donuts & Kolaches","Donuts, Breakfast & Brunch, Bakeries","Christy's Donuts Kolaches, 1103 W Gray St, Houston, TX 77019, USA","Houston","2022-10-30 15:02:59.0000000"
"MENU_000443","REST_00046","Jumbo Sausage & Cheese Kolaches","","4.68128681182861","","","Kolaches","$3.59","Christy's Donuts & Kolaches","Donuts, Breakfast & Brunch, Bakeries","Christy's Donuts Kolaches, 1103 W Gray St, Houston, TX 77019, USA","Houston","2022-10-30 15:02:59.0000000"
"MENU_000444","REST_00046","Maple Icing","","4.68128681182861","","","Donuts","$1.40","Christy's Donuts & Kolaches","Donuts, Breakfast & Brunch, Bakeries","Christy's Donuts Kolaches, 1103 W Gray St, Houston, TX 77019, USA","Houston","2022-10-30 15:02:59.0000000"
"MENU_000445","REST_00046","Milk (Large)","","4.68128681182861","","","Beverage","$2.55","Christy's Donuts & Kolaches","Donuts, Breakfast & Brunch, Bakeries","Christy's Donuts Kolaches, 1103 W Gray St, Houston, TX 77019, USA","Houston","2022-10-30 15:02:59.0000000"
"MENU_000446","REST_00046","Monster","","4.68128681182861","","","Beverage","$3.99","Christy's Donuts & Kolaches","Donuts, Breakfast & Brunch, Bakeries","Christy's Donuts Kolaches, 1103 W Gray St, Houston, TX 77019, USA","Houston","2022-10-30 15:02:59.0000000"
"MENU_000447","REST_00046","Old Fashion Cake Donut","","4.68128681182861","","","Donuts","$1.50","Christy's Donuts & Kolaches","Donuts, Breakfast & Brunch, Bakeries","Christy's Donuts Kolaches, 1103 W Gray St, Houston, TX 77019, USA","Houston","2022-10-30 15:02:59.0000000"
"MENU_000448","REST_00046","Old Fashioned cake (1/2doz)","Glazed and Choc.","4.68128681182861","","","Donuts","$8.59","Christy's Donuts & Kolaches","Donuts, Breakfast & Brunch, Bakeries","Christy's Donuts Kolaches, 1103 W Gray St, Houston, TX 77019, USA","Houston","2022-10-30 15:02:59.0000000"
"MENU_000449","REST_00046","Old Fashioned cake (1doz)","Glazed and Choc.","4.68128681182861","","","Donuts","$15.99","Christy's Donuts & Kolaches","Donuts, Breakfast & Brunch, Bakeries","Christy's Donuts Kolaches, 1103 W Gray St, Houston, TX 77019, USA","Houston","2022-10-30 15:02:59.0000000"
"MENU_000450","REST_00046","Orange Juice (Large)","","4.68128681182861","","","Beverage","$2.45","Christy's Donuts & Kolaches","Donuts, Breakfast & Brunch, Bakeries","Christy's Donuts Kolaches, 1103 W Gray St, Houston, TX 77019, USA","Houston","2022-10-30 15:02:59.0000000"
"MENU_000451","REST_00046","Plain cake (1/2doz)","","4.68128681182861","","","Donuts","$8.59","Christy's Donuts & Kolaches","Donuts, Breakfast & Brunch, Bakeries","Christy's Donuts Kolaches, 1103 W Gray St, Houston, TX 77019, USA","Houston","2022-10-30 15:02:59.0000000"
"MENU_000452","REST_00046","Plain cake (1doz)","","4.68128681182861","","","Donuts","$15.99","Christy's Donuts & Kolaches","Donuts, Breakfast & Brunch, Bakeries","Christy's Donuts Kolaches, 1103 W Gray St, Houston, TX 77019, USA","Houston","2022-10-30 15:02:59.0000000"
"MENU_000453","REST_00046","Plain Croissant (Each)","","4.68128681182861","","","Croissants","$1.85","Christy's Donuts & Kolaches","Donuts, Breakfast & Brunch, Bakeries","Christy's Donuts Kolaches, 1103 W Gray St, Houston, TX 77019, USA","Houston","2022-10-30 15:02:59.0000000"
"MENU_000454","REST_00046","Plain Sau. Kol. (1/2doz)","No Cheese","4.68128681182861","","","Kolaches","$10.99","Christy's Donuts & Kolaches","Donuts, Breakfast & Brunch, Bakeries","Christy's Donuts Kolaches, 1103 W Gray St, Houston, TX 77019, USA","Houston","2022-10-30 15:02:59.0000000"
"MENU_000455","REST_00046","Plain Sau. Kol. (1doz)","No Cheese","4.68128681182861","","","Kolaches","$19.99","Christy's Donuts & Kolaches","Donuts, Breakfast & Brunch, Bakeries","Christy's Donuts Kolaches, 1103 W Gray St, Houston, TX 77019, USA","Houston","2022-10-30 15:02:59.0000000"
"MENU_000456","REST_00046","Plain Sausage (Link) Kolaches","","4.68128681182861","","","Kolaches","$1.85","Christy's Donuts & Kolaches","Donuts, Breakfast & Brunch, Bakeries","Christy's Donuts Kolaches, 1103 W Gray St, Houston, TX 77019, USA","Houston","2022-10-30 15:02:59.0000000"
"MENU_000457","REST_00046","Rainbow sprinkle donut","","4.68128681182861","","","Donuts","$1.50","Christy's Donuts & Kolaches","Donuts, Breakfast & Brunch, Bakeries","Christy's Donuts Kolaches, 1103 W Gray St, Houston, TX 77019, USA","Houston","2022-10-30 15:02:59.0000000"
"MENU_000458","REST_00046","Red Bull","","4.68128681182861","","","Beverage","$3.99","Christy's Donuts & Kolaches","Donuts, Breakfast & Brunch, Bakeries","Christy's Donuts Kolaches, 1103 W Gray St, Houston, TX 77019, USA","Houston","2022-10-30 15:02:59.0000000"
"MENU_000459","REST_00046","Regular Twist (1/2 doz)","Glaze or Choc. topping","4.68128681182861","","","Donuts","$9.99","Christy's Donuts & Kolaches","Donuts, Breakfast & Brunch, Bakeries","Christy's Donuts Kolaches, 1103 W Gray St, Houston, TX 77019, USA","Houston","2022-10-30 15:02:59.0000000"
"MENU_000460","REST_00046","Regular Twist (1doz)","Glaze or Choc. topping","4.68128681182861","","","Donuts","$19.99","Christy's Donuts & Kolaches","Donuts, Breakfast & Brunch, Bakeries","Christy's Donuts Kolaches, 1103 W Gray St, Houston, TX 77019, USA","Houston","2022-10-30 15:02:59.0000000"
"MENU_000461","REST_00046","Regular Twist Donut","","4.68128681182861","","","Donuts","$1.75","Christy's Donuts & Kolaches","Donuts, Breakfast & Brunch, Bakeries","Christy's Donuts Kolaches, 1103 W Gray St, Houston, TX 77019, USA","Houston","2022-10-30 15:02:59.0000000"
"MENU_000462","REST_00046","Sau. &  Ch. Kol (1doz)","Sausage and cheese kolaches","4.68128681182861","","","Kolaches","$19.99","Christy's Donuts & Kolaches","Donuts, Breakfast & Brunch, Bakeries","Christy's Donuts Kolaches, 1103 W Gray St, Houston, TX 77019, USA","Houston","2022-10-30 15:02:59.0000000"
"MENU_000463","REST_00046","Sau. & Ch. Kol (1/2doz)","","4.68128681182861","","","Kolaches","$10.99","Christy's Donuts & Kolaches","Donuts, Breakfast & Brunch, Bakeries","Christy's Donuts Kolaches, 1103 W Gray St, Houston, TX 77019, USA","Houston","2022-10-30 15:02:59.0000000"
"MENU_000464","REST_00046","Sau. (Link) and Ch. Croiss. (1/2doz)","","4.68128681182861","","","Croissants","$10.99","Christy's Donuts & Kolaches","Donuts, Breakfast & Brunch, Bakeries","Christy's Donuts Kolaches, 1103 W Gray St, Houston, TX 77019, USA","Houston","2022-10-30 15:02:59.0000000"
"MENU_000465","REST_00046","Sau. (Link) and Ch. Croiss.(1doz)","","4.68128681182861","","","Croissants","$19.99","Christy's Donuts & Kolaches","Donuts, Breakfast & Brunch, Bakeries","Christy's Donuts Kolaches, 1103 W Gray St, Houston, TX 77019, USA","Houston","2022-10-30 15:02:59.0000000"
"MENU_000466","REST_00046","Sau. Pattie and Ch Kol. (1/2)","","4.68128681182861","","","Kolaches","$12.50","Christy's Donuts & Kolaches","Donuts, Breakfast & Brunch, Bakeries","Christy's Donuts Kolaches, 1103 W Gray St, Houston, TX 77019, USA","Houston","2022-10-30 15:02:59.0000000"
"MENU_000467","REST_00046","Sau. Pattie and Ch. Kol. (1doz)","","4.68128681182861","","","Kolaches","$23.99","Christy's Donuts & Kolaches","Donuts, Breakfast & Brunch, Bakeries","Christy's Donuts Kolaches, 1103 W Gray St, Houston, TX 77019, USA","Houston","2022-10-30 15:02:59.0000000"
"MENU_000468","REST_00046","Sau., egg & ch Kol (1/2 doz)","","4.68128681182861","","","Kolaches","$17.79","Christy's Donuts & Kolaches","Donuts, Breakfast & Brunch, Bakeries","Christy's Donuts Kolaches, 1103 W Gray St, Houston, TX 77019, USA","Houston","2022-10-30 15:02:59.0000000"
"MENU_000469","REST_00046","Sau., egg & ch kol (1doz)","","4.68128681182861","","","Kolaches","$34.99","Christy's Donuts & Kolaches","Donuts, Breakfast & Brunch, Bakeries","Christy's Donuts Kolaches, 1103 W Gray St, Houston, TX 77019, USA","Houston","2022-10-30 15:02:59.0000000"
"MENU_000470","REST_00046","Sausage (Link) & Cheese Croissant","","4.68128681182861","","","Croissants","$1.85","Christy's Donuts & Kolaches","Donuts, Breakfast & Brunch, Bakeries","Christy's Donuts Kolaches, 1103 W Gray St, Houston, TX 77019, USA","Houston","2022-10-30 15:02:59.0000000"
"MENU_000471","REST_00046","Sausage (Link) & Cheese Kolaches","","4.68128681182861","","","Kolaches","$1.85","Christy's Donuts & Kolaches","Donuts, Breakfast & Brunch, Bakeries","Christy's Donuts Kolaches, 1103 W Gray St, Houston, TX 77019, USA","Houston","2022-10-30 15:02:59.0000000"
"MENU_000472","REST_00046","Sausage Patty & Cheese Croissant (Each)","","4.68128681182861","","","Croissants","$3.99","Christy's Donuts & Kolaches","Donuts, Breakfast & Brunch, Bakeries","Christy's Donuts Kolaches, 1103 W Gray St, Houston, TX 77019, USA","Houston","2022-10-30 15:02:59.0000000"
"MENU_000473","REST_00046","Sausage Patty & Cheese Kolaches","","4.68128681182861","","","Kolaches","$2.19","Christy's Donuts & Kolaches","Donuts, Breakfast & Brunch, Bakeries","Christy's Donuts Kolaches, 1103 W Gray St, Houston, TX 77019, USA","Houston","2022-10-30 15:02:59.0000000"
"MENU_000474","REST_00046","Smoked Sau. and Ch. Kol. (1/2doz)","","4.68128681182861","","","Kolaches","$10.99","Christy's Donuts & Kolaches","Donuts, Breakfast & Brunch, Bakeries","Christy's Donuts Kolaches, 1103 W Gray St, Houston, TX 77019, USA","Houston","2022-10-30 15:02:59.0000000"
"MENU_000475","REST_00046","Smoked Sau.& ch. kol. (1doz)","","4.68128681182861","","","Kolaches","$19.99","Christy's Donuts & Kolaches","Donuts, Breakfast & Brunch, Bakeries","Christy's Donuts Kolaches, 1103 W Gray St, Houston, TX 77019, USA","Houston","2022-10-30 15:02:59.0000000"
"MENU_000476","REST_00046","Smoked Sausage & Cheese Kolaches","","4.68128681182861","","","Kolaches","$1.85","Christy's Donuts & Kolaches","Donuts, Breakfast & Brunch, Bakeries","Christy's Donuts Kolaches, 1103 W Gray St, Houston, TX 77019, USA","Houston","2022-10-30 15:02:59.0000000"
"MENU_000477","REST_00046","Starbucks Frappucino","","4.68128681182861","","","Beverage","$3.99","Christy's Donuts & Kolaches","Donuts, Breakfast & Brunch, Bakeries","Christy's Donuts Kolaches, 1103 W Gray St, Houston, TX 77019, USA","Houston","2022-10-30 15:02:59.0000000"
"MENU_000478","REST_00046","Strawberry Icing","","4.68128681182861","","","Donuts","$1.40","Christy's Donuts & Kolaches","Donuts, Breakfast & Brunch, Bakeries","Christy's Donuts Kolaches, 1103 W Gray St, Houston, TX 77019, USA","Houston","2022-10-30 15:02:59.0000000"
"MENU_000479","REST_00046","Strawberry Milk (large)","","4.68128681182861","","","Beverage","$2.55","Christy's Donuts & Kolaches","Donuts, Breakfast & Brunch, Bakeries","Christy's Donuts Kolaches, 1103 W Gray St, Houston, TX 77019, USA","Houston","2022-10-30 15:02:59.0000000"
"MENU_000480","REST_00046","Sugar Donut","","4.68128681182861","","","Donuts","$1.40","Christy's Donuts & Kolaches","Donuts, Breakfast & Brunch, Bakeries","Christy's Donuts Kolaches, 1103 W Gray St, Houston, TX 77019, USA","Houston","2022-10-30 15:02:59.0000000"
"MENU_000481","REST_00046","Turkey & Cheese Croissant (Each)","","4.68128681182861","","","Croissants","$3.99","Christy's Donuts & Kolaches","Donuts, Breakfast & Brunch, Bakeries","Christy's Donuts Kolaches, 1103 W Gray St, Houston, TX 77019, USA","Houston","2022-10-30 15:02:59.0000000"
"MENU_000482","REST_00046","Turkey & Cheese Kolaches","","4.68128681182861","","","Kolaches","$2.19","Christy's Donuts & Kolaches","Donuts, Breakfast & Brunch, Bakeries","Christy's Donuts Kolaches, 1103 W Gray St, Houston, TX 77019, USA","Houston","2022-10-30 15:02:59.0000000"
"MENU_000483","REST_00046","Turkey and Ch. Kol. (1/2doz)","","4.68128681182861","","","Kolaches","$12.50","Christy's Donuts & Kolaches","Donuts, Breakfast & Brunch, Bakeries","Christy's Donuts Kolaches, 1103 W Gray St, Houston, TX 77019, USA","Houston","2022-10-30 15:02:59.0000000"
"MENU_000484","REST_00046","Turkey and Ch. Kol. (1doz)","","4.68128681182861","","","Kolaches","$23.99","Christy's Donuts & Kolaches","Donuts, Breakfast & Brunch, Bakeries","Christy's Donuts Kolaches, 1103 W Gray St, Houston, TX 77019, USA","Houston","2022-10-30 15:02:59.0000000"
"MENU_000485","REST_00046","Turkey, Egg and Ch. Kol. (1/2doz)","","4.68128681182861","","","Kolaches","$17.90","Christy's Donuts & Kolaches","Donuts, Breakfast & Brunch, Bakeries","Christy's Donuts Kolaches, 1103 W Gray St, Houston, TX 77019, USA","Houston","2022-10-30 15:02:59.0000000"
"MENU_000486","REST_00046","Turkey, Egg and Ch. Kol. (1doz)","","4.68128681182861","","","Kolaches","$34.99","Christy's Donuts & Kolaches","Donuts, Breakfast & Brunch, Bakeries","Christy's Donuts Kolaches, 1103 W Gray St, Houston, TX 77019, USA","Houston","2022-10-30 15:02:59.0000000"
"MENU_000487","REST_00046","Vanilla Icing","","4.68128681182861","","","Donuts","$1.40","Christy's Donuts & Kolaches","Donuts, Breakfast & Brunch, Bakeries","Christy's Donuts Kolaches, 1103 W Gray St, Houston, TX 77019, USA","Houston","2022-10-30 15:02:59.0000000"
"MENU_000488","REST_00047","1 Day Cleanse","Designed to rest & reset your body with a balanced nutrient schedule, these 6 organic cold-pressed juices are a must for combating processed food and customizing nutritional benefits.","4.77500009536743","","","Cleanses","$59.94","Clean Juice","Smoothies, Healthy, Juice Bars & Smoothies, Wraps, Toast, Sandwiches, Juice, Breakfast and Lunch, Breakfast, Salads & Sandwiches","1051 Heights Blvd suite 120, Houston, TX 77008, USA","Houston","2022-11-07 21:15:00.0000000"
"MENU_000489","REST_00047","2 Day Cleanse","Give your body a little extra renewal with our two-day cleanse option! This option includes 12 organic juices.","4.77500009536743","","","Cleanses","$119.88","Clean Juice","Smoothies, Healthy, Juice Bars & Smoothies, Wraps, Toast, Sandwiches, Juice, Breakfast and Lunch, Breakfast, Salads & Sandwiches","1051 Heights Blvd suite 120, Houston, TX 77008, USA","Houston","2022-11-07 21:15:00.0000000"
"MENU_000490","REST_00047","3 Day Cleanse","Take your cleansing to the next level with this major toxin flush! This cleanse includes 18 organic juices.","4.77500009536743","","","Cleanses","$179.82","Clean Juice","Smoothies, Healthy, Juice Bars & Smoothies, Wraps, Toast, Sandwiches, Juice, Breakfast and Lunch, Breakfast, Salads & Sandwiches","1051 Heights Blvd suite 120, Houston, TX 77008, USA","Houston","2022-11-07 21:15:00.0000000"
"MENU_000491","REST_00047","5 Day Cleanse","For the ultimate detox, try our five day option! We salute you, cleanser. This cleanse includes 30 organic juices.","4.77500009536743","","","Cleanses","$299.70","Clean Juice","Smoothies, Healthy, Juice Bars & Smoothies, Wraps, Toast, Sandwiches, Juice, Breakfast and Lunch, Breakfast, Salads & Sandwiches","1051 Heights Blvd suite 120, Houston, TX 77008, USA","Houston","2022-11-07 21:15:00.0000000"
"MENU_000492","REST_00047","Cacao Milk 16 oz","Organic Cashews, Organic Vanilla, Organic Cinnamon, Organic Maple Syrup, Organic Himalayan Pink Sea Salt, Organic Cacao*Our team works very hard to keep the cold-press fridge stocked, but we can't guarantee your store will have every option available! Please call to confirm availability.Nutritional information is based on 8oz serving.Total Calories - 219Calories from Fat - 115Total Fat - 13 gSaturated Fat - 2 gTrans Fat - 0 gCholesterol - 0 mgSodium - 85 mgTotal Carbs - 21 gDietary Fiber - 2 gSugars - 13 gProtein - 5 g","4.77500009536743","","","Cold-Pressed","$14.34","Clean Juice","Smoothies, Healthy, Juice Bars & Smoothies, Wraps, Toast, Sandwiches, Juice, Breakfast and Lunch, Breakfast, Salads & Sandwiches","1051 Heights Blvd suite 120, Houston, TX 77008, USA","Houston","2022-11-07 21:15:00.0000000"
"MENU_000493","REST_00047","Cashew Milk Latte 16 oz","Organic Cold Brew Coffee , Organic Cashews, Organic Vanilla, Organic Cinnamon, Organic Maple Syrup, Organic Himalayan Pink Sea Salt*Our team works very hard to keep the cold-press fridge stocked, but we can't guarantee your store will have every option available! Please call to confirm availability.Nutritional information is based on 16oz serving.Total Calories - 157Calories from Fat - 85Total Fat - 9 gSaturated Fat - 2 gTrans Fat - 0 gCholesterol - 0 mgSodium - 143 mgTotal Carbs - 15 gDietary Fiber - 1 gSugars - 10 gProtein - 4 g","4.77500009536743","","","Cold-Pressed","$14.34","Clean Juice","Smoothies, Healthy, Juice Bars & Smoothies, Wraps, Toast, Sandwiches, Juice, Breakfast and Lunch, Breakfast, Salads & Sandwiches","1051 Heights Blvd suite 120, Houston, TX 77008, USA","Houston","2022-11-07 21:15:00.0000000"
"MENU_000494","REST_00047","Gold 16 oz","Filtered Water, Himalayan Pink Sea Salt, Organic Black Pepper, Organic Cashews, Organic Cinnamon, Organic Maple Syrup, Organic Turmeric, Organic VanillaNutritional information is based on 8oz serving.Total Calories - 214Calories from Fat - 114Total Fat - 13 gSaturated Fat - 2 gTrans Fat - 0 gCholesterol - 0 mgSodium - 134 mgTotal Carbs - 21 gDietary Fiber - 1 gSugars - 13 gProtein - 5 g Available the day after ordering, call the store for availability if needed sooner.","4.77500009536743","","","Cold-Pressed","$14.34","Clean Juice","Smoothies, Healthy, Juice Bars & Smoothies, Wraps, Toast, Sandwiches, Juice, Breakfast and Lunch, Breakfast, Salads & Sandwiches","1051 Heights Blvd suite 120, Houston, TX 77008, USA","Houston","2022-11-07 21:15:00.0000000"
"MENU_000495","REST_00047","Green 12 oz","Cucumber, Celery, Fennel, Spinach, Lemon & Ginger","4.77500009536743","","","Cold-Pressed","$10.74","Clean Juice","Smoothies, Healthy, Juice Bars & Smoothies, Wraps, Toast, Sandwiches, Juice, Breakfast and Lunch, Breakfast, Salads & Sandwiches","1051 Heights Blvd suite 120, Houston, TX 77008, USA","Houston","2022-11-07 21:15:00.0000000"
"MENU_000496","REST_00047","Orange 12 oz","Carrot, Orange, Pineapple & Turmeric","4.77500009536743","","","Cold-Pressed","$10.74","Clean Juice","Smoothies, Healthy, Juice Bars & Smoothies, Wraps, Toast, Sandwiches, Juice, Breakfast and Lunch, Breakfast, Salads & Sandwiches","1051 Heights Blvd suite 120, Houston, TX 77008, USA","Houston","2022-11-07 21:15:00.0000000"
"MENU_000497","REST_00047","Pick 5 Pack","Choose 5 wellness shots for the price of 4.","4.77500009536743","","","Wellness Shots","$23.76","Clean Juice","Smoothies, Healthy, Juice Bars & Smoothies, Wraps, Toast, Sandwiches, Juice, Breakfast and Lunch, Breakfast, Salads & Sandwiches","1051 Heights Blvd suite 120, Houston, TX 77008, USA","Houston","2022-11-07 21:15:00.0000000"
"MENU_000498","REST_00047","Pink 12 oz","Filtered Water, Lemon, Agave, & Dragon Fruit","4.77500009536743","","","Cold-Pressed","$9.54","Clean Juice","Smoothies, Healthy, Juice Bars & Smoothies, Wraps, Toast, Sandwiches, Juice, Breakfast and Lunch, Breakfast, Salads & Sandwiches","1051 Heights Blvd suite 120, Houston, TX 77008, USA","Houston","2022-11-07 21:15:00.0000000"
"MENU_000499","REST_00047","Red 12 oz","Apple, Pineapple, Beet, Carrot & Lemon","4.77500009536743","","","Cold-Pressed","$10.74","Clean Juice","Smoothies, Healthy, Juice Bars & Smoothies, Wraps, Toast, Sandwiches, Juice, Breakfast and Lunch, Breakfast, Salads & Sandwiches","1051 Heights Blvd suite 120, Houston, TX 77008, USA","Houston","2022-11-07 21:15:00.0000000"
"MENU_000500","REST_00047","Sweet Green 12 oz","Apple, Cucumber, Spinach, Mint & Lemon","4.77500009536743","","","Cold-Pressed","$10.74","Clean Juice","Smoothies, Healthy, Juice Bars & Smoothies, Wraps, Toast, Sandwiches, Juice, Breakfast and Lunch, Breakfast, Salads & Sandwiches","1051 Heights Blvd suite 120, Houston, TX 77008, USA","Houston","2022-11-07 21:15:00.0000000"
"MENU_000501","REST_00047","The Super Greens Cleanse","Sweet Green, Green, Sweet Green, Green, Wheatgrass Wellness Shot","4.77500009536743","","","Cleanses","$44.34","Clean Juice","Smoothies, Healthy, Juice Bars & Smoothies, Wraps, Toast, Sandwiches, Juice, Breakfast and Lunch, Breakfast, Salads & Sandwiches","1051 Heights Blvd suite 120, Houston, TX 77008, USA","Houston","2022-11-07 21:15:00.0000000"
"MENU_000502","REST_00047","White 16 oz","Filtered Water, Organic Cashews, Organic Vanilla, Organic Cinnamon, Organic Maple Syrup, Organic Himalayan Pink Sea Salt*Our team works very hard to keep the cold-press fridge stocked, but we can't guarantee your store will have every option available! Please call to confirm availability.Nutritional information is based on 8oz serving.Total Calories - 202Calories from Fat - 117Total Fat - 13 gSaturated Fat - 2 gTrans Fat - 0 gCholesterol - 0 mgSodium - 196 mgTotal Carbs - 17 gDietary Fiber - 1 gSugars - 11 gProtein - 5 g","4.77500009536743","","","Cold-Pressed","$14.34","Clean Juice","Smoothies, Healthy, Juice Bars & Smoothies, Wraps, Toast, Sandwiches, Juice, Breakfast and Lunch, Breakfast, Salads & Sandwiches","1051 Heights Blvd suite 120, Houston, TX 77008, USA","Houston","2022-11-07 21:15:00.0000000"
"MENU_000503","REST_00047","Yellow 12 oz","Filtered Water, Lemon, Maple Syrup & Cayenne","4.77500009536743","","","Cold-Pressed","$9.54","Clean Juice","Smoothies, Healthy, Juice Bars & Smoothies, Wraps, Toast, Sandwiches, Juice, Breakfast and Lunch, Breakfast, Salads & Sandwiches","1051 Heights Blvd suite 120, Houston, TX 77008, USA","Houston","2022-11-07 21:15:00.0000000"
"MENU_000504","REST_00048","Lemon Cheesecake","Japanese style spongy cheesecake 3.5 inch round with blueberry compote.","4.54321002960205","","","Click'S Scratch Made Desserts","$7.00","Click Virtual Food Hall","Delivery, Pickup, Takeout","4901 Rose St, Houston, TX 77007, USA","Houston","2022-10-27 23:18:18.0000000"
"MENU_000505","REST_00048","Lemon Cheesecake","Japanese style spongy cheesecake 3.5 inch round with blueberry compote.","4.54321002960205","","","Favorites And Pop Ups","$7.00","Click Virtual Food Hall","Delivery, Pickup, Takeout","4901 Rose St, Houston, TX 77007, USA","Houston","2022-10-27 23:18:18.0000000"
"MENU_000506","REST_00048","Raspberry Sandwich Cookie","4 inch","4.54321002960205","","","Paulie'S Cookies","$3.00","Click Virtual Food Hall","Delivery, Pickup, Takeout","4901 Rose St, Houston, TX 77007, USA","Houston","2022-10-27 23:18:18.0000000"
"MENU_000507","REST_00049","Grilled Vegetable Lasagna","Layers of fresh pasta, grilled fresh seasonal vegetables, and cheeses, covered with crema rosa sauce.","4.69177389144897","","","Pasta","$12.99","Collina's","Italian Cafe","502 W 19th St, 502 West 19th Street, Houston, TX 77008, USA","Houston","2022-11-07 21:20:37.0000000"
"MENU_000508","REST_00050","BBQ Chicken ","bbq sauce, smoked gouda, mozzarella, red onions,jalapeño, cilantro","4.77304601669312","","","Flatbreads
","$17.25","Common Bond Bistro & Bakery","Lunch, Pastries, Breakfast, Cookies, Biscuits & Gravy, Sandwiches, Croissant, Cafes, Sweets, Latte","1706 Westheimer Rd, Houston, TX 77006, USA","Houston","2022-10-30 15:03:59.0000000"
"MENU_000509","REST_00050","Cranberry Orange Scone","","4.77383899688721","","","Scones
","$3.74","Common Bond Bistro & Bakery","Lunch, Pastries, Breakfast, Cookies, Biscuits & Gravy, Sandwiches, Croissant, Cafes, Sweets, Latte","1706 Westheimer Rd, Houston, TX 77006, USA","Houston","2022-11-07 21:13:17.0000000"
"MENU_000510","REST_00050","Margherita  ","Buffalo mozzarella, pomodoro sauce, fresh basil. Vegetarian.","4.77304601669312","","","Flatbreads
","$14.95","Common Bond Bistro & Bakery","Lunch, Pastries, Breakfast, Cookies, Biscuits & Gravy, Sandwiches, Croissant, Cafes, Sweets, Latte","1706 Westheimer Rd, Houston, TX 77006, USA","Houston","2022-10-30 15:03:59.0000000"
"MENU_000511","REST_00050","Strawberry Macaron","","4.77304601669312","","","Macarons","$2.88","Common Bond Bistro & Bakery","Lunch, Pastries, Breakfast, Cookies, Biscuits & Gravy, Sandwiches, Croissant, Cafes, Sweets, Latte","1706 Westheimer Rd, Houston, TX 77006, USA","Houston","2022-10-30 15:03:59.0000000"
"MENU_000512","REST_00050","Triple Chocolate & Brown Butter Cookie","","4.77304601669312","","","Cookies & Brownies","$4.03","Common Bond Bistro & Bakery","Lunch, Pastries, Breakfast, Cookies, Biscuits & Gravy, Sandwiches, Croissant, Cafes, Sweets, Latte","1706 Westheimer Rd, Houston, TX 77006, USA","Houston","2022-10-30 15:03:59.0000000"
"MENU_000513","REST_00050","White Chocolate Apple Blondies","pack of 3","4.77383899688721","","","Cookies & Brownies","$10.35","Common Bond Bistro & Bakery","Lunch, Pastries, Breakfast, Cookies, Biscuits & Gravy, Sandwiches, Croissant, Cafes, Sweets, Latte","1706 Westheimer Rd, Houston, TX 77006, USA","Houston","2022-11-07 21:13:17.0000000"
"MENU_000514","REST_00050","Wild Mushroom & Goat Cheese Flatbread","Vegetarian. Forest mushrooms, brie, mozzarella, goat cheese, balsamic onions, truffle oil.","4.77304601669312","","","Flatbreads
","$17.25","Common Bond Bistro & Bakery","Lunch, Pastries, Breakfast, Cookies, Biscuits & Gravy, Sandwiches, Croissant, Cafes, Sweets, Latte","1706 Westheimer Rd, Houston, TX 77006, USA","Houston","2022-10-30 15:03:59.0000000"
"MENU_000515","REST_00051","Calamari 1LB","","4.64538478851318","","","By The Pound","$27.49","Connie's Seafood (Heights)","Seafood, Fish & Chips, Fried Rice, Soup, Salads","2525 Airline Dr, Houston, TX 77009, USA","Houston","2022-11-07 21:14:09.0000000"
"MENU_000516","REST_00051","Grilled Salmon Fillet","","4.64538478851318","","","Grilled Platters","$21.24","Connie's Seafood (Heights)","Seafood, Fish & Chips, Fried Rice, Soup, Salads","2525 Airline Dr, Houston, TX 77009, USA","Houston","2022-11-07 21:14:09.0000000"
"MENU_000517","REST_00052","Buttermilk Pancakes","four fluffy buttermilk pancakes; add a side of bacon and / or scrambled eggs (where available)","4.62876319885254","","","Morning Favorites","$9.49","Corner Bakery Cafe","Breakfast, lunch, dinner and catering in your corner","107 Yale Street, Houston, TX 77007, USA","Houston","2022-10-30 15:08:52.0000000"
"MENU_000518","REST_00052","Gingerbread Baby Bundt","","4.63044404983521","","","Bakery","$3.99","Corner Bakery Cafe","Breakfast, lunch, dinner and catering in your corner","107 Yale Street, Houston, TX 77007, USA","Houston","2022-11-07 21:12:49.0000000"
"MENU_000519","REST_00052","Iced Caramel Macchiato","","4.62876319885254","","","Drinks","$3.79","Corner Bakery Cafe","Breakfast, lunch, dinner and catering in your corner","107 Yale Street, Houston, TX 77007, USA","Houston","2022-10-30 15:08:52.0000000"
"MENU_000520","REST_00052","Iced Chai Latte","","4.62876319885254","","","Drinks","$3.29","Corner Bakery Cafe","Breakfast, lunch, dinner and catering in your corner","107 Yale Street, Houston, TX 77007, USA","Houston","2022-10-30 15:08:52.0000000"
"MENU_000521","REST_00052","Peach Baby Bundt","","4.63044404983521","","","Bakery","$3.99","Corner Bakery Cafe","Breakfast, lunch, dinner and catering in your corner","107 Yale Street, Houston, TX 77007, USA","Houston","2022-11-07 21:12:49.0000000"
"MENU_000522","REST_00052","Peach Pancakes - NEW","Four fluffy Buttermilk Pancakes topped with Granola, Peach Puree, and whipped cream. ","4.63044404983521","","","Morning Favorites","$9.49","Corner Bakery Cafe","Breakfast, lunch, dinner and catering in your corner","107 Yale Street, Houston, TX 77007, USA","Houston","2022-11-07 21:12:49.0000000"
"MENU_000523","REST_00052","Prime Rib Breakfast Panini","","4.63044404983521","","","Breakfast Sandwiches","$8.49","Corner Bakery Cafe","Breakfast, lunch, dinner and catering in your corner","107 Yale Street, Houston, TX 77007, USA","Houston","2022-11-07 21:12:49.0000000"
"MENU_000524","REST_00052","Prime Rib Panini","","4.63044404983521","","","Panini & Hot Sandwiches","$11.99","Corner Bakery Cafe","Breakfast, lunch, dinner and catering in your corner","107 Yale Street, Houston, TX 77007, USA","Houston","2022-11-07 21:12:49.0000000"
"MENU_000525","REST_00052","Tuscan Grilled Cheese (V)","For a limited time only! Provolone, basil, spinach, oven-roasted tomato, pesto* aioli, grilled sourdough *contains nuts","4.63044404983521","","","For a Limited Time Only!","$8.79","Corner Bakery Cafe","Breakfast, lunch, dinner and catering in your corner","107 Yale Street, Houston, TX 77007, USA","Houston","2022-11-07 21:12:49.0000000"
"MENU_000526","REST_00052","Tuscan Grilled Cheese (V)","For a limited time only! Provolone, basil, spinach, oven-roasted tomato, pesto* aioli, grilled sourdough *contains nuts","4.63044404983521","","","Panini & Hot Sandwiches","$8.79","Corner Bakery Cafe","Breakfast, lunch, dinner and catering in your corner","107 Yale Street, Houston, TX 77007, USA","Houston","2022-11-07 21:12:49.0000000"
"MENU_000527","REST_00053","Apple Pie","Vanilla cake filled with seasonal apple pie and topped with cinnamon cream cheese frosting. ","4.8056812286377","","","Single Cupcakes","$5.50","Crave Cupcakes","Dessert, Takeout, Pickup, Cupcakes","5600 Kirby Drive, Houston, TX 77005, USA","Houston","2022-11-07 21:15:58.0000000"
"MENU_000528","REST_00053","Coconut","Vanilla cake with Coconut cream cheese frosting.	","4.80430507659912","","","Single Cupcakes","$5.25","Crave Cupcakes","Dessert, Takeout, Pickup, Cupcakes","5600 Kirby Drive, Houston, TX 77005, USA","Houston","2022-10-30 15:33:12.0000000"
"MENU_000529","REST_00053","Pecan Pie","Vanilla bean cupcake filled with Pecan pie topped maple buttercream frosting and garnished with maple glazed pecans.","4.8056812286377","","","Single Cupcakes","$5.50","Crave Cupcakes","Dessert, Takeout, Pickup, Cupcakes","5600 Kirby Drive, Houston, TX 77005, USA","Houston","2022-11-07 21:15:58.0000000"
"MENU_000530","REST_00053","Strawberry","Strawberry cake studded with fresh strawberries and topped with strawberry frosting.","4.80430507659912","","","Single Cupcakes","$5.25","Crave Cupcakes","Dessert, Takeout, Pickup, Cupcakes","5600 Kirby Drive, Houston, TX 77005, USA","Houston","2022-10-30 15:33:12.0000000"
"MENU_000531","REST_00053","Thanksgiving Confetti","Vanilla bean cake studded with Halloween colored sprinkles, frosted with vanilla butter cream, rimmed in more sprinkles and topped with \TRICK OR TREAT\"" fondant.	""","4.8056812286377","","","Single Cupcakes","$5.50","Crave Cupcakes","Dessert, Takeout, Pickup, Cupcakes","5600 Kirby Drive, Houston, TX 77005, USA","Houston","2022-11-07 21:15:58.0000000"
"MENU_000532","REST_00054","2 Fried Catfish","","4.54899787902832","","","Fried Platters","$21.50","Crawfish Cafe Heights","Seafood","Crawfish Cafe, 1026 N Shepherd Dr, Houston, TX 77008, USA","Houston","2022-10-30 15:12:47.0000000"
"MENU_000533","REST_00054","50/50 Poboy","","4.54899787902832","","","Poboys","$20.50","Crawfish Cafe Heights","Seafood","Crawfish Cafe, 1026 N Shepherd Dr, Houston, TX 77008, USA","Houston","2022-10-30 15:12:47.0000000"
"MENU_000534","REST_00054","Blue Crab","","4.54899787902832","","","Boiled Seafood","$17.50","Crawfish Cafe Heights","Seafood","Crawfish Cafe, 1026 N Shepherd Dr, Houston, TX 77008, USA","Houston","2022-10-30 15:12:47.0000000"
"MENU_000535","REST_00054","Blue Crab (Wok)","","4.54899787902832","","","Wok","$17.50","Crawfish Cafe Heights","Seafood","Crawfish Cafe, 1026 N Shepherd Dr, Houston, TX 77008, USA","Houston","2022-10-30 15:12:47.0000000"
"MENU_000536","REST_00054","Mexican Coke","","4.55335521697998","","","Drinks","$3.15","Crawfish Cafe Heights","Seafood","Crawfish Cafe, 1026 N Shepherd Dr, Houston, TX 77008, USA","Houston","2022-11-07 21:15:57.0000000"
"MENU_000537","REST_00055","Banana Pudding","","4.23846197128296","","","Thanksgiving Desserts","$50.00","Creole Kitchen and Daiquris","Southern, Salads, Soup","3250 Old Spanish Trail, Houston, TX 77021, USA","Houston","2022-11-07 21:15:02.0000000"
"MENU_000538","REST_00055","Blueberry White Chocolate Cobbler Cheesecake (12 slices)","","4.23846197128296","","","Thanksgiving Desserts","$100.00","Creole Kitchen and Daiquris","Southern, Salads, Soup","3250 Old Spanish Trail, Houston, TX 77021, USA","Houston","2022-11-07 21:15:02.0000000"
"MENU_000539","REST_00055","Brown Gravy (Quart)","","4.23846197128296","","","Thanksgiving Extras","$25.00","Creole Kitchen and Daiquris","Southern, Salads, Soup","3250 Old Spanish Trail, Houston, TX 77021, USA","Houston","2022-11-07 21:15:02.0000000"
"MENU_000540","REST_00055","Collard Greens w/ Smoked Turkey","","4.23846197128296","","","Thanksgiving Sides","$60.00","Creole Kitchen and Daiquris","Southern, Salads, Soup","3250 Old Spanish Trail, Houston, TX 77021, USA","Houston","2022-11-07 21:15:02.0000000"
"MENU_000541","REST_00055","Cornbread Dressing (Chicken)","","4.23846197128296","","","Thanksgiving Sides","$60.00","Creole Kitchen and Daiquris","Southern, Salads, Soup","3250 Old Spanish Trail, Houston, TX 77021, USA","Houston","2022-11-07 21:15:02.0000000"
"MENU_000542","REST_00055","Cornbread Muffins","","4.23846197128296","","","Thanksgiving Extras","$35.00","Creole Kitchen and Daiquris","Southern, Salads, Soup","3250 Old Spanish Trail, Houston, TX 77021, USA","Houston","2022-11-07 21:15:02.0000000"
"MENU_000543","REST_00055","Creole Thanksgiving","Fried Turkey or 15 Fried Catfish Filets, Seafood Dressing (Andioulle Sausage and Shrimp), Ettoufee (crawfish or shrimp), red beans and rice with smoked turkey, greens beans with smoked turkey Includes: Fresh Cranberry Sauce and your choice of yeast rolls or cornbread muffins","4.23846197128296","","","Thanksgiving Packages","$375.00","Creole Kitchen and Daiquris","Southern, Salads, Soup","3250 Old Spanish Trail, Houston, TX 77021, USA","Houston","2022-11-07 21:15:02.0000000"
"MENU_000544","REST_00055","Daiquiri Of The Week (1/2 Gallon)","","4.23846197128296","","","Thanksgiving Drinks","$24.00","Creole Kitchen and Daiquris","Southern, Salads, Soup","3250 Old Spanish Trail, Houston, TX 77021, USA","Houston","2022-11-07 21:15:02.0000000"
"MENU_000545","REST_00055","Ettoufee","","4.23846197128296","","","Thanksgiving Sides","$75.00","Creole Kitchen and Daiquris","Southern, Salads, Soup","3250 Old Spanish Trail, Houston, TX 77021, USA","Houston","2022-11-07 21:15:02.0000000"
"MENU_000546","REST_00055","Fresh Cranberry Sauce","","4.23846197128296","","","Thanksgiving Extras","$15.00","Creole Kitchen and Daiquris","Southern, Salads, Soup","3250 Old Spanish Trail, Houston, TX 77021, USA","Houston","2022-11-07 21:15:02.0000000"
"MENU_000547","REST_00055","Fresh Lemonade (Gallon)","","4.23846197128296","","","Thanksgiving Drinks","$15.00","Creole Kitchen and Daiquris","Southern, Salads, Soup","3250 Old Spanish Trail, Houston, TX 77021, USA","Houston","2022-11-07 21:15:02.0000000"
"MENU_000548","REST_00055","Fried  Whole Turkey","","4.23846197128296","","","Thanksgiving A La Carte (Meat)","$70.00","Creole Kitchen and Daiquris","Southern, Salads, Soup","3250 Old Spanish Trail, Houston, TX 77021, USA","Houston","2022-11-07 21:15:02.0000000"
"MENU_000549","REST_00055","Fried Catfish Filets","","4.23846197128296","","","Thanksgiving A La Carte (Meat)","$85.00","Creole Kitchen and Daiquris","Southern, Salads, Soup","3250 Old Spanish Trail, Houston, TX 77021, USA","Houston","2022-11-07 21:15:02.0000000"
"MENU_000550","REST_00055","Fried Turkey (Carved)","","4.23846197128296","","","Thanksgiving A La Carte (Meat)","$80.00","Creole Kitchen and Daiquris","Southern, Salads, Soup","3250 Old Spanish Trail, Houston, TX 77021, USA","Houston","2022-11-07 21:15:02.0000000"
"MENU_000551","REST_00055","Garlic Mashed Potatoes","","4.23846197128296","","","Thanksgiving Sides","$40.00","Creole Kitchen and Daiquris","Southern, Salads, Soup","3250 Old Spanish Trail, Houston, TX 77021, USA","Houston","2022-11-07 21:15:02.0000000"
"MENU_000552","REST_00055","Green Beans w/ Smoked Turkey","","4.23846197128296","","","Thanksgiving Sides","$40.00","Creole Kitchen and Daiquris","Southern, Salads, Soup","3250 Old Spanish Trail, Houston, TX 77021, USA","Houston","2022-11-07 21:15:02.0000000"
"MENU_000553","REST_00055","Loaded Mashed Potatoes (Bacon, Cheese, Sour Cream and Chives)","","4.23846197128296","","","Thanksgiving Sides","$60.00","Creole Kitchen and Daiquris","Southern, Salads, Soup","3250 Old Spanish Trail, Houston, TX 77021, USA","Houston","2022-11-07 21:15:02.0000000"
"MENU_000554","REST_00055","Red Beans and Rice with Smoked Turkey","","4.23846197128296","","","Thanksgiving Sides","$50.00","Creole Kitchen and Daiquris","Southern, Salads, Soup","3250 Old Spanish Trail, Houston, TX 77021, USA","Houston","2022-11-07 21:15:02.0000000"
"MENU_000555","REST_00055","Rolls","","4.23846197128296","","","Thanksgiving Extras","$35.00","Creole Kitchen and Daiquris","Southern, Salads, Soup","3250 Old Spanish Trail, Houston, TX 77021, USA","Houston","2022-11-07 21:15:02.0000000"
"MENU_000556","REST_00055","Salted Caramel Turtle Cheesecake (12 slices)","","4.23846197128296","","","Thanksgiving Desserts","$75.00","Creole Kitchen and Daiquris","Southern, Salads, Soup","3250 Old Spanish Trail, Houston, TX 77021, USA","Houston","2022-11-07 21:15:02.0000000"
"MENU_000557","REST_00055","Seafood Dressing (Shrimp and Andouille Sausage)","","4.23846197128296","","","Thanksgiving Sides","$80.00","Creole Kitchen and Daiquris","Southern, Salads, Soup","3250 Old Spanish Trail, Houston, TX 77021, USA","Houston","2022-11-07 21:15:02.0000000"
"MENU_000558","REST_00055","Smoked Gouda Mac and Cheese","","4.23846197128296","","","Thanksgiving Sides","$60.00","Creole Kitchen and Daiquris","Southern, Salads, Soup","3250 Old Spanish Trail, Houston, TX 77021, USA","Houston","2022-11-07 21:15:02.0000000"
"MENU_000559","REST_00055","Strawberry Cheesecake (12 slices)","","4.23846197128296","","","Thanksgiving Desserts","$75.00","Creole Kitchen and Daiquris","Southern, Salads, Soup","3250 Old Spanish Trail, Houston, TX 77021, USA","Houston","2022-11-07 21:15:02.0000000"
"MENU_000560","REST_00055","Sweet Tea (Gallon)","","4.23846197128296","","","Thanksgiving Drinks","$12.00","Creole Kitchen and Daiquris","Southern, Salads, Soup","3250 Old Spanish Trail, Houston, TX 77021, USA","Houston","2022-11-07 21:15:02.0000000"
"MENU_000561","REST_00055","Traditional Thanksgiving","Fried Turkey, Cornbread Dressing (contains chicken), Collard Greens with Smoked Turkey, Candied Yams and Smoked Gouda Mac and Cheese.Includes: Fresh Cranberry Sauce and your choice of cornbread muffins or rolls","4.23846197128296","","","Thanksgiving Packages","$350.00","Creole Kitchen and Daiquris","Southern, Salads, Soup","3250 Old Spanish Trail, Houston, TX 77021, USA","Houston","2022-11-07 21:15:02.0000000"
"MENU_000562","REST_00055","Veggie Dressing (Vegetarian Cornbread with Cauliflower and Carrots)","","4.23846197128296","","","Thanksgiving Sides","$50.00","Creole Kitchen and Daiquris","Southern, Salads, Soup","3250 Old Spanish Trail, Houston, TX 77021, USA","Houston","2022-11-07 21:15:02.0000000"
"MENU_000563","REST_00056","Banana Pudding Cake Slice","","3.98560500144959","","","Dessert","$10.00","Cupcake Kitchen","Soul Food, Bakery, Seafood","2533 Southmore Blvd, Houston, TX 77004, USA","Houston","2022-10-30 15:05:10.0000000"
"MENU_000564","REST_00056","CrabCake Dinner","Dungeness Crab w/Maryland Crab Cakes served over Mardi Gras Pasta, with seasoned red potato, boiled shrimp, corn and boiled egg (topped with our signature garlic butter crab cake sauce)","3.98560500144959","","","All Day Menu","$35.00","Cupcake Kitchen","Soul Food, Bakery, Seafood","2533 Southmore Blvd, Houston, TX 77004, USA","Houston","2022-10-30 15:05:10.0000000"
"MENU_000565","REST_00056","Strawberry Cheesecake","","3.98560500144959","","","Dessert","$8.00","Cupcake Kitchen","Soul Food, Bakery, Seafood","2533 Southmore Blvd, Houston, TX 77004, USA","Houston","2022-10-30 15:05:10.0000000"
"MENU_000566","REST_00056","Strawberry Shortcake","Vanilla cake baked with strawberry filling and topped with CCK signature buttercream icing ","3.98560500144959","","","Dessert","$7.00","Cupcake Kitchen","Soul Food, Bakery, Seafood","2533 Southmore Blvd, Houston, TX 77004, USA","Houston","2022-10-30 15:05:10.0000000"
"MENU_000567","REST_00057","Anaya Salad","Mixed greens, jicama, mango, avocado, cherry tomatoes, red onion, cilantro, cotija, crispy shallots","4.48866987228394","","","Salads & Soups","$8.80","Cyclone Anaya's","Pickup, Bar and Grill, Mexican, Tex-Mex, Takeout","309 Gray St, Houston, TX 77002, USA","Houston","2022-11-07 21:12:17.0000000"
"MENU_000568","REST_00057","Betsy’s Tamales","Homemade Tamales, Chile Con Carne, Melted Cheese, Onions.","4.48866987228394","","","Cyclone’s Favorites","$18.70","Cyclone Anaya's","Pickup, Bar and Grill, Mexican, Tex-Mex, Takeout","309 Gray St, Houston, TX 77002, USA","Houston","2022-11-07 21:12:17.0000000"
"MENU_000569","REST_00057","Campechana","Citrus-poached Shrimp, Lime-infused Mango Salsa, Crispy Plantains.","4.49110698699951","","","Appetizers","$15.00","Cyclone Anaya's","Pickup, Bar and Grill, Mexican, Tex-Mex, Takeout","309 Gray St, Houston, TX 77002, USA","Houston","2022-10-30 15:16:05.0000000"
"MENU_000570","REST_00057","Carne Asada","Grilled Marinated Steak, Pasilla and Chipotle Compound Butter, Caramelized Onions, Grilled Jalapeño and Lime.","4.48866987228394","","","Platters | From The Grill ","$35.20","Cyclone Anaya's","Pickup, Bar and Grill, Mexican, Tex-Mex, Takeout","309 Gray St, Houston, TX 77002, USA","Houston","2022-11-07 21:12:17.0000000"
"MENU_000571","REST_00057","Carne Asada A La Tampiqueña","Grilled Marinated Steak, Caramelized Onions and Mushrooms, Peppers, Pasilla and Chipotle Compound Butter, Cheese Enchilada with Poblano Cream Sauce, Chipotle-dusted Tortilla Strips, Grilled Jalapeño and Lime.","4.49110698699951","","","Platters | From The Grill ","$32.00","Cyclone Anaya's","Pickup, Bar and Grill, Mexican, Tex-Mex, Takeout","309 Gray St, Houston, TX 77002, USA","Houston","2022-10-30 15:16:05.0000000"
"MENU_000572","REST_00057","Chopped Salad","Chopped Mixed Field Greens, Bacon, House Cheese Blend, Tomatoes, Cilantro Lime Vinaigrette.","4.48866987228394","","","Salads & Soups","$7.70","Cyclone Anaya's","Pickup, Bar and Grill, Mexican, Tex-Mex, Takeout","309 Gray St, Houston, TX 77002, USA","Houston","2022-11-07 21:12:17.0000000"
"MENU_000573","REST_00057","Cyclone’s Salad","Romaine, Iceberg, Bibb Lettuce, Avocado, Tomatoes, House Cheese Blend, Sour Cream, Tortilla Strips, Jalapeño Ranch.","4.49110698699951","","","Salads & Soups","$8.00","Cyclone Anaya's","Pickup, Bar and Grill, Mexican, Tex-Mex, Takeout","309 Gray St, Houston, TX 77002, USA","Houston","2022-10-30 15:16:05.0000000"
"MENU_000574","REST_00057","Del Rio","Beef Taco, Homemade Tamale, Beef Enchilada, Guacamole, Rice and Beans.","4.48866987228394","","","Combinations","$19.80","Cyclone Anaya's","Pickup, Bar and Grill, Mexican, Tex-Mex, Takeout","309 Gray St, Houston, TX 77002, USA","Houston","2022-11-07 21:12:17.0000000"
"MENU_000575","REST_00057","Fajita Al Carbon (Beef)","Caramelized Onions, Seared Bell Peppers, Pico De Gallo, Sour Cream, Guacamole, House Cheese Blend.","4.48866987228394","","","Platters | From The Grill ","$44.00","Cyclone Anaya's","Pickup, Bar and Grill, Mexican, Tex-Mex, Takeout","309 Gray St, Houston, TX 77002, USA","Houston","2022-11-07 21:12:17.0000000"
"MENU_000576","REST_00057","Fajita Al Carbon (Chicken)","Caramelized Onions, Seared Bell Peppers, Pico De Gallo, Sour Cream, Guacamole, House Cheese Blend.","4.48866987228394","","","Platters | From The Grill ","$26.40","Cyclone Anaya's","Pickup, Bar and Grill, Mexican, Tex-Mex, Takeout","309 Gray St, Houston, TX 77002, USA","Houston","2022-11-07 21:12:17.0000000"
"MENU_000577","REST_00057","Fajita Al Carbon (Combo)","Caramelized Onions, Seared Bell Peppers, Pico De Gallo, Sour Cream, Guacamole, House Cheese Blend.","4.48866987228394","","","Platters | From The Grill ","$38.50","Cyclone Anaya's","Pickup, Bar and Grill, Mexican, Tex-Mex, Takeout","309 Gray St, Houston, TX 77002, USA","Houston","2022-11-07 21:12:17.0000000"
"MENU_000578","REST_00057","Juanitos Superior","Taco Al Carbon, Cheese Enchilada, Guacamole, Pico De Gallo, Rice and Beans.","4.48866987228394","","","Combinations","$18.70","Cyclone Anaya's","Pickup, Bar and Grill, Mexican, Tex-Mex, Takeout","309 Gray St, Houston, TX 77002, USA","Houston","2022-11-07 21:12:17.0000000"
"MENU_000579","REST_00057","Pollo Anaya","Marinated Grilled Chicken Breast, Lemon Garlic Butter, Sautéed Seasonal Vegetables, Avocado, Tomatoes.","4.49110698699951","","","Cyclone’s Favorites","$20.00","Cyclone Anaya's","Pickup, Bar and Grill, Mexican, Tex-Mex, Takeout","309 Gray St, Houston, TX 77002, USA","Houston","2022-10-30 15:16:05.0000000"
"MENU_000580","REST_00057","Quesadillas","House Cheese Blend, Guacamole, Sour Cream, Pico De Gallo, Jalapeños.","4.49110698699951","","","Appetizers","$14.30","Cyclone Anaya's","Pickup, Bar and Grill, Mexican, Tex-Mex, Takeout","309 Gray St, Houston, TX 77002, USA","Houston","2022-10-30 15:16:05.0000000"
"MENU_000581","REST_00057","Signature Margaritas","","4.49110698699951","","","Signature Margaritas","$8.80","Cyclone Anaya's","Pickup, Bar and Grill, Mexican, Tex-Mex, Takeout","309 Gray St, Houston, TX 77002, USA","Houston","2022-10-30 15:16:05.0000000"
"MENU_000582","REST_00057","Spicy Salmon","Seared Norwegian Salmon, Habanero Mango Salsa, Sautéed Seasonal Vegetables.","4.49110698699951","","","Cyclone’s Favorites","$25.00","Cyclone Anaya's","Pickup, Bar and Grill, Mexican, Tex-Mex, Takeout","309 Gray St, Houston, TX 77002, USA","Houston","2022-10-30 15:16:05.0000000"
"MENU_000583","REST_00057","Summer Special","Beef Enchilada, Crispy Beef Taco, Beef Chalupa, Guacamole.","4.48866987228394","","","Combinations","$17.60","Cyclone Anaya's","Pickup, Bar and Grill, Mexican, Tex-Mex, Takeout","309 Gray St, Houston, TX 77002, USA","Houston","2022-11-07 21:12:17.0000000"
"MENU_000584","REST_00057","Tacos Al Carbon","Chicken or Beef Fajita, Flour Tortillas, House Queso, Sour Cream, Guacamole, Pico De Gallo","4.49110698699951","","","Cyclone’s Favorites","$20.00","Cyclone Anaya's","Pickup, Bar and Grill, Mexican, Tex-Mex, Takeout","309 Gray St, Houston, TX 77002, USA","Houston","2022-10-30 15:16:05.0000000"
"MENU_000585","REST_00057","Tortilla Soup","Roasted Chicken, Tortilla Broth, House Cheese Blend, Avocado, Mexican Crema, Tortilla Strips.","4.48866987228394","","","Salads & Soups","$5.50","Cyclone Anaya's","Pickup, Bar and Grill, Mexican, Tex-Mex, Takeout","309 Gray St, Houston, TX 77002, USA","Houston","2022-11-07 21:12:17.0000000"
"MENU_000586","REST_00057","Vegetable Fajitas ","Grilled zucchini, yellow squash, bell peppers, spinach, mushrooms and onions. Served with pico de gallo, sour cream, guacamole, shredded cheese and refried black beans.","4.48866987228394","","","Platters | From The Grill ","$17.60","Cyclone Anaya's","Pickup, Bar and Grill, Mexican, Tex-Mex, Takeout","309 Gray St, Houston, TX 77002, USA","Houston","2022-11-07 21:12:17.0000000"
"MENU_000587","REST_00058","Banana Pudding, individual","Homemade and rich! Made with fresh bananas and Nilla® Wafers. More cookies are added on top for extra crunch! (no nuts)","4.80404376983643","","","Slices","$9.25","Dessert Gallery","Cafes, Dessert, Takeout, Pickup","3600 Kirby Dr, Houston, TX 77098, USA","Houston","2022-10-30 15:12:48.0000000"
"MENU_000588","REST_00059","Bacon and Egg Taco","","4.64431381225586","","","Breakfast Tacos","$2.79","Dichos Taqueria","Breakfast, Mexican, Sandwiches","614 S Wayside Dr, Houston, TX 77011, USA","Houston","2022-11-07 21:17:14.0000000"
"MENU_000589","REST_00059","Bacon breakfast torta","Egg, beans, cheese, and ham.","4.64431381225586","","","Breakfast Torta","$8.99","Dichos Taqueria","Breakfast, Mexican, Sandwiches","614 S Wayside Dr, Houston, TX 77011, USA","Houston","2022-11-07 21:17:14.0000000"
"MENU_000590","REST_00059","Bacon Brkfst Burrito","Eggs, beans, cheese, and potatoes.","4.64431381225586","","","Breakfast Burrito","$8.99","Dichos Taqueria","Breakfast, Mexican, Sandwiches","614 S Wayside Dr, Houston, TX 77011, USA","Houston","2022-11-07 21:17:14.0000000"
"MENU_000591","REST_00059","Bacon Sandwich","Egg and cheese.","4.64431381225586","","","Breakfast Sandwich","$6.75","Dichos Taqueria","Breakfast, Mexican, Sandwiches","614 S Wayside Dr, Houston, TX 77011, USA","Houston","2022-11-07 21:17:14.0000000"
"MENU_000592","REST_00059","Bacon Side","","4.64431381225586","","","Breakfast Sides","$2.50","Dichos Taqueria","Breakfast, Mexican, Sandwiches","614 S Wayside Dr, Houston, TX 77011, USA","Houston","2022-11-07 21:17:14.0000000"
"MENU_000593","REST_00059","Breakfast Potatoes side","8 oz","4.64431381225586","","","Breakfast Sides","$3.29","Dichos Taqueria","Breakfast, Mexican, Sandwiches","614 S Wayside Dr, Houston, TX 77011, USA","Houston","2022-11-07 21:17:14.0000000"
"MENU_000594","REST_00059","Cactus and Egg Taco","","4.64431381225586","","","Breakfast Tacos","$2.79","Dichos Taqueria","Breakfast, Mexican, Sandwiches","614 S Wayside Dr, Houston, TX 77011, USA","Houston","2022-11-07 21:17:14.0000000"
"MENU_000595","REST_00059","Carnitas Mega Brkfst Taco","Egg, cheese, and potatoes.","4.64431381225586","","","Mega Breakfast Taco","$5.59","Dichos Taqueria","Breakfast, Mexican, Sandwiches","614 S Wayside Dr, Houston, TX 77011, USA","Houston","2022-11-07 21:17:14.0000000"
"MENU_000596","REST_00059","Cheese side","4 oz","4.64431381225586","","","Breakfast Sides","$2.50","Dichos Taqueria","Breakfast, Mexican, Sandwiches","614 S Wayside Dr, Houston, TX 77011, USA","Houston","2022-11-07 21:17:14.0000000"
"MENU_000597","REST_00059","Chicharron and Egg Taco","","4.64431381225586","","","Breakfast Tacos","$2.79","Dichos Taqueria","Breakfast, Mexican, Sandwiches","614 S Wayside Dr, Houston, TX 77011, USA","Houston","2022-11-07 21:17:14.0000000"
"MENU_000598","REST_00059","Chicharron Con Huevo","Eggs scrambled with pork skin.","4.64431381225586","","","Desayunos Tradicionales","$7.99","Dichos Taqueria","Breakfast, Mexican, Sandwiches","614 S Wayside Dr, Houston, TX 77011, USA","Houston","2022-11-07 21:17:14.0000000"
"MENU_000599","REST_00059","Chicken Fajita Brkfst Burrito","Eggs, beans, cheese, and potatoes.","4.64431381225586","","","Breakfast Burrito","$8.99","Dichos Taqueria","Breakfast, Mexican, Sandwiches","614 S Wayside Dr, Houston, TX 77011, USA","Houston","2022-11-07 21:17:14.0000000"
"MENU_000600","REST_00059","Chicken Fajita Brkfst Torta","Egg, beans, cheese, and ham.","4.64431381225586","","","Breakfast Torta","$8.99","Dichos Taqueria","Breakfast, Mexican, Sandwiches","614 S Wayside Dr, Houston, TX 77011, USA","Houston","2022-11-07 21:17:14.0000000"
"MENU_000601","REST_00059","Chicken Fajita Mega Brkfst Taco","Egg, cheese, and potatoes.","4.64431381225586","","","Mega Breakfast Taco","$5.59","Dichos Taqueria","Breakfast, Mexican, Sandwiches","614 S Wayside Dr, Houston, TX 77011, USA","Houston","2022-11-07 21:17:14.0000000"
"MENU_000602","REST_00059","Chilaquiles Con Carne","Fried cut corn tortilla. Served with refried beans.","4.64431381225586","","","Chilaquiles","$12.99","Dichos Taqueria","Breakfast, Mexican, Sandwiches","614 S Wayside Dr, Houston, TX 77011, USA","Houston","2022-11-07 21:17:14.0000000"
"MENU_000603","REST_00059","Chilaquiles side","","4.64431381225586","","","Breakfast Sides","$4.99","Dichos Taqueria","Breakfast, Mexican, Sandwiches","614 S Wayside Dr, Houston, TX 77011, USA","Houston","2022-11-07 21:17:14.0000000"
"MENU_000604","REST_00059","Chorizo and Egg Taco","","4.64431381225586","","","Breakfast Tacos","$2.79","Dichos Taqueria","Breakfast, Mexican, Sandwiches","614 S Wayside Dr, Houston, TX 77011, USA","Houston","2022-11-07 21:17:14.0000000"
"MENU_000605","REST_00059","Chorizo Brkfst Burrito","Eggs, beans, cheese, and potatoes.","4.64431381225586","","","Breakfast Burrito","$8.99","Dichos Taqueria","Breakfast, Mexican, Sandwiches","614 S Wayside Dr, Houston, TX 77011, USA","Houston","2022-11-07 21:17:14.0000000"
"MENU_000606","REST_00059","Chorizo Brkfst Torta","Egg, beans, cheese, and ham.","4.64431381225586","","","Breakfast Torta","$8.99","Dichos Taqueria","Breakfast, Mexican, Sandwiches","614 S Wayside Dr, Houston, TX 77011, USA","Houston","2022-11-07 21:17:14.0000000"
"MENU_000607","REST_00059","Chorizo Sandwich","Egg and cheese.","4.64431381225586","","","Breakfast Sandwich","$6.75","Dichos Taqueria","Breakfast, Mexican, Sandwiches","614 S Wayside Dr, Houston, TX 77011, USA","Houston","2022-11-07 21:17:14.0000000"
"MENU_000608","REST_00059","Desayuno Tipico","Two eggs, served with refried beans, ripe plantains (platano maduro), avocado, fresco cheese, and sour cream.","4.64431381225586","","","Desayunos Favoritos","$9.99","Dichos Taqueria","Breakfast, Mexican, Sandwiches","614 S Wayside Dr, Houston, TX 77011, USA","Houston","2022-11-07 21:17:14.0000000"
"MENU_000609","REST_00059","Egg and Cheese Taco","","4.64431381225586","","","Breakfast Tacos","$2.59","Dichos Taqueria","Breakfast, Mexican, Sandwiches","614 S Wayside Dr, Houston, TX 77011, USA","Houston","2022-11-07 21:17:14.0000000"
"MENU_000610","REST_00059","Enfrijoladas Veracruzanas","Three corn tortillas rolled and filled with scrambled eggs a la Mexicana. Covered with beans sauce, fresco cheese, chorizo, and sour cream.","4.64431381225586","","","Desayunos Favoritos","$9.99","Dichos Taqueria","Breakfast, Mexican, Sandwiches","614 S Wayside Dr, Houston, TX 77011, USA","Houston","2022-11-07 21:17:14.0000000"
"MENU_000611","REST_00059","Ham and Egg Taco","","4.64431381225586","","","Breakfast Tacos","$2.79","Dichos Taqueria","Breakfast, Mexican, Sandwiches","614 S Wayside Dr, Houston, TX 77011, USA","Houston","2022-11-07 21:17:14.0000000"
"MENU_000612","REST_00059","Ham Brkfst Burrito","Eggs, beans, cheese, and potatoes.","4.64431381225586","","","Breakfast Burrito","$8.99","Dichos Taqueria","Breakfast, Mexican, Sandwiches","614 S Wayside Dr, Houston, TX 77011, USA","Houston","2022-11-07 21:17:14.0000000"
"MENU_000613","REST_00059","Ham Sandwich","Egg and cheese.","4.64431381225586","","","Breakfast Sandwich","$6.75","Dichos Taqueria","Breakfast, Mexican, Sandwiches","614 S Wayside Dr, Houston, TX 77011, USA","Houston","2022-11-07 21:17:14.0000000"
"MENU_000614","REST_00059","Ham side","","4.64431381225586","","","Breakfast Sides","$1.99","Dichos Taqueria","Breakfast, Mexican, Sandwiches","614 S Wayside Dr, Houston, TX 77011, USA","Houston","2022-11-07 21:17:14.0000000"
"MENU_000615","REST_00059","Huevos a La Mexicana","Eggs scrambled with onions, tomato and jalapeno peppers.","4.64431381225586","","","Desayunos Tradicionales","$7.99","Dichos Taqueria","Breakfast, Mexican, Sandwiches","614 S Wayside Dr, Houston, TX 77011, USA","Houston","2022-11-07 21:17:14.0000000"
"MENU_000616","REST_00059","Huevos Albanil","Eggs scrambled with chopped fajita and green sauce. Served with refried beans and fresco cheese.","4.64431381225586","","","Desayunos Favoritos","$12.99","Dichos Taqueria","Breakfast, Mexican, Sandwiches","614 S Wayside Dr, Houston, TX 77011, USA","Houston","2022-11-07 21:17:14.0000000"
"MENU_000617","REST_00059","Huevos Con Chorizo","Eggs scrambled with Mexican sausage.","4.64431381225586","","","Desayunos Tradicionales","$7.99","Dichos Taqueria","Breakfast, Mexican, Sandwiches","614 S Wayside Dr, Houston, TX 77011, USA","Houston","2022-11-07 21:17:14.0000000"
"MENU_000618","REST_00059","Huevos Con Jalapeno Sausage","Eggs scrambled with jalapeño sausage.","4.64431381225586","","","Desayunos Tradicionales","$7.99","Dichos Taqueria","Breakfast, Mexican, Sandwiches","614 S Wayside Dr, Houston, TX 77011, USA","Houston","2022-11-07 21:17:14.0000000"
"MENU_000619","REST_00059","Huevos Con Jamon","Eg scrambled with ham.","4.64431381225586","","","Desayunos Tradicionales","$7.99","Dichos Taqueria","Breakfast, Mexican, Sandwiches","614 S Wayside Dr, Houston, TX 77011, USA","Houston","2022-11-07 21:17:14.0000000"
"MENU_000620","REST_00059","Huevos con Mole","Two eggs covered with mole sauce on a sincronizada. Served with refried beans, fresco cheese, and guacamole.","4.64431381225586","","","Desayunos Favoritos","$10.75","Dichos Taqueria","Breakfast, Mexican, Sandwiches","614 S Wayside Dr, Houston, TX 77011, USA","Houston","2022-11-07 21:17:14.0000000"
"MENU_000621","REST_00059","Huevos Con Nopales","Eggs scrambled with cactus.","4.64431381225586","","","Desayunos Tradicionales","$7.99","Dichos Taqueria","Breakfast, Mexican, Sandwiches","614 S Wayside Dr, Houston, TX 77011, USA","Houston","2022-11-07 21:17:14.0000000"
"MENU_000622","REST_00059","Huevos Con Papas","Eggs scrambled with potatoes.","4.64431381225586","","","Desayunos Tradicionales","$7.99","Dichos Taqueria","Breakfast, Mexican, Sandwiches","614 S Wayside Dr, Houston, TX 77011, USA","Houston","2022-11-07 21:17:14.0000000"
"MENU_000623","REST_00059","Huevos Con Tocino","Eggs scrambled with bacon.","4.64431381225586","","","Desayunos Tradicionales","$7.99","Dichos Taqueria","Breakfast, Mexican, Sandwiches","614 S Wayside Dr, Houston, TX 77011, USA","Houston","2022-11-07 21:17:14.0000000"
"MENU_000624","REST_00059","Huevos Divorciados con Fajita","One egg with red sauce, one egg with green sauce, and beef or chicken fajita. Served with refried beans.","4.64431381225586","","","Desayunos Favoritos","$13.99","Dichos Taqueria","Breakfast, Mexican, Sandwiches","614 S Wayside Dr, Houston, TX 77011, USA","Houston","2022-11-07 21:17:14.0000000"
"MENU_000625","REST_00059","Huevos Motulenos","Giant fried tortilla. Topped with refried beans three eggs covered with ranchero sauce and cheese. Served with ripe plantains (platano maduro).","4.64431381225586","","","Desayunos Favoritos","$9.99","Dichos Taqueria","Breakfast, Mexican, Sandwiches","614 S Wayside Dr, Houston, TX 77011, USA","Houston","2022-11-07 21:17:14.0000000"
"MENU_000626","REST_00059","Huevos Rancheros","Two eggs sunny side up. Topped with our ranchero sauce.","4.64431381225586","","","Desayunos Tradicionales","$7.99","Dichos Taqueria","Breakfast, Mexican, Sandwiches","614 S Wayside Dr, Houston, TX 77011, USA","Houston","2022-11-07 21:17:14.0000000"
"MENU_000627","REST_00059","Jalapeno Sausage & Egg taco","","4.64431381225586","","","Breakfast Tacos","$2.99","Dichos Taqueria","Breakfast, Mexican, Sandwiches","614 S Wayside Dr, Houston, TX 77011, USA","Houston","2022-11-07 21:17:14.0000000"
"MENU_000628","REST_00059","Jalapeno Sausage Brkfst Burrito","Eggs, beans, cheese, and potatoes.","4.64431381225586","","","Breakfast Burrito","$8.99","Dichos Taqueria","Breakfast, Mexican, Sandwiches","614 S Wayside Dr, Houston, TX 77011, USA","Houston","2022-11-07 21:17:14.0000000"
"MENU_000629","REST_00059","Jalapeno Sausage Mega Brkfst Taco","Egg, cheese, and potatoes.","4.64431381225586","","","Mega Breakfast Taco","$5.59","Dichos Taqueria","Breakfast, Mexican, Sandwiches","614 S Wayside Dr, Houston, TX 77011, USA","Houston","2022-11-07 21:17:14.0000000"
"MENU_000630","REST_00059","Jalapeno Sausage Sandwich","Egg and cheese.","4.64431381225586","","","Breakfast Sandwich","$6.75","Dichos Taqueria","Breakfast, Mexican, Sandwiches","614 S Wayside Dr, Houston, TX 77011, USA","Houston","2022-11-07 21:17:14.0000000"
"MENU_000631","REST_00059","Migas a La Mexicana","Eggs scrambled with tortilla chips and onions, tomato and jalapeno pepper.","4.64431381225586","","","Desayunos Tradicionales","$7.99","Dichos Taqueria","Breakfast, Mexican, Sandwiches","614 S Wayside Dr, Houston, TX 77011, USA","Houston","2022-11-07 21:17:14.0000000"
"MENU_000632","REST_00059","Molletes (2)","Two pieces.","4.64431381225586","","","Breakfast Sides","$5.99","Dichos Taqueria","Breakfast, Mexican, Sandwiches","614 S Wayside Dr, Houston, TX 77011, USA","Houston","2022-11-07 21:17:14.0000000"
"MENU_000633","REST_00059","Molletes Mixtos","Four pieces of Mexican bread topped with refried beans and choice of chorizo, bacon, ham or poblano peppers and white melted cheese. Served with pico de gallo.","4.64431381225586","","","Desayunos Favoritos","$10.99","Dichos Taqueria","Breakfast, Mexican, Sandwiches","614 S Wayside Dr, Houston, TX 77011, USA","Houston","2022-11-07 21:17:14.0000000"
"MENU_000634","REST_00059","Omelette","Three eggs filled with choice of chorizo, ham or bacon, and white cheese. Served with refried beans and ranchero sauce.","4.64431381225586","","","Desayunos Favoritos","$9.95","Dichos Taqueria","Breakfast, Mexican, Sandwiches","614 S Wayside Dr, Houston, TX 77011, USA","Houston","2022-11-07 21:17:14.0000000"
"MENU_000635","REST_00059","Omelette Fajita","Three eggs filled with choice of chicken or beef fajita, bell pepper, onions, tomato, and white cheese. Served with refried beans and ranchero sauce.","4.64431381225586","","","Desayunos Favoritos","$12.99","Dichos Taqueria","Breakfast, Mexican, Sandwiches","614 S Wayside Dr, Houston, TX 77011, USA","Houston","2022-11-07 21:17:14.0000000"
"MENU_000636","REST_00059","Pancakes  (1)","","4.64431381225586","","","Breakfast Sides","$1.99","Dichos Taqueria","Breakfast, Mexican, Sandwiches","614 S Wayside Dr, Houston, TX 77011, USA","Houston","2022-11-07 21:17:14.0000000"
"MENU_000637","REST_00059","Papas Con Chorizo","Potatoes with mean sausage.","4.64431381225586","","","Desayunos Tradicionales","$7.99","Dichos Taqueria","Breakfast, Mexican, Sandwiches","614 S Wayside Dr, Houston, TX 77011, USA","Houston","2022-11-07 21:17:14.0000000"
"MENU_000638","REST_00059","PAPAS RANCHERAS","Potatoes cooked with ranchero sauce.","4.64431381225586","","","Desayunos Tradicionales","$7.99","Dichos Taqueria","Breakfast, Mexican, Sandwiches","614 S Wayside Dr, Houston, TX 77011, USA","Houston","2022-11-07 21:17:14.0000000"
"MENU_000639","REST_00059","Pork Chop","One piece. (6oz)","4.64431381225586","","","Breakfast Sides","$5.99","Dichos Taqueria","Breakfast, Mexican, Sandwiches","614 S Wayside Dr, Houston, TX 77011, USA","Houston","2022-11-07 21:17:14.0000000"
"MENU_000640","REST_00059","Potato and Chorizo Taco","","4.64431381225586","","","Breakfast Tacos","$2.79","Dichos Taqueria","Breakfast, Mexican, Sandwiches","614 S Wayside Dr, Houston, TX 77011, USA","Houston","2022-11-07 21:17:14.0000000"
"MENU_000641","REST_00059","Potato and Egg Taco","","4.64431381225586","","","Breakfast Tacos","$2.69","Dichos Taqueria","Breakfast, Mexican, Sandwiches","614 S Wayside Dr, Houston, TX 77011, USA","Houston","2022-11-07 21:17:14.0000000"
"MENU_000642","REST_00059","Refried Beans side 4OZ.","4 oz","4.64431381225586","","","Breakfast Sides","$2.29","Dichos Taqueria","Breakfast, Mexican, Sandwiches","614 S Wayside Dr, Houston, TX 77011, USA","Houston","2022-11-07 21:17:14.0000000"
"MENU_000643","REST_00059","Sour Cream side  4oz.","","4.64431381225586","","","Breakfast Sides","$2.29","Dichos Taqueria","Breakfast, Mexican, Sandwiches","614 S Wayside Dr, Houston, TX 77011, USA","Houston","2022-11-07 21:17:14.0000000"
"MENU_000644","REST_00059","Steak Fajita Brkfst Torta","Egg, beans, cheese, and ham.","4.64431381225586","","","Breakfast Torta","$9.99","Dichos Taqueria","Breakfast, Mexican, Sandwiches","614 S Wayside Dr, Houston, TX 77011, USA","Houston","2022-11-07 21:17:14.0000000"
"MENU_000645","REST_00059","Steak Fajita Mega Brkfst Taco","Egg, cheese, and potatoes.","4.64431381225586","","","Mega Breakfast Taco","$6.49","Dichos Taqueria","Breakfast, Mexican, Sandwiches","614 S Wayside Dr, Houston, TX 77011, USA","Houston","2022-11-07 21:17:14.0000000"
"MENU_000646","REST_00059","Steak Fajita Sandwich","Egg and cheese.","4.64431381225586","","","Breakfast Sandwich","$7.99","Dichos Taqueria","Breakfast, Mexican, Sandwiches","614 S Wayside Dr, Houston, TX 77011, USA","Houston","2022-11-07 21:17:14.0000000"
"MENU_000647","REST_00060","Ancho Chicken Bowl","(Not available at Breakfast/Brunch)grilled cage free chicken with ancho chili sauce over cilantro lime rice & black beans topped with house roasted corn pico, cotija, & crispy tortilla strips","4.72276020050049","","","Mains","$16.29","Dish Society","Farm-to-Table Modern American","1050 Yale St, Houston, TX 77008, USA","Houston","2022-11-07 21:19:46.0000000"
"MENU_000648","REST_00060","Apple Pecan Salad","organic spring mix, spinach, romaine hearts, red wine poached apples, tx goat cheese, candied pecans, & basil with mustard seed vinaigrette","4.72259521484375","","","Salads","$14.59","Dish Society","Farm-to-Table Modern American","1050 Yale St, Houston, TX 77008, USA","Houston","2022-10-30 15:09:30.0000000"
"MENU_000649","REST_00060","Balsamic Bacon Brussels Sprouts","[serves 7]","4.72276020050049","","","Catering","$51.59","Dish Society","Farm-to-Table Modern American","1050 Yale St, Houston, TX 77008, USA","Houston","2022-11-07 21:19:46.0000000"
"MENU_000650","REST_00060","Balsamic Bacon Brussels Sprouts","(Not available at Breakfast/Brunch)","4.72276020050049","","","Soups/Sides","$7.89","Dish Society","Farm-to-Table Modern American","1050 Yale St, Houston, TX 77008, USA","Houston","2022-11-07 21:19:46.0000000"
"MENU_000651","REST_00060","BBQ Brisket Sliders Tray","smoked & pulled tx brisket with house bbq sauce, pickled red onions, & cabbage slaw on pretzel buns [48 hr notice required]dozen","4.72276020050049","","","Catering","$72.89","Dish Society","Farm-to-Table Modern American","1050 Yale St, Houston, TX 77008, USA","Houston","2022-11-07 21:19:46.0000000"
"MENU_000652","REST_00060","Beignets","","4.72259521484375","","","Everyday Brunch","$7.89","Dish Society","Farm-to-Table Modern American","1050 Yale St, Houston, TX 77008, USA","Houston","2022-10-30 15:09:30.0000000"
"MENU_000653","REST_00060","Bittersweet Ginphony","aviation gin • lemon • cane sugar • bitters • mint","4.72276020050049","","","Cocktails","$5.69","Dish Society","Farm-to-Table Modern American","1050 Yale St, Houston, TX 77008, USA","Houston","2022-11-07 21:19:46.0000000"
"MENU_000654","REST_00060","Bloody Mary","tito’s vodka • house bloody mary mix","4.72276020050049","","","Cocktails","$6.19","Dish Society","Farm-to-Table Modern American","1050 Yale St, Houston, TX 77008, USA","Houston","2022-11-07 21:19:46.0000000"
"MENU_000655","REST_00060","Bloody Mary Carafe","","4.72276020050049","","","Cocktails","$13.49","Dish Society","Farm-to-Table Modern American","1050 Yale St, Houston, TX 77008, USA","Houston","2022-11-07 21:19:46.0000000"
"MENU_000656","REST_00060","Brisket Stuffed Sweet Potato","[each] baked sweet potato stuffed with smoked & pulled texas brisket, green onions, white cheddar, house bbq sauce, & cabbage slaw","4.72276020050049","","","Catering","$17.39","Dish Society","Farm-to-Table Modern American","1050 Yale St, Houston, TX 77008, USA","Houston","2022-11-07 21:19:46.0000000"
"MENU_000657","REST_00060","Brisket Stuffed Sweet Potato","(Not available at Breakfast/Brunch)baked sweet potato stuffed with smoked & chopped texas brisket, green onions, white cheddar, house bbq sauce & cabbage slaw","4.72276020050049","","","Mains","$17.39","Dish Society","Farm-to-Table Modern American","1050 Yale St, Houston, TX 77008, USA","Houston","2022-11-07 21:19:46.0000000"
"MENU_000658","REST_00060","Bro-mosa","karbach blood orange Radler • oj • lemon juice","4.72276020050049","","","Cocktails","$3.39","Dish Society","Farm-to-Table Modern American","1050 Yale St, Houston, TX 77008, USA","Houston","2022-11-07 21:19:46.0000000"
"MENU_000659","REST_00060","Buttered Noodles","","4.72276020050049","","","Childish","$7.89","Dish Society","Farm-to-Table Modern American","1050 Yale St, Houston, TX 77008, USA","Houston","2022-11-07 21:19:46.0000000"
"MENU_000660","REST_00060","Cabernet - B Side","","4.72276020050049","","","Wine","$20.19","Dish Society","Farm-to-Table Modern American","1050 Yale St, Houston, TX 77008, USA","Houston","2022-11-07 21:19:46.0000000"
"MENU_000661","REST_00060","Cabernet - Sand Point","","4.72276020050049","","","Wine","$11.29","Dish Society","Farm-to-Table Modern American","1050 Yale St, Houston, TX 77008, USA","Houston","2022-11-07 21:19:46.0000000"
"MENU_000662","REST_00060","Chardonnay - Cambria","","4.72276020050049","","","Wine","$20.79","Dish Society","Farm-to-Table Modern American","1050 Yale St, Houston, TX 77008, USA","Houston","2022-11-07 21:19:46.0000000"
"MENU_000663","REST_00060","Chicken Lettuce Cups","(Not available at Breakfast/Brunch)[new snack size] cabbage, mushrooms, carrot, green onion, water chestnuts, miso-peanut sauce, crushed peanuts, serrano, crispy rice sticks","4.72276020050049","","","New Snacks","$7.89","Dish Society","Farm-to-Table Modern American","1050 Yale St, Houston, TX 77008, USA","Houston","2022-11-07 21:19:46.0000000"
"MENU_000664","REST_00060","Chicken Tortilla Bowl","(Not available at Breakfast/Brunch)","4.72276020050049","","","Soups/Sides","$7.89","Dish Society","Farm-to-Table Modern American","1050 Yale St, Houston, TX 77008, USA","Houston","2022-11-07 21:19:46.0000000"
"MENU_000665","REST_00060","Chicken Tortilla Cup","[each]","4.72276020050049","","","Catering","$4.49","Dish Society","Farm-to-Table Modern American","1050 Yale St, Houston, TX 77008, USA","Houston","2022-11-07 21:19:46.0000000"
"MENU_000666","REST_00060","Chicken Tortilla Cup","(Not available at Breakfast/Brunch)","4.72276020050049","","","Soups/Sides","$4.49","Dish Society","Farm-to-Table Modern American","1050 Yale St, Houston, TX 77008, USA","Houston","2022-11-07 21:19:46.0000000"
"MENU_000667","REST_00060","Chocolate Chip Cookies","[dozen]","4.72276020050049","","","Catering","$28.09","Dish Society","Farm-to-Table Modern American","1050 Yale St, Houston, TX 77008, USA","Houston","2022-11-07 21:19:46.0000000"
"MENU_000668","REST_00060","Citrus Glazed Salmon","(Not available at Breakfast/Brunch)pan seared citrus glazed salmon* with organic quinoa, caramelized onion, roasted carrots, tomato, orange, & mint [avocado +2]","4.72276020050049","","","Mains","$21.09","Dish Society","Farm-to-Table Modern American","1050 Yale St, Houston, TX 77008, USA","Houston","2022-11-07 21:19:46.0000000"
"MENU_000669","REST_00060","Citrus Ranch Water","playa real silver • topo • lime • grapefruit","4.72276020050049","","","Cocktails","$6.19","Dish Society","Farm-to-Table Modern American","1050 Yale St, Houston, TX 77008, USA","Houston","2022-11-07 21:19:46.0000000"
"MENU_000670","REST_00060","Farmers Plate","(Not available at Breakfast/Brunch)Pick a Protein and 2 Sides ","4.72276020050049","","","Mains","$16.89","Dish Society","Farm-to-Table Modern American","1050 Yale St, Houston, TX 77008, USA","Houston","2022-11-07 21:19:46.0000000"
"MENU_000671","REST_00060","Fresh Brewed Coffee Box","","4.72276020050049","","","Catering","$17.99","Dish Society","Farm-to-Table Modern American","1050 Yale St, Houston, TX 77008, USA","Houston","2022-11-07 21:19:46.0000000"
"MENU_000672","REST_00060","Fried Smoked Gouda Grit Balls","(Not available at Breakfast/Brunch)[new snack portion]with jalapeño jelly","4.72276020050049","","","New Snacks","$5.69","Dish Society","Farm-to-Table Modern American","1050 Yale St, Houston, TX 77008, USA","Houston","2022-11-07 21:19:46.0000000"
"MENU_000673","REST_00060","Fried Smoked Gouda Grits Balls Tray","[dozen] with jalapeño jelly","4.72276020050049","","","Catering","$14.59","Dish Society","Farm-to-Table Modern American","1050 Yale St, Houston, TX 77008, USA","Houston","2022-11-07 21:19:46.0000000"
"MENU_000674","REST_00060","Frozen Prickly Pear - Carafe","","4.72276020050049","","","Cocktails","$15.69","Dish Society","Farm-to-Table Modern American","1050 Yale St, Houston, TX 77008, USA","Houston","2022-11-07 21:19:46.0000000"
"MENU_000675","REST_00060","Frozen Prickly Pear - Gallon","","4.72276020050049","","","Cocktails","$36.49","Dish Society","Farm-to-Table Modern American","1050 Yale St, Houston, TX 77008, USA","Houston","2022-11-07 21:19:46.0000000"
"MENU_000676","REST_00060","Frozen Prickly Pear Margarita","","4.72276020050049","","","Cocktails","$6.19","Dish Society","Farm-to-Table Modern American","1050 Yale St, Houston, TX 77008, USA","Houston","2022-11-07 21:19:46.0000000"
"MENU_000677","REST_00060","Grilled Chicken Strips with Veggies & Queso","","4.72276020050049","","","Childish","$7.89","Dish Society","Farm-to-Table Modern American","1050 Yale St, Houston, TX 77008, USA","Houston","2022-11-07 21:19:46.0000000"
"MENU_000678","REST_00060","Half Quinoa Stuffed Avocado","avocado half topped with citrus quinoa relishon organic greens","4.72276020050049","","","New Snacks","$6.19","Dish Society","Farm-to-Table Modern American","1050 Yale St, Houston, TX 77008, USA","Houston","2022-11-07 21:19:46.0000000"
"MENU_000679","REST_00060","Hummus & Pita","[new snack size] chickpea hummus, marinated tomato, cucumber, kalamata and black olives, olive oil, basil, mint, & sumac with warm pita bread","4.72276020050049","","","New Snacks","$10.09","Dish Society","Farm-to-Table Modern American","1050 Yale St, Houston, TX 77008, USA","Houston","2022-11-07 21:19:46.0000000"
"MENU_000680","REST_00060","Mashed Sweet Potatoes","[serves 7]","4.72276020050049","","","Catering","$31.39","Dish Society","Farm-to-Table Modern American","1050 Yale St, Houston, TX 77008, USA","Houston","2022-11-07 21:19:46.0000000"
"MENU_000681","REST_00060","Mashed Sweet Potatoes","(Not available at Breakfast/Brunch)","4.72276020050049","","","Soups/Sides","$4.79","Dish Society","Farm-to-Table Modern American","1050 Yale St, Houston, TX 77008, USA","Houston","2022-11-07 21:19:46.0000000"
"MENU_000682","REST_00060","Mimosa Carafe","","4.72276020050049","","","Cocktails","$9.59","Dish Society","Farm-to-Table Modern American","1050 Yale St, Houston, TX 77008, USA","Houston","2022-11-07 21:19:46.0000000"
"MENU_000683","REST_00060","North Atlantic Salmon Tray","[serves 7]","4.72276020050049","","","Catering","$87.39","Dish Society","Farm-to-Table Modern American","1050 Yale St, Houston, TX 77008, USA","Houston","2022-11-07 21:19:46.0000000"
"MENU_000684","REST_00060","Pacific Empress","empress gin, cucumber, lavender, lime, lemon","4.72276020050049","","","Cocktails","$6.19","Dish Society","Farm-to-Table Modern American","1050 Yale St, Houston, TX 77008, USA","Houston","2022-11-07 21:19:46.0000000"
"MENU_000685","REST_00060","Petite Syrah - The Crusher","","4.72276020050049","","","Wine","$15.19","Dish Society","Farm-to-Table Modern American","1050 Yale St, Houston, TX 77008, USA","Houston","2022-11-07 21:19:46.0000000"
"MENU_000686","REST_00060","Popcorn Shrimp","","4.72276020050049","","","Childish","$7.89","Dish Society","Farm-to-Table Modern American","1050 Yale St, Houston, TX 77008, USA","Houston","2022-11-07 21:19:46.0000000"
"MENU_000687","REST_00060","Pretzels and Queso","[new snack size] smoked gouda queso with warm pretzel bread","4.72276020050049","","","New Snacks","$5.69","Dish Society","Farm-to-Table Modern American","1050 Yale St, Houston, TX 77008, USA","Houston","2022-11-07 21:19:46.0000000"
"MENU_000688","REST_00060","Quesadilla Tray","[serves 7] Choose: chicken • steak • cheese","4.72276020050049","","","Catering","$36.99","Dish Society","Farm-to-Table Modern American","1050 Yale St, Houston, TX 77008, USA","Houston","2022-11-07 21:19:46.0000000"
"MENU_000689","REST_00060","Quesadillas","","4.72276020050049","","","Childish","$7.89","Dish Society","Farm-to-Table Modern American","1050 Yale St, Houston, TX 77008, USA","Houston","2022-11-07 21:19:46.0000000"
"MENU_000690","REST_00060","Roasted Seasonal Vegetables","[serves 7]","4.72276020050049","","","Catering","$44.89","Dish Society","Farm-to-Table Modern American","1050 Yale St, Houston, TX 77008, USA","Houston","2022-11-07 21:19:46.0000000"
"MENU_000691","REST_00060","Rose | Famille Perrin ","","4.72276020050049","","","Wine","$13.49","Dish Society","Farm-to-Table Modern American","1050 Yale St, Houston, TX 77008, USA","Houston","2022-11-07 21:19:46.0000000"
"MENU_000692","REST_00060","Sauteed Greens","[serves 7]","4.72276020050049","","","Catering","$31.39","Dish Society","Farm-to-Table Modern American","1050 Yale St, Houston, TX 77008, USA","Houston","2022-11-07 21:19:46.0000000"
"MENU_000693","REST_00060","Sauteed Greens","(Not available at Breakfast/Brunch)","4.72276020050049","","","Soups/Sides","$4.79","Dish Society","Farm-to-Table Modern American","1050 Yale St, Houston, TX 77008, USA","Houston","2022-11-07 21:19:46.0000000"
"MENU_000694","REST_00060","Seasonal Bisque Cup","[each]","4.72276020050049","","","Catering","$4.49","Dish Society","Farm-to-Table Modern American","1050 Yale St, Houston, TX 77008, USA","Houston","2022-11-07 21:19:46.0000000"
"MENU_000695","REST_00060","Seasonal Vegetables","(Not available at Breakfast/Brunch)","4.72276020050049","","","Soups/Sides","$6.79","Dish Society","Farm-to-Table Modern American","1050 Yale St, Houston, TX 77008, USA","Houston","2022-11-07 21:19:46.0000000"
"MENU_000696","REST_00060","Small Apple Pecan Salad","organic spring mix, spinach, romaine hearts, red wine poached apples, tx goat cheese, candied pecans, & basil with mustard seed vinaigrette","4.72259521484375","","","Soups/Sides","$8.99","Dish Society","Farm-to-Table Modern American","1050 Yale St, Houston, TX 77008, USA","Houston","2022-10-30 15:09:30.0000000"
"MENU_000697","REST_00060","Texas Pecan Pesto Pasta","(Not available at Breakfast/Brunch)linguini, house tx pecan basil pesto, creme fraiche, spinach, grape tomatoes & parmesan ","4.72276020050049","","","Mains","$13.49","Dish Society","Farm-to-Table Modern American","1050 Yale St, Houston, TX 77008, USA","Houston","2022-11-07 21:19:46.0000000"
"MENU_000698","REST_00060","Texas Pecan Pesto Pasta Tray","[serves 7-10] Linguini, house tx pecan basil pesto, creme fraiche, spinach, grape tomatoes & parmesan","4.72276020050049","","","Catering","$85.19","Dish Society","Farm-to-Table Modern American","1050 Yale St, Houston, TX 77008, USA","Houston","2022-11-07 21:19:46.0000000"
"MENU_000699","REST_00060","Tomato Basil Bisque Bowl","(Not available at Breakfast/Brunch)","4.72276020050049","","","Soups/Sides","$7.89","Dish Society","Farm-to-Table Modern American","1050 Yale St, Houston, TX 77008, USA","Houston","2022-11-07 21:19:46.0000000"
"MENU_000700","REST_00060","Tomato Basil Bisque Cup","(Not available at Breakfast/Brunch)","4.72276020050049","","","Soups/Sides","$4.49","Dish Society","Farm-to-Table Modern American","1050 Yale St, Houston, TX 77008, USA","Houston","2022-11-07 21:19:46.0000000"
"MENU_000701","REST_00060","Truffle Mac & Cheese ","[serves 7]","4.72276020050049","","","Catering","$51.59","Dish Society","Farm-to-Table Modern American","1050 Yale St, Houston, TX 77008, USA","Houston","2022-11-07 21:19:46.0000000"
"MENU_000702","REST_00060","Truffle Mac and Cheese","(Not available at Breakfast/Brunch)","4.72276020050049","","","Soups/Sides","$7.89","Dish Society","Farm-to-Table Modern American","1050 Yale St, Houston, TX 77008, USA","Houston","2022-11-07 21:19:46.0000000"
"MENU_000703","REST_00060","Virgin Mojito","mint • lime • club soda • cane sugar","4.72276020050049","","","Drinks","$3.99","Dish Society","Farm-to-Table Modern American","1050 Yale St, Houston, TX 77008, USA","Houston","2022-11-07 21:19:46.0000000"
"MENU_000704","REST_00060","White Chocolate Pretzel Bread Pudding","pretzel bread, white chocolate, poached apple, cinnamon cream anglaise & shaved almonds","4.72276020050049","","","Desserts","$7.89","Dish Society","Farm-to-Table Modern American","1050 Yale St, Houston, TX 77008, USA","Houston","2022-11-07 21:19:46.0000000"
"MENU_000705","REST_00061","BRUSCHETTA  4 pcs ","- mozzarella, tomato, basil ","4.58141183853149","","","Appetizers","$15.00","District 7 Pizzeria","Italian, Pizza, Appetizers, Sandwiches","1508 Hutchins St, 1508 hutchins Houston, TX 77007","Houston","2022-11-07 21:14:06.0000000"
"MENU_000706","REST_00061","Chicken Fajita","3 Tacos With Cilantro and onion. served with black beans,  pico de gallo, salsa verde  ","4.58141183853149","","","Tex Mex Tacos ","$15.00","District 7 Pizzeria","Italian, Pizza, Appetizers, Sandwiches","1508 Hutchins St, 1508 hutchins Houston, TX 77007","Houston","2022-11-07 21:14:06.0000000"
"MENU_000707","REST_00061","Fajita Beef","3 Tacos With Cilantro and onion. served with black beans,  pico de gallo, salsa verde  ","4.58141183853149","","","Tex Mex Tacos ","$15.00","District 7 Pizzeria","Italian, Pizza, Appetizers, Sandwiches","1508 Hutchins St, 1508 hutchins Houston, TX 77007","Houston","2022-11-07 21:14:06.0000000"
"MENU_000708","REST_00061","Fish","3 Tacos, Red cabbage, tomato, cilantro, onions, chipotle ranch. served with black beans ","4.58141183853149","","","Tex Mex Tacos ","$15.00","District 7 Pizzeria","Italian, Pizza, Appetizers, Sandwiches","1508 Hutchins St, 1508 hutchins Houston, TX 77007","Houston","2022-11-07 21:14:06.0000000"
"MENU_000709","REST_00061","GRILLED CHICKEN PESTO CLUB ","Lettuce, tomato, onion, bacon, avocadoserved with fries ","4.58141183853149","","","Sandwiches & Subs","$15.00","District 7 Pizzeria","Italian, Pizza, Appetizers, Sandwiches","1508 Hutchins St, 1508 hutchins Houston, TX 77007","Houston","2022-11-07 21:14:06.0000000"
"MENU_000710","REST_00061","GRILLED WINGS (24) COUNT ","wings flavors: hot buffalo, rosemary sweetchili, lemon pepper, garlic parmesan, bbq,honey bbq, olive oil & light seasoning– dip sauces (extra sauce .50ea) ranch,bleu cheese, bbq marinara, Garlic Butter,Hot Buffalo","4.58141183853149","","","Appetizers","$45.00","District 7 Pizzeria","Italian, Pizza, Appetizers, Sandwiches","1508 Hutchins St, 1508 hutchins Houston, TX 77007","Houston","2022-11-07 21:14:06.0000000"
"MENU_000711","REST_00061","Grilled Wings 6 Count","wings flavors: hot buffalo, rosemary sweetchili, lemon pepper, garlic parmesan, bbq,honey bbq, olive oil & light seasoning","4.58141183853149","","","Appetizers","$13.00","District 7 Pizzeria","Italian, Pizza, Appetizers, Sandwiches","1508 Hutchins St, 1508 hutchins Houston, TX 77007","Houston","2022-11-07 21:14:06.0000000"
"MENU_000712","REST_00061","MEXICAN CORN BOWL ","corn, mayonnaise, parmesan, tajin,valentina sauce","4.58141183853149","","","Appetizers","$5.00","District 7 Pizzeria","Italian, Pizza, Appetizers, Sandwiches","1508 Hutchins St, 1508 hutchins Houston, TX 77007","Houston","2022-11-07 21:14:06.0000000"
"MENU_000713","REST_00061","NY REUBEN ","Pastrami, sauerkraut, mozzarella, pickles,roastper. ","4.58141183853149","","","Sandwiches & Subs","$16.00","District 7 Pizzeria","Italian, Pizza, Appetizers, Sandwiches","1508 Hutchins St, 1508 hutchins Houston, TX 77007","Houston","2022-11-07 21:14:06.0000000"
"MENU_000714","REST_00061","PARMESAN CRUSTED CHICKEN ","Linguine Pesto or Marinara, Parmesan,Basil, Tomato","4.58141183853149","","","Pastas","$15.00","District 7 Pizzeria","Italian, Pizza, Appetizers, Sandwiches","1508 Hutchins St, 1508 hutchins Houston, TX 77007","Houston","2022-11-07 21:14:06.0000000"
"MENU_000715","REST_00061","PARMESAN CRUSTED CHICKEN ","Arugula, Mozzarella, Onion, Dispread (addPesto, N/C)","4.58141183853149","","","Sandwiches & Subs","$15.00","District 7 Pizzeria","Italian, Pizza, Appetizers, Sandwiches","1508 Hutchins St, 1508 hutchins Houston, TX 77007","Houston","2022-11-07 21:14:06.0000000"
"MENU_000716","REST_00061","Truffle Steak Fries","Steak Truffle Fries Topped with Parsley &Parmesan ","4.58141183853149","","","Appetizers","$6.00","District 7 Pizzeria","Italian, Pizza, Appetizers, Sandwiches","1508 Hutchins St, 1508 hutchins Houston, TX 77007","Houston","2022-11-07 21:14:06.0000000"
"MENU_000717","REST_00062","Elote","Corn, cheese, mayo, sour cream, lime, topped with crumbled cheetos","4.31238794326782","","","Sides","$4.50","Dripped Birria","Halal, Birria, Quesadillas, Fries, Tacos, Nachos, Mexican, Fast Food","1731 Westheimer Rd, Houston, TX 77098, USA","Houston","2022-10-27 23:07:42.0000000"
"MENU_000718","REST_00062","Sprite","Canned Drink","4.31238794326782","","","Drinks","$2.50","Dripped Birria","Halal, Birria, Quesadillas, Fries, Tacos, Nachos, Mexican, Fast Food","1731 Westheimer Rd, Houston, TX 77098, USA","Houston","2022-10-27 23:07:42.0000000"
"MENU_000719","REST_00063","Black Pepper Ribeye Steak","10oz USDA Prime steak.","4.67195796966553","","","Beef & Lamb","$28.95","duck n bao","duck n bao","5535 Memorial Dr, Houston, TX 77007, USA","Houston","2022-11-07 21:16:49.0000000"
"MENU_000720","REST_00063","Garlic Spicy Edamame","Soybeans.","4.67195796966553","","","Appetizers","$7.00","duck n bao","duck n bao","5535 Memorial Dr, Houston, TX 77007, USA","Houston","2022-11-07 21:16:49.0000000"
"MENU_000721","REST_00063","Half Peking Duck","Included: 6 pancakes, duck sauce, cucumber and scallion.","4.67195796966553","","","Peking Duck","$38.00","duck n bao","duck n bao","5535 Memorial Dr, Houston, TX 77007, USA","Houston","2022-11-07 21:16:49.0000000"
"MENU_000722","REST_00063","Mapo Tofu","Spicy. Organic tofu. Add ground beef for additional price.","4.67195796966553","","","Vegetable","$15.95","duck n bao","duck n bao","5535 Memorial Dr, Houston, TX 77007, USA","Houston","2022-11-07 21:16:49.0000000"
"MENU_000723","REST_00063","Pork Belly with Bun","Slow-braised pork belly, preserved veggies with buns. 15 mins cooking time.","4.67195796966553","","","Pork","$21.95","duck n bao","duck n bao","5535 Memorial Dr, Houston, TX 77007, USA","Houston","2022-11-07 21:16:49.0000000"
"MENU_000724","REST_00063","Sichuan Pepper & Chili Ribeye Steak","10oz USDA Prime steak.","4.67195796966553","","","Beef & Lamb","$28.95","duck n bao","duck n bao","5535 Memorial Dr, Houston, TX 77007, USA","Houston","2022-11-07 21:16:49.0000000"
"MENU_000725","REST_00063","Spicy Shrimp with Crispy Rice","Spicy.","4.67195796966553","","","Seafood","$24.95","duck n bao","duck n bao","5535 Memorial Dr, Houston, TX 77007, USA","Houston","2022-11-07 21:16:49.0000000"
"MENU_000726","REST_00063","Whole Peking Duck","Included: 12 pancakes, duck sauce, cucumber and scallion large house special duck soup or minced duck with lettuce wrap.","4.67195796966553","","","Peking Duck","$68.00","duck n bao","duck n bao","5535 Memorial Dr, Houston, TX 77007, USA","Houston","2022-11-07 21:16:49.0000000"
"MENU_000727","REST_00063","凉拌黄瓜 / Garlic Cucumber Salad","Cucumber mixed with dressing.","4.67195796966553","","","Appetizers","$9.00","duck n bao","duck n bao","5535 Memorial Dr, Houston, TX 77007, USA","Houston","2022-11-07 21:16:49.0000000"
"MENU_000728","REST_00063","四川担担面 / Dan Dan Noodle","Spicy. Sichuan fresh made noodle with chili oil.","4.67195796966553","","","Dim Sim & Dumpling","$9.50","duck n bao","duck n bao","5535 Memorial Dr, Houston, TX 77007, USA","Houston","2022-11-07 21:16:49.0000000"
"MENU_000729","REST_00063","孜然牛肉 / Cumin Beef","Spicy.","4.67195796966553","","","Beef & Lamb","$20.95","duck n bao","duck n bao","5535 Memorial Dr, Houston, TX 77007, USA","Houston","2022-11-07 21:16:49.0000000"
"MENU_000730","REST_00063","孜然羊肉 / Cumin Lamb","Spicy.","4.67195796966553","","","Beef & Lamb","$22.95","duck n bao","duck n bao","5535 Memorial Dr, Houston, TX 77007, USA","Houston","2022-11-07 21:16:49.0000000"
"MENU_000731","REST_00063","宫爆虾 / Kung Pao Shrimp","Spicy.","4.67195796966553","","","Seafood","$22.95","duck n bao","duck n bao","5535 Memorial Dr, Houston, TX 77007, USA","Houston","2022-11-07 21:16:49.0000000"
"MENU_000732","REST_00063","干煸四季豆 / Stir Fried String Bean","","4.67195796966553","","","Vegetable","$15.95","duck n bao","duck n bao","5535 Memorial Dr, Houston, TX 77007, USA","Houston","2022-11-07 21:16:49.0000000"
"MENU_000733","REST_00063","干锅牛 / House Spicy Dry Pot with Steak & Vegetables","Spicy.","4.67195796966553","","","Beef & Lamb","$22.95","duck n bao","duck n bao","5535 Memorial Dr, Houston, TX 77007, USA","Houston","2022-11-07 21:16:49.0000000"
"MENU_000734","REST_00063","干锅鱿鱼 and 虾 / House Spicy Dry Pot Prawns & Calamari","Spicy.","4.67195796966553","","","Seafood","$27.95","duck n bao","duck n bao","5535 Memorial Dr, Houston, TX 77007, USA","Houston","2022-11-07 21:16:49.0000000"
"MENU_000735","REST_00063","干锅鸡 / House Spicy Dry Pot with Chicken","","4.67195796966553","","","Chicken","$20.95","duck n bao","duck n bao","5535 Memorial Dr, Houston, TX 77007, USA","Houston","2022-11-07 21:16:49.0000000"
"MENU_000736","REST_00063","彩色综合蒸饺 / Special Mix Steamed Dumpling","Six pieces. Yellow-chicken and cabbage, purple-pork and shrimp, green-seasonal veggies.","4.67195796966553","","","Dim Sim & Dumpling","$11.50","duck n bao","duck n bao","5535 Memorial Dr, Houston, TX 77007, USA","Houston","2022-11-07 21:16:49.0000000"
"MENU_000737","REST_00063","扬州炒饭 / Yangzhou Style Fried Rice","Shrimp, luncheon meat, egg white, green onion.","4.67195796966553","","","Fried Rice & Noodle","$16.00","duck n bao","duck n bao","5535 Memorial Dr, Houston, TX 77007, USA","Houston","2022-11-07 21:16:49.0000000"
"MENU_000738","REST_00063","抱子甘蓝 / Kung Pao Brussels Sprouts","Sautéed brussels sprouts; peanut with kung pao sauce.","4.67195796966553","","","Appetizers","$10.00","duck n bao","duck n bao","5535 Memorial Dr, Houston, TX 77007, USA","Houston","2022-11-07 21:16:49.0000000"
"MENU_000739","REST_00063","松鼠鱼 / Sweet & Sour Whole Fish (Boneless)","","4.67195796966553","","","Seafood","$27.95","duck n bao","duck n bao","5535 Memorial Dr, Houston, TX 77007, USA","Houston","2022-11-07 21:16:49.0000000"
"MENU_000740","REST_00063","椒盐鱿鱼 / Salt & Pepper Calamari","","4.67195796966553","","","Seafood","$22.95","duck n bao","duck n bao","5535 Memorial Dr, Houston, TX 77007, USA","Houston","2022-11-07 21:16:49.0000000"
"MENU_000741","REST_00063","樟茶排骨 / Tea Leaf Smoked Pork Ribs","","4.67195796966553","","","Pork","$22.95","duck n bao","duck n bao","5535 Memorial Dr, Houston, TX 77007, USA","Houston","2022-11-07 21:16:49.0000000"
"MENU_000742","REST_00063","水晶虾饺 / Crystal Shrimp Dumpling","Four pieces. Shrimp dumpling.","4.67195796966553","","","Dim Sim & Dumpling","$9.50","duck n bao","duck n bao","5535 Memorial Dr, Houston, TX 77007, USA","Houston","2022-11-07 21:16:49.0000000"
"MENU_000743","REST_00063","水煮毛豆 / Edamame","Soybeans.","4.67195796966553","","","Appetizers","$6.00","duck n bao","duck n bao","5535 Memorial Dr, Houston, TX 77007, USA","Houston","2022-11-07 21:16:49.0000000"
"MENU_000744","REST_00063","水煮牛肉 / Flaming Beef","Spicy. Poached flank steak with Sichuan pepper broth.","4.67195796966553","","","Beef & Lamb","$21.95","duck n bao","duck n bao","5535 Memorial Dr, Houston, TX 77007, USA","Houston","2022-11-07 21:16:49.0000000"
"MENU_000745","REST_00063","海鲜蛋白炒饭 / Seafood Fried Rice with Egg White","Shrimp, calamari, scallop.","4.67195796966553","","","Fried Rice & Noodle","$19.50","duck n bao","duck n bao","5535 Memorial Dr, Houston, TX 77007, USA","Houston","2022-11-07 21:16:49.0000000"
"MENU_000746","REST_00063","火鸭小南瓜 / Roasted Duck Pumpkin Puff","Four pieces.","4.67195796966553","","","Appetizers","$10.00","duck n bao","duck n bao","5535 Memorial Dr, Houston, TX 77007, USA","Houston","2022-11-07 21:16:49.0000000"
"MENU_000747","REST_00063","炉 / 醋溜莲花白 / Stir Fried Chinese Cabbage","Dry chili pepper and sweet sour.","4.67195796966553","","","Vegetable","$14.95","duck n bao","duck n bao","5535 Memorial Dr, Houston, TX 77007, USA","Houston","2022-11-07 21:16:49.0000000"
"MENU_000748","REST_00063","炉炒 / 蒜蓉青江菜 / Stir Fried Bok Choy","Dry chili pepper and garlic.","4.67195796966553","","","Vegetable","$14.95","duck n bao","duck n bao","5535 Memorial Dr, Houston, TX 77007, USA","Houston","2022-11-07 21:16:49.0000000"
"MENU_000749","REST_00063","炮炒 / 醋溜莲藕 / Stir Fried Lotus Root","Dry chili pepper and sweet sour.","4.67195796966553","","","Vegetable","$15.95","duck n bao","duck n bao","5535 Memorial Dr, Houston, TX 77007, USA","Houston","2022-11-07 21:16:49.0000000"
"MENU_000750","REST_00063","炸云吞 / Fried Cheese Puff","","4.67195796966553","","","Appetizers","$7.00","duck n bao","duck n bao","5535 Memorial Dr, Houston, TX 77007, USA","Houston","2022-11-07 21:16:49.0000000"
"MENU_000751","REST_00063","煎饺 / Pan Fried Pork Dumplings","Six pieces. Pork or veggie.","4.67195796966553","","","Dim Sim & Dumpling","$8.95","duck n bao","duck n bao","5535 Memorial Dr, Houston, TX 77007, USA","Houston","2022-11-07 21:16:49.0000000"
"MENU_000752","REST_00063","特色猪肉虾烧卖 / Shrimp & Pork Shumai","Four pieces.","4.67195796966553","","","Dim Sim & Dumpling","$9.50","duck n bao","duck n bao","5535 Memorial Dr, Houston, TX 77007, USA","Houston","2022-11-07 21:16:49.0000000"
"MENU_000753","REST_00063","猪肉小笼包 / Pork Soup Dumpling","Six pieces.","4.67195796966553","","","Dim Sim & Dumpling","$11.95","duck n bao","duck n bao","5535 Memorial Dr, Houston, TX 77007, USA","Houston","2022-11-07 21:16:49.0000000"
"MENU_000754","REST_00063","红油抄手 / Hot Oil Wontons","Spicy. House made pork wontons with chef special chili oil.","4.67195796966553","","","Dim Sim & Dumpling","$9.50","duck n bao","duck n bao","5535 Memorial Dr, Houston, TX 77007, USA","Houston","2022-11-07 21:16:49.0000000"
"MENU_000755","REST_00063","红烧肉 and 鹤鹑蛋 / Braised Pork Belly with Quail Eggs","","4.67195796966553","","","Pork","$21.95","duck n bao","duck n bao","5535 Memorial Dr, Houston, TX 77007, USA","Houston","2022-11-07 21:16:49.0000000"
"MENU_000756","REST_00063","芥蓝牛肉 / Beef Broccoli","","4.67195796966553","","","Beef & Lamb","$18.95","duck n bao","duck n bao","5535 Memorial Dr, Houston, TX 77007, USA","Houston","2022-11-07 21:16:49.0000000"
"MENU_000757","REST_00063","芥蓝虾 / Jumbo Shrimp with Broccoli","","4.67195796966553","","","Seafood","$22.95","duck n bao","duck n bao","5535 Memorial Dr, Houston, TX 77007, USA","Houston","2022-11-07 21:16:49.0000000"
"MENU_000758","REST_00063","葱油饼 / Crisp Scallion Pancake","","4.67195796966553","","","Dim Sim & Dumpling","$7.50","duck n bao","duck n bao","5535 Memorial Dr, Houston, TX 77007, USA","Houston","2022-11-07 21:16:49.0000000"
"MENU_000759","REST_00063","蒙古牛肉 / Mongolian Beef","Beef with brown sauce and vegetables.","4.67195796966553","","","Beef & Lamb","$18.95","duck n bao","duck n bao","5535 Memorial Dr, Houston, TX 77007, USA","Houston","2022-11-07 21:16:49.0000000"
"MENU_000760","REST_00063","蟹肉小笼包 / Crab Meat & Pork Soup Dumpling","Six pieces.","4.67195796966553","","","Dim Sim & Dumpling","$14.50","duck n bao","duck n bao","5535 Memorial Dr, Houston, TX 77007, USA","Houston","2022-11-07 21:16:49.0000000"
"MENU_000761","REST_00063","酸辣汤 / Hot Sour Soup","Spicy.","4.67195796966553","","","Soup","$6.00","duck n bao","duck n bao","5535 Memorial Dr, Houston, TX 77007, USA","Houston","2022-11-07 21:16:49.0000000"
"MENU_000762","REST_00063","飘香辣子鸡 / Crispy Spicy Chicken","Spicy.","4.67195796966553","","","Chicken","$18.95","duck n bao","duck n bao","5535 Memorial Dr, Houston, TX 77007, USA","Houston","2022-11-07 21:16:49.0000000"
"MENU_000763","REST_00063","香酥春卷 / Crispy Egg Roll","Chicken two pieces or veggies four pieces.","4.67195796966553","","","Appetizers","$6.50","duck n bao","duck n bao","5535 Memorial Dr, Houston, TX 77007, USA","Houston","2022-11-07 21:16:49.0000000"
"MENU_000764","REST_00063","鱼香茄子 / Eggplant Garlic Sauce","Spicy.","4.67195796966553","","","Vegetable","$15.95","duck n bao","duck n bao","5535 Memorial Dr, Houston, TX 77007, USA","Houston","2022-11-07 21:16:49.0000000"
"MENU_000765","REST_00063","鸡汤蚀 / Chicken Soup with Wontons","A savory soup with a poultry base. chicken soup is often served with sour cream.","4.67195796966553","","","Soup","$6.00","duck n bao","duck n bao","5535 Memorial Dr, Houston, TX 77007, USA","Houston","2022-11-07 21:16:49.0000000"
"MENU_000766","REST_00063","鸡肉小笼包 / Chicken Soup Dumpling","Six pieces.","4.67195796966553","","","Dim Sim & Dumpling","$11.95","duck n bao","duck n bao","5535 Memorial Dr, Houston, TX 77007, USA","Houston","2022-11-07 21:16:49.0000000"
"MENU_000767","REST_00063","麻辣牛肉干/ Sichuan Mala Beef Jerky","Spicy.","4.67195796966553","","","Appetizers","$10.00","duck n bao","duck n bao","5535 Memorial Dr, Houston, TX 77007, USA","Houston","2022-11-07 21:16:49.0000000"
"MENU_000768","REST_00064","Amanecer Horchata Cold Brew","Amanecer horchata cold brew coffee with oat milk","4.75563907623291","","","Drinks (S)","$6.89","DUMPLING HAUS NOODLES & RICE","Chinese, Dumplings, Noodles, Soup, Vegan","Dumpling Haus, 2313 Edwards St Ste. 180, Houston, TX 77007, USA","Houston","2022-10-30 15:05:21.0000000"
"MENU_000769","REST_00064","Amanecer Horchata Cold Brew","Amanecer horchata cold brew coffee with oat milk","4.75563907623291","","","Drinks (WD)","$6.89","DUMPLING HAUS NOODLES & RICE","Chinese, Dumplings, Noodles, Soup, Vegan","Dumpling Haus, 2313 Edwards St Ste. 180, Houston, TX 77007, USA","Houston","2022-10-30 15:05:21.0000000"
"MENU_000770","REST_00064","Amanecer Horchata Cold Brew","Amanecer horchata cold brew coffee with oat milk","4.75563907623291","","","Drinks (WE)","$6.89","DUMPLING HAUS NOODLES & RICE","Chinese, Dumplings, Noodles, Soup, Vegan","Dumpling Haus, 2313 Edwards St Ste. 180, Houston, TX 77007, USA","Houston","2022-10-30 15:05:21.0000000"
"MENU_000771","REST_00064","Amanecer Rosa Milk Tea","Black & Rose Milk Tea Infusion (oat milk)","4.75563907623291","","","Drinks (WD)","$6.89","DUMPLING HAUS NOODLES & RICE","Chinese, Dumplings, Noodles, Soup, Vegan","Dumpling Haus, 2313 Edwards St Ste. 180, Houston, TX 77007, USA","Houston","2022-10-30 15:05:21.0000000"
"MENU_000772","REST_00064","Amanecer Rosa Milk Tea","Black & Rose Milk Tea Infusion (oat milk)","4.75563907623291","","","Drinks (WE)","$6.89","DUMPLING HAUS NOODLES & RICE","Chinese, Dumplings, Noodles, Soup, Vegan","Dumpling Haus, 2313 Edwards St Ste. 180, Houston, TX 77007, USA","Houston","2022-10-30 15:05:21.0000000"
"MENU_000773","REST_00065","Cookie Butter Donut","Yeast shell filled with Cookie Butter, Buttercream filling, topped with Maple flavored icing then dipped in Speculoos cookie topping.","4.60988092422485","","","Donuts & Bakery","$2.36","Dunkin'","Donuts, Sandwiches, Snacks, Coffee & Tea, Iced Teas","2330 S Shepherd Dr, Houston, TX 77019, USA","Houston","2022-11-07 21:17:11.0000000"
"MENU_000774","REST_00065","Holiday Blend","A warm blend with sweet notes of molasses and dried fruit. ","4.60988092422485","","","Hot Drinks","$2.48","Dunkin'","Donuts, Sandwiches, Snacks, Coffee & Tea, Iced Teas","2330 S Shepherd Dr, Houston, TX 77019, USA","Houston","2022-11-07 21:17:11.0000000"
"MENU_000775","REST_00065","Packaged Coffee","Available in a variety of flavors and blends, your favorite Dunkin’ coffee makes for a fresh start to your day or a great gift for friends, family or colleagues.","4.60988092422485","","","Brew at Home","$11.23","Dunkin'","Donuts, Sandwiches, Snacks, Coffee & Tea, Iced Teas","2330 S Shepherd Dr, Houston, TX 77019, USA","Houston","2022-11-07 21:17:11.0000000"
"MENU_000776","REST_00065","Pancake Wake-Up Wrap® - Bacon, Egg & Cheese","American cheese and egg wrapped in a warm pancake with bacon or sausage.","4.60988092422485","","","Sandwiches & Wraps","$3.36","Dunkin'","Donuts, Sandwiches, Snacks, Coffee & Tea, Iced Teas","2330 S Shepherd Dr, Houston, TX 77019, USA","Houston","2022-11-07 21:17:11.0000000"
"MENU_000777","REST_00065","Pancake Wake-Up Wrap® - Egg and Cheese","American cheese and egg wrapped in a warm pancake with bacon or sausage.","4.60988092422485","","","Sandwiches & Wraps","$2.73","Dunkin'","Donuts, Sandwiches, Snacks, Coffee & Tea, Iced Teas","2330 S Shepherd Dr, Houston, TX 77019, USA","Houston","2022-11-07 21:17:11.0000000"
"MENU_000778","REST_00065","Pancake Wake-Up Wrap® - Sausage, Egg & Cheese","American cheese and egg wrapped in a warm pancake with bacon or sausage.","4.60988092422485","","","Sandwiches & Wraps","$3.36","Dunkin'","Donuts, Sandwiches, Snacks, Coffee & Tea, Iced Teas","2330 S Shepherd Dr, Houston, TX 77019, USA","Houston","2022-11-07 21:17:11.0000000"
"MENU_000779","REST_00065","Turkey Sausage Egg and Cheese","Get your day off to a delicious start. Try our flavorful turkey sausage, add and American  cheese on English Muffin, or Wake-Up  Wrap® ","4.60988092422485","","","Sandwiches & Wraps","$5.98","Dunkin'","Donuts, Sandwiches, Snacks, Coffee & Tea, Iced Teas","2330 S Shepherd Dr, Houston, TX 77019, USA","Houston","2022-11-07 21:17:11.0000000"
"MENU_000780","REST_00066","Meat Pie","Pastry Dough with Savory Ground Beef Filling.","4.66176509857178","","","Add Ons","$3.00","DUPSY’S A Modern African Kitchen","DUPSY’S A Modern African Kitchen","2616 Blodgett St, Houston, TX 77004, USA","Houston","2022-10-27 23:13:05.0000000"
"MENU_000781","REST_00067","3 Cheese & Smoked Polish Sausage","","4.70389223098755","","","Haus Favorites","$5.50","EggHaus Gourmet","Takeout, Healthy, Sandwich, Mexican, Pickup, Breakfast","2042 E T C Jester Blvd, Houston, TX 77008, USA","Houston","2022-10-30 15:03:42.0000000"
"MENU_000782","REST_00067","Banana Pudding Croissant","","4.70389223098755","","","Croissants","$8.50","EggHaus Gourmet","Takeout, Healthy, Sandwich, Mexican, Pickup, Breakfast","2042 E T C Jester Blvd, Houston, TX 77008, USA","Houston","2022-10-30 15:03:42.0000000"
"MENU_000783","REST_00067","Bratwurst & Swiss Kolache","","4.70389223098755","","","Haus Favorites","$5.50","EggHaus Gourmet","Takeout, Healthy, Sandwich, Mexican, Pickup, Breakfast","2042 E T C Jester Blvd, Houston, TX 77008, USA","Houston","2022-10-30 15:03:42.0000000"
"MENU_000784","REST_00067","Breakfast Potatoes","Sautéed potatoes, peppers, and onions.","4.70389223098755","","","Sides","$4.75","EggHaus Gourmet","Takeout, Healthy, Sandwich, Mexican, Pickup, Breakfast","2042 E T C Jester Blvd, Houston, TX 77008, USA","Houston","2022-10-30 15:03:42.0000000"
"MENU_000785","REST_00067","Choc Gold Croissant","","4.70389223098755","","","Croissants","$8.00","EggHaus Gourmet","Takeout, Healthy, Sandwich, Mexican, Pickup, Breakfast","2042 E T C Jester Blvd, Houston, TX 77008, USA","Houston","2022-10-30 15:03:42.0000000"
"MENU_000786","REST_00067","Churro Croissant","","4.70389223098755","","","Croissants","$8.50","EggHaus Gourmet","Takeout, Healthy, Sandwich, Mexican, Pickup, Breakfast","2042 E T C Jester Blvd, Houston, TX 77008, USA","Houston","2022-10-30 15:03:42.0000000"
"MENU_000787","REST_00067","Drunken Chicken Kolache","","4.70389223098755","","","Specialty Kolache","$5.95","EggHaus Gourmet","Takeout, Healthy, Sandwich, Mexican, Pickup, Breakfast","2042 E T C Jester Blvd, Houston, TX 77008, USA","Houston","2022-10-30 15:03:42.0000000"
"MENU_000788","REST_00067","Fresh Orange Juice","","4.70389223098755","","","Haus Drinks","$6.50","EggHaus Gourmet","Takeout, Healthy, Sandwich, Mexican, Pickup, Breakfast","2042 E T C Jester Blvd, Houston, TX 77008, USA","Houston","2022-10-30 15:03:42.0000000"
"MENU_000789","REST_00067","Jalapeño Kolache","","4.70389223098755","","","Haus Favorites","$5.50","EggHaus Gourmet","Takeout, Healthy, Sandwich, Mexican, Pickup, Breakfast","2042 E T C Jester Blvd, Houston, TX 77008, USA","Houston","2022-10-30 15:03:42.0000000"
"MENU_000790","REST_00067","Matcha Croissant","","4.70389223098755","","","Croissants","$8.00","EggHaus Gourmet","Takeout, Healthy, Sandwich, Mexican, Pickup, Breakfast","2042 E T C Jester Blvd, Houston, TX 77008, USA","Houston","2022-10-30 15:03:42.0000000"
"MENU_000791","REST_00067","Mountain Valley Water","","4.70389223098755","","","Grab And Go Cooler","$5.00","EggHaus Gourmet","Takeout, Healthy, Sandwich, Mexican, Pickup, Breakfast","2042 E T C Jester Blvd, Houston, TX 77008, USA","Houston","2022-10-30 15:03:42.0000000"
"MENU_000792","REST_00067","Pizza Kolache","","4.70389223098755","","","Specialty Kolache","$5.95","EggHaus Gourmet","Takeout, Healthy, Sandwich, Mexican, Pickup, Breakfast","2042 E T C Jester Blvd, Houston, TX 77008, USA","Houston","2022-10-30 15:03:42.0000000"
"MENU_000793","REST_00067","Rose Croissant","","4.70389223098755","","","Croissants","$8.00","EggHaus Gourmet","Takeout, Healthy, Sandwich, Mexican, Pickup, Breakfast","2042 E T C Jester Blvd, Houston, TX 77008, USA","Houston","2022-10-30 15:03:42.0000000"
"MENU_000794","REST_00067","Smores Croissant","","4.70389223098755","","","Croissants","$8.50","EggHaus Gourmet","Takeout, Healthy, Sandwich, Mexican, Pickup, Breakfast","2042 E T C Jester Blvd, Houston, TX 77008, USA","Houston","2022-10-30 15:03:42.0000000"
"MENU_000795","REST_00067","Water Bottle","","4.70389223098755","","","Grab And Go Cooler","$3.50","EggHaus Gourmet","Takeout, Healthy, Sandwich, Mexican, Pickup, Breakfast","2042 E T C Jester Blvd, Houston, TX 77008, USA","Houston","2022-10-30 15:03:42.0000000"
"MENU_000796","REST_00068","Concha Vanilla","","4.78873205184937","","","Featured Items","$1.11","El Bolillo Bakery","Dessert, Sweets, Bakery","2517 Airline Dr, Houston, TX 77009, USA","Houston","2022-10-30 15:09:59.0000000"
"MENU_000797","REST_00069","American Breakfast","","4.64895582199097","","","Breakfast Plates","$7.46","El Charro Mexican Bar","Mexican, Breakfast, Seafood, Tacos, Soup","3801 Harrisburg Blvd, Houston, TX 77003, USA","Houston","2022-10-30 15:08:40.0000000"
"MENU_000798","REST_00069","Bacon and Eggs Plate","","4.64895582199097","","","Breakfast Plates","$5.16","El Charro Mexican Bar","Mexican, Breakfast, Seafood, Tacos, Soup","3801 Harrisburg Blvd, Houston, TX 77003, USA","Houston","2022-10-30 15:08:40.0000000"
"MENU_000799","REST_00069","Bacon and Eggs Sandwich","","4.64895582199097","","","Breakfast Sandwich","$4.59","El Charro Mexican Bar","Mexican, Breakfast, Seafood, Tacos, Soup","3801 Harrisburg Blvd, Houston, TX 77003, USA","Houston","2022-10-30 15:08:40.0000000"
"MENU_000800","REST_00069","Breakfast Taco","","4.64895582199097","","","Breakfast Tacos","$2.29","El Charro Mexican Bar","Mexican, Breakfast, Seafood, Tacos, Soup","3801 Harrisburg Blvd, Houston, TX 77003, USA","Houston","2022-10-30 15:08:40.0000000"
"MENU_000801","REST_00069","Breakfast Tortas","","4.64895582199097","","","Breakfast Tortas","$3.74","El Charro Mexican Bar","Mexican, Breakfast, Seafood, Tacos, Soup","3801 Harrisburg Blvd, Houston, TX 77003, USA","Houston","2022-10-30 15:08:40.0000000"
"MENU_000802","REST_00069","Charro Omelette","","4.64895582199097","","","Omelettes","$6.89","El Charro Mexican Bar","Mexican, Breakfast, Seafood, Tacos, Soup","3801 Harrisburg Blvd, Houston, TX 77003, USA","Houston","2022-10-30 15:08:40.0000000"
"MENU_000803","REST_00069","Chicharron and Eggs Plate","","4.64895582199097","","","Breakfast Plates","$6.31","El Charro Mexican Bar","Mexican, Breakfast, Seafood, Tacos, Soup","3801 Harrisburg Blvd, Houston, TX 77003, USA","Houston","2022-10-30 15:08:40.0000000"
"MENU_000804","REST_00069","Chilaquiles","","4.64895582199097","","","Breakfast Plates","$8.34","El Charro Mexican Bar","Mexican, Breakfast, Seafood, Tacos, Soup","3801 Harrisburg Blvd, Houston, TX 77003, USA","Houston","2022-10-30 15:08:40.0000000"
"MENU_000805","REST_00069","Chorizo and Eggs Plate","","4.64895582199097","","","Breakfast Plates","$5.16","El Charro Mexican Bar","Mexican, Breakfast, Seafood, Tacos, Soup","3801 Harrisburg Blvd, Houston, TX 77003, USA","Houston","2022-10-30 15:08:40.0000000"
"MENU_000806","REST_00069","Eggs ala Mexicana Plate","","4.64895582199097","","","Breakfast Plates","$5.16","El Charro Mexican Bar","Mexican, Breakfast, Seafood, Tacos, Soup","3801 Harrisburg Blvd, Houston, TX 77003, USA","Houston","2022-10-30 15:08:40.0000000"
"MENU_000807","REST_00069","Ham and Eggs Plate","","4.64895582199097","","","Breakfast Plates","$5.16","El Charro Mexican Bar","Mexican, Breakfast, Seafood, Tacos, Soup","3801 Harrisburg Blvd, Houston, TX 77003, USA","Houston","2022-10-30 15:08:40.0000000"
"MENU_000808","REST_00069","Ham and Eggs Sandwich","","4.64895582199097","","","Breakfast Sandwich","$4.59","El Charro Mexican Bar","Mexican, Breakfast, Seafood, Tacos, Soup","3801 Harrisburg Blvd, Houston, TX 77003, USA","Houston","2022-10-30 15:08:40.0000000"
"MENU_000809","REST_00069","Huevos Rancheros Plate","","4.64895582199097","","","Breakfast Plates","$5.16","El Charro Mexican Bar","Mexican, Breakfast, Seafood, Tacos, Soup","3801 Harrisburg Blvd, Houston, TX 77003, USA","Houston","2022-10-30 15:08:40.0000000"
"MENU_000810","REST_00069","Jalisco Breakfast Plate","","4.64895582199097","","","Breakfast Plates","$11.49","El Charro Mexican Bar","Mexican, Breakfast, Seafood, Tacos, Soup","3801 Harrisburg Blvd, Houston, TX 77003, USA","Houston","2022-10-30 15:08:40.0000000"
"MENU_000811","REST_00069","Jalisco Omelette","","4.64895582199097","","","Omelettes","$12.64","El Charro Mexican Bar","Mexican, Breakfast, Seafood, Tacos, Soup","3801 Harrisburg Blvd, Houston, TX 77003, USA","Houston","2022-10-30 15:08:40.0000000"
"MENU_000812","REST_00069","Machacado and Eggs Plate","","4.64895582199097","","","Breakfast Plates","$7.19","El Charro Mexican Bar","Mexican, Breakfast, Seafood, Tacos, Soup","3801 Harrisburg Blvd, Houston, TX 77003, USA","Houston","2022-10-30 15:08:40.0000000"
"MENU_000813","REST_00069","Migas Plate","","4.64895582199097","","","Breakfast Plates","$6.04","El Charro Mexican Bar","Mexican, Breakfast, Seafood, Tacos, Soup","3801 Harrisburg Blvd, Houston, TX 77003, USA","Houston","2022-10-30 15:08:40.0000000"
"MENU_000814","REST_00069","Monterrey Breakfast","","4.64895582199097","","","Breakfast Plates","$8.34","El Charro Mexican Bar","Mexican, Breakfast, Seafood, Tacos, Soup","3801 Harrisburg Blvd, Houston, TX 77003, USA","Houston","2022-10-30 15:08:40.0000000"
"MENU_000815","REST_00069","Nopal and Eggs Plate","","4.64895582199097","","","Breakfast Plates","$5.16","El Charro Mexican Bar","Mexican, Breakfast, Seafood, Tacos, Soup","3801 Harrisburg Blvd, Houston, TX 77003, USA","Houston","2022-10-30 15:08:40.0000000"
"MENU_000816","REST_00069","Pancake Plate","","4.64895582199097","","","Breakfast Plates","$7.19","El Charro Mexican Bar","Mexican, Breakfast, Seafood, Tacos, Soup","3801 Harrisburg Blvd, Houston, TX 77003, USA","Houston","2022-10-30 15:08:40.0000000"
"MENU_000817","REST_00069","Pork Chop Plate","","4.64895582199097","","","Breakfast Plates","$7.46","El Charro Mexican Bar","Mexican, Breakfast, Seafood, Tacos, Soup","3801 Harrisburg Blvd, Houston, TX 77003, USA","Houston","2022-10-30 15:08:40.0000000"
"MENU_000818","REST_00069","Potato and Egg Plate","","4.64895582199097","","","Breakfast Plates","$5.16","El Charro Mexican Bar","Mexican, Breakfast, Seafood, Tacos, Soup","3801 Harrisburg Blvd, Houston, TX 77003, USA","Houston","2022-10-30 15:08:40.0000000"
"MENU_000819","REST_00069","Ribeye Plate","","4.64895582199097","","","Breakfast Plates","$11.49","El Charro Mexican Bar","Mexican, Breakfast, Seafood, Tacos, Soup","3801 Harrisburg Blvd, Houston, TX 77003, USA","Houston","2022-10-30 15:08:40.0000000"
"MENU_000820","REST_00069","Sausage and Eggs Plate","","4.64895582199097","","","Breakfast Plates","$5.16","El Charro Mexican Bar","Mexican, Breakfast, Seafood, Tacos, Soup","3801 Harrisburg Blvd, Houston, TX 77003, USA","Houston","2022-10-30 15:08:40.0000000"
"MENU_000821","REST_00069","Sausage Patty and Eggs Sandwich","","4.64895582199097","","","Breakfast Sandwich","$4.59","El Charro Mexican Bar","Mexican, Breakfast, Seafood, Tacos, Soup","3801 Harrisburg Blvd, Houston, TX 77003, USA","Houston","2022-10-30 15:08:40.0000000"
"MENU_000822","REST_00069","Scrambled Egg Sandwich","","4.64895582199097","","","Breakfast Sandwich","$4.59","El Charro Mexican Bar","Mexican, Breakfast, Seafood, Tacos, Soup","3801 Harrisburg Blvd, Houston, TX 77003, USA","Houston","2022-10-30 15:08:40.0000000"
"MENU_000823","REST_00069","Smoked Sausage and Eggs Plate","","4.64895582199097","","","Breakfast Plates","$6.31","El Charro Mexican Bar","Mexican, Breakfast, Seafood, Tacos, Soup","3801 Harrisburg Blvd, Houston, TX 77003, USA","Houston","2022-10-30 15:08:40.0000000"
"MENU_000824","REST_00069","Steak Plate","","4.64895582199097","","","Breakfast Plates","$8.34","El Charro Mexican Bar","Mexican, Breakfast, Seafood, Tacos, Soup","3801 Harrisburg Blvd, Houston, TX 77003, USA","Houston","2022-10-30 15:08:40.0000000"
"MENU_000825","REST_00069","Texas Omelette","","4.64895582199097","","","Omelettes","$8.04","El Charro Mexican Bar","Mexican, Breakfast, Seafood, Tacos, Soup","3801 Harrisburg Blvd, Houston, TX 77003, USA","Houston","2022-10-30 15:08:40.0000000"
"MENU_000826","REST_00069","Veggie Breakfast Plate","","4.64895582199097","","","Breakfast Plates","$7.19","El Charro Mexican Bar","Mexican, Breakfast, Seafood, Tacos, Soup","3801 Harrisburg Blvd, Houston, TX 77003, USA","Houston","2022-10-30 15:08:40.0000000"
"MENU_000827","REST_00070","21. Only Cantaloupe or Mango or Pineapple Fruit Salad","Ingredients: One fruit of your election with  lime & mild  chile","4.55801105499268","","","Fruit Salads","$7.19","El Kiosko","Dessert, Juice Bar, Salads, Pickup, Ice Cream, Takeout","El Kiosko, 900 S Wayside Dr, Houston, TX 77023, USA","Houston","2022-11-07 21:18:47.0000000"
"MENU_000828","REST_00070","46. Chilindrinas","Chicharron de harina with beans, cueritos, cabbage, tomato, sour cream, avocado, and Valentina sauce.","4.55801105499268","","","Snacks","$8.13","El Kiosko","Dessert, Juice Bar, Salads, Pickup, Ice Cream, Takeout","El Kiosko, 900 S Wayside Dr, Houston, TX 77023, USA","Houston","2022-11-07 21:18:47.0000000"
"MENU_000829","REST_00070","Arroz con Leche 12oz","","4.55801105499268","","","Season Menu","$4.06","El Kiosko","Dessert, Juice Bar, Salads, Pickup, Ice Cream, Takeout","El Kiosko, 900 S Wayside Dr, Houston, TX 77023, USA","Houston","2022-11-07 21:18:47.0000000"
"MENU_000830","REST_00070","Chamoyada Dulce 16oz","Trole Chamoy, liquid chamoy, fresh mango, tarugo(tamarind stick) and assorted gummies.  (Lightly Spacy)","4.55801105499268","","","Specialties","$9.06","El Kiosko","Dessert, Juice Bar, Salads, Pickup, Ice Cream, Takeout","El Kiosko, 900 S Wayside Dr, Houston, TX 77023, USA","Houston","2022-11-07 21:18:47.0000000"
"MENU_000831","REST_00070","Churro Bite","","4.55801105499268","","","Season Menu","$8.13","El Kiosko","Dessert, Juice Bar, Salads, Pickup, Ice Cream, Takeout","El Kiosko, 900 S Wayside Dr, Houston, TX 77023, USA","Houston","2022-11-07 21:18:47.0000000"
"MENU_000832","REST_00070","Churros","Delicious Churros, plain or cajeta fillings, as you prefer!","4.55801105499268","","","Season Menu","$4.06","El Kiosko","Dessert, Juice Bar, Salads, Pickup, Ice Cream, Takeout","El Kiosko, 900 S Wayside Dr, Houston, TX 77023, USA","Houston","2022-11-07 21:18:47.0000000"
"MENU_000833","REST_00070","Elote Entero","White or yellow Corn in the Cob, Mayo, Parmesan cheese, and Chile Powder.","4.55801105499268","","","Snacks","$4.69","El Kiosko","Dessert, Juice Bar, Salads, Pickup, Ice Cream, Takeout","El Kiosko, 900 S Wayside Dr, Houston, TX 77023, USA","Houston","2022-11-07 21:18:47.0000000"
"MENU_000834","REST_00070","Elote Loko","Your choice of White or Yellow Corn in the Cob is covered with ground Hot Cheetos or Takis,  Mayo, Sour Cream, Parmesan Cheese, &  your choice of Hot or Mild Chile.","4.55801105499268","","","Snacks","$5.63","El Kiosko","Dessert, Juice Bar, Salads, Pickup, Ice Cream, Takeout","El Kiosko, 900 S Wayside Dr, Houston, TX 77023, USA","Houston","2022-11-07 21:18:47.0000000"
"MENU_000835","REST_00070","Fresas Frozen","Traditional Mexican Sweet Frozen Strawberries with Gaby's Special dressing.","4.55801105499268","","","Season Menu","$6.56","El Kiosko","Dessert, Juice Bar, Salads, Pickup, Ice Cream, Takeout","El Kiosko, 900 S Wayside Dr, Houston, TX 77023, USA","Houston","2022-11-07 21:18:47.0000000"
"MENU_000836","REST_00071","Apple Juice","","4.71359920501709","","","Beverages","$3.95","Empire Cafe","Coffee & Tea, Breakfast & Brunch, American (New)","1732 Westheimer Rd, 1732 Westheimer Road, Houston, TX 77098, USA","Houston","2022-11-07 21:18:06.0000000"
"MENU_000837","REST_00071","Cookie","Chocolate chip, peanut butter, or oatmeal","4.71359920501709","","","Desserts","$1.50","Empire Cafe","Coffee & Tea, Breakfast & Brunch, American (New)","1732 Westheimer Rd, 1732 Westheimer Road, Houston, TX 77098, USA","Houston","2022-11-07 21:18:06.0000000"
"MENU_000838","REST_00071","Cranberry Juice","","4.71359920501709","","","Beverages","$3.95","Empire Cafe","Coffee & Tea, Breakfast & Brunch, American (New)","1732 Westheimer Rd, 1732 Westheimer Road, Houston, TX 77098, USA","Houston","2022-11-07 21:18:06.0000000"
"MENU_000839","REST_00071","Empire Green Juice","Baby kale, green apple, pineapple, fresh ginger and coconut water","4.71359920501709","","","Beverages","$6.95","Empire Cafe","Coffee & Tea, Breakfast & Brunch, American (New)","1732 Westheimer Rd, 1732 Westheimer Road, Houston, TX 77098, USA","Houston","2022-11-07 21:18:06.0000000"
"MENU_000840","REST_00071","Hot Chocolate","","4.71359920501709","","","Beverages","$4.25","Empire Cafe","Coffee & Tea, Breakfast & Brunch, American (New)","1732 Westheimer Rd, 1732 Westheimer Road, Houston, TX 77098, USA","Houston","2022-11-07 21:18:06.0000000"
"MENU_000841","REST_00071","Italian Soda","","4.71359920501709","","","Beverages","$2.95","Empire Cafe","Coffee & Tea, Breakfast & Brunch, American (New)","1732 Westheimer Rd, 1732 Westheimer Road, Houston, TX 77098, USA","Houston","2022-11-07 21:18:06.0000000"
"MENU_000842","REST_00071","Lemonade","","4.71359920501709","","","Beverages","$2.95","Empire Cafe","Coffee & Tea, Breakfast & Brunch, American (New)","1732 Westheimer Rd, 1732 Westheimer Road, Houston, TX 77098, USA","Houston","2022-11-07 21:18:06.0000000"
"MENU_000843","REST_00072","Sweet Loren's Chocolate Chunk Edible Cookie Dough","Creamy, smooth and scoop-able gluten-free cookie dough. Delicious taste from only clean ingredients. Spoon under lid (3.6 oz). (Gluten-free, vegan)","4.16129016876221","","","Desserts","$7.75","F#ck Carbs","Salads, Healthy, Gluten-Free, Pizza","2616 Blodgett St, Houston, TX 77004, USA","Houston","2022-10-30 15:15:58.0000000"
"MENU_000844","REST_00073","Gluten-Free and Vegan Banana Chia Pudding","Chia seeds soaked overnight in oat milk and sweetened with raw cane sugar. (Gluten-free, vegan)","4.32532787322998","","","Desserts","$6.50","F#ck Gluten","Gluten-free pizzas, gluten-free salads, gluten-free bowls","2616 Blodgett St, Houston, TX 77004, USA","Houston","2022-10-30 15:49:38.0000000"
"MENU_000845","REST_00073","Sweet Loren's Chocolate Chunk Edible Cookie Dough","Creamy, smooth and scoop-able gluten-free cookie dough. Delicious taste from only clean ingredients. Spoon under lid (3.6 oz). (Gluten-free, vegan)","4.32532787322998","","","Desserts","$7.75","F#ck Gluten","Gluten-free pizzas, gluten-free salads, gluten-free bowls","2616 Blodgett St, Houston, TX 77004, USA","Houston","2022-10-30 15:49:38.0000000"
"MENU_000846","REST_00074","Botanas Fiesta","1/2 order of mixed fajita quesadillas, (4) mix fajita nachos, (4) small shredded chicken flautas and (2) camaron brochetas.","4.65116310119629","","","Appetizers","$25.25","Fiesta En Guadalajara","Salads, Enchiladas, Fajitas","3522 Irvington Blvd, Houston, TX 77009, USA","Houston","2022-10-30 15:33:04.0000000"
"MENU_000847","REST_00074","Buffalo Wings","(12) wings in buffalo sauce, served with celery, carrots and ranch dressing.","4.65116310119629","","","Appetizers","$16.25","Fiesta En Guadalajara","Salads, Enchiladas, Fajitas","3522 Irvington Blvd, Houston, TX 77009, USA","Houston","2022-10-30 15:33:04.0000000"
"MENU_000848","REST_00074","Camaron Aguachiles **","**Items may be cooked to order, are served raw or undercooked, or may contain raw or uncooked ingredients. Consuming raw or undercooked meats, poultry, seafood, shellfish, or eggs may increase your risk of foodborne illness, especially if you have certain medical conditions. Gulf shrimp sautéed in aguachile salsa, served with sliced cucumbers, red onions and sprinkled with tajin.","4.65116310119629","","","Appetizers","$22.95","Fiesta En Guadalajara","Salads, Enchiladas, Fajitas","3522 Irvington Blvd, Houston, TX 77009, USA","Houston","2022-10-30 15:33:04.0000000"
"MENU_000849","REST_00074","Camaron Botana","Gulf shrimp boiled in our special mexican cajun fusion broth, served with boiled corn and potatoes.","4.65116310119629","","","Appetizers","$16.25","Fiesta En Guadalajara","Salads, Enchiladas, Fajitas","3522 Irvington Blvd, Houston, TX 77009, USA","Houston","2022-10-30 15:33:04.0000000"
"MENU_000850","REST_00074","Camaron Brocheta","(4) jumbo grilled shrimp paired with a jalapeño, monterey cheese and wrapped in bacon, served with rice, charro beans and a small side of queso.","4.65116310119629","","","Appetizers","$22.95","Fiesta En Guadalajara","Salads, Enchiladas, Fajitas","3522 Irvington Blvd, Houston, TX 77009, USA","Houston","2022-10-30 15:33:04.0000000"
"MENU_000851","REST_00074","Chicken Diablos","(4) grilled chicken strips paired with mild jalapeño slice and fresco cheese, wrapped in bacon, served with a small side of queso.","4.65116310119629","","","Appetizers","$17.25","Fiesta En Guadalajara","Salads, Enchiladas, Fajitas","3522 Irvington Blvd, Houston, TX 77009, USA","Houston","2022-10-30 15:33:04.0000000"
"MENU_000852","REST_00074","Chile Con Queso","","4.65116310119629","","","Appetizers","$10.25","Fiesta En Guadalajara","Salads, Enchiladas, Fajitas","3522 Irvington Blvd, Houston, TX 77009, USA","Houston","2022-10-30 15:33:04.0000000"
"MENU_000853","REST_00074","Mexican Ceviche**","**Items may be cooked to order, are served raw or undercooked, or may contain raw or uncooked ingredients. Consuming raw or undercooked meats, poultry, seafood, shellfish, or eggs may increase your risk of foodborne illness, especially if you have certain medical conditions.","4.65116310119629","","","Appetizers","$16.25","Fiesta En Guadalajara","Salads, Enchiladas, Fajitas","3522 Irvington Blvd, Houston, TX 77009, USA","Houston","2022-10-30 15:33:04.0000000"
"MENU_000854","REST_00074","Mini Chimis","(6) ground beef mini chimichangas and a small side of queso.","4.65116310119629","","","Appetizers","$12.75","Fiesta En Guadalajara","Salads, Enchiladas, Fajitas","3522 Irvington Blvd, Houston, TX 77009, USA","Houston","2022-10-30 15:33:04.0000000"
"MENU_000855","REST_00074","Nachos Palenque","Bean and cheese, ground beef, chicken fajita, beef fajita, mixed fajita.","4.65116310119629","","","Appetizers","$12.75","Fiesta En Guadalajara","Salads, Enchiladas, Fajitas","3522 Irvington Blvd, Houston, TX 77009, USA","Houston","2022-10-30 15:33:04.0000000"
"MENU_000856","REST_00074","Nachos Picantes","Nachos topped with spicy chorizo, pico de gallo and cheese.","4.65116310119629","","","Appetizers","$14.50","Fiesta En Guadalajara","Salads, Enchiladas, Fajitas","3522 Irvington Blvd, Houston, TX 77009, USA","Houston","2022-10-30 15:33:04.0000000"
"MENU_000857","REST_00074","Quesadillas","Vegetable, chicken fajita, mix fajita, beef fajita, shrimp fajita.","4.65116310119629","","","Appetizers","$17.25","Fiesta En Guadalajara","Salads, Enchiladas, Fajitas","3522 Irvington Blvd, Houston, TX 77009, USA","Houston","2022-10-30 15:33:04.0000000"
"MENU_000858","REST_00074","Queso Flameado","Chorizo, chicken fajita, vegetable, mixed fajita, beef fajita, shrimp.","4.65116310119629","","","Appetizers","$17.25","Fiesta En Guadalajara","Salads, Enchiladas, Fajitas","3522 Irvington Blvd, Houston, TX 77009, USA","Houston","2022-10-30 15:33:04.0000000"
"MENU_000859","REST_00075","Cajeta Pot de Creme","creme fraiche, sea salt ","0","","","Desserts","$12.10","FLORA","FLORA","3422 Allen Pkwy, Houston, TX 77019, USA","Houston","2022-10-30 15:44:14.0000000"
"MENU_000860","REST_00076","16oz Arnold Palmer ","Suppliers are currently out of supply on 24 oz cups. We are serving 16 oz beverages until supplies return.","4.8529257774353","","","Drinks & Desserts","$3.05","Flower Child","Pickup, Takeout, American (New), Gluten-Free, Vegetarian, Healthy","1533 N Shepherd Dr Suite 100, Houston, TX 77008, USA","Houston","2022-11-07 21:12:46.0000000"
"MENU_000861","REST_00076","16oz Passionfruit Black Iced Tea","Suppliers are currently out of supply on 24 oz cups. We are serving 16 oz beverages until supplies return.","4.8529257774353","","","Drinks & Desserts","$3.05","Flower Child","Pickup, Takeout, American (New), Gluten-Free, Vegetarian, Healthy","1533 N Shepherd Dr Suite 100, Houston, TX 77008, USA","Houston","2022-11-07 21:12:46.0000000"
"MENU_000862","REST_00076","16oz Signature Rose Petal Lemonade","Suppliers are currently out of supply on 24 oz cups. We are serving 16 oz beverages until supplies return.","4.8529257774353","","","Drinks & Desserts","$3.05","Flower Child","Pickup, Takeout, American (New), Gluten-Free, Vegetarian, Healthy","1533 N Shepherd Dr Suite 100, Houston, TX 77008, USA","Houston","2022-11-07 21:12:46.0000000"
"MENU_000863","REST_00076","Bottled Kombucha","","4.8529257774353","","","Drinks & Desserts","$7.20","Flower Child","Pickup, Takeout, American (New), Gluten-Free, Vegetarian, Healthy","1533 N Shepherd Dr Suite 100, Houston, TX 77008, USA","Houston","2022-11-07 21:12:46.0000000"
"MENU_000864","REST_00076","Butternut Squash “Risotto”","Cauliflower Rice, Maple Coconut Cream, Toasted Bread Crumb(Vegan)","4.85320281982422","","","Single Sides","$5.50","Flower Child","Pickup, Takeout, American (New), Gluten-Free, Vegetarian, Healthy","1533 N Shepherd Dr Suite 100, Houston, TX 77008, USA","Houston","2022-10-27 23:09:47.0000000"
"MENU_000865","REST_00076","Daily Soup","","4.85320281982422","","","To Start ","$7.20","Flower Child","Pickup, Takeout, American (New), Gluten-Free, Vegetarian, Healthy","1533 N Shepherd Dr Suite 100, Houston, TX 77008, USA","Houston","2022-10-30 15:05:03.0000000"
"MENU_000866","REST_00076","Draft Kombucha","","4.8529257774353","","","Drinks & Desserts","$7.20","Flower Child","Pickup, Takeout, American (New), Gluten-Free, Vegetarian, Healthy","1533 N Shepherd Dr Suite 100, Houston, TX 77008, USA","Houston","2022-11-07 21:12:46.0000000"
"MENU_000867","REST_00076","Gluten-Free Chocolate Chip Cashew Cookies","Four of our Gluten-Free Chocolate Chip Cashew Cookies","4.8529257774353","","","Build Your Own Family Meal","$9.40","Flower Child","Pickup, Takeout, American (New), Gluten-Free, Vegetarian, Healthy","1533 N Shepherd Dr Suite 100, Houston, TX 77008, USA","Houston","2022-11-07 21:12:46.0000000"
"MENU_000868","REST_00076","Large Butternut Squash “Risotto”","Cauliflower Rice, Maple Coconut Cream, Toasted Bread Crumb(Vegan)","4.85320281982422","","","Build Your Own Family Meal","$14.35","Flower Child","Pickup, Takeout, American (New), Gluten-Free, Vegetarian, Healthy","1533 N Shepherd Dr Suite 100, Houston, TX 77008, USA","Houston","2022-10-27 23:09:47.0000000"
"MENU_000869","REST_00076","Seasonal Lemonade","","4.8529257774353","","","Drinks & Desserts","$3.90","Flower Child","Pickup, Takeout, American (New), Gluten-Free, Vegetarian, Healthy","1533 N Shepherd Dr Suite 100, Houston, TX 77008, USA","Houston","2022-11-07 21:12:46.0000000"
"MENU_000870","REST_00076","Shakshuka","harissa, chickpea, organic kale, poached egg, kalamata olive, feta, garden herbs with za’atar spiced pita(Vegetarian) ","4.8529257774353","","","Bowls","$12.65","Flower Child","Pickup, Takeout, American (New), Gluten-Free, Vegetarian, Healthy","1533 N Shepherd Dr Suite 100, Houston, TX 77008, USA","Houston","2022-11-07 21:12:46.0000000"
"MENU_000871","REST_00076","Topo Chico","Sparkling Mineral Water","4.8529257774353","","","Drinks & Desserts","$2.80","Flower Child","Pickup, Takeout, American (New), Gluten-Free, Vegetarian, Healthy","1533 N Shepherd Dr Suite 100, Houston, TX 77008, USA","Houston","2022-11-07 21:12:46.0000000"
"MENU_000872","REST_00077","French Fries","","4.46214008331299","","","Additions","$5.00","Flying Fish","Seafood, Cajun/Creole, Fish & Chips","1815 N Durham Dr, Houston, TX 77008, USA","Houston","2022-11-07 21:20:36.0000000"
"MENU_000873","REST_00077","Grilled Shrimp Ka-Bob","Served with beans, and rice.","4.46214008331299","","","Grilled Plates","$12.95","Flying Fish","Seafood, Cajun/Creole, Fish & Chips","1815 N Durham Dr, Houston, TX 77008, USA","Houston","2022-11-07 21:20:36.0000000"
"MENU_000874","REST_00077","Hot Boiled Shrimp (1lb.)","","4.46214008331299","","","Boiled Platters","$19.91","Flying Fish","Seafood, Cajun/Creole, Fish & Chips","1815 N Durham Dr, Houston, TX 77008, USA","Houston","2022-11-07 21:20:36.0000000"
"MENU_000875","REST_00078","Bottled Diet Coke","","4.66089391708374","","","Beverages","$2.95","Freebirds World Burrito","Mexican Restaurant","1923 Taylor St, Houston, TX 77007, USA","Houston","2022-11-07 21:11:16.0000000"
"MENU_000876","REST_00079","Millionaire","","0","","","baked goods","$9.00","Fruit Service","Fruit Service","4721 N Main St, Houston, TX 77009, USA","Houston","2022-10-27 23:24:00.0000000"
"MENU_000877","REST_00080","2020","Tempura eel, kani topped with smoke salmon, and eel sauce.","4","","","Special Rolls","$16.68","Fukuoka Sushi Bar & Grill","Noodles, Salads, Rolls, Bento Box, Nigiri, Grill, Japanese, Sushi Bars, Sashimi","2808 Milam St c, Houston, TX 77006, USA","Houston","2022-11-07 21:20:55.0000000"
"MENU_000878","REST_00080","Agedashi (Fried Tofu)","Silken tofu lightly battered garnished with bonito flakes served with tempura dipping sauce.","4","","","Starter","$5.69","Fukuoka Sushi Bar & Grill","Noodles, Salads, Rolls, Bento Box, Nigiri, Grill, Japanese, Sushi Bars, Sashimi","2808 Milam St c, Houston, TX 77006, USA","Houston","2022-11-07 21:20:55.0000000"
"MENU_000879","REST_00080","Akami (Tuna)","","4","","","Sushi & Sashimi","$7.19","Fukuoka Sushi Bar & Grill","Noodles, Salads, Rolls, Bento Box, Nigiri, Grill, Japanese, Sushi Bars, Sashimi","2808 Milam St c, Houston, TX 77006, USA","Houston","2022-11-07 21:20:55.0000000"
"MENU_000880","REST_00080","Apple Juice","","4","","","Drinks","$4.54","Fukuoka Sushi Bar & Grill","Noodles, Salads, Rolls, Bento Box, Nigiri, Grill, Japanese, Sushi Bars, Sashimi","2808 Milam St c, Houston, TX 77006, USA","Houston","2022-11-07 21:20:55.0000000"
"MENU_000881","REST_00080","Avocado Hand Roll","","4","","","Hand Rolls","$6.61","Fukuoka Sushi Bar & Grill","Noodles, Salads, Rolls, Bento Box, Nigiri, Grill, Japanese, Sushi Bars, Sashimi","2808 Milam St c, Houston, TX 77006, USA","Houston","2022-11-07 21:20:55.0000000"
"MENU_000882","REST_00080","Avocado Maki","","4","","","Maki Rolls","$8.05","Fukuoka Sushi Bar & Grill","Noodles, Salads, Rolls, Bento Box, Nigiri, Grill, Japanese, Sushi Bars, Sashimi","2808 Milam St c, Houston, TX 77006, USA","Houston","2022-10-27 23:11:35.0000000"
"MENU_000883","REST_00080","Bottle Water","","4","","","Drinks","$2.24","Fukuoka Sushi Bar & Grill","Noodles, Salads, Rolls, Bento Box, Nigiri, Grill, Japanese, Sushi Bars, Sashimi","2808 Milam St c, Houston, TX 77006, USA","Houston","2022-11-07 21:20:55.0000000"
"MENU_000884","REST_00080","BT Beef Teriyaki","Served with gyoza, rice and choice of edamame or house ginger salad.","4","","","Bento Box","$17.19","Fukuoka Sushi Bar & Grill","Noodles, Salads, Rolls, Bento Box, Nigiri, Grill, Japanese, Sushi Bars, Sashimi","2808 Milam St c, Houston, TX 77006, USA","Houston","2022-11-07 21:20:55.0000000"
"MENU_000885","REST_00080","BT CK Katsu","Served with gyoza, rice and choice of edamame or house ginger salad.","4","","","Bento Box","$16.04","Fukuoka Sushi Bar & Grill","Noodles, Salads, Rolls, Bento Box, Nigiri, Grill, Japanese, Sushi Bars, Sashimi","2808 Milam St c, Houston, TX 77006, USA","Houston","2022-11-07 21:20:55.0000000"
"MENU_000886","REST_00080","BT CK Teriyaki","Served with gyoza, rice and choice of edamame or house ginger salad.","4","","","Bento Box","$16.04","Fukuoka Sushi Bar & Grill","Noodles, Salads, Rolls, Bento Box, Nigiri, Grill, Japanese, Sushi Bars, Sashimi","2808 Milam St c, Houston, TX 77006, USA","Houston","2022-11-07 21:20:55.0000000"
"MENU_000887","REST_00080","BT PK Katsu","Gyoza, rice and choice of edamame or house ginger salad.","4","","","Bento Box","$16.04","Fukuoka Sushi Bar & Grill","Noodles, Salads, Rolls, Bento Box, Nigiri, Grill, Japanese, Sushi Bars, Sashimi","2808 Milam St c, Houston, TX 77006, USA","Houston","2022-11-07 21:20:55.0000000"
"MENU_000888","REST_00080","BT Salmon Teriyaki","Served with gyoza, rice, choice of edamame or house ginger salad.","4","","","Bento Box","$17.19","Fukuoka Sushi Bar & Grill","Noodles, Salads, Rolls, Bento Box, Nigiri, Grill, Japanese, Sushi Bars, Sashimi","2808 Milam St c, Houston, TX 77006, USA","Houston","2022-10-27 23:11:35.0000000"
"MENU_000889","REST_00080","BT SH Tempura","Served with gyoza, rice and choice of edamame or house ginger salad.","4","","","Bento Box","$17.19","Fukuoka Sushi Bar & Grill","Noodles, Salads, Rolls, Bento Box, Nigiri, Grill, Japanese, Sushi Bars, Sashimi","2808 Milam St c, Houston, TX 77006, USA","Houston","2022-11-07 21:20:55.0000000"
"MENU_000890","REST_00080","BT SH Teriyaki","Served with gyoza, rice, choice of edamame or house ginger salad.","4","","","Bento Box","$17.19","Fukuoka Sushi Bar & Grill","Noodles, Salads, Rolls, Bento Box, Nigiri, Grill, Japanese, Sushi Bars, Sashimi","2808 Milam St c, Houston, TX 77006, USA","Houston","2022-11-07 21:20:55.0000000"
"MENU_000891","REST_00080","Bud Light","","4","","","Beer","$4.89","Fukuoka Sushi Bar & Grill","Noodles, Salads, Rolls, Bento Box, Nigiri, Grill, Japanese, Sushi Bars, Sashimi","2808 Milam St c, Houston, TX 77006, USA","Houston","2022-11-07 21:20:55.0000000"
"MENU_000892","REST_00080","Calamari Tempura","Lightly battered calamari with tempura sauce.","4","","","Starter","$13.74","Fukuoka Sushi Bar & Grill","Noodles, Salads, Rolls, Bento Box, Nigiri, Grill, Japanese, Sushi Bars, Sashimi","2808 Milam St c, Houston, TX 77006, USA","Houston","2022-11-07 21:20:55.0000000"
"MENU_000893","REST_00080","Cali. Hand Roll","","4","","","Hand Rolls","$6.61","Fukuoka Sushi Bar & Grill","Noodles, Salads, Rolls, Bento Box, Nigiri, Grill, Japanese, Sushi Bars, Sashimi","2808 Milam St c, Houston, TX 77006, USA","Houston","2022-11-07 21:20:55.0000000"
"MENU_000894","REST_00080","California Roll","","4","","","Hand Rolls","$8.91","Fukuoka Sushi Bar & Grill","Noodles, Salads, Rolls, Bento Box, Nigiri, Grill, Japanese, Sushi Bars, Sashimi","2808 Milam St c, Houston, TX 77006, USA","Houston","2022-11-07 21:20:55.0000000"
"MENU_000895","REST_00080","Chicken Fried Rice","Egg, carrots, peas, bean sprouts, onions, and scallions.","4","","","Rice/Noodle","$12.59","Fukuoka Sushi Bar & Grill","Noodles, Salads, Rolls, Bento Box, Nigiri, Grill, Japanese, Sushi Bars, Sashimi","2808 Milam St c, Houston, TX 77006, USA","Houston","2022-10-27 23:11:35.0000000"
"MENU_000896","REST_00080","Chicken Fried Rice Lunch","Egg, carrots, peas, bean sprouts, onions, and scallions. Includes: 2 veg. spring rolls. ","4","","","Rice/Noodle","$12.59","Fukuoka Sushi Bar & Grill","Noodles, Salads, Rolls, Bento Box, Nigiri, Grill, Japanese, Sushi Bars, Sashimi","2808 Milam St c, Houston, TX 77006, USA","Houston","2022-11-07 21:20:55.0000000"
"MENU_000897","REST_00080","Chirashi Bowl (D)","","4","","","House Specials","$25.88","Fukuoka Sushi Bar & Grill","Noodles, Salads, Rolls, Bento Box, Nigiri, Grill, Japanese, Sushi Bars, Sashimi","2808 Milam St c, Houston, TX 77006, USA","Houston","2022-10-27 23:11:35.0000000"
"MENU_000898","REST_00080","Chopped Scallops","","4","","","Sushi & Sashimi","$9.20","Fukuoka Sushi Bar & Grill","Noodles, Salads, Rolls, Bento Box, Nigiri, Grill, Japanese, Sushi Bars, Sashimi","2808 Milam St c, Houston, TX 77006, USA","Houston","2022-11-07 21:20:55.0000000"
"MENU_000899","REST_00080","Citron Tea","","4","","","Drinks","$5.69","Fukuoka Sushi Bar & Grill","Noodles, Salads, Rolls, Bento Box, Nigiri, Grill, Japanese, Sushi Bars, Sashimi","2808 Milam St c, Houston, TX 77006, USA","Houston","2022-11-07 21:20:55.0000000"
"MENU_000900","REST_00080","Coke","","4","","","Drinks","$3.39","Fukuoka Sushi Bar & Grill","Noodles, Salads, Rolls, Bento Box, Nigiri, Grill, Japanese, Sushi Bars, Sashimi","2808 Milam St c, Houston, TX 77006, USA","Houston","2022-11-07 21:20:55.0000000"
"MENU_000901","REST_00080","Crazy Roll","Shrimp tempura, spicy tuna, cucumber, and daikon sprout.","4","","","Maki Rolls","$10.29","Fukuoka Sushi Bar & Grill","Noodles, Salads, Rolls, Bento Box, Nigiri, Grill, Japanese, Sushi Bars, Sashimi","2808 Milam St c, Houston, TX 77006, USA","Houston","2022-11-07 21:20:55.0000000"
"MENU_000902","REST_00080","Crazy Roll","Shrimp tempura, cucumber, daikon, and spicy tuna.","4","","","Special Rolls","$10.29","Fukuoka Sushi Bar & Grill","Noodles, Salads, Rolls, Bento Box, Nigiri, Grill, Japanese, Sushi Bars, Sashimi","2808 Milam St c, Houston, TX 77006, USA","Houston","2022-11-07 21:20:55.0000000"
"MENU_000903","REST_00080","Creme de Sake","Bottle.","4","","","Wine & Sake","$17.19","Fukuoka Sushi Bar & Grill","Noodles, Salads, Rolls, Bento Box, Nigiri, Grill, Japanese, Sushi Bars, Sashimi","2808 Milam St c, Houston, TX 77006, USA","Houston","2022-11-07 21:20:55.0000000"
"MENU_000904","REST_00080","Crunchy Roll","Tempura shrimp, avocado, and tempura crunch with spicy mayo.","4","","","Special Rolls","$14.89","Fukuoka Sushi Bar & Grill","Noodles, Salads, Rolls, Bento Box, Nigiri, Grill, Japanese, Sushi Bars, Sashimi","2808 Milam St c, Houston, TX 77006, USA","Houston","2022-11-07 21:20:55.0000000"
"MENU_000905","REST_00080","Cucumber Hand Roll","","4","","","Hand Rolls","$6.61","Fukuoka Sushi Bar & Grill","Noodles, Salads, Rolls, Bento Box, Nigiri, Grill, Japanese, Sushi Bars, Sashimi","2808 Milam St c, Houston, TX 77006, USA","Houston","2022-11-07 21:20:55.0000000"
"MENU_000906","REST_00080","Curry Katsu Don","Panko batter, choice of pork chop or chicken breast, and curry sauce over steamed white rice garnished with steamed broccoli.","4","","","Fryer/Grilled","$12.59","Fukuoka Sushi Bar & Grill","Noodles, Salads, Rolls, Bento Box, Nigiri, Grill, Japanese, Sushi Bars, Sashimi","2808 Milam St c, Houston, TX 77006, USA","Houston","2022-11-07 21:20:55.0000000"
"MENU_000907","REST_00080","Diet Coke","","4","","","Drinks","$3.39","Fukuoka Sushi Bar & Grill","Noodles, Salads, Rolls, Bento Box, Nigiri, Grill, Japanese, Sushi Bars, Sashimi","2808 Milam St c, Houston, TX 77006, USA","Houston","2022-11-07 21:20:55.0000000"
"MENU_000908","REST_00080","Dr Pepper","","4","","","Drinks","$3.39","Fukuoka Sushi Bar & Grill","Noodles, Salads, Rolls, Bento Box, Nigiri, Grill, Japanese, Sushi Bars, Sashimi","2808 Milam St c, Houston, TX 77006, USA","Houston","2022-11-07 21:20:55.0000000"
"MENU_000909","REST_00080","Dynamite","Tempura shrimp, avocado, and spicy salmon.","4","","","Special Rolls","$14.38","Fukuoka Sushi Bar & Grill","Noodles, Salads, Rolls, Bento Box, Nigiri, Grill, Japanese, Sushi Bars, Sashimi","2808 Milam St c, Houston, TX 77006, USA","Houston","2022-11-07 21:20:55.0000000"
"MENU_000910","REST_00080","Ebi (Shrimp)","","4","","","Sushi & Sashimi","$4.89","Fukuoka Sushi Bar & Grill","Noodles, Salads, Rolls, Bento Box, Nigiri, Grill, Japanese, Sushi Bars, Sashimi","2808 Milam St c, Houston, TX 77006, USA","Houston","2022-10-27 23:11:35.0000000"
"MENU_000911","REST_00080","Ebi Mixed with Masago & Kani in Wasabi Mayo & Avocado Salad","","4","","","Sushi & Sashimi","$8.57","Fukuoka Sushi Bar & Grill","Noodles, Salads, Rolls, Bento Box, Nigiri, Grill, Japanese, Sushi Bars, Sashimi","2808 Milam St c, Houston, TX 77006, USA","Houston","2022-10-27 23:11:35.0000000"
"MENU_000912","REST_00080","Edamame","Steamed soybean pod with sea salt.","4","","","Starter","$5.69","Fukuoka Sushi Bar & Grill","Noodles, Salads, Rolls, Bento Box, Nigiri, Grill, Japanese, Sushi Bars, Sashimi","2808 Milam St c, Houston, TX 77006, USA","Houston","2022-11-07 21:20:55.0000000"
"MENU_000913","REST_00080","Escolar (White Tuna)","","4","","","Sushi & Sashimi","$6.61","Fukuoka Sushi Bar & Grill","Noodles, Salads, Rolls, Bento Box, Nigiri, Grill, Japanese, Sushi Bars, Sashimi","2808 Milam St c, Houston, TX 77006, USA","Houston","2022-11-07 21:20:55.0000000"
"MENU_000914","REST_00080","Fanta","","4","","","Drinks","$3.39","Fukuoka Sushi Bar & Grill","Noodles, Salads, Rolls, Bento Box, Nigiri, Grill, Japanese, Sushi Bars, Sashimi","2808 Milam St c, Houston, TX 77006, USA","Houston","2022-11-07 21:20:55.0000000"
"MENU_000915","REST_00080","Fried Oyster","Panko battered oysters with house cocktail sauce.","4","","","Starter","$7.99","Fukuoka Sushi Bar & Grill","Noodles, Salads, Rolls, Bento Box, Nigiri, Grill, Japanese, Sushi Bars, Sashimi","2808 Milam St c, Houston, TX 77006, USA","Houston","2022-10-27 23:11:35.0000000"
"MENU_000916","REST_00080","Fried Seafood Combo","Tempura style: cod fish, shrimp, kani, calamari, and fries.","4","","","Fryer/Grilled","$21.79","Fukuoka Sushi Bar & Grill","Noodles, Salads, Rolls, Bento Box, Nigiri, Grill, Japanese, Sushi Bars, Sashimi","2808 Milam St c, Houston, TX 77006, USA","Houston","2022-10-27 23:11:35.0000000"
"MENU_000917","REST_00080","Fukuoka Tower","Spicy chopped scallop or tuna with crab mix, avocado, tobiko, and AJ sauce.","4","","","Special Rolls","$21.79","Fukuoka Sushi Bar & Grill","Noodles, Salads, Rolls, Bento Box, Nigiri, Grill, Japanese, Sushi Bars, Sashimi","2808 Milam St c, Houston, TX 77006, USA","Houston","2022-11-07 21:20:55.0000000"
"MENU_000918","REST_00080","Ginjo Shu Chiku Bai","","4","","","Wine & Sake","$17.19","Fukuoka Sushi Bar & Grill","Noodles, Salads, Rolls, Bento Box, Nigiri, Grill, Japanese, Sushi Bars, Sashimi","2808 Milam St c, Houston, TX 77006, USA","Houston","2022-11-07 21:20:55.0000000"
"MENU_000919","REST_00080","Green Tea","","4","","","Drinks","$4.55","Fukuoka Sushi Bar & Grill","Noodles, Salads, Rolls, Bento Box, Nigiri, Grill, Japanese, Sushi Bars, Sashimi","2808 Milam St c, Houston, TX 77006, USA","Houston","2022-10-27 23:11:35.0000000"
"MENU_000920","REST_00080","Hakata Ramen","Tempura shrimp, shiitake, and woods ear mushrooms, kamaboko (fish cake), seasoned egg, bean sprouts, scallions, and pork belly.","4","","","Rice/Noodle","$13.74","Fukuoka Sushi Bar & Grill","Noodles, Salads, Rolls, Bento Box, Nigiri, Grill, Japanese, Sushi Bars, Sashimi","2808 Milam St c, Houston, TX 77006, USA","Houston","2022-11-07 21:20:55.0000000"
"MENU_000921","REST_00080","Hamachi (Yellowtail)","","4","","","Sushi & Sashimi","$7.19","Fukuoka Sushi Bar & Grill","Noodles, Salads, Rolls, Bento Box, Nigiri, Grill, Japanese, Sushi Bars, Sashimi","2808 Milam St c, Houston, TX 77006, USA","Houston","2022-11-07 21:20:55.0000000"
"MENU_000922","REST_00080","Hand Roll","","4","","","Sushi, Sashimi, & Roll Combo","$6.61","Fukuoka Sushi Bar & Grill","Noodles, Salads, Rolls, Bento Box, Nigiri, Grill, Japanese, Sushi Bars, Sashimi","2808 Milam St c, Houston, TX 77006, USA","Houston","2022-11-07 21:20:55.0000000"
"MENU_000923","REST_00080","Honey Ginger Tea","","4","","","Drinks","$5.69","Fukuoka Sushi Bar & Grill","Noodles, Salads, Rolls, Bento Box, Nigiri, Grill, Japanese, Sushi Bars, Sashimi","2808 Milam St c, Houston, TX 77006, USA","Houston","2022-11-07 21:20:55.0000000"
"MENU_000924","REST_00080","Hotategai (Scallop)","","4","","","Sushi & Sashimi","$8.05","Fukuoka Sushi Bar & Grill","Noodles, Salads, Rolls, Bento Box, Nigiri, Grill, Japanese, Sushi Bars, Sashimi","2808 Milam St c, Houston, TX 77006, USA","Houston","2022-11-07 21:20:55.0000000"
"MENU_000925","REST_00080","House Salad","","4","","","Sides","$6.85","Fukuoka Sushi Bar & Grill","Noodles, Salads, Rolls, Bento Box, Nigiri, Grill, Japanese, Sushi Bars, Sashimi","2808 Milam St c, Houston, TX 77006, USA","Houston","2022-10-27 23:11:35.0000000"
"MENU_000926","REST_00080","House Salad","","4","","","Soup Salad","$6.84","Fukuoka Sushi Bar & Grill","Noodles, Salads, Rolls, Bento Box, Nigiri, Grill, Japanese, Sushi Bars, Sashimi","2808 Milam St c, Houston, TX 77006, USA","Houston","2022-10-27 23:11:35.0000000"
"MENU_000927","REST_00080","Ika (Squid)","","4","","","Sushi & Sashimi","$6.90","Fukuoka Sushi Bar & Grill","Noodles, Salads, Rolls, Bento Box, Nigiri, Grill, Japanese, Sushi Bars, Sashimi","2808 Milam St c, Houston, TX 77006, USA","Houston","2022-11-07 21:20:55.0000000"
"MENU_000928","REST_00080","Ikura (Salmon Roe)","","4","","","Sushi & Sashimi","$8.05","Fukuoka Sushi Bar & Grill","Noodles, Salads, Rolls, Bento Box, Nigiri, Grill, Japanese, Sushi Bars, Sashimi","2808 Milam St c, Houston, TX 77006, USA","Houston","2022-11-07 21:20:55.0000000"
"MENU_000929","REST_00080","Jumbo SH. FR","","4","","","Rice/Noodle","$17.19","Fukuoka Sushi Bar & Grill","Noodles, Salads, Rolls, Bento Box, Nigiri, Grill, Japanese, Sushi Bars, Sashimi","2808 Milam St c, Houston, TX 77006, USA","Houston","2022-10-27 23:11:35.0000000"
"MENU_000930","REST_00080","Katsu Oyako Don","","4","","","Rice/Noodle","$12.59","Fukuoka Sushi Bar & Grill","Noodles, Salads, Rolls, Bento Box, Nigiri, Grill, Japanese, Sushi Bars, Sashimi","2808 Milam St c, Houston, TX 77006, USA","Houston","2022-10-27 23:11:35.0000000"
"MENU_000931","REST_00080","Lemonade","","4","","","Drinks","$3.39","Fukuoka Sushi Bar & Grill","Noodles, Salads, Rolls, Bento Box, Nigiri, Grill, Japanese, Sushi Bars, Sashimi","2808 Milam St c, Houston, TX 77006, USA","Houston","2022-11-07 21:20:55.0000000"
"MENU_000932","REST_00080","Masago (Smelt Fish Egg)","","4","","","Sushi & Sashimi","$5.75","Fukuoka Sushi Bar & Grill","Noodles, Salads, Rolls, Bento Box, Nigiri, Grill, Japanese, Sushi Bars, Sashimi","2808 Milam St c, Houston, TX 77006, USA","Houston","2022-11-07 21:20:55.0000000"
"MENU_000933","REST_00080","Miso Soup","Silken tofu, kelp, and scallions.","4","","","Soup Salad","$2.88","Fukuoka Sushi Bar & Grill","Noodles, Salads, Rolls, Bento Box, Nigiri, Grill, Japanese, Sushi Bars, Sashimi","2808 Milam St c, Houston, TX 77006, USA","Houston","2022-10-27 23:11:35.0000000"
"MENU_000934","REST_00080","Monster","","4","","","Drinks","$5.69","Fukuoka Sushi Bar & Grill","Noodles, Salads, Rolls, Bento Box, Nigiri, Grill, Japanese, Sushi Bars, Sashimi","2808 Milam St c, Houston, TX 77006, USA","Houston","2022-11-07 21:20:55.0000000"
"MENU_000935","REST_00080","Ninja","Tempura shrimp, spicy salmon, unagi, avocado, eel sauce, and tempura crunch.","4","","","Special Rolls","$16.68","Fukuoka Sushi Bar & Grill","Noodles, Salads, Rolls, Bento Box, Nigiri, Grill, Japanese, Sushi Bars, Sashimi","2808 Milam St c, Houston, TX 77006, USA","Houston","2022-10-27 23:11:35.0000000"
"MENU_000936","REST_00080","Orange Juice","","4","","","Drinks","$4.54","Fukuoka Sushi Bar & Grill","Noodles, Salads, Rolls, Bento Box, Nigiri, Grill, Japanese, Sushi Bars, Sashimi","2808 Milam St c, Houston, TX 77006, USA","Houston","2022-11-07 21:20:55.0000000"
"MENU_000937","REST_00080","Oyako Don","Pork or chicken fried with panko bread. Onion, scallion, and egg gravy over steamed rice garnished with broccoli.","4","","","Rice/Noodle","$12.59","Fukuoka Sushi Bar & Grill","Noodles, Salads, Rolls, Bento Box, Nigiri, Grill, Japanese, Sushi Bars, Sashimi","2808 Milam St c, Houston, TX 77006, USA","Houston","2022-10-27 23:11:35.0000000"
"MENU_000938","REST_00080","Pep. Corn (Tuna)","","4","","","Sushi & Sashimi","$7.76","Fukuoka Sushi Bar & Grill","Noodles, Salads, Rolls, Bento Box, Nigiri, Grill, Japanese, Sushi Bars, Sashimi","2808 Milam St c, Houston, TX 77006, USA","Houston","2022-11-07 21:20:55.0000000"
"MENU_000939","REST_00080","Pep.Corn Salmon","","4","","","Sushi & Sashimi","$6.33","Fukuoka Sushi Bar & Grill","Noodles, Salads, Rolls, Bento Box, Nigiri, Grill, Japanese, Sushi Bars, Sashimi","2808 Milam St c, Houston, TX 77006, USA","Houston","2022-11-07 21:20:55.0000000"
"MENU_000940","REST_00080","Peppercorn Escolar","","4","","","Sushi & Sashimi","$6.90","Fukuoka Sushi Bar & Grill","Noodles, Salads, Rolls, Bento Box, Nigiri, Grill, Japanese, Sushi Bars, Sashimi","2808 Milam St c, Houston, TX 77006, USA","Houston","2022-11-07 21:20:55.0000000"
"MENU_000941","REST_00080","Perrier","","4","","","Drinks","$4.54","Fukuoka Sushi Bar & Grill","Noodles, Salads, Rolls, Bento Box, Nigiri, Grill, Japanese, Sushi Bars, Sashimi","2808 Milam St c, Houston, TX 77006, USA","Houston","2022-11-07 21:20:55.0000000"
"MENU_000942","REST_00080","Philadelphia","Smoke salmon, avocado, cream cheese, and sesame seed.","4","","","Maki Rolls","$9.49","Fukuoka Sushi Bar & Grill","Noodles, Salads, Rolls, Bento Box, Nigiri, Grill, Japanese, Sushi Bars, Sashimi","2808 Milam St c, Houston, TX 77006, USA","Houston","2022-10-27 23:11:35.0000000"
"MENU_000943","REST_00080","Powerade","","4","","","Drinks","$3.39","Fukuoka Sushi Bar & Grill","Noodles, Salads, Rolls, Bento Box, Nigiri, Grill, Japanese, Sushi Bars, Sashimi","2808 Milam St c, Houston, TX 77006, USA","Houston","2022-11-07 21:20:55.0000000"
"MENU_000944","REST_00080","Ramune","","4","","","Drinks","$4.54","Fukuoka Sushi Bar & Grill","Noodles, Salads, Rolls, Bento Box, Nigiri, Grill, Japanese, Sushi Bars, Sashimi","2808 Milam St c, Houston, TX 77006, USA","Houston","2022-11-07 21:20:55.0000000"
"MENU_000945","REST_00080","Saba (Mackerel)","","4","","","Sushi & Sashimi","$6.33","Fukuoka Sushi Bar & Grill","Noodles, Salads, Rolls, Bento Box, Nigiri, Grill, Japanese, Sushi Bars, Sashimi","2808 Milam St c, Houston, TX 77006, USA","Houston","2022-11-07 21:20:55.0000000"
"MENU_000946","REST_00080","Sake (Salmon)","","4","","","Sushi & Sashimi","$5.98","Fukuoka Sushi Bar & Grill","Noodles, Salads, Rolls, Bento Box, Nigiri, Grill, Japanese, Sushi Bars, Sashimi","2808 Milam St c, Houston, TX 77006, USA","Houston","2022-11-07 21:20:55.0000000"
"MENU_000947","REST_00080","Sake Toro (Salmon Belly)","","4","","","Sushi & Sashimi","$6.90","Fukuoka Sushi Bar & Grill","Noodles, Salads, Rolls, Bento Box, Nigiri, Grill, Japanese, Sushi Bars, Sashimi","2808 Milam St c, Houston, TX 77006, USA","Houston","2022-11-07 21:20:55.0000000"
"MENU_000948","REST_00080","Salmon Hand Roll","","4","","","Hand Rolls","$6.61","Fukuoka Sushi Bar & Grill","Noodles, Salads, Rolls, Bento Box, Nigiri, Grill, Japanese, Sushi Bars, Sashimi","2808 Milam St c, Houston, TX 77006, USA","Houston","2022-11-07 21:20:55.0000000"
"MENU_000949","REST_00080","Salmon Maki","","4","","","Maki Rolls","$8.63","Fukuoka Sushi Bar & Grill","Noodles, Salads, Rolls, Bento Box, Nigiri, Grill, Japanese, Sushi Bars, Sashimi","2808 Milam St c, Houston, TX 77006, USA","Houston","2022-10-27 23:11:35.0000000"
"MENU_000950","REST_00080","Sashimi Platter","","4","","","Sushi, Sashimi, & Roll Combo","$40.25","Fukuoka Sushi Bar & Grill","Noodles, Salads, Rolls, Bento Box, Nigiri, Grill, Japanese, Sushi Bars, Sashimi","2808 Milam St c, Houston, TX 77006, USA","Houston","2022-11-07 21:20:55.0000000"
"MENU_000951","REST_00080","Seattle","Kani, salmon, cucumber, avocado, masago, and tempura fried topped with eel and spicy mayo sauce.","4","","","Special Rolls","$14.38","Fukuoka Sushi Bar & Grill","Noodles, Salads, Rolls, Bento Box, Nigiri, Grill, Japanese, Sushi Bars, Sashimi","2808 Milam St c, Houston, TX 77006, USA","Houston","2022-11-07 21:20:55.0000000"
"MENU_000952","REST_00080","Sh Tem Appetizer (2)","Panko tempura fried with tempura sauce.","4","","","Starter","$5.69","Fukuoka Sushi Bar & Grill","Noodles, Salads, Rolls, Bento Box, Nigiri, Grill, Japanese, Sushi Bars, Sashimi","2808 Milam St c, Houston, TX 77006, USA","Houston","2022-11-07 21:20:55.0000000"
"MENU_000953","REST_00080","Sh Temp (6) PCs","","4","","","Starter","$15.83","Fukuoka Sushi Bar & Grill","Noodles, Salads, Rolls, Bento Box, Nigiri, Grill, Japanese, Sushi Bars, Sashimi","2808 Milam St c, Houston, TX 77006, USA","Houston","2022-11-07 21:20:55.0000000"
"MENU_000954","REST_00080","Shaggy Dog","Tempura shrimp, avocado, kani, spicy mayo, and eel sauce.","4","","","Special Rolls","$16.68","Fukuoka Sushi Bar & Grill","Noodles, Salads, Rolls, Bento Box, Nigiri, Grill, Japanese, Sushi Bars, Sashimi","2808 Milam St c, Houston, TX 77006, USA","Houston","2022-11-07 21:20:55.0000000"
"MENU_000955","REST_00080","Shrimp Tempura Hand Roll","","4","","","Hand Rolls","$7.78","Fukuoka Sushi Bar & Grill","Noodles, Salads, Rolls, Bento Box, Nigiri, Grill, Japanese, Sushi Bars, Sashimi","2808 Milam St c, Houston, TX 77006, USA","Houston","2022-10-27 23:11:35.0000000"
"MENU_000956","REST_00080","Shrimp Tempura Maki Roll","Tempura shrimp, spicy mayo. Cucumber, masago, and avocado.","4","","","Maki Rolls","$9.14","Fukuoka Sushi Bar & Grill","Noodles, Salads, Rolls, Bento Box, Nigiri, Grill, Japanese, Sushi Bars, Sashimi","2808 Milam St c, Houston, TX 77006, USA","Houston","2022-11-07 21:20:55.0000000"
"MENU_000957","REST_00080","Shrimp Tempura Roll","Tempura shrimp, cucumber, avocado, masago, and spicy mayo.","4","","","Special Rolls","$9.14","Fukuoka Sushi Bar & Grill","Noodles, Salads, Rolls, Bento Box, Nigiri, Grill, Japanese, Sushi Bars, Sashimi","2808 Milam St c, Houston, TX 77006, USA","Houston","2022-11-07 21:20:55.0000000"
"MENU_000958","REST_00080","Sizzling Teriyaki Beef","Served with vegetable tempura, and steamed rice.","4","","","Fryer/Grilled","$17.19","Fukuoka Sushi Bar & Grill","Noodles, Salads, Rolls, Bento Box, Nigiri, Grill, Japanese, Sushi Bars, Sashimi","2808 Milam St c, Houston, TX 77006, USA","Houston","2022-11-07 21:20:55.0000000"
"MENU_000959","REST_00080","Sizzling Teriyaki Salmon","Served with mixed vegetables tempura and steamed rice.","4","","","Fryer/Grilled","$17.19","Fukuoka Sushi Bar & Grill","Noodles, Salads, Rolls, Bento Box, Nigiri, Grill, Japanese, Sushi Bars, Sashimi","2808 Milam St c, Houston, TX 77006, USA","Houston","2022-10-27 23:11:35.0000000"
"MENU_000960","REST_00080","Sizzling Teriyaki SH","Served with vegetable tempura and steamed rice.","4","","","Fryer/Grilled","$17.19","Fukuoka Sushi Bar & Grill","Noodles, Salads, Rolls, Bento Box, Nigiri, Grill, Japanese, Sushi Bars, Sashimi","2808 Milam St c, Houston, TX 77006, USA","Houston","2022-11-07 21:20:55.0000000"
"MENU_000961","REST_00080","Small Fried Rice","Egg, carrots, peas, onions, and scallions.","4","","","Fryer/Grilled","$3.45","Fukuoka Sushi Bar & Grill","Noodles, Salads, Rolls, Bento Box, Nigiri, Grill, Japanese, Sushi Bars, Sashimi","2808 Milam St c, Houston, TX 77006, USA","Houston","2022-11-07 21:20:55.0000000"
"MENU_000962","REST_00080","Smoked Sake (Smoked Salmon)","","4","","","Sushi & Sashimi","$7.19","Fukuoka Sushi Bar & Grill","Noodles, Salads, Rolls, Bento Box, Nigiri, Grill, Japanese, Sushi Bars, Sashimi","2808 Milam St c, Houston, TX 77006, USA","Houston","2022-11-07 21:20:55.0000000"
"MENU_000963","REST_00080","Smoked Salmon Hand Roll","","4","","","Hand Rolls","$6.61","Fukuoka Sushi Bar & Grill","Noodles, Salads, Rolls, Bento Box, Nigiri, Grill, Japanese, Sushi Bars, Sashimi","2808 Milam St c, Houston, TX 77006, USA","Houston","2022-11-07 21:20:55.0000000"
"MENU_000964","REST_00080","Soto Premium Junmai","","4","","","Bottle Wine","$57.44","Fukuoka Sushi Bar & Grill","Noodles, Salads, Rolls, Bento Box, Nigiri, Grill, Japanese, Sushi Bars, Sashimi","2808 Milam St c, Houston, TX 77006, USA","Houston","2022-11-07 21:20:55.0000000"
"MENU_000965","REST_00080","Spicy Salmon Hand Roll","","4","","","Hand Rolls","$6.61","Fukuoka Sushi Bar & Grill","Noodles, Salads, Rolls, Bento Box, Nigiri, Grill, Japanese, Sushi Bars, Sashimi","2808 Milam St c, Houston, TX 77006, USA","Houston","2022-11-07 21:20:55.0000000"
"MENU_000966","REST_00080","Spicy Salmon Maki","","4","","","Maki Rolls","$8.63","Fukuoka Sushi Bar & Grill","Noodles, Salads, Rolls, Bento Box, Nigiri, Grill, Japanese, Sushi Bars, Sashimi","2808 Milam St c, Houston, TX 77006, USA","Houston","2022-10-27 23:11:35.0000000"
"MENU_000967","REST_00080","Spicy Tuna Hand Roll","","4","","","Hand Rolls","$6.61","Fukuoka Sushi Bar & Grill","Noodles, Salads, Rolls, Bento Box, Nigiri, Grill, Japanese, Sushi Bars, Sashimi","2808 Milam St c, Houston, TX 77006, USA","Houston","2022-11-07 21:20:55.0000000"
"MENU_000968","REST_00080","Spicy Yellow Tail Hand Roll","","4","","","Hand Rolls","$6.61","Fukuoka Sushi Bar & Grill","Noodles, Salads, Rolls, Bento Box, Nigiri, Grill, Japanese, Sushi Bars, Sashimi","2808 Milam St c, Houston, TX 77006, USA","Houston","2022-11-07 21:20:55.0000000"
"MENU_000969","REST_00080","Spicy Yellow Tail Maki","","4","","","Maki Rolls","$8.63","Fukuoka Sushi Bar & Grill","Noodles, Salads, Rolls, Bento Box, Nigiri, Grill, Japanese, Sushi Bars, Sashimi","2808 Milam St c, Houston, TX 77006, USA","Houston","2022-10-27 23:11:35.0000000"
"MENU_000970","REST_00080","Spider","Tempura softshell crab, cucumber, avocado, masago, and spicy mayo.","4","","","Special Rolls","$10.64","Fukuoka Sushi Bar & Grill","Noodles, Salads, Rolls, Bento Box, Nigiri, Grill, Japanese, Sushi Bars, Sashimi","2808 Milam St c, Houston, TX 77006, USA","Houston","2022-11-07 21:20:55.0000000"
"MENU_000971","REST_00080","Spider Hand Roll","","4","","","Hand Rolls","$8.92","Fukuoka Sushi Bar & Grill","Noodles, Salads, Rolls, Bento Box, Nigiri, Grill, Japanese, Sushi Bars, Sashimi","2808 Milam St c, Houston, TX 77006, USA","Houston","2022-10-27 23:11:35.0000000"
"MENU_000972","REST_00080","Spider Roll","Tempura soft shell crab, spicy mayo, cucumber, masago, and avocado.","4","","","Maki Rolls","$10.64","Fukuoka Sushi Bar & Grill","Noodles, Salads, Rolls, Bento Box, Nigiri, Grill, Japanese, Sushi Bars, Sashimi","2808 Milam St c, Houston, TX 77006, USA","Houston","2022-10-27 23:11:35.0000000"
"MENU_000973","REST_00080","Sprite","","4","","","Drinks","$3.39","Fukuoka Sushi Bar & Grill","Noodles, Salads, Rolls, Bento Box, Nigiri, Grill, Japanese, Sushi Bars, Sashimi","2808 Milam St c, Houston, TX 77006, USA","Houston","2022-11-07 21:20:55.0000000"
"MENU_000974","REST_00080","Super Shaggy Dog","Tempura shrimp, kani, avocado, tempura crunch, and spicy mayo and eel sauce.","4","","","Special Rolls","$16.68","Fukuoka Sushi Bar & Grill","Noodles, Salads, Rolls, Bento Box, Nigiri, Grill, Japanese, Sushi Bars, Sashimi","2808 Milam St c, Houston, TX 77006, USA","Houston","2022-11-07 21:20:55.0000000"
"MENU_000975","REST_00080","Sushi (10 Pc) & Tuna Cucumber Roll","Chef's choice of assorted sushi.","4","","","Sushi, Sashimi, & Roll Combo","$34.44","Fukuoka Sushi Bar & Grill","Noodles, Salads, Rolls, Bento Box, Nigiri, Grill, Japanese, Sushi Bars, Sashimi","2808 Milam St c, Houston, TX 77006, USA","Houston","2022-11-07 21:20:55.0000000"
"MENU_000976","REST_00080","Sushi (6 Pc) & Spicy Tuna Roll","Assorted mixed sushi. Chef's choice.","4","","","Sushi, Sashimi, & Roll Combo","$22.94","Fukuoka Sushi Bar & Grill","Noodles, Salads, Rolls, Bento Box, Nigiri, Grill, Japanese, Sushi Bars, Sashimi","2808 Milam St c, Houston, TX 77006, USA","Houston","2022-11-07 21:20:55.0000000"
"MENU_000977","REST_00080","Sweet Tea","","4","","","Drinks","$3.39","Fukuoka Sushi Bar & Grill","Noodles, Salads, Rolls, Bento Box, Nigiri, Grill, Japanese, Sushi Bars, Sashimi","2808 Milam St c, Houston, TX 77006, USA","Houston","2022-11-07 21:20:55.0000000"
"MENU_000978","REST_00080","Tai (Red Snapper)","","4","","","Sushi & Sashimi","$6.61","Fukuoka Sushi Bar & Grill","Noodles, Salads, Rolls, Bento Box, Nigiri, Grill, Japanese, Sushi Bars, Sashimi","2808 Milam St c, Houston, TX 77006, USA","Houston","2022-11-07 21:20:55.0000000"
"MENU_000979","REST_00080","Tako (Octopus)","","4","","","Sushi & Sashimi","$7.19","Fukuoka Sushi Bar & Grill","Noodles, Salads, Rolls, Bento Box, Nigiri, Grill, Japanese, Sushi Bars, Sashimi","2808 Milam St c, Houston, TX 77006, USA","Houston","2022-11-07 21:20:55.0000000"
"MENU_000980","REST_00080","Takoyaki","","4","","","Starter","$4.95","Fukuoka Sushi Bar & Grill","Noodles, Salads, Rolls, Bento Box, Nigiri, Grill, Japanese, Sushi Bars, Sashimi","2808 Milam St c, Houston, TX 77006, USA","Houston","2022-10-27 23:11:35.0000000"
"MENU_000981","REST_00080","Tiger Eye","Tempura smoke salmon, cream cheese, jalapeño, masago, and soy paper.","4","","","Maki Rolls","$10.06","Fukuoka Sushi Bar & Grill","Noodles, Salads, Rolls, Bento Box, Nigiri, Grill, Japanese, Sushi Bars, Sashimi","2808 Milam St c, Houston, TX 77006, USA","Houston","2022-11-07 21:20:55.0000000"
"MENU_000982","REST_00080","Tobiko (Flying Fish Egg)","","4","","","Sushi & Sashimi","$6.90","Fukuoka Sushi Bar & Grill","Noodles, Salads, Rolls, Bento Box, Nigiri, Grill, Japanese, Sushi Bars, Sashimi","2808 Milam St c, Houston, TX 77006, USA","Houston","2022-11-07 21:20:55.0000000"
"MENU_000983","REST_00080","Tuna Hand Roll","","4","","","Hand Rolls","$6.61","Fukuoka Sushi Bar & Grill","Noodles, Salads, Rolls, Bento Box, Nigiri, Grill, Japanese, Sushi Bars, Sashimi","2808 Milam St c, Houston, TX 77006, USA","Houston","2022-11-07 21:20:55.0000000"
"MENU_000984","REST_00080","Unagi (Eel)","","4","","","Sushi & Sashimi","$7.76","Fukuoka Sushi Bar & Grill","Noodles, Salads, Rolls, Bento Box, Nigiri, Grill, Japanese, Sushi Bars, Sashimi","2808 Milam St c, Houston, TX 77006, USA","Houston","2022-11-07 21:20:55.0000000"
"MENU_000985","REST_00080","Unagi Bowl","","4","","","House Specials","$25.88","Fukuoka Sushi Bar & Grill","Noodles, Salads, Rolls, Bento Box, Nigiri, Grill, Japanese, Sushi Bars, Sashimi","2808 Milam St c, Houston, TX 77006, USA","Houston","2022-10-27 23:11:35.0000000"
"MENU_000986","REST_00080","Unsweet Iced Tea","","4","","","Drinks","$3.39","Fukuoka Sushi Bar & Grill","Noodles, Salads, Rolls, Bento Box, Nigiri, Grill, Japanese, Sushi Bars, Sashimi","2808 Milam St c, Houston, TX 77006, USA","Houston","2022-11-07 21:20:55.0000000"
"MENU_000987","REST_00080","Veg. Gyoza","","4","","","Starter","$7.48","Fukuoka Sushi Bar & Grill","Noodles, Salads, Rolls, Bento Box, Nigiri, Grill, Japanese, Sushi Bars, Sashimi","2808 Milam St c, Houston, TX 77006, USA","Houston","2022-11-07 21:20:55.0000000"
"MENU_000988","REST_00080","Vegetable Egg Roll","","4","","","Starter","$5.70","Fukuoka Sushi Bar & Grill","Noodles, Salads, Rolls, Bento Box, Nigiri, Grill, Japanese, Sushi Bars, Sashimi","2808 Milam St c, Houston, TX 77006, USA","Houston","2022-10-27 23:11:35.0000000"
"MENU_000989","REST_00080","Vegetable Tempura Appetizer","","4","","","Starter","$5.70","Fukuoka Sushi Bar & Grill","Noodles, Salads, Rolls, Bento Box, Nigiri, Grill, Japanese, Sushi Bars, Sashimi","2808 Milam St c, Houston, TX 77006, USA","Houston","2022-10-27 23:11:35.0000000"
"MENU_000990","REST_00080","Whole Calamari Grilled","Grilled whole calamari seasoned with togarashi garnished with lemon wedge and ponzu dipping sauce.","4","","","Fryer/Grilled","$13.74","Fukuoka Sushi Bar & Grill","Noodles, Salads, Rolls, Bento Box, Nigiri, Grill, Japanese, Sushi Bars, Sashimi","2808 Milam St c, Houston, TX 77006, USA","Houston","2022-11-07 21:20:55.0000000"
"MENU_000991","REST_00080","Yaki Udon","Stir-fry udon noodles. Choice of protein, cabbage, bean sprouts, carrots, zucchini, onion, and scallion.","4","","","Fryer/Grilled","$11.44","Fukuoka Sushi Bar & Grill","Noodles, Salads, Rolls, Bento Box, Nigiri, Grill, Japanese, Sushi Bars, Sashimi","2808 Milam St c, Houston, TX 77006, USA","Houston","2022-11-07 21:20:55.0000000"
"MENU_000992","REST_00080","Yaki Udon (Lunch)","","4","","","Rice/Noodle","$13.74","Fukuoka Sushi Bar & Grill","Noodles, Salads, Rolls, Bento Box, Nigiri, Grill, Japanese, Sushi Bars, Sashimi","2808 Milam St c, Houston, TX 77006, USA","Houston","2022-11-07 21:20:55.0000000"
"MENU_000993","REST_00080","Yakisoba (Dinner)","","4","","","Rice/Noodle","$13.74","Fukuoka Sushi Bar & Grill","Noodles, Salads, Rolls, Bento Box, Nigiri, Grill, Japanese, Sushi Bars, Sashimi","2808 Milam St c, Houston, TX 77006, USA","Houston","2022-11-07 21:20:55.0000000"
"MENU_000994","REST_00080","YellowTail Hand Roll","","4","","","Hand Rolls","$6.61","Fukuoka Sushi Bar & Grill","Noodles, Salads, Rolls, Bento Box, Nigiri, Grill, Japanese, Sushi Bars, Sashimi","2808 Milam St c, Houston, TX 77006, USA","Houston","2022-11-07 21:20:55.0000000"
"MENU_000995","REST_00081","Sweet Loren's Chocolate Chunk Edible Cookie Dough","Creamy, smooth and scoop-able gluten-free cookie dough. Delicious taste from only clean ingredients. Spoon under lid (3.6 oz). (Gluten-free, vegan)","4.14554786682129","","","Desserts","$7.75","ginger bowls (Healthy Asian Bowls)","Healthy, Chinese, Bowls, Asian","2616 Blodgett St, Houston, TX 77004, USA","Houston","2022-10-30 15:07:28.0000000"
"MENU_000996","REST_00081","The Impossible Potsticker","Gluten-free potstickers filled with Impossible Beef, fresh garlic, and fresh ginger. Pan fried and served with our house-made ginger garlic sauce. 5 per order. (gluten-Free & vegan)","4.14554786682129","","","Appetizers","$12.00","ginger bowls (Healthy Asian Bowls)","Healthy, Chinese, Bowls, Asian","2616 Blodgett St, Houston, TX 77004, USA","Houston","2022-10-30 15:07:28.0000000"
"MENU_000997","REST_00082","Homemade White Bread Loaf","","4.65557909011841","","","Sides/Sauce/Bread","$5.40","Goode Company BBQ","Barbecue Restaurant","5109 Kirby Dr, Houston, TX 77098, USA","Houston","2022-11-07 21:15:36.0000000"
"MENU_000998","REST_00083","Banana Chia Pudding","Chia seeds soaked overnight in oat milk and sweetened with raw cane sugar. (Gluten-free, vegan)","0","","","Desserts","$6.50","Grateful Greens","Healthy, Salads, Bowls, Drinks, Dessert, Pickup, Takeout","2616 Blodgett St, Houston, TX 77004, USA","Houston","2022-10-30 15:34:00.0000000"
"MENU_000999","REST_00083","Sweet Loren's Chocolate Chunk Edible Cookie Dough","Creamy, smooth and scoop-able gluten-free cookie dough. Delicious taste from only clean ingredients. Spoon under lid (3.6 oz). (Gluten-free, vegan)","0","","","Desserts","$7.75","Grateful Greens","Healthy, Salads, Bowls, Drinks, Dessert, Pickup, Takeout","2616 Blodgett St, Houston, TX 77004, USA","Houston","2022-10-30 15:34:00.0000000"
"MENU_001000","REST_00084","Family Four Pack of Gyros","4 Traditional pitas with choice of protein, fries or falafel, cookies. ","4.80000019073486","","","Family Pack Section","$37.99","Gyroville","Falafel, Mediterranean, Gyro, Wraps, Greek","1324 N Shepherd Dr, Houston, TX 77008, USA","Houston","2022-10-27 23:17:01.0000000"
"MENU_001001","REST_00085","Beef Sukiyaki Fried Rice Bowl","Our signature thin-sliced Sukiyaki-marinated beef stir-fried with white rice, egg yolk, mushrooms, and sliced onions. Topped with diced red bell peppers, chopped green onions, and sesame seeds.","4.65962409973145","","","Gyu-Bowls: Rice & Noodle Bowls ","$13.00","Gyu-Kaku Japanese BBQ","Japanese  Restaurant","Gyu-Kaku Japanese BBQ, 510 Gray St, Houston, TX 77002, USA","Houston","2022-11-07 21:13:20.0000000"
"MENU_001002","REST_00085","Beyond Beef Rice Bowl","Our beloved Sukiyaki Bibimbap goes BEYOND. 100% plant-based Beyond Beef is marinated in our secret Sukiyaki sauce and stir fried with mushrooms, diced red bell peppers, and sliced white onions. Served over rice. Topped with chopped green onions and sesame seeds. Also contains butter and sesame oil. Picture for visualization purposes only. Beyond Bibimbap will arrive pre-mixed.","4.65962409973145","","","Gyu-Bowls: Rice & Noodle Bowls ","$13.00","Gyu-Kaku Japanese BBQ","Japanese  Restaurant","Gyu-Kaku Japanese BBQ, 510 Gray St, Houston, TX 77002, USA","Houston","2022-11-07 21:13:20.0000000"
"MENU_001003","REST_00085","Crunchy Garlic Shrimp Noodles","Crunchy Garlic Shrimp atop thick Japanese noodles stir-fried with sliced garlic, crunchy chili garlic oil, butter, and soy sauce. Topped with diced red bell peppers, chopped green onions, and sesame seeds. Mildly spicy.","4.65962409973145","","","Gyu-Bowls: Rice & Noodle Bowls ","$14.00","Gyu-Kaku Japanese BBQ","Japanese  Restaurant","Gyu-Kaku Japanese BBQ, 510 Gray St, Houston, TX 77002, USA","Houston","2022-11-07 21:13:20.0000000"
"MENU_001004","REST_00085","Fried Chicken Karaage Rice Bowl","Japanese Fried Chicken Karaage on a bed of white rice and shredded cabbage. Topped with Japanese Chili Mayo and chopped green onions.","4.65962409973145","","","Gyu-Bowls: Rice & Noodle Bowls ","$13.00","Gyu-Kaku Japanese BBQ","Japanese  Restaurant","Gyu-Kaku Japanese BBQ, 510 Gray St, Houston, TX 77002, USA","Houston","2022-11-07 21:13:20.0000000"
"MENU_001005","REST_00085","Garlic Fried Rice Bowl","Our Garlic Fried Rice features white rice stir-fried with egg yolk, sliced onions, sliced garlic. Seasoned with a combination of our Shio Soy Sauce, butter, sesame oil, and black pepper. Topped with chopped green onions and fried garlic chips.","4.65962409973145","","","Gyu-Bowls: Rice & Noodle Bowls ","$10.50","Gyu-Kaku Japanese BBQ","Japanese  Restaurant","Gyu-Kaku Japanese BBQ, 510 Gray St, Houston, TX 77002, USA","Houston","2022-11-07 21:13:20.0000000"
"MENU_001006","REST_00085","Garlic Shoyu Chicken Noodles","Thick Japanese noodles stir-fried with chicken, sliced garlic, butter, and soy sauce. Topped with diced red bell peppers, chopped green onions, and sesame seeds.","4.65962409973145","","","Gyu-Bowls: Rice & Noodle Bowls ","$13.00","Gyu-Kaku Japanese BBQ","Japanese  Restaurant","Gyu-Kaku Japanese BBQ, 510 Gray St, Houston, TX 77002, USA","Houston","2022-11-07 21:13:20.0000000"
"MENU_001007","REST_00085","Goma Negi Shio Ramen","Beef and shio-based soup with medium-thick ramen noodles and thick braised pork belly Kakuni chashu. Toppings also include boiled egg, green onion, and sesame seeds. Ramen noodles and hot soup are packaged separately to maintain their maximum deliciousness. Please reheat soup in the microwave (if necessary) and pour over noodles.","4.65962409973145","","","Gyu-Ramen: Signature Ramens","$12.00","Gyu-Kaku Japanese BBQ","Japanese  Restaurant","Gyu-Kaku Japanese BBQ, 510 Gray St, Houston, TX 77002, USA","Houston","2022-11-07 21:13:20.0000000"
"MENU_001008","REST_00085","Gyu-Combo: 2 Choice of Protein","The closest you can get to the Gyu-Kaku yakiniku experience without grilling the meat yourself. Customize your meal! Select two proteins as single or double portions, two marinades, and rice portion. Includes Miso Soup, White Rice, and a Set Salad.","4.65962409973145","","","Gyu-Combo: Create Your Own Combo!","$14.00","Gyu-Kaku Japanese BBQ","Japanese  Restaurant","Gyu-Kaku Japanese BBQ, 510 Gray St, Houston, TX 77002, USA","Houston","2022-11-07 21:13:20.0000000"
"MENU_001009","REST_00085","Gyu-Combo: 3 Choice of Protein","The closest you can get to the Gyu-Kaku yakiniku experience without grilling the meat yourself. Customize your meal! Select three proteins as single or double portions, three marinades, and rice portion. Includes Miso Soup, White Rice, and a Set Salad.","4.65962409973145","","","Gyu-Combo: Create Your Own Combo!","$18.00","Gyu-Kaku Japanese BBQ","Japanese  Restaurant","Gyu-Kaku Japanese BBQ, 510 Gray St, Houston, TX 77002, USA","Houston","2022-11-07 21:13:20.0000000"
"MENU_001010","REST_00085","MEGA Beef Sukiyaki Fried Rice","A TRIPLE SERVING of our Crowd Favorite: Sukiyaki Fried Rice with Beef. Serves 3-5 people. Our signature thin-sliced Sukiyaki-marinated beef stir-fried with white rice, egg yolk, mushrooms, and sliced onions. Topped with diced red bell peppers, chopped green Onions, and sesame seeds.","4.65962409973145","","","Gyu For All!","$29.95","Gyu-Kaku Japanese BBQ","Japanese  Restaurant","Gyu-Kaku Japanese BBQ, 510 Gray St, Houston, TX 77002, USA","Houston","2022-11-07 21:13:20.0000000"
"MENU_001011","REST_00085","MEGA Garlic Shoyu Chicken Noodles","A TRIPLE SERVING of our Crowd Favorite: Mega Garlic Noodles with Chicken. Serves 3-5 people. Thick Japanese noodles stir-fried with chicken, sliced garlic, butter, and soy sauce. Topped with diced red bell peppers, chopped green onions, and sesame seeds.","4.65962409973145","","","Gyu For All!","$29.95","Gyu-Kaku Japanese BBQ","Japanese  Restaurant","Gyu-Kaku Japanese BBQ, 510 Gray St, Houston, TX 77002, USA","Houston","2022-11-07 21:13:20.0000000"
"MENU_001012","REST_00085","Miso Soup","A comforting cup of our classic miso soup with seaweed, tofu, and chopped green onions.","4.65962409973145","","","Sides","$3.95","Gyu-Kaku Japanese BBQ","Japanese  Restaurant","Gyu-Kaku Japanese BBQ, 510 Gray St, Houston, TX 77002, USA","Houston","2022-11-07 21:13:20.0000000"
"MENU_001013","REST_00085","Roast Beef Rice Bowl","Premium roast beef on a bed of mixed greens and steamed rice. Topped with white and green onions, Signature soy-based barbecue sauce, and kuki wasabi.","4.65962409973145","","","Gyu-Bowls: Rice & Noodle Bowls ","$14.00","Gyu-Kaku Japanese BBQ","Japanese  Restaurant","Gyu-Kaku Japanese BBQ, 510 Gray St, Houston, TX 77002, USA","Houston","2022-11-07 21:13:20.0000000"
"MENU_001014","REST_00085","S'mores","Two S'mores pre-softened, wrapped-up, and ready to eat! Graham Cracker, marshmallow, and milk chocolate.","4.65962409973145","","","Desserts","$4.00","Gyu-Kaku Japanese BBQ","Japanese  Restaurant","Gyu-Kaku Japanese BBQ, 510 Gray St, Houston, TX 77002, USA","Houston","2022-11-07 21:13:20.0000000"
"MENU_001015","REST_00085","Spicy Beef Ramen","Gyu-Kaku original recipe: Japanese BBQ meets Ramen! Rich kalbi beef soup and medium thickness ramen noodles topped with thin-sliced beef, boiled egg, green onions, spinach, daikon radish, and sesame seeds. Ramen noodles and hot soup are packaged separately to maintain their maximum deliciousness. Please reheat soup in the microwave (if necessary) and pour over noodles.","4.65962409973145","","","Gyu-Ramen: Signature Ramens","$12.00","Gyu-Kaku Japanese BBQ","Japanese  Restaurant","Gyu-Kaku Japanese BBQ, 510 Gray St, Houston, TX 77002, USA","Houston","2022-11-07 21:13:20.0000000"
"MENU_001016","REST_00085","Spicy Beef Rice Bowl","Beef rib meat and rice dowsed in our signature Umakara Sauce and mixed with an assortment of bell pepper, shishito pepper, and corn, then garnished with sesame, green onions, and chili flakes.","4.65962409973145","","","Gyu-Bowls: Rice & Noodle Bowls ","$13.00","Gyu-Kaku Japanese BBQ","Japanese  Restaurant","Gyu-Kaku Japanese BBQ, 510 Gray St, Houston, TX 77002, USA","Houston","2022-11-07 21:13:20.0000000"
"MENU_001017","REST_00085","Tonkotsu Ramen","Our Tonkotsu pork bone ramen comes with chunky, fatty braised pork belly Kakuni chashu and is topped with hard-boiled egg, chopped green onions, diced red bell peppers, and sesame seeds. Ramen noodles and hot soup are packaged separately to maintain their maximum deliciousness. Please reheat soup in the microwave (if necessary) and pour over noodles.","4.65962409973145","","","Gyu-Ramen: Signature Ramens","$12.00","Gyu-Kaku Japanese BBQ","Japanese  Restaurant","Gyu-Kaku Japanese BBQ, 510 Gray St, Houston, TX 77002, USA","Houston","2022-11-07 21:13:20.0000000"
"MENU_001018","REST_00085","Umakara Beef Rice Bowl","Thin-sliced Yakishabu beef marinated in our sweet & spicy Umakara sauce with sliced onions on a bed of white rice and shredded cabbage. Topped with chopped green onions and sesame seeds.","4.65962409973145","","","Gyu-Bowls: Rice & Noodle Bowls ","$13.00","Gyu-Kaku Japanese BBQ","Japanese  Restaurant","Gyu-Kaku Japanese BBQ, 510 Gray St, Houston, TX 77002, USA","Houston","2022-11-07 21:13:20.0000000"
"MENU_001019","REST_00086","Shakshuka","Spiced Tomato, Egg, Sourdough","4.52631616592407","","","Plates","$18.25","Hamsa","Israeli cuisine, Tapas/Small Plates, Shawarma, Falafel","5555 Morningside Dr, Houston, TX 77005, USA","Houston","2022-10-30 15:12:37.0000000"
"MENU_001020","REST_00087","Kanpai Club (BLACK) - L","","4.82307195663452","","","Merchandise","$20.00","Hando","Sushi Bars, Asian Fusion, Asian, Sushi, Japanese","518 W 11th St #500, Houston, TX 77008, USA","Houston","2022-11-07 21:13:52.0000000"
"MENU_001021","REST_00087","Kanpai Club (BLACK) - M","","4.82307195663452","","","Merchandise","$20.00","Hando","Sushi Bars, Asian Fusion, Asian, Sushi, Japanese","518 W 11th St #500, Houston, TX 77008, USA","Houston","2022-11-07 21:13:52.0000000"
"MENU_001022","REST_00087","Kanpai Club (BLACK) - S","","4.82307195663452","","","Merchandise","$20.00","Hando","Sushi Bars, Asian Fusion, Asian, Sushi, Japanese","518 W 11th St #500, Houston, TX 77008, USA","Houston","2022-11-07 21:13:52.0000000"
"MENU_001023","REST_00087","Pork Belly Skewers","sous vide pork, pineapple (2 pcs)","4.82307195663452","","","Small Plates And Meals","$7.00","Hando","Sushi Bars, Asian Fusion, Asian, Sushi, Japanese","518 W 11th St #500, Houston, TX 77008, USA","Houston","2022-11-07 21:13:52.0000000"
"MENU_001024","REST_00088","8oz Oreo Cheesecake","One 8oz Jar. Layers of Oreo cookie crumbs, milk chocolate, and cheesecake.","5","","","Desserts","$7.99","Heaven in a jar","Heaven in a jar","2616 Blodgett St, Houston, TX 77004, USA","Houston","2022-10-30 15:10:10.0000000"
"MENU_001025","REST_00089","Mapo Tofu ","tofu with spicy peppercorn sauce  ","4.67521381378174","","","VEGETABLE ENTREE","$13.50","hi trendy dumpling","Dumplings, Noodles, Chicken","107 Yale St #600, Houston, TX 77007, USA","Houston","2022-11-07 21:11:14.0000000"
"MENU_001026","REST_00090","12 pc Buffalo Wings -","12 pc Wings, With celery or carrot sticks and choice of Buffalo sauce, teryaki, Thai chili, BBQ, or Korean BBQ served with homestyle ranch","4.25","","","Bowls-Lunch*","$24.69","High Tower Deli","Pickup, Sandwich, Takeout, Breakfast, Lunch, Sandwiches, Deli","American General Center, 2929 Allen Pkwy, Houston, TX 77019, USA","Houston","2022-10-30 15:44:06.0000000"
"MENU_001027","REST_00090","6 pc Buffalo Wings -","With celery or carrot sticks and choice of Buffalo sauce, teryaki, Thai chili, BBQ, or Korean BBQ served with homestyle ranch","4.25","","","Bowls-Lunch*","$16.89","High Tower Deli","Pickup, Sandwich, Takeout, Breakfast, Lunch, Sandwiches, Deli","American General Center, 2929 Allen Pkwy, Houston, TX 77019, USA","Houston","2022-10-30 15:44:06.0000000"
"MENU_001028","REST_00090","All American","Eggs, Sausage or Bacon, Cheese, Toast","4.25","","","Breakfast* - Breakfast Sandwiches","$7.15","High Tower Deli","Pickup, Sandwich, Takeout, Breakfast, Lunch, Sandwiches, Deli","American General Center, 2929 Allen Pkwy, Houston, TX 77019, USA","Houston","2022-10-30 15:44:06.0000000"
"MENU_001029","REST_00090","Asian Spicy Tuna Salad","Sriracha Albacore White Tuna Salad, Mixed Greens, Cucumber, Avocado, Wasabi Drizzle, Sourdough Bread. (spicy)","4.25","","","Lunch* - Sandwiches-Signature - Lunch","$11.69","High Tower Deli","Pickup, Sandwich, Takeout, Breakfast, Lunch, Sandwiches, Deli","American General Center, 2929 Allen Pkwy, Houston, TX 77019, USA","Houston","2022-10-30 15:44:06.0000000"
"MENU_001030","REST_00090","Bacon (2 Strips)","","4.25","","","Breakfast* - Breakfast A La Carte","$2.59","High Tower Deli","Pickup, Sandwich, Takeout, Breakfast, Lunch, Sandwiches, Deli","American General Center, 2929 Allen Pkwy, Houston, TX 77019, USA","Houston","2022-10-30 15:44:06.0000000"
"MENU_001031","REST_00090","Bacon, Egg, Salad Wrap","Egg Salad, Bacon, Muenster, Lettuce, Tomato","4.25","","","Lunch* - Wraps - Lunch","$11.45","High Tower Deli","Pickup, Sandwich, Takeout, Breakfast, Lunch, Sandwiches, Deli","American General Center, 2929 Allen Pkwy, Houston, TX 77019, USA","Houston","2022-10-30 15:44:06.0000000"
"MENU_001032","REST_00090","Baked Salmon Wrap","Baked Salmon, Raspberry Chipotle, Rice, Spinach, Black Bean Corn Relish.","4.25","","","Lunch* - Wraps - Lunch","$12.60","High Tower Deli","Pickup, Sandwich, Takeout, Breakfast, Lunch, Sandwiches, Deli","American General Center, 2929 Allen Pkwy, Houston, TX 77019, USA","Houston","2022-10-30 15:44:06.0000000"
"MENU_001033","REST_00090","Big Country","Egg, Sausage, Cheese, Potatoes","4.25","","","Breakfast* - Breakfast Burritos","$7.15","High Tower Deli","Pickup, Sandwich, Takeout, Breakfast, Lunch, Sandwiches, Deli","American General Center, 2929 Allen Pkwy, Houston, TX 77019, USA","Houston","2022-10-30 15:44:06.0000000"
"MENU_001034","REST_00090","Biscuit & Gravy","","4.25","","","Breakfast* - Breakfast A La Carte","$2.95","High Tower Deli","Pickup, Sandwich, Takeout, Breakfast, Lunch, Sandwiches, Deli","American General Center, 2929 Allen Pkwy, Houston, TX 77019, USA","Houston","2022-10-30 15:44:06.0000000"
"MENU_001035","REST_00090","Biscuit (1)","","4.25","","","Breakfast* - Breakfast A La Carte","$2.20","High Tower Deli","Pickup, Sandwich, Takeout, Breakfast, Lunch, Sandwiches, Deli","American General Center, 2929 Allen Pkwy, Houston, TX 77019, USA","Houston","2022-10-30 15:44:06.0000000"
"MENU_001036","REST_00090","BLT-A","Bacon, Lettuce, Tomato, Avocado, Garlic Ailoi, Sourdough Bread","4.25","","","Lunch* - Sandwiches-Signature - Lunch","$12.09","High Tower Deli","Pickup, Sandwich, Takeout, Breakfast, Lunch, Sandwiches, Deli","American General Center, 2929 Allen Pkwy, Houston, TX 77019, USA","Houston","2022-10-30 15:44:06.0000000"
"MENU_001037","REST_00090","Breakfast BLT","Egg, Bacon, Lettuce, Toast","4.25","","","Breakfast* - Breakfast Sandwiches","$8.45","High Tower Deli","Pickup, Sandwich, Takeout, Breakfast, Lunch, Sandwiches, Deli","American General Center, 2929 Allen Pkwy, Houston, TX 77019, USA","Houston","2022-10-30 15:44:06.0000000"
"MENU_001038","REST_00090","Breakfast Sandwich","Biscuit/Bun/Croissant/Bafgel/ - Egg, Cheese, Bacon/Sausage/Ham/Potatoe","4.25","","","Breakfast* - Breakfast Sandwiches","$6.49","High Tower Deli","Pickup, Sandwich, Takeout, Breakfast, Lunch, Sandwiches, Deli","American General Center, 2929 Allen Pkwy, Houston, TX 77019, USA","Houston","2022-10-30 15:44:06.0000000"
"MENU_001039","REST_00090","Buffalo Chicken Po'Boy1","All White Chicken Tenders, Spicy Wing Sauce, Blue Cheese, Lettuce, Tomato, Hoagie Roll","4.25","","","Grill-Lunch* - Grill Items","$11.45","High Tower Deli","Pickup, Sandwich, Takeout, Breakfast, Lunch, Sandwiches, Deli","American General Center, 2929 Allen Pkwy, Houston, TX 77019, USA","Houston","2022-10-30 15:44:06.0000000"
"MENU_001040","REST_00090","Build A Bowl","","4.25","","","Bowls-Lunch*","$11.69","High Tower Deli","Pickup, Sandwich, Takeout, Breakfast, Lunch, Sandwiches, Deli","American General Center, 2929 Allen Pkwy, Houston, TX 77019, USA","Houston","2022-10-30 15:44:06.0000000"
"MENU_001041","REST_00090","Build Your Own Omelette","","4.25","","","Breakfast* - Omelette","$9.09","High Tower Deli","Pickup, Sandwich, Takeout, Breakfast, Lunch, Sandwiches, Deli","American General Center, 2929 Allen Pkwy, Houston, TX 77019, USA","Houston","2022-10-30 15:44:06.0000000"
"MENU_001042","REST_00090","BUILD YOUR SALAD","","4.25","","","Lunch* - Salads","$11.69","High Tower Deli","Pickup, Sandwich, Takeout, Breakfast, Lunch, Sandwiches, Deli","American General Center, 2929 Allen Pkwy, Houston, TX 77019, USA","Houston","2022-10-30 15:44:06.0000000"
"MENU_001043","REST_00090","BYO Sandwich High Rise","Full Sandwich","4.25","","","Lunch* - Build Your Own Sandwich","$10.79","High Tower Deli","Pickup, Sandwich, Takeout, Breakfast, Lunch, Sandwiches, Deli","American General Center, 2929 Allen Pkwy, Houston, TX 77019, USA","Houston","2022-10-30 15:44:06.0000000"
"MENU_001044","REST_00090","BYO Sandwich Low Rise","Half Sandwich","4.25","","","Lunch* - Build Your Own Sandwich","$7.15","High Tower Deli","Pickup, Sandwich, Takeout, Breakfast, Lunch, Sandwiches, Deli","American General Center, 2929 Allen Pkwy, Houston, TX 77019, USA","Houston","2022-10-30 15:44:06.0000000"
"MENU_001045","REST_00090","BYOP (Build your own Potato)","Baked Potato w/ Butter-- ADD toppings","4.25","","","Soups-Baked Potato* - Baked Potato","$6.85","High Tower Deli","Pickup, Sandwich, Takeout, Breakfast, Lunch, Sandwiches, Deli","American General Center, 2929 Allen Pkwy, Houston, TX 77019, USA","Houston","2022-10-30 15:44:06.0000000"
"MENU_001046","REST_00090","Caprese Panini","Mozzarella Slices, Tomato, Spinach, Pesto, Focaccia Bread","4.25","","","Lunch* - Paninis - Lunch","$11.05","High Tower Deli","Pickup, Sandwich, Takeout, Breakfast, Lunch, Sandwiches, Deli","American General Center, 2929 Allen Pkwy, Houston, TX 77019, USA","Houston","2022-10-30 15:44:06.0000000"
"MENU_001047","REST_00090","Caprese Salad","Mixed Greens, Mozzarella, Tomato, Croutons, Balsamic Vinaigrette.","4.25","","","Lunch* - Salads","$12.99","High Tower Deli","Pickup, Sandwich, Takeout, Breakfast, Lunch, Sandwiches, Deli","American General Center, 2929 Allen Pkwy, Houston, TX 77019, USA","Houston","2022-10-30 15:44:06.0000000"
"MENU_001048","REST_00090","Chef's Salad","Romaine, Iceberg, Tomato, Cheddar, Mozzarella, Ham, turkey, Egg, Croutons.","4.25","","","Lunch* - Salads","$14.95","High Tower Deli","Pickup, Sandwich, Takeout, Breakfast, Lunch, Sandwiches, Deli","American General Center, 2929 Allen Pkwy, Houston, TX 77019, USA","Houston","2022-10-30 15:44:06.0000000"
"MENU_001049","REST_00090","Chicken Caesar","Chicken, Garlic Aioli, Parmesan, Romaine, Tomato, Red Onion, Focaccia Bread","4.25","","","Lunch* - Sandwiches-Signature - Lunch","$11.45","High Tower Deli","Pickup, Sandwich, Takeout, Breakfast, Lunch, Sandwiches, Deli","American General Center, 2929 Allen Pkwy, Houston, TX 77019, USA","Houston","2022-10-30 15:44:06.0000000"
"MENU_001050","REST_00090","Chicken Fajita Wrap","Fajita Chicken, Rice, Black Bean Corn Relish, Grilled Onions Bell Pepper, Avocado, Lettuce, Cheddar, Sour Cream, Salsa","4.25","","","Lunch* - Wraps - Lunch","$12.09","High Tower Deli","Pickup, Sandwich, Takeout, Breakfast, Lunch, Sandwiches, Deli","American General Center, 2929 Allen Pkwy, Houston, TX 77019, USA","Houston","2022-10-30 15:44:06.0000000"
"MENU_001051","REST_00090","Chicken Mushroom Pita1","Chicken, Sauteed Mushroom & Onions, Provolone, Pita","4.25","","","Grill-Lunch* - Grill Items","$11.45","High Tower Deli","Pickup, Sandwich, Takeout, Breakfast, Lunch, Sandwiches, Deli","American General Center, 2929 Allen Pkwy, Houston, TX 77019, USA","Houston","2022-10-30 15:44:06.0000000"
"MENU_001052","REST_00090","Chicken Mushroom Swiss1","Grilled Chicken Breast, Sauteed Mushroom, Swiss, Mayo, Lettuce, Tomato, Wheat Bun","4.25","","","Grill-Lunch* - Grill Items","$12.99","High Tower Deli","Pickup, Sandwich, Takeout, Breakfast, Lunch, Sandwiches, Deli","American General Center, 2929 Allen Pkwy, Houston, TX 77019, USA","Houston","2022-10-30 15:44:06.0000000"
"MENU_001053","REST_00090","Chicken Salad Club","All White Chicken, Bacon, Muenster, Lettuce, Tomato, Avocado, Garlic Aioli","4.25","","","Lunch* - Wraps - Lunch","$12.09","High Tower Deli","Pickup, Sandwich, Takeout, Breakfast, Lunch, Sandwiches, Deli","American General Center, 2929 Allen Pkwy, Houston, TX 77019, USA","Houston","2022-10-30 15:44:06.0000000"
"MENU_001054","REST_00090","Classic Italian","Ham, Salami, Provolone, Romaine, Tomato, Red Onion, Pepperocini, Italian Oil & Vinegar, Ciabatta Roll","4.25","","","Lunch* - Sandwiches-Signature - Lunch","$11.45","High Tower Deli","Pickup, Sandwich, Takeout, Breakfast, Lunch, Sandwiches, Deli","American General Center, 2929 Allen Pkwy, Houston, TX 77019, USA","Houston","2022-10-30 15:44:06.0000000"
"MENU_001055","REST_00090","Club Salad","Romaine, Iceberg, Tomato, Avocado, Bacon, Roast Beef, Turkey, Ham, Swiss.","4.25","","","Lunch* - Salads","$15.59","High Tower Deli","Pickup, Sandwich, Takeout, Breakfast, Lunch, Sandwiches, Deli","American General Center, 2929 Allen Pkwy, Houston, TX 77019, USA","Houston","2022-10-30 15:44:06.0000000"
"MENU_001056","REST_00090","Cobb Salad","Iceberg, Romaine, Egg, Bacon, Avocado, Tomato, Cheddar, Blue Cheese Crumbles.","4.25","","","Lunch* - Salads","$14.95","High Tower Deli","Pickup, Sandwich, Takeout, Breakfast, Lunch, Sandwiches, Deli","American General Center, 2929 Allen Pkwy, Houston, TX 77019, USA","Houston","2022-10-30 15:44:06.0000000"
"MENU_001057","REST_00090","Creamy Pesto & Mozzarella","Eggs, Tomatoes, Mozzarella, Pesto","4.25","","","Breakfast* - Breakfast Burritos","$5.85","High Tower Deli","Pickup, Sandwich, Takeout, Breakfast, Lunch, Sandwiches, Deli","American General Center, 2929 Allen Pkwy, Houston, TX 77019, USA","Houston","2022-10-30 15:44:06.0000000"
"MENU_001058","REST_00090","Croissant","","4.25","","","Breakfast* - Breakfast A La Carte","$2.95","High Tower Deli","Pickup, Sandwich, Takeout, Breakfast, Lunch, Sandwiches, Deli","American General Center, 2929 Allen Pkwy, Houston, TX 77019, USA","Houston","2022-10-30 15:44:06.0000000"
"MENU_001059","REST_00090","Cubano","Ham, Turkey, Swiss, Sweet Pickle Relish, Chipotle Mayo, Hoagie Roll","4.25","","","Lunch* - Paninis - Lunch","$11.45","High Tower Deli","Pickup, Sandwich, Takeout, Breakfast, Lunch, Sandwiches, Deli","American General Center, 2929 Allen Pkwy, Houston, TX 77019, USA","Houston","2022-10-30 15:44:06.0000000"
"MENU_001060","REST_00090","Energizer Smoothie","Orange, Pineapple, Honey, Protein, Turbinado","4.25","","","Drinks* - Smoothies","$7.79","High Tower Deli","Pickup, Sandwich, Takeout, Breakfast, Lunch, Sandwiches, Deli","American General Center, 2929 Allen Pkwy, Houston, TX 77019, USA","Houston","2022-10-30 15:44:06.0000000"
"MENU_001061","REST_00090","Falafel Bowl","Falafel, Rice, Spring Mix, Tomato, Red Onion, Hummus, Kalamata, Feta, Cucumber, Red wine Vinaigrette, Pita Bread","4.25","","","Bowls-Lunch*","$13.65","High Tower Deli","Pickup, Sandwich, Takeout, Breakfast, Lunch, Sandwiches, Deli","American General Center, 2929 Allen Pkwy, Houston, TX 77019, USA","Houston","2022-10-30 15:44:06.0000000"
"MENU_001062","REST_00090","French Dip","Roast Beef, Swiss, Fried Onions, Horseradish Dijon, Hoagie Roll, AuJus Sauce","4.25","","","Lunch* - Sandwiches-Signature - Lunch","$12.09","High Tower Deli","Pickup, Sandwich, Takeout, Breakfast, Lunch, Sandwiches, Deli","American General Center, 2929 Allen Pkwy, Houston, TX 77019, USA","Houston","2022-10-30 15:44:06.0000000"
"MENU_001063","REST_00090","Fuji Licious","Mixed Greens, Bleu Cheese Crumbles, Apples, Craisins, Candied Walnuts, Raspberry Vinaigrette.","4.25","","","Lunch* - Salads","$12.99","High Tower Deli","Pickup, Sandwich, Takeout, Breakfast, Lunch, Sandwiches, Deli","American General Center, 2929 Allen Pkwy, Houston, TX 77019, USA","Houston","2022-10-30 15:44:06.0000000"
"MENU_001064","REST_00090","Full Loaded Potato","Baked Potato With  1 of each itemSour Cream, Cheese, Jalapeno, Bacon, Butter, Green Onions,","4.25","","","Soups-Baked Potato* - Baked Potato","$9.45","High Tower Deli","Pickup, Sandwich, Takeout, Breakfast, Lunch, Sandwiches, Deli","American General Center, 2929 Allen Pkwy, Houston, TX 77019, USA","Houston","2022-10-30 15:44:06.0000000"
"MENU_001065","REST_00090","Genoa Salami Ciabatta","Egg, Salami, Provolone, Ciabatta","4.25","","","Breakfast* - Breakfast Sandwiches","$7.15","High Tower Deli","Pickup, Sandwich, Takeout, Breakfast, Lunch, Sandwiches, Deli","American General Center, 2929 Allen Pkwy, Houston, TX 77019, USA","Houston","2022-10-30 15:44:06.0000000"
"MENU_001066","REST_00090","Golden Juice","Apple, Carrot, Celery, Cucumber, Beets, Ginger Root","4.25","","","Drinks* - Juices - Fresh","$9.09","High Tower Deli","Pickup, Sandwich, Takeout, Breakfast, Lunch, Sandwiches, Deli","American General Center, 2929 Allen Pkwy, Houston, TX 77019, USA","Houston","2022-10-30 15:44:06.0000000"
"MENU_001067","REST_00090","Greek Bowl","Lamb or Chicken, Rice, Romaine, Iceberg, Kalamata, Cucumber, Red Onions, Tzatziki, Pita Bread","4.25","","","Bowls-Lunch*","$12.35","High Tower Deli","Pickup, Sandwich, Takeout, Breakfast, Lunch, Sandwiches, Deli","American General Center, 2929 Allen Pkwy, Houston, TX 77019, USA","Houston","2022-10-30 15:44:06.0000000"
"MENU_001068","REST_00090","Greek Chicken","Chicken, Greek Vinaigrette, Romaine, Tomato, Cucumber, Feta, Olive Spread, Ciabatta Roll.","4.25","","","Lunch* - Sandwiches-Signature - Lunch","$11.45","High Tower Deli","Pickup, Sandwich, Takeout, Breakfast, Lunch, Sandwiches, Deli","American General Center, 2929 Allen Pkwy, Houston, TX 77019, USA","Houston","2022-10-30 15:44:06.0000000"
"MENU_001069","REST_00090","Greek Chicken Wrap","Chicken, Rice, Lettuce, Feta, Cucumber, Tomato, Greek Vinaigrette, Olive Spread","4.25","","","Lunch* - Wraps - Lunch","$11.45","High Tower Deli","Pickup, Sandwich, Takeout, Breakfast, Lunch, Sandwiches, Deli","American General Center, 2929 Allen Pkwy, Houston, TX 77019, USA","Houston","2022-10-30 15:44:06.0000000"
"MENU_001070","REST_00090","Greek Salad","Romaine, Red Onions, Feta, Pepperoncinis, Cucumbers, Capers, Kalamata Olives, Tomato, Greek Dressing.","4.25","","","Lunch* - Salads","$12.99","High Tower Deli","Pickup, Sandwich, Takeout, Breakfast, Lunch, Sandwiches, Deli","American General Center, 2929 Allen Pkwy, Houston, TX 77019, USA","Houston","2022-10-30 15:44:06.0000000"
"MENU_001071","REST_00090","Green Machine","Spinach, Celery, Cucumber, Apple, Ginger Root, Lemon","4.25","","","Drinks* - Juices - Fresh","$9.09","High Tower Deli","Pickup, Sandwich, Takeout, Breakfast, Lunch, Sandwiches, Deli","American General Center, 2929 Allen Pkwy, Houston, TX 77019, USA","Houston","2022-10-30 15:44:06.0000000"
"MENU_001072","REST_00090","Grill Chicken Parmesan","Chicken, Tomato-Basil Marinara, Provolone, Mozzarella, Ciabatta Roll","4.25","","","Lunch* - Paninis - Lunch","$11.05","High Tower Deli","Pickup, Sandwich, Takeout, Breakfast, Lunch, Sandwiches, Deli","American General Center, 2929 Allen Pkwy, Houston, TX 77019, USA","Houston","2022-10-30 15:44:06.0000000"
"MENU_001073","REST_00090","Grill Chicken Sandwich1","Grilled Chicken Breast, Mayo, Lettuce, Tomato, Wheat Bun","4.25","","","Grill-Lunch* - Grill Items","$12.35","High Tower Deli","Pickup, Sandwich, Takeout, Breakfast, Lunch, Sandwiches, Deli","American General Center, 2929 Allen Pkwy, Houston, TX 77019, USA","Houston","2022-10-30 15:44:06.0000000"
"MENU_001074","REST_00090","GYRO1","Beef and Lamb Strips, Tzatski, Tomato, Onions, Pita","4.25","","","Grill-Lunch* - Grill Items","$11.30","High Tower Deli","Pickup, Sandwich, Takeout, Breakfast, Lunch, Sandwiches, Deli","American General Center, 2929 Allen Pkwy, Houston, TX 77019, USA","Houston","2022-10-30 15:44:06.0000000"
"MENU_001075","REST_00090","Ham & Swiss Croissant","Egg, Ham, Swiss, Croissant","4.25","","","Breakfast* - Breakfast Sandwiches","$7.15","High Tower Deli","Pickup, Sandwich, Takeout, Breakfast, Lunch, Sandwiches, Deli","American General Center, 2929 Allen Pkwy, Houston, TX 77019, USA","Houston","2022-10-30 15:44:06.0000000"
"MENU_001076","REST_00090","High Rise Taco","Egg, Potato, Cheese: Choice Bacon or Sausage.","4.25","","","Breakfast* - Breakfast Tacos***","$4.25","High Tower Deli","Pickup, Sandwich, Takeout, Breakfast, Lunch, Sandwiches, Deli","American General Center, 2929 Allen Pkwy, Houston, TX 77019, USA","Houston","2022-10-30 15:44:06.0000000"
"MENU_001077","REST_00090","Hightower Original","Eggs, Refried Beans, Cheese, Potatoes","4.25","","","Breakfast* - Breakfast Burritos","$6.49","High Tower Deli","Pickup, Sandwich, Takeout, Breakfast, Lunch, Sandwiches, Deli","American General Center, 2929 Allen Pkwy, Houston, TX 77019, USA","Houston","2022-10-30 15:44:06.0000000"
"MENU_001078","REST_00090","Kick-Start","Spinach, Carrot, Pineapple, Cucumber, Jalapeno, Lemon","4.25","","","Drinks* - Juices - Fresh","$9.09","High Tower Deli","Pickup, Sandwich, Takeout, Breakfast, Lunch, Sandwiches, Deli","American General Center, 2929 Allen Pkwy, Houston, TX 77019, USA","Houston","2022-10-30 15:44:06.0000000"
"MENU_001079","REST_00090","Korean Beef Bowl","Beef Sirloin, Rice, Sunny Side up Egg, Carrots, Green Onions, Sesame Seeds","4.25","","","Bowls-Lunch*","$13.65","High Tower Deli","Pickup, Sandwich, Takeout, Breakfast, Lunch, Sandwiches, Deli","American General Center, 2929 Allen Pkwy, Houston, TX 77019, USA","Houston","2022-10-30 15:44:06.0000000"
"MENU_001080","REST_00090","Lite & Trim Smoothie","Strawberry, Banana, Honey, Diet Formula, Turbinado","4.25","","","Drinks* - Smoothies","$7.79","High Tower Deli","Pickup, Sandwich, Takeout, Breakfast, Lunch, Sandwiches, Deli","American General Center, 2929 Allen Pkwy, Houston, TX 77019, USA","Houston","2022-10-30 15:44:06.0000000"
"MENU_001081","REST_00090","Low Rise Taco","Egg & Cheese","4.25","","","Breakfast* - Breakfast Tacos***","$2.95","High Tower Deli","Pickup, Sandwich, Takeout, Breakfast, Lunch, Sandwiches, Deli","American General Center, 2929 Allen Pkwy, Houston, TX 77019, USA","Houston","2022-10-30 15:44:06.0000000"
"MENU_001082","REST_00090","Make It A Meal!b","","4.25","","","Lunch* - Build Your Own Sandwich","$3.89","High Tower Deli","Pickup, Sandwich, Takeout, Breakfast, Lunch, Sandwiches, Deli","American General Center, 2929 Allen Pkwy, Houston, TX 77019, USA","Houston","2022-10-30 15:44:06.0000000"
"MENU_001083","REST_00090","Make It A Meal!b*","","4.25","","","Breakfast* - Breakfast Burritos","$3.89","High Tower Deli","Pickup, Sandwich, Takeout, Breakfast, Lunch, Sandwiches, Deli","American General Center, 2929 Allen Pkwy, Houston, TX 77019, USA","Houston","2022-10-30 15:44:06.0000000"
"MENU_001084","REST_00090","Make It A Meal!b*","","4.25","","","Breakfast* - Breakfast Sandwiches","$3.89","High Tower Deli","Pickup, Sandwich, Takeout, Breakfast, Lunch, Sandwiches, Deli","American General Center, 2929 Allen Pkwy, Houston, TX 77019, USA","Houston","2022-10-30 15:44:06.0000000"
"MENU_001085","REST_00090","Make It A Meal!b*","","4.25","","","Breakfast* - Breakfast Tacos***","$3.89","High Tower Deli","Pickup, Sandwich, Takeout, Breakfast, Lunch, Sandwiches, Deli","American General Center, 2929 Allen Pkwy, Houston, TX 77019, USA","Houston","2022-10-30 15:44:06.0000000"
"MENU_001086","REST_00090","Make It A Meal!b*","","4.25","","","Breakfast* - Omelette","$3.89","High Tower Deli","Pickup, Sandwich, Takeout, Breakfast, Lunch, Sandwiches, Deli","American General Center, 2929 Allen Pkwy, Houston, TX 77019, USA","Houston","2022-10-30 15:44:06.0000000"
"MENU_001087","REST_00090","Make Meal!l","","4.25","","","Bowls-Lunch*","$3.89","High Tower Deli","Pickup, Sandwich, Takeout, Breakfast, Lunch, Sandwiches, Deli","American General Center, 2929 Allen Pkwy, Houston, TX 77019, USA","Houston","2022-10-30 15:44:06.0000000"
"MENU_001088","REST_00090","Make Meal!l*","","4.25","","","Grill-Lunch* - Grill Items","$3.89","High Tower Deli","Pickup, Sandwich, Takeout, Breakfast, Lunch, Sandwiches, Deli","American General Center, 2929 Allen Pkwy, Houston, TX 77019, USA","Houston","2022-10-30 15:44:06.0000000"
"MENU_001089","REST_00090","Make Meal!l*","","4.25","","","Lunch* - Paninis - Lunch","$3.89","High Tower Deli","Pickup, Sandwich, Takeout, Breakfast, Lunch, Sandwiches, Deli","American General Center, 2929 Allen Pkwy, Houston, TX 77019, USA","Houston","2022-10-30 15:44:06.0000000"
"MENU_001090","REST_00090","Make Meal!l*","","4.25","","","Lunch* - Sandwiches-Signature - Lunch","$3.89","High Tower Deli","Pickup, Sandwich, Takeout, Breakfast, Lunch, Sandwiches, Deli","American General Center, 2929 Allen Pkwy, Houston, TX 77019, USA","Houston","2022-10-30 15:44:06.0000000"
"MENU_001091","REST_00090","Make Meal!l*","","4.25","","","Lunch* - Wraps - Lunch","$3.89","High Tower Deli","Pickup, Sandwich, Takeout, Breakfast, Lunch, Sandwiches, Deli","American General Center, 2929 Allen Pkwy, Houston, TX 77019, USA","Houston","2022-10-30 15:44:06.0000000"
"MENU_001092","REST_00090","Mediterranean Shrimp Bowl","Grilled Shrimp, Quinoa, Spring Mix, Kalamata Olive, Tomato, Cucumber, Greek Dressing,  Olive Oil.","4.25","","","Bowls-Lunch*","$15.59","High Tower Deli","Pickup, Sandwich, Takeout, Breakfast, Lunch, Sandwiches, Deli","American General Center, 2929 Allen Pkwy, Houston, TX 77019, USA","Houston","2022-10-30 15:44:06.0000000"
"MENU_001093","REST_00090","Mid Rise Taco","Egg & Cheese: Choice Bacon, Sausage, Potatoe","4.25","","","Breakfast* - Breakfast Tacos***","$3.85","High Tower Deli","Pickup, Sandwich, Takeout, Breakfast, Lunch, Sandwiches, Deli","American General Center, 2929 Allen Pkwy, Houston, TX 77019, USA","Houston","2022-10-30 15:44:06.0000000"
"MENU_001094","REST_00090","New Yorker","Corned Beef, Pastrami, Swiss, Spicy Mustard, Coleslaw, Marble Rye Bread.","4.25","","","Lunch* - Sandwiches-Signature - Lunch","$11.45","High Tower Deli","Pickup, Sandwich, Takeout, Breakfast, Lunch, Sandwiches, Deli","American General Center, 2929 Allen Pkwy, Houston, TX 77019, USA","Houston","2022-10-30 15:44:06.0000000"
"MENU_001095","REST_00090","One Egg","Scramble","4.25","","","Breakfast* - Breakfast A La Carte","$2.20","High Tower Deli","Pickup, Sandwich, Takeout, Breakfast, Lunch, Sandwiches, Deli","American General Center, 2929 Allen Pkwy, Houston, TX 77019, USA","Houston","2022-10-30 15:44:06.0000000"
"MENU_001096","REST_00090","PB&J1","Strawberry, Banana, Peanut Butter, Protien","4.25","","","Drinks* - Smoothies","$7.79","High Tower Deli","Pickup, Sandwich, Takeout, Breakfast, Lunch, Sandwiches, Deli","American General Center, 2929 Allen Pkwy, Houston, TX 77019, USA","Houston","2022-10-30 15:44:06.0000000"
"MENU_001097","REST_00090","Philly Cheese -","Seared Steak, Provolone, Onions & Bell Peppers, Hoagie Roll","4.25","","","Grill-Lunch* - Grill Items","$12.49","High Tower Deli","Pickup, Sandwich, Takeout, Breakfast, Lunch, Sandwiches, Deli","American General Center, 2929 Allen Pkwy, Houston, TX 77019, USA","Houston","2022-10-30 15:44:06.0000000"
"MENU_001098","REST_00090","Portobello Mushroom","Marinated Portobello Mushroom, Swiss, Avocado, Mixed Greens, Roasted Red Pepper, Hummus, Pesto, Focaccia bread.","4.25","","","Lunch* - Sandwiches-Signature - Lunch","$12.09","High Tower Deli","Pickup, Sandwich, Takeout, Breakfast, Lunch, Sandwiches, Deli","American General Center, 2929 Allen Pkwy, Houston, TX 77019, USA","Houston","2022-10-30 15:44:06.0000000"
"MENU_001099","REST_00090","Potatoes","","4.25","","","Breakfast* - Breakfast A La Carte","$2.95","High Tower Deli","Pickup, Sandwich, Takeout, Breakfast, Lunch, Sandwiches, Deli","American General Center, 2929 Allen Pkwy, Houston, TX 77019, USA","Houston","2022-10-30 15:44:06.0000000"
"MENU_001100","REST_00090","Rachel","Turkey, Sauerkraut, Swiss, Russian Dressing, Marble Rye Bread","4.25","","","Lunch* - Paninis - Lunch","$11.45","High Tower Deli","Pickup, Sandwich, Takeout, Breakfast, Lunch, Sandwiches, Deli","American General Center, 2929 Allen Pkwy, Houston, TX 77019, USA","Houston","2022-10-30 15:44:06.0000000"
"MENU_001101","REST_00090","Red Thai Chicken Bowl","Grill Chicken, Red Thai Coconut Curry, RIce","4.25","","","Bowls-Lunch*","$13.65","High Tower Deli","Pickup, Sandwich, Takeout, Breakfast, Lunch, Sandwiches, Deli","American General Center, 2929 Allen Pkwy, Houston, TX 77019, USA","Houston","2022-10-30 15:44:06.0000000"
"MENU_001102","REST_00090","Reuben","Corned Beef, Sauerkraut, Swiss, Russian Dressing, Marble Rye Bread","4.25","","","Lunch* - Paninis - Lunch","$11.45","High Tower Deli","Pickup, Sandwich, Takeout, Breakfast, Lunch, Sandwiches, Deli","American General Center, 2929 Allen Pkwy, Houston, TX 77019, USA","Houston","2022-10-30 15:44:06.0000000"
"MENU_001103","REST_00090","Sausage (1 Patty)","","4.25","","","Breakfast* - Breakfast A La Carte","$2.35","High Tower Deli","Pickup, Sandwich, Takeout, Breakfast, Lunch, Sandwiches, Deli","American General Center, 2929 Allen Pkwy, Houston, TX 77019, USA","Houston","2022-10-30 15:44:06.0000000"
"MENU_001104","REST_00090","Sausage Biscuit","Sausage & Biscuit","4.25","","","Breakfast* - Breakfast Sandwiches","$3.89","High Tower Deli","Pickup, Sandwich, Takeout, Breakfast, Lunch, Sandwiches, Deli","American General Center, 2929 Allen Pkwy, Houston, TX 77019, USA","Houston","2022-10-30 15:44:06.0000000"
"MENU_001105","REST_00090","Seasonal Fruit Cup","","4.25","","","Breakfast* - Fruit Cup & Yogurt Parfaits","$5.19","High Tower Deli","Pickup, Sandwich, Takeout, Breakfast, Lunch, Sandwiches, Deli","American General Center, 2929 Allen Pkwy, Houston, TX 77019, USA","Houston","2022-10-30 15:44:06.0000000"
"MENU_001106","REST_00090","Side House Salad","Mixed Greens, Tomato, Red Onions, Cucumber, Croutons, Balsamic Vinaigrette.","4.25","","","Lunch* - Salads","$7.79","High Tower Deli","Pickup, Sandwich, Takeout, Breakfast, Lunch, Sandwiches, Deli","American General Center, 2929 Allen Pkwy, Houston, TX 77019, USA","Houston","2022-10-30 15:44:06.0000000"
"MENU_001107","REST_00090","Smothered Biscuit","Eggs, Sausage or Bacon, Cheese, Gravy, Biscuit","4.25","","","Breakfast* - Breakfast Sandwiches","$7.15","High Tower Deli","Pickup, Sandwich, Takeout, Breakfast, Lunch, Sandwiches, Deli","American General Center, 2929 Allen Pkwy, Houston, TX 77019, USA","Houston","2022-10-30 15:44:06.0000000"
"MENU_001108","REST_00090","South by Southwest Caesar","Romaine, Black Bean Corn Relish, Parmesan, Tortilla Strips, Chipotle Caesar Dressing","4.25","","","Lunch* - Salads","$12.35","High Tower Deli","Pickup, Sandwich, Takeout, Breakfast, Lunch, Sandwiches, Deli","American General Center, 2929 Allen Pkwy, Houston, TX 77019, USA","Houston","2022-10-30 15:44:06.0000000"
"MENU_001109","REST_00090","Southwest Breakfast","Eggs, Black Bean Corn Relish, Cheese, Avocado","4.25","","","Breakfast* - Breakfast Burritos","$6.49","High Tower Deli","Pickup, Sandwich, Takeout, Breakfast, Lunch, Sandwiches, Deli","American General Center, 2929 Allen Pkwy, Houston, TX 77019, USA","Houston","2022-10-30 15:44:06.0000000"
"MENU_001110","REST_00090","Southwest Chicken Bowl","Grilled Chicken, Quinoa, Spring Mix, Parmesan, Black Bean Corn Relish, Tortilla strip, Chipotle Caesar Dressing.","4.25","","","Bowls-Lunch*","$14.29","High Tower Deli","Pickup, Sandwich, Takeout, Breakfast, Lunch, Sandwiches, Deli","American General Center, 2929 Allen Pkwy, Houston, TX 77019, USA","Houston","2022-10-30 15:44:06.0000000"
"MENU_001111","REST_00090","Southwest Turkey","Turkey, Chipotle Mayo, Lettuce, Black bean corn Relish, Cheddar, Avocado, Tomato, Sourdough Bread.","4.25","","","Lunch* - Sandwiches-Signature - Lunch","$11.69","High Tower Deli","Pickup, Sandwich, Takeout, Breakfast, Lunch, Sandwiches, Deli","American General Center, 2929 Allen Pkwy, Houston, TX 77019, USA","Houston","2022-10-30 15:44:06.0000000"
"MENU_001112","REST_00090","Strawberry Blast Smoothie","Strawberry, Banana, Honey, Protein, Turbinado","4.25","","","Drinks* - Smoothies","$7.79","High Tower Deli","Pickup, Sandwich, Takeout, Breakfast, Lunch, Sandwiches, Deli","American General Center, 2929 Allen Pkwy, Houston, TX 77019, USA","Houston","2022-10-30 15:44:06.0000000"
"MENU_001113","REST_00090","Teriyaki Bowl","Sirloin Beef, Rice, Baby Corn, Carrots, Green Onion, Teriyaki Sauce","4.25","","","Bowls-Lunch*","$13.65","High Tower Deli","Pickup, Sandwich, Takeout, Breakfast, Lunch, Sandwiches, Deli","American General Center, 2929 Allen Pkwy, Houston, TX 77019, USA","Houston","2022-10-30 15:44:06.0000000"
"MENU_001114","REST_00090","Tex -Mex Bowl","Fajita Chicken, Rice, Black Bean Corn Relish, Grilled Onions & Pepper, Avocado, Iceberg, Shred Cheddar, Sour Cream, Smokey Salsa","4.25","","","Bowls-Lunch*","$14.29","High Tower Deli","Pickup, Sandwich, Takeout, Breakfast, Lunch, Sandwiches, Deli","American General Center, 2929 Allen Pkwy, Houston, TX 77019, USA","Houston","2022-10-30 15:44:06.0000000"
"MENU_001115","REST_00090","Thai Chili Salmon Bowl","Grilled Salmon, Quinoa, Avocado, Roasted Red Pepper Spring Mix, Green Onion, Thai Chili Glaze","4.25","","","Bowls-Lunch*","$15.59","High Tower Deli","Pickup, Sandwich, Takeout, Breakfast, Lunch, Sandwiches, Deli","American General Center, 2929 Allen Pkwy, Houston, TX 77019, USA","Houston","2022-10-30 15:44:06.0000000"
"MENU_001116","REST_00090","The Beet Goes On","Beets, Apple, Carrot, Celery","4.25","","","Drinks* - Juices - Fresh","$9.09","High Tower Deli","Pickup, Sandwich, Takeout, Breakfast, Lunch, Sandwiches, Deli","American General Center, 2929 Allen Pkwy, Houston, TX 77019, USA","Houston","2022-10-30 15:44:06.0000000"
"MENU_001117","REST_00090","The Big Tuna Melt","Albacore White Tuna Salad, Swiss, Roasted Red Pepper, Sourdough Bread","4.25","","","Lunch* - Paninis - Lunch","$11.05","High Tower Deli","Pickup, Sandwich, Takeout, Breakfast, Lunch, Sandwiches, Deli","American General Center, 2929 Allen Pkwy, Houston, TX 77019, USA","Houston","2022-10-30 15:44:06.0000000"
"MENU_001118","REST_00090","The Empire State","Roast beef, Turkey, Russian Dressing, Muenster, Lettuce, Roasted Red pepper, Marble Rye Bread.","4.25","","","Lunch* - Sandwiches-Signature - Lunch","$11.69","High Tower Deli","Pickup, Sandwich, Takeout, Breakfast, Lunch, Sandwiches, Deli","American General Center, 2929 Allen Pkwy, Houston, TX 77019, USA","Houston","2022-10-30 15:44:06.0000000"
"MENU_001119","REST_00090","The Hightower House","Mixed Greens, Tomato, Red Onions, Cucumber, Croutons, Balsamic Vinaigrette.","4.25","","","Lunch* - Salads","$11.69","High Tower Deli","Pickup, Sandwich, Takeout, Breakfast, Lunch, Sandwiches, Deli","American General Center, 2929 Allen Pkwy, Houston, TX 77019, USA","Houston","2022-10-30 15:44:06.0000000"
"MENU_001120","REST_00090","The Texican","Egg, Bacon, Refried Beans, Pepper Jack, Avocado","4.25","","","Breakfast* - Breakfast Burritos","$7.79","High Tower Deli","Pickup, Sandwich, Takeout, Breakfast, Lunch, Sandwiches, Deli","American General Center, 2929 Allen Pkwy, Houston, TX 77019, USA","Houston","2022-10-30 15:44:06.0000000"
"MENU_001121","REST_00090","The Western","Eggs, Ham, Onions & Peppers, Cheese","4.25","","","Breakfast* - Breakfast Burritos","$7.15","High Tower Deli","Pickup, Sandwich, Takeout, Breakfast, Lunch, Sandwiches, Deli","American General Center, 2929 Allen Pkwy, Houston, TX 77019, USA","Houston","2022-10-30 15:44:06.0000000"
"MENU_001122","REST_00090","Three Cheese Panini","Melted Cheddar, Pepper Jack, Provolone, Tomato, Avocado, Horseradish Dijon, Sourdough Bread.","4.25","","","Lunch* - Paninis - Lunch","$10.39","High Tower Deli","Pickup, Sandwich, Takeout, Breakfast, Lunch, Sandwiches, Deli","American General Center, 2929 Allen Pkwy, Houston, TX 77019, USA","Houston","2022-10-30 15:44:06.0000000"
"MENU_001123","REST_00090","Toast (2 Pieces)","","4.25","","","Breakfast* - Breakfast A La Carte","$2.20","High Tower Deli","Pickup, Sandwich, Takeout, Breakfast, Lunch, Sandwiches, Deli","American General Center, 2929 Allen Pkwy, Houston, TX 77019, USA","Houston","2022-10-30 15:44:06.0000000"
"MENU_001124","REST_00090","Tropical Breeze Smoothie","Strawberry, Banana, Orange, Pineapple, Honey, Protein, Turbinado","4.25","","","Drinks* - Smoothies","$7.79","High Tower Deli","Pickup, Sandwich, Takeout, Breakfast, Lunch, Sandwiches, Deli","American General Center, 2929 Allen Pkwy, Houston, TX 77019, USA","Houston","2022-10-30 15:44:06.0000000"
"MENU_001125","REST_00090","Veggie Greek","Eggs, Spinach, Feta, Tomatoes","4.25","","","Breakfast* - Breakfast Burritos","$5.85","High Tower Deli","Pickup, Sandwich, Takeout, Breakfast, Lunch, Sandwiches, Deli","American General Center, 2929 Allen Pkwy, Houston, TX 77019, USA","Houston","2022-10-30 15:44:06.0000000"
"MENU_001126","REST_00090","Veggie Wrap","Marinated Mushroom, Spinach, Hummus, Feta, Roasted Red Pepper, Avocado, Rice, Grilled Onions, Pesto","4.25","","","Lunch* - Wraps - Lunch","$11.69","High Tower Deli","Pickup, Sandwich, Takeout, Breakfast, Lunch, Sandwiches, Deli","American General Center, 2929 Allen Pkwy, Houston, TX 77019, USA","Houston","2022-10-30 15:44:06.0000000"
"MENU_001127","REST_00090","Whats Up Doc","Pineapple, Spinach, Apple, Carrots","4.25","","","Drinks* - Juices - Fresh","$9.09","High Tower Deli","Pickup, Sandwich, Takeout, Breakfast, Lunch, Sandwiches, Deli","American General Center, 2929 Allen Pkwy, Houston, TX 77019, USA","Houston","2022-10-30 15:44:06.0000000"
"MENU_001128","REST_00090","Yellow Curry Chicken Bowl","Grilled Chicken, Rice, Curry Sauce, Peas, Carrots, Flat Bread","4.25","","","Bowls-Lunch*","$13.65","High Tower Deli","Pickup, Sandwich, Takeout, Breakfast, Lunch, Sandwiches, Deli","American General Center, 2929 Allen Pkwy, Houston, TX 77019, USA","Houston","2022-10-30 15:44:06.0000000"
"MENU_001129","REST_00090","Yogurt Parfait & Granola","","4.25","","","Breakfast* - Fruit Cup & Yogurt Parfaits","$6.49","High Tower Deli","Pickup, Sandwich, Takeout, Breakfast, Lunch, Sandwiches, Deli","American General Center, 2929 Allen Pkwy, Houston, TX 77019, USA","Houston","2022-10-30 15:44:06.0000000"
"MENU_001130","REST_00091","Big House Margarita","Gold tequila & triple sec with fresh citrus juices served frozen with salted rim.Must be 21 to order, have your ID ready. Must be ordered with food for ToGo.TENNESEE ONLY: No driver shall consume any alcoholic beverage or beer or possess an open container of alcoholic beverage or beer while operating a motor vehicle in this state.CALIFORNIA ONLY: Alcoholic beverages that are packaged by this establishment are open containers and may not be transported in a motor vehicle except in the vehicle’s trunk; or, if there is no trunk, the container may be kept in some other area of the vehicle that is not normally occupied by the driver or passengers (which does not include a utility compartment or glove compartment (Vehicle Code Section 23225)). Further, such beverages may not be consumed in public or in any other area where open containers are prohibited by law.","4.63961410522461","","","To Go Bar","$12.30","Hopdoddy Burger Bar","Burgers","Hopdoddy Burger Bar, 449 W. 19th Street, HOUSTON, TX","Houston","2022-11-07 21:20:06.0000000"
"MENU_001131","REST_00091","Thanksgiving Burger","Thanksgiving patty made with ground turkey, fried sage, granny smith apples & shallots.  Topped with house made yam chips, cranberry chutney, & broccoli sprouts with garlic aioli on whole wheat bun.","4.63961410522461","","","Burgers","$13.50","Hopdoddy Burger Bar","Burgers","Hopdoddy Burger Bar, 449 W. 19th Street, HOUSTON, TX","Houston","2022-11-07 21:20:06.0000000"
"MENU_001132","REST_00092","Peachtree Lemonade","Fresh Squeezed House Peach Lemonade","4.92857122421265","","","Drinks","$5.18","Houstatlantavegan","Fries, burger","2850 Fannin St, Houston, TX 77002, USA","Houston","2022-11-07 21:18:48.0000000"
"MENU_001133","REST_00093","Cookie Butter Pudding","","4.67459297180176","","","DESSERTS","$10.99","Howdy Hot Chicken","Howdy Hot Chicken","Howdy Hot Chicken, 3520 S Shepherd Dr, Houston, TX 77098, USA","Houston","2022-10-30 15:21:47.0000000"
"MENU_001134","REST_00094","Tostadas","4 open hard shells, the original \taco shell\"". With your choice of meat and Chorizo beans","$14.99","","","avocado and hot \""Chipotle\"" sauce.""","lettuce","https://img.cdn4dd.com/cdn-cgi/image/fit=contain,width=1200,height=672,format=auto/https://doordash-static.s3.amazonaws.com/media/photosV2/cf891a28-8f27-48f5-996d-232a5ba9fc41-028b45b0-9fb6-4fd1-bc77-1f9530ed4f51-retina-large.JPG","Tacos & Mas","4.26522302627563","Houston","2022-10-30 15:03:51.0000000"
"MENU_001135","REST_00095","Cheesus Christ","mozzarella, taleggio, parmigiano reggiano, black pepper, heavy cream","New American Pizzeria","","","Pizzas 12\"",4.73529386520386,34,Roberta’s""","$22.00","https://img.cdn4dd.com/cdn-cgi/image/fit=contain,width=1200,height=672,format=auto/https://doordash-static.s3.amazonaws.com/media/restaurant/cover_square/71002811_1221186158084700_606680537335070720_n.jpg","$$","29.7662149","Houston","2022-11-07 21:15:11.0000000"
"MENU_001136","REST_00096","11. Bún Bò Xào","Stir-fried lemongrass beef on vermicelli.  Chicken may be substituted on request.","4.82336378097534","","","Vermicelli Noodle Bowls","$17.95","Huynh Restaurant","Vietnamese Restaurant","912 St Emanuel St, Houston, TX 77003, USA","Houston","2022-11-07 21:12:05.0000000"
"MENU_001137","REST_00096","12. Bún Thịt Nướng","Chargrilled pork on vermicelli.","4.82336378097534","","","Vermicelli Noodle Bowls","$17.95","Huynh Restaurant","Vietnamese Restaurant","912 St Emanuel St, Houston, TX 77003, USA","Houston","2022-11-07 21:12:05.0000000"
"MENU_001138","REST_00096","13. Bún Gà Nướng","Chargrilled chicken (dark meat) on vermicelli.","4.82336378097534","","","Vermicelli Noodle Bowls","$17.95","Huynh Restaurant","Vietnamese Restaurant","912 St Emanuel St, Houston, TX 77003, USA","Houston","2022-11-07 21:12:05.0000000"
"MENU_001139","REST_00096","14. Bún Tôm Nướng","Chargrilled shrimp on vermicelli.","4.82336378097534","","","Vermicelli Noodle Bowls","$17.95","Huynh Restaurant","Vietnamese Restaurant","912 St Emanuel St, Houston, TX 77003, USA","Houston","2022-11-07 21:12:05.0000000"
"MENU_001140","REST_00096","15. Bún Măng Vịt","Vermicelli noodle soup with duck and fermented bamboo shoots.","4.82336378097534","","","Vermicelli Noodle Bowls","$15.50","Huynh Restaurant","Vietnamese Restaurant","912 St Emanuel St, Houston, TX 77003, USA","Houston","2022-11-07 21:12:05.0000000"
"MENU_001141","REST_00096","16. Bún Bò Hue","Spicy noodle soup with sliced beef in a broth with chilies and lemongrass optional \Vietnamese style\"" includes blood cake (huyết) and pork hock.""","4.82336378097534","","","Vermicelli Noodle Bowls","$15.50","Huynh Restaurant","Vietnamese Restaurant","912 St Emanuel St, Houston, TX 77003, USA","Houston","2022-11-07 21:12:05.0000000"
"MENU_001142","REST_00096","50. Cơm Phượng Hoàng","Phoenix chicken. Half of a crispy Cornish hen with house rice, served with a fried egg and special dipping sauce.","4.82336378097534","","","Rice Plates","$19.95","Huynh Restaurant","Vietnamese Restaurant","912 St Emanuel St, Houston, TX 77003, USA","Houston","2022-11-07 21:12:05.0000000"
"MENU_001143","REST_00096","51. Cơm Gà Nướng","Chargrilled dark meat chicken and house rice.","4.82336378097534","","","Rice Plates","$19.25","Huynh Restaurant","Vietnamese Restaurant","912 St Emanuel St, Houston, TX 77003, USA","Houston","2022-11-07 21:12:05.0000000"
"MENU_001144","REST_00096","52. Com Sườn Nướng","Chargrilled bone-in pork chop served with crushed rice.","4.82336378097534","","","Rice Plates","$19.80","Huynh Restaurant","Vietnamese Restaurant","912 St Emanuel St, Houston, TX 77003, USA","Houston","2022-11-07 21:12:05.0000000"
"MENU_001145","REST_00096","53. Com Tâm Thịt Nướng","Chargrilled boneless pork served with crushed rice.","4.82336378097534","","","Rice Plates","$19.25","Huynh Restaurant","Vietnamese Restaurant","912 St Emanuel St, Houston, TX 77003, USA","Houston","2022-11-07 21:12:05.0000000"
"MENU_001146","REST_00096","54. Cơm Tám Sườn Bì Cha","Chargrilled bone-in pork chop, shredded pork, and egg cake with crushed rice.","4.82336378097534","","","Rice Plates","$19.95","Huynh Restaurant","Vietnamese Restaurant","912 St Emanuel St, Houston, TX 77003, USA","Houston","2022-11-07 21:12:05.0000000"
"MENU_001147","REST_00096","54B. Cơm Tám Sườn Cha Trung","Chargrilled bone-in pork chop, fried egg, and egg cake served with crushed rice.","4.82336378097534","","","Rice Plates","$19.95","Huynh Restaurant","Vietnamese Restaurant","912 St Emanuel St, Houston, TX 77003, USA","Houston","2022-11-07 21:12:05.0000000"
"MENU_001148","REST_00096","55. Cơm Tấm Thịt Nướng Bì Ch","Chargrilled boneless pork, shredded pork, egg cake, and crushed rice.","4.82336378097534","","","Rice Plates","$19.95","Huynh Restaurant","Vietnamese Restaurant","912 St Emanuel St, Houston, TX 77003, USA","Houston","2022-11-07 21:12:05.0000000"
"MENU_001149","REST_00096","56. Com Bò Xào","Stir fried beef and lemongrass served with rice.","4.82336378097534","","","Rice Plates","$20.50","Huynh Restaurant","Vietnamese Restaurant","912 St Emanuel St, Houston, TX 77003, USA","Houston","2022-11-07 21:12:05.0000000"
"MENU_001150","REST_00096","57. Com Bo Luc Lac","Tender chunks of stir-fried beef tenderloin, peppers and onion, served with house rice.","4.82336378097534","","","Rice Plates","$22.75","Huynh Restaurant","Vietnamese Restaurant","912 St Emanuel St, Houston, TX 77003, USA","Houston","2022-11-07 21:12:05.0000000"
"MENU_001151","REST_00096","57B. Cơm Gà Lúc Lắc","Stir-fried white meat chicken, peppers and onion, served with house rice.","4.82336378097534","","","Rice Plates","$22.75","Huynh Restaurant","Vietnamese Restaurant","912 St Emanuel St, Houston, TX 77003, USA","Houston","2022-11-07 21:12:05.0000000"
"MENU_001152","REST_00096","58. Cơm Sườn Bò Dại Hàn","Chargrilled beef short ribs, served with shrimp, fried egg and crushed rice.","4.82336378097534","","","Rice Plates","$19.80","Huynh Restaurant","Vietnamese Restaurant","912 St Emanuel St, Houston, TX 77003, USA","Houston","2022-11-07 21:12:05.0000000"
"MENU_001153","REST_00096","60. Cơm Chiên Xá Xíu","BBQ pork fried rice.","4.82336378097534","","","Fried Rice","$18.95","Huynh Restaurant","Vietnamese Restaurant","912 St Emanuel St, Houston, TX 77003, USA","Houston","2022-11-07 21:12:05.0000000"
"MENU_001154","REST_00096","61. Cơm Chiên Ga","Chicken fried rice.","4.82336378097534","","","Fried Rice","$18.95","Huynh Restaurant","Vietnamese Restaurant","912 St Emanuel St, Houston, TX 77003, USA","Houston","2022-11-07 21:12:05.0000000"
"MENU_001155","REST_00096","62. Cơm Chiên Bo","Beef fried rice.","4.82336378097534","","","Fried Rice","$18.95","Huynh Restaurant","Vietnamese Restaurant","912 St Emanuel St, Houston, TX 77003, USA","Houston","2022-11-07 21:12:05.0000000"
"MENU_001156","REST_00096","63. Cơm Chiên Tôm","Shrimp fried rice.","4.82336378097534","","","Fried Rice","$18.95","Huynh Restaurant","Vietnamese Restaurant","912 St Emanuel St, Houston, TX 77003, USA","Houston","2022-11-07 21:12:05.0000000"
"MENU_001157","REST_00096","64. Cơm Chiên Thập Cẩm","Combination: pork, beef, chicken, shrimp, and sausage.","4.82336378097534","","","Fried Rice","$18.95","Huynh Restaurant","Vietnamese Restaurant","912 St Emanuel St, Houston, TX 77003, USA","Houston","2022-11-07 21:12:05.0000000"
"MENU_001158","REST_00096","65. Cơm Chiên đỏ Biển","Seafood fried rice: shrimp, squid, fish ball, and crab stick.","4.82336378097534","","","Fried Rice","$18.95","Huynh Restaurant","Vietnamese Restaurant","912 St Emanuel St, Houston, TX 77003, USA","Houston","2022-11-07 21:12:05.0000000"
"MENU_001159","REST_00096","80. Hủ Tiếu Xào Chay","Wok-fried crispy flat rice noodles topped with stir-fried tofu and vegetables.   Soft noodles available, by request.","4.82336378097534","","","Vegetable & Tofu Dishes","$21.50","Huynh Restaurant","Vietnamese Restaurant","912 St Emanuel St, Houston, TX 77003, USA","Houston","2022-11-07 21:12:05.0000000"
"MENU_001160","REST_00096","81. Bún Xào Chay","Stir-fried tofu and vegetables top a bowl of thin rice noodles, garnish with peanuts.","4.82336378097534","","","Vegetable & Tofu Dishes","$19.95","Huynh Restaurant","Vietnamese Restaurant","912 St Emanuel St, Houston, TX 77003, USA","Houston","2022-11-07 21:12:05.0000000"
"MENU_001161","REST_00096","82. Dau Hủ Xào Lăn","Coconut curry with stir-fried tofu, onions and mushrooms.  Topped with peanuts.   Add broccoli for $2.","4.82336378097534","","","Vegetable & Tofu Dishes","$18.95","Huynh Restaurant","Vietnamese Restaurant","912 St Emanuel St, Houston, TX 77003, USA","Houston","2022-11-07 21:12:05.0000000"
"MENU_001162","REST_00096","83. Cơm Chiên Chay","Stir-fried rice with tofu, vegetables, and egg.","4.82336378097534","","","Vegetable & Tofu Dishes","$18.95","Huynh Restaurant","Vietnamese Restaurant","912 St Emanuel St, Houston, TX 77003, USA","Houston","2022-11-07 21:12:05.0000000"
"MENU_001163","REST_00096","87. Dau Hủ Xào Xả ớt","Tofu stir-fried with hot chilies and lemongrass.","4.82336378097534","","","Vegetable & Tofu Dishes","$18.95","Huynh Restaurant","Vietnamese Restaurant","912 St Emanuel St, Houston, TX 77003, USA","Houston","2022-11-07 21:12:05.0000000"
"MENU_001164","REST_00096","90. Hủ Tiếu Thập Cẩm","Combination Soup.  Your choice of noodles in home-made chicken broth with vegetables, chicken, pork, and seafood.","4.82336378097534","","","Noodles and Soup","$15.50","Huynh Restaurant","Vietnamese Restaurant","912 St Emanuel St, Houston, TX 77003, USA","Houston","2022-11-07 21:12:05.0000000"
"MENU_001165","REST_00096","91. Mì Ga","Chicken Soup.  Choice of noodles in chicken broth with dark or white chicken.","4.82336378097534","","","Noodles and Soup","$15.50","Huynh Restaurant","Vietnamese Restaurant","912 St Emanuel St, Houston, TX 77003, USA","Houston","2022-11-07 21:12:05.0000000"
"MENU_001166","REST_00096","92. Mì Xá Xíu","BBQ Pork Soup.  Choice of noodles in home-made soup with BBQ pork.","4.82336378097534","","","Noodles and Soup","$15.50","Huynh Restaurant","Vietnamese Restaurant","912 St Emanuel St, Houston, TX 77003, USA","Houston","2022-11-07 21:12:05.0000000"
"MENU_001167","REST_00096","93. Mì Hoành Thánh","Wonton Soup.  Egg noodle soup with wontons and BBQ pork.","4.82336378097534","","","Noodles and Soup","$15.50","Huynh Restaurant","Vietnamese Restaurant","912 St Emanuel St, Houston, TX 77003, USA","Houston","2022-11-07 21:12:05.0000000"
"MENU_001168","REST_00096","94. Mì Quảng","Special yellow rice noodles with pork, shrimp, fish cake, shredded cabbage and banana blossom to be tossed with a lightly spicy broth. Garnished with peanuts, fried onions, and Vietnamese crackers.","4.82336378097534","","","Noodles and Soup","$15.50","Huynh Restaurant","Vietnamese Restaurant","912 St Emanuel St, Houston, TX 77003, USA","Houston","2022-11-07 21:12:05.0000000"
"MENU_001169","REST_00096","B1. Tra Da","Iced tea.","4.82336378097534","","","Beverages","$2.50","Huynh Restaurant","Vietnamese Restaurant","912 St Emanuel St, Houston, TX 77003, USA","Houston","2022-11-07 21:12:05.0000000"
"MENU_001170","REST_00096","B3. Nước Ngọt","Soft drinks.","4.82336378097534","","","Beverages","$2.25","Huynh Restaurant","Vietnamese Restaurant","912 St Emanuel St, Houston, TX 77003, USA","Houston","2022-11-07 21:12:05.0000000"
"MENU_001171","REST_00096","Chicken Pho","Boneless chicken instead of beef","4.82336378097534","","","Pho - Beef Noodle Soup","$15.50","Huynh Restaurant","Vietnamese Restaurant","912 St Emanuel St, Houston, TX 77003, USA","Houston","2022-11-07 21:12:05.0000000"
"MENU_001172","REST_00096","F2. Sườn Bò đại Hàn","Chargrilled beef short ribs.","4.82336378097534","","","Family Style","$19.25","Huynh Restaurant","Vietnamese Restaurant","912 St Emanuel St, Houston, TX 77003, USA","Houston","2022-11-07 21:12:05.0000000"
"MENU_001173","REST_00096","F3. Dau Hủ Xào Thịt Xay","Ground pork stir-fried with diced tofu, woodear mushrooms, peppers and onions.","4.82336378097534","","","Family Style","$21.50","Huynh Restaurant","Vietnamese Restaurant","912 St Emanuel St, Houston, TX 77003, USA","Houston","2022-11-07 21:12:05.0000000"
"MENU_001174","REST_00096","F4. Bok Choy Xào Tỏi","Baby bok choy stir-fried with garlic.   Broccoli may be substituted, by request.","4.82336378097534","","","Family Style","$13.25","Huynh Restaurant","Vietnamese Restaurant","912 St Emanuel St, Houston, TX 77003, USA","Houston","2022-11-07 21:12:05.0000000"
"MENU_001175","REST_00096","F5. Tôm Hoặc Gà Xào Lăn","Coconut curry with your choice of shrimp or chicken, stir-fried with onions and mushrooms.   Garnished with peanuts.  Add broccoli for $2.","4.82336378097534","","","Family Style","$21.50","Huynh Restaurant","Vietnamese Restaurant","912 St Emanuel St, Houston, TX 77003, USA","Houston","2022-11-07 21:12:05.0000000"
"MENU_001176","REST_00096","F6. Tôm Hoặc Gà Xào Xả ớt","Shrimp or chicken stir-fried with hot chilies and lemongrass.  Spicy.","4.82336378097534","","","Family Style","$21.50","Huynh Restaurant","Vietnamese Restaurant","912 St Emanuel St, Houston, TX 77003, USA","Houston","2022-11-07 21:12:05.0000000"
"MENU_001177","REST_00096","F7. Bò Xào Xà Lách","Lemongrass beef (or chicken) on a salad with fresh herbs, bean sprouts and peanuts.","4.82336378097534","","","Family Style","$21.50","Huynh Restaurant","Vietnamese Restaurant","912 St Emanuel St, Houston, TX 77003, USA","Houston","2022-11-07 21:12:05.0000000"
"MENU_001178","REST_00096","House Rice","","4.82336378097534","","","Sides & Extras","$3.00","Huynh Restaurant","Vietnamese Restaurant","912 St Emanuel St, Houston, TX 77003, USA","Houston","2022-11-07 21:12:05.0000000"
"MENU_001179","REST_00096","L1. Tôm Xào Bông Cải","Shrimp stir-fried with broccoli.","4.82336378097534","","","Stir-Fry Combinations","$21.50","Huynh Restaurant","Vietnamese Restaurant","912 St Emanuel St, Houston, TX 77003, USA","Houston","2022-11-07 21:12:05.0000000"
"MENU_001180","REST_00096","L10. Rau Xào đậu Hu","Vegetables stir-fried with tofu.","4.82336378097534","","","Stir-Fry Combinations","$21.50","Huynh Restaurant","Vietnamese Restaurant","912 St Emanuel St, Houston, TX 77003, USA","Houston","2022-11-07 21:12:05.0000000"
"MENU_001181","REST_00096","L2. Tôm Xào đậu Hu","Shrimp stir-fried with tofu.","4.82336378097534","","","Stir-Fry Combinations","$21.50","Huynh Restaurant","Vietnamese Restaurant","912 St Emanuel St, Houston, TX 77003, USA","Houston","2022-11-07 21:12:05.0000000"
"MENU_001182","REST_00096","L3. Tôm Xào Thập Cẩm","Shrimp stir-fried with mixed vegetables.","4.82336378097534","","","Stir-Fry Combinations","$21.50","Huynh Restaurant","Vietnamese Restaurant","912 St Emanuel St, Houston, TX 77003, USA","Houston","2022-11-07 21:12:05.0000000"
"MENU_001183","REST_00096","L4. Bò Xào Bông Cải","Beef stir-fried with broccoli.","4.82336378097534","","","Stir-Fry Combinations","$21.50","Huynh Restaurant","Vietnamese Restaurant","912 St Emanuel St, Houston, TX 77003, USA","Houston","2022-11-07 21:12:05.0000000"
"MENU_001184","REST_00096","L5. Bò Xào đậu Hu","Beef stir-fried with tofu.","4.82336378097534","","","Stir-Fry Combinations","$21.50","Huynh Restaurant","Vietnamese Restaurant","912 St Emanuel St, Houston, TX 77003, USA","Houston","2022-11-07 21:12:05.0000000"
"MENU_001185","REST_00096","L6. Bò Xào Thập Cẩm","Beef stir-fried with mixed vegetables.","4.82336378097534","","","Stir-Fry Combinations","$21.50","Huynh Restaurant","Vietnamese Restaurant","912 St Emanuel St, Houston, TX 77003, USA","Houston","2022-11-07 21:12:05.0000000"
"MENU_001186","REST_00096","L7. Gà Xào Bông Cải","Chicken stir-fried with broccoli.","4.82336378097534","","","Stir-Fry Combinations","$21.50","Huynh Restaurant","Vietnamese Restaurant","912 St Emanuel St, Houston, TX 77003, USA","Houston","2022-11-07 21:12:05.0000000"
"MENU_001187","REST_00096","L9. Gà Xào Thập Cẩm","Chicken stir-fried with mixed vegetables.","4.82336378097534","","","Stir-Fry Combinations","$21.50","Huynh Restaurant","Vietnamese Restaurant","912 St Emanuel St, Houston, TX 77003, USA","Houston","2022-11-07 21:12:05.0000000"
"MENU_001188","REST_00096","Phở (Khong Thit)","No meat.  Just broth & noodles.","4.82336378097534","","","Pho - Beef Noodle Soup","$11.95","Huynh Restaurant","Vietnamese Restaurant","912 St Emanuel St, Houston, TX 77003, USA","Houston","2022-11-07 21:12:05.0000000"
"MENU_001189","REST_00096","S2. Sinh Tó Bo","Avocado.    Seasonal.","4.82336378097534","","","Smoothies","$6.50","Huynh Restaurant","Vietnamese Restaurant","912 St Emanuel St, Houston, TX 77003, USA","Houston","2022-11-07 21:12:05.0000000"
"MENU_001190","REST_00096","Shrimp","Add shrimp to any entre","4.82336378097534","","","Sides & Extras","$5.00","Huynh Restaurant","Vietnamese Restaurant","912 St Emanuel St, Houston, TX 77003, USA","Houston","2022-11-07 21:12:05.0000000"
"MENU_001191","REST_00096","Vegetable Pho","Pho with vegetables & tofu","4.82336378097534","","","Pho - Beef Noodle Soup","$15.50","Huynh Restaurant","Vietnamese Restaurant","912 St Emanuel St, Houston, TX 77003, USA","Houston","2022-11-07 21:12:05.0000000"
"MENU_001192","REST_00096","Vegetables","Vegetables added to a dish","4.82336378097534","","","Sides & Extras","$2.00","Huynh Restaurant","Vietnamese Restaurant","912 St Emanuel St, Houston, TX 77003, USA","Houston","2022-11-07 21:12:05.0000000"
"MENU_001193","REST_00096","White Rice","","4.82336378097534","","","Sides & Extras","$2.00","Huynh Restaurant","Vietnamese Restaurant","912 St Emanuel St, Houston, TX 77003, USA","Houston","2022-11-07 21:12:05.0000000"
"MENU_001194","REST_00097","BLT Sandwich","Hickory-smoked bacon, lettuce, tomato & mayo on toasted white bread.","4.29862880706787","","","IHOPPY Hour","$7.20","IHOP","Chicken, Milk Shakes, American, Burgers, Sandwiches, Pancakes, Breakfast","2515 Southwest Fwy, Houston, TX 77098, USA","Houston","2022-11-07 21:14:40.0000000"
"MENU_001195","REST_00097","Buttermilk Crispy Chicken Sandwich","Buttermilk crispy chicken breast, American, lettuce, tomato, red onion, pickles & IHOP® Sauce. ","4.29862880706787","","","IHOPPY Hour","$8.40","IHOP","Chicken, Milk Shakes, American, Burgers, Sandwiches, Pancakes, Breakfast","2515 Southwest Fwy, Houston, TX 77098, USA","Houston","2022-11-07 21:14:40.0000000"
"MENU_001196","REST_00097","Chicken & Pancakes","Four buttermilk crispy chicken strips made with all-natural chicken breast & 3 buttermilk pancakes. Served with choice of sauce.","4.29862880706787","","","IHOPPY Hour","$8.40","IHOP","Chicken, Milk Shakes, American, Burgers, Sandwiches, Pancakes, Breakfast","2515 Southwest Fwy, Houston, TX 77098, USA","Houston","2022-11-07 21:14:40.0000000"
"MENU_001197","REST_00097","Crispy Chicken Strips","3 buttermilk crispy chicken strips – choose Original or tossed in either Frank’s RedHot® Buffalo sauce or tangy BBQ sauce. Served with choice of dipping sauce.","4.29862880706787","","","IHOPPY Hour","$4.80","IHOP","Chicken, Milk Shakes, American, Burgers, Sandwiches, Pancakes, Breakfast","2515 Southwest Fwy, Houston, TX 77098, USA","Houston","2022-11-07 21:14:40.0000000"
"MENU_001198","REST_00097","Gingersnap Hot Chocolate","Rich & creamy gingersnap hot chocolate. Crowned with whipped topping, gingersnap cookies & red currants.","4.29862880706787","","","Limited Time Offers","$4.67","IHOP","Chicken, Milk Shakes, American, Burgers, Sandwiches, Pancakes, Breakfast","2515 Southwest Fwy, Houston, TX 77098, USA","Houston","2022-11-07 21:14:40.0000000"
"MENU_001199","REST_00097","Gingersnap Milkshake","Premium vanilla ice cream blended with gingersnap cookies, gingersnap syrup and a caramel drizzle. Crowned with whipped topping, gingersnap cookies & red currants.","4.29862880706787","","","Limited Time Offers","$5.51","IHOP","Chicken, Milk Shakes, American, Burgers, Sandwiches, Pancakes, Breakfast","2515 Southwest Fwy, Houston, TX 77098, USA","Houston","2022-11-07 21:14:40.0000000"
"MENU_001200","REST_00097","Ham & Cheese Omelette","Ham, Jack & Cheddar & white cheese sauce. Served with 3 Buttermilk Pancakes.","4.29862880706787","","","IHOPPY Hour","$8.40","IHOP","Chicken, Milk Shakes, American, Burgers, Sandwiches, Pancakes, Breakfast","2515 Southwest Fwy, Houston, TX 77098, USA","Houston","2022-11-07 21:14:40.0000000"
"MENU_001201","REST_00097","Jalapeño Cheese Bites","Six golden, crispy jalapeño & cheddar cheese bites served with buttermilk ranch for dipping.","4.29862880706787","","","IHOPPY Hour","$4.80","IHOP","Chicken, Milk Shakes, American, Burgers, Sandwiches, Pancakes, Breakfast","2515 Southwest Fwy, Houston, TX 77098, USA","Houston","2022-11-07 21:14:40.0000000"
"MENU_001202","REST_00097","Mozza Sticks","6 Mozzarella cheese sticks served with marinara.","4.29862880706787","","","IHOPPY Hour","$4.80","IHOP","Chicken, Milk Shakes, American, Burgers, Sandwiches, Pancakes, Breakfast","2515 Southwest Fwy, Houston, TX 77098, USA","Houston","2022-11-07 21:14:40.0000000"
"MENU_001203","REST_00097","Onion Rings","","4.29862880706787","","","Sides","$3.59","IHOP","Chicken, Milk Shakes, American, Burgers, Sandwiches, Pancakes, Breakfast","2515 Southwest Fwy, Houston, TX 77098, USA","Houston","2022-11-07 21:14:40.0000000"
"MENU_001204","REST_00097","Pumpkin Spice Pancake Combo","Two pumpkin pancakes made with real pumpkin and seasonal spices, crowned with creamy whipped topping. Served with 2 bacon strips or 2 pork sausage links, 2 eggs* and hash browns","4.29862880706787","","","Limited Time Offers","$14.39","IHOP","Chicken, Milk Shakes, American, Burgers, Sandwiches, Pancakes, Breakfast","2515 Southwest Fwy, Houston, TX 77098, USA","Houston","2022-11-07 21:14:40.0000000"
"MENU_001205","REST_00097","Quick 2-Egg Breakfast","2 eggs*, hash browns, 2 bacon strips or 2 pork sausage links & toast. ","4.29862880706787","","","IHOPPY Hour","$7.20","IHOP","Chicken, Milk Shakes, American, Burgers, Sandwiches, Pancakes, Breakfast","2515 Southwest Fwy, Houston, TX 77098, USA","Houston","2022-11-07 21:14:40.0000000"
"MENU_001206","REST_00097","The Classic Steakburger","American, lettuce, tomato, red onion, pickles & IHOP® Sauce. ","4.29862880706787","","","IHOPPY Hour","$8.40","IHOP","Chicken, Milk Shakes, American, Burgers, Sandwiches, Pancakes, Breakfast","2515 Southwest Fwy, Houston, TX 77098, USA","Houston","2022-11-07 21:14:40.0000000"
"MENU_001207","REST_00097","Thick ‘N Fluffy Lemon Ricotta Mixed Berry French Toast","Two slices of thick and fluffy artisan bread dipped & griddled in our new vanilla, cinnamon French Toast batter, then topped with creamy lemon ricotta, seasonal mixed berry topping & powdered sugar.","4.29862880706787","","","Limited Time Offers","$12.71","IHOP","Chicken, Milk Shakes, American, Burgers, Sandwiches, Pancakes, Breakfast","2515 Southwest Fwy, Houston, TX 77098, USA","Houston","2022-11-07 21:14:40.0000000"
"MENU_001208","REST_00097","Thick ‘N Fluffy Strawberry Banana French Toast","Two slices of thick and fluffy artisan bread dipped & griddled in our new vanilla, cinnamon French Toast batter, then topped with glazed strawberries, fresh banana slices & powdered sugar.","4.29862880706787","","","Limited Time Offers","$12.71","IHOP","Chicken, Milk Shakes, American, Burgers, Sandwiches, Pancakes, Breakfast","2515 Southwest Fwy, Houston, TX 77098, USA","Houston","2022-11-07 21:14:40.0000000"
"MENU_001209","REST_00098","Double Chocolate Mint","Our take on a favorite flavor combo. A warm dark chocolate cookie with mint chips and chunks of milk chocolate.","4.36710977554321","","","Cookies","$2.75","Insomnia Cookies","Cookies, Dessert, Chocolate chip cookie, Snacks, Snacks & Sweets, Fast Food, Sweets","2528 Rice Boulevard, Houston, TX 77005, USA","Houston","2022-11-07 21:13:19.0000000"
"MENU_001210","REST_00098","White Chocolate Macadamia","This snack operates on island time. A coconut-y cookie with bits of macadamia nut and creamy white chocolate chips.","4.40959405899048","","","Cookies","$2.75","Insomnia Cookies","Cookies, Dessert, Chocolate chip cookie, Snacks, Snacks & Sweets, Fast Food, Sweets","2528 Rice Boulevard, Houston, TX 77005, USA","Houston","2022-10-30 15:21:51.0000000"
"MENU_001211","REST_00098","Whole Milk","Looking for whole milk and nothing but the milk? We've got you covered with an icy-cold bottle of whole milk.","4.36710977554321","","","Drinks","$4.25","Insomnia Cookies","Cookies, Dessert, Chocolate chip cookie, Snacks, Snacks & Sweets, Fast Food, Sweets","2528 Rice Boulevard, Houston, TX 77005, USA","Houston","2022-11-07 21:13:19.0000000"
"MENU_001212","REST_00099","Apple Rush ","","4.75703001022339","","","Fresh Squeezed & Pressed Juices","$7.50","Island Grill","An American Mediterranean Restaurant","2365 Rice Boulevard, Houston, TX 77005, USA","Houston","2022-11-07 21:14:47.0000000"
"MENU_001213","REST_00099","Berry Cool Berry","strawberries, pineapple, blueberries, raspberries, apple juice","4.75703001022339","","","Natural Smoothies","$7.00","Island Grill","An American Mediterranean Restaurant","2365 Rice Boulevard, Houston, TX 77005, USA","Houston","2022-11-07 21:14:47.0000000"
"MENU_001214","REST_00099","Chocolate Dynamite","chocolate nonfat yogurt, banana","4.75703001022339","","","Workout Fuel Smoothies","$7.50","Island Grill","An American Mediterranean Restaurant","2365 Rice Boulevard, Houston, TX 77005, USA","Houston","2022-11-07 21:14:47.0000000"
"MENU_001215","REST_00099","Coco Colada","Pineapple, bananas, coconut juice and apple juice","4.75703001022339","","","Natural Smoothies","$7.00","Island Grill","An American Mediterranean Restaurant","2365 Rice Boulevard, Houston, TX 77005, USA","Houston","2022-11-07 21:14:47.0000000"
"MENU_001216","REST_00099","Emerald Isle Cooler","Carrots, celery, beets, spinach and parsley","4.75703001022339","","","Fresh Squeezed & Pressed Juices","$8.00","Island Grill","An American Mediterranean Restaurant","2365 Rice Boulevard, Houston, TX 77005, USA","Houston","2022-11-07 21:14:47.0000000"
"MENU_001217","REST_00099","Flu Terminator","Strawberries, blueberries, bananas and fresh squeezed orange juice.","4.75703001022339","","","Natural Smoothies","$7.00","Island Grill","An American Mediterranean Restaurant","2365 Rice Boulevard, Houston, TX 77005, USA","Houston","2022-11-07 21:14:47.0000000"
"MENU_001218","REST_00099","Fresh Squeezed Grapefruit Juice","","4.75703001022339","","","Fresh Squeezed & Pressed Juices","$7.50","Island Grill","An American Mediterranean Restaurant","2365 Rice Boulevard, Houston, TX 77005, USA","Houston","2022-11-07 21:14:47.0000000"
"MENU_001219","REST_00099","Fresh Squeezed Orange Juice","","4.75703001022339","","","Fresh Squeezed & Pressed Juices","$6.00","Island Grill","An American Mediterranean Restaurant","2365 Rice Boulevard, Houston, TX 77005, USA","Houston","2022-11-07 21:14:47.0000000"
"MENU_001220","REST_00099","Garden Quencher","tomato, carrots, apple, beets, celery","4.75703001022339","","","Fresh Squeezed & Pressed Juices","$8.00","Island Grill","An American Mediterranean Restaurant","2365 Rice Boulevard, Houston, TX 77005, USA","Houston","2022-11-07 21:14:47.0000000"
"MENU_001221","REST_00099","Ironman Rush","strawberries, banana","4.75703001022339","","","Workout Fuel Smoothies","$8.00","Island Grill","An American Mediterranean Restaurant","2365 Rice Boulevard, Houston, TX 77005, USA","Houston","2022-11-07 21:14:47.0000000"
"MENU_001222","REST_00099","Island Nectar","Pineapples, apple juice and nonfat vanilla yogurt.","4.75703001022339","","","Yogurt + Fruit Smoothies","$7.00","Island Grill","An American Mediterranean Restaurant","2365 Rice Boulevard, Houston, TX 77005, USA","Houston","2022-11-07 21:14:47.0000000"
"MENU_001223","REST_00099","Island Oasis","strawberries, pineapple, papaya juice, coconut juice","4.75703001022339","","","Yogurt + Fruit Smoothies","$7.00","Island Grill","An American Mediterranean Restaurant","2365 Rice Boulevard, Houston, TX 77005, USA","Houston","2022-11-07 21:14:47.0000000"
"MENU_001224","REST_00099","Island Sunrise","pineapple, peaches, strawberries, apple juice, papaya juice","4.75703001022339","","","Natural Smoothies","$7.00","Island Grill","An American Mediterranean Restaurant","2365 Rice Boulevard, Houston, TX 77005, USA","Houston","2022-11-07 21:14:47.0000000"
"MENU_001225","REST_00099","Jamaican Jolt","banana, carrots, ginger, papaya juice","4.75703001022339","","","Fruit + Veggies Smoothies","$8.00","Island Grill","An American Mediterranean Restaurant","2365 Rice Boulevard, Houston, TX 77005, USA","Houston","2022-11-07 21:14:47.0000000"
"MENU_001226","REST_00099","Java Jolt","banana, coffee, whey protein, nonfat vanilla yogurt","4.75703001022339","","","Workout Fuel Smoothies","$8.00","Island Grill","An American Mediterranean Restaurant","2365 Rice Boulevard, Houston, TX 77005, USA","Houston","2022-11-07 21:14:47.0000000"
"MENU_001227","REST_00099","Lance Berkman"," banana, peanut butter","4.75703001022339","","","Workout Fuel Smoothies","$8.00","Island Grill","An American Mediterranean Restaurant","2365 Rice Boulevard, Houston, TX 77005, USA","Houston","2022-11-07 21:14:47.0000000"
"MENU_001228","REST_00099","Liquid Sunshine","apples, carrots, parsley, celery, strawberries, peaches","4.75703001022339","","","Fruit + Veggies Smoothies","$8.00","Island Grill","An American Mediterranean Restaurant","2365 Rice Boulevard, Houston, TX 77005, USA","Houston","2022-11-07 21:14:47.0000000"
"MENU_001229","REST_00099","Muscle Beach","strawberries, pineapple","4.75703001022339","","","Workout Fuel Smoothies","$8.00","Island Grill","An American Mediterranean Restaurant","2365 Rice Boulevard, Houston, TX 77005, USA","Houston","2022-11-07 21:14:47.0000000"
"MENU_001230","REST_00099","NRG","banana, blueberries","4.75703001022339","","","Workout Fuel Smoothies","$7.50","Island Grill","An American Mediterranean Restaurant","2365 Rice Boulevard, Houston, TX 77005, USA","Houston","2022-11-07 21:14:47.0000000"
"MENU_001231","REST_00099","Paradise Cooler","Pineapple, peaches, strawberries, coconut juice and apple juice","4.75703001022339","","","Natural Smoothies","$7.00","Island Grill","An American Mediterranean Restaurant","2365 Rice Boulevard, Houston, TX 77005, USA","Houston","2022-11-07 21:14:47.0000000"
"MENU_001232","REST_00099","Passion Dream","banana, strawberries, soy milk","4.75703001022339","","","Yogurt + Fruit Smoothies","$7.00","Island Grill","An American Mediterranean Restaurant","2365 Rice Boulevard, Houston, TX 77005, USA","Houston","2022-11-07 21:14:47.0000000"
"MENU_001233","REST_00099","Peanut Butter Buster","banana, raspberries, peanut butter","4.75703001022339","","","Workout Fuel Smoothies","$8.00","Island Grill","An American Mediterranean Restaurant","2365 Rice Boulevard, Houston, TX 77005, USA","Houston","2022-11-07 21:14:47.0000000"
"MENU_001234","REST_00099","President George H.W. Bush","Crafted by and for the man himself in 2000...strawberries, blueberries, banana","4.75703001022339","","","Workout Fuel Smoothies","$8.00","Island Grill","An American Mediterranean Restaurant","2365 Rice Boulevard, Houston, TX 77005, USA","Houston","2022-11-07 21:14:47.0000000"
"MENU_001235","REST_00099","Seaside Oasis","carrots, ginger, apple, peaches","4.75703001022339","","","Fruit + Veggies Smoothies","$8.00","Island Grill","An American Mediterranean Restaurant","2365 Rice Boulevard, Houston, TX 77005, USA","Houston","2022-11-07 21:14:47.0000000"
"MENU_001236","REST_00099","Smoog Sailing","carrots, apple, strawberries, ginger","4.75703001022339","","","Fruit + Veggies Smoothies","$8.00","Island Grill","An American Mediterranean Restaurant","2365 Rice Boulevard, Houston, TX 77005, USA","Houston","2022-11-07 21:14:47.0000000"
"MENU_001237","REST_00099","Strawberry Wave","Strawberries, banana and apple juice.","4.75703001022339","","","Natural Smoothies","$7.00","Island Grill","An American Mediterranean Restaurant","2365 Rice Boulevard, Houston, TX 77005, USA","Houston","2022-11-07 21:14:47.0000000"
"MENU_001238","REST_00099","Vita Rush","peaches, banana, strawberries","4.75703001022339","","","Yogurt + Fruit Smoothies","$7.00","Island Grill","An American Mediterranean Restaurant","2365 Rice Boulevard, Houston, TX 77005, USA","Houston","2022-11-07 21:14:47.0000000"
"MENU_001239","REST_00100","Baklava-Havuc Dilimi  ","Sweet and buttery pastry with pistachios. Imported fresh from Gaziantep, the Turkish baklava capital!!","4.79905080795288","","","Desserts / Tatilar","$7.00","Istanbul Grill","Turkish, Middle Eastern, Mediterranean, Bar and Grill","5613 Morningside Dr, Houston, TX 77005, USA","Houston","2022-10-27 23:08:26.0000000"
"MENU_001240","REST_00100","Baklava-Special","Sweet and buttery pastry with pistachios. Imported fresh from Gaziantep, the Turkish baklava capital!!","4.79905080795288","","","Desserts / Tatilar","$3.50","Istanbul Grill","Turkish, Middle Eastern, Mediterranean, Bar and Grill","5613 Morningside Dr, Houston, TX 77005, USA","Houston","2022-10-27 23:08:26.0000000"
"MENU_001241","REST_00101","Karaage Chicken","Fried chicken bites, spicy yuzu peel marmalade.","4.65513896942139","","","Small Plates","$9.00","Izakaya","Ramen Restaurant","318 Gray St, Houston, TX 77002, USA","Houston","2022-10-27 23:07:40.0000000"
"MENU_001242","REST_00102","Classic Buttery Jack® ","Melted garlic herb butter on 100% beef seasoned as it grills with melty Swiss cheese, lettuce, tomato, ketchup & mayo on signature brioche. Insanely good. ","4.22527122497559","","","Burgers","$7.49","Jack in the Box","Jack in the Box","3110 W Dallas St, Houston, TX 77019, USA","Houston","2022-11-07 21:11:27.0000000"
"MENU_001243","REST_00102","Large Classic Buttery Jack® Combo","Includes large French Fries and your choice of large drink.","4.22527122497559","","","Burger Combos","$12.12","Jack in the Box","Jack in the Box","3110 W Dallas St, Houston, TX 77019, USA","Houston","2022-11-07 21:11:27.0000000"
"MENU_001244","REST_00102","Monster Taco (2)","2 of our terrifyingly delicious Monster Tacos, topped off with melty American cheese, shredded lettuce & taco sauce. ","4.22527122497559","","","Featured Items","$3.75","Jack in the Box","Jack in the Box","3110 W Dallas St, Houston, TX 77019, USA","Houston","2022-11-07 21:11:27.0000000"
"MENU_001245","REST_00103","1/4 Ham & Salami Muffaletta (510 cal)","A New Orleans original! Grilled, crusty Muffaletta bread is spread to the edges with our family-recipe olive mix and provolone is melted over layers of nitrite-free ham and salami. Served with chips or baked chips (150/100 cal) and a pickle (5 cal). ","4.75340223312378","","","MUFFALETTAS         ","$9.58","Jason's Deli","Salads, Sandwiches, Sandwich, Breakfast, Lunch, Healthy, Vegan, Vegetarian, Pickup, Takeout, Deli","2611 S Shepherd Dr, 2611 South Shepherd Drive, Houston, TX 77098, USA","Houston","2022-11-07 21:12:36.0000000"
"MENU_001246","REST_00103","1/4 Ham & Salami Muffaletta Special (630-1060 cal)","Grilled, crusty Muffaletta bread is spread to the edges with our family-recipe olive mix with provolone melted over layers of nitrite-free ham and salami. Your choice: cup of soup, fresh fruit or Mac & Cheese. Served with chips or baked chips (150/100 cal) and a pickle (5 cal).","4.75340223312378","","","MUFFALETTAS         ","$11.69","Jason's Deli","Salads, Sandwiches, Sandwich, Breakfast, Lunch, Healthy, Vegan, Vegetarian, Pickup, Takeout, Deli","2611 S Shepherd Dr, 2611 South Shepherd Drive, Houston, TX 77098, USA","Houston","2022-11-07 21:12:36.0000000"
"MENU_001247","REST_00103","1/4 Roasted Turkey Breast Muffaletta (490 cal)","A New Orleans original! Grilled, A quarter sandwich with crusty Muffaletta bread spread to the edges with our family-recipe olive mix and provolone is melted over layers of roasted turkey breast. Served with chips or baked chips (150/100 cal) and a pickle (5 cal). ","4.75340223312378","","","MUFFALETTAS         ","$9.58","Jason's Deli","Salads, Sandwiches, Sandwich, Breakfast, Lunch, Healthy, Vegan, Vegetarian, Pickup, Takeout, Deli","2611 S Shepherd Dr, 2611 South Shepherd Drive, Houston, TX 77098, USA","Houston","2022-11-07 21:12:36.0000000"
"MENU_001248","REST_00103","1/4 Roasted Turkey Breast Muffaletta Special (630-1060 cal)","Grilled, crusty Muffaletta bread is spread to the edges with our family-recipe olive mix with provolone melted over layers of roasted turkey breast. Your choice: cup of soup, fresh fruit or Mac & Cheese. Served with chips or baked chips (150/100 cal) and a pickle (5 cal).","4.75340223312378","","","MUFFALETTAS         ","$11.69","Jason's Deli","Salads, Sandwiches, Sandwich, Breakfast, Lunch, Healthy, Vegan, Vegetarian, Pickup, Takeout, Deli","2611 S Shepherd Dr, 2611 South Shepherd Drive, Houston, TX 77098, USA","Houston","2022-11-07 21:12:36.0000000"
"MENU_001249","REST_00103","32 oz Black Currant Tea ","Fresh-Brewed Black Currant Tea","4.75340223312378","","","DRINKS              ","$3.62","Jason's Deli","Salads, Sandwiches, Sandwich, Breakfast, Lunch, Healthy, Vegan, Vegetarian, Pickup, Takeout, Deli","2611 S Shepherd Dr, 2611 South Shepherd Drive, Houston, TX 77098, USA","Houston","2022-11-07 21:12:36.0000000"
"MENU_001250","REST_00103","32 oz Fountain Drink","","4.75340223312378","","","DRINKS              ","$3.62","Jason's Deli","Salads, Sandwiches, Sandwich, Breakfast, Lunch, Healthy, Vegan, Vegetarian, Pickup, Takeout, Deli","2611 S Shepherd Dr, 2611 South Shepherd Drive, Houston, TX 77098, USA","Houston","2022-11-07 21:12:36.0000000"
"MENU_001251","REST_00103","32 oz Sweet Iced Tea (280 cal)","Fresh-Brewed Sweet Tea with cane sugar.","4.75340223312378","","","DRINKS              ","$3.62","Jason's Deli","Salads, Sandwiches, Sandwich, Breakfast, Lunch, Healthy, Vegan, Vegetarian, Pickup, Takeout, Deli","2611 S Shepherd Dr, 2611 South Shepherd Drive, Houston, TX 77098, USA","Houston","2022-11-07 21:12:36.0000000"
"MENU_001252","REST_00103","32 oz Unsweet Iced Tea","Fresh-Brewed Iced Tea","4.75340223312378","","","DRINKS              ","$3.62","Jason's Deli","Salads, Sandwiches, Sandwich, Breakfast, Lunch, Healthy, Vegan, Vegetarian, Pickup, Takeout, Deli","2611 S Shepherd Dr, 2611 South Shepherd Drive, Houston, TX 77098, USA","Houston","2022-11-07 21:12:36.0000000"
"MENU_001253","REST_00103","32 oz Wild Berry Hibiscus Tea (100 Cal)","Fresh-Brewed Wild Berry Hibiscus Tea lightly sweetened with pure cane sugar - caffeine-free.","4.75340223312378","","","DRINKS              ","$3.62","Jason's Deli","Salads, Sandwiches, Sandwich, Breakfast, Lunch, Healthy, Vegan, Vegetarian, Pickup, Takeout, Deli","2611 S Shepherd Dr, 2611 South Shepherd Drive, Houston, TX 77098, USA","Houston","2022-11-07 21:12:36.0000000"
"MENU_001254","REST_00103","American Potato Salad ","A deli classic featuring baked potatoes, red and green onions, hard-boiled eggs, bell pepper and our own seasoning.","4.75340223312378","","","FRUIT & SIDES       ","$3.03","Jason's Deli","Salads, Sandwiches, Sandwich, Breakfast, Lunch, Healthy, Vegan, Vegetarian, Pickup, Takeout, Deli","2611 S Shepherd Dr, 2611 South Shepherd Drive, Houston, TX 77098, USA","Houston","2022-11-07 21:12:36.0000000"
"MENU_001255","REST_00103","Amy's Turkey-O (Manager's Special)","A half sandwich served with your choice of a cup of soup, fresh fruit or Mac & Cheese. Roasted turkey breast, sliced avocado, jalapeño pepper jack, red onions, Roma tomatoes, leafy lettuce, stone-ground mustard, on a toasted everything bun.","4.75340223312378","","","SPECIALTY SANDWICHES","$12.51","Jason's Deli","Salads, Sandwiches, Sandwich, Breakfast, Lunch, Healthy, Vegan, Vegetarian, Pickup, Takeout, Deli","2611 S Shepherd Dr, 2611 South Shepherd Drive, Houston, TX 77098, USA","Houston","2022-11-07 21:12:36.0000000"
"MENU_001256","REST_00103","Amy's Turkey-O Regular","Roasted turkey breast, sliced avocado, jalapeño pepper jack, red onions, Roma tomatoes, leafy lettuce, stone-ground mustard, on a toasted everything bun. Served with chips or baked chips (150/100 cal) and a pickle (5 cal). ","4.75340223312378","","","SPECIALTY SANDWICHES","$9.47","Jason's Deli","Salads, Sandwiches, Sandwich, Breakfast, Lunch, Healthy, Vegan, Vegetarian, Pickup, Takeout, Deli","2611 S Shepherd Dr, 2611 South Shepherd Drive, Houston, TX 77098, USA","Houston","2022-11-07 21:12:36.0000000"
"MENU_001257","REST_00103","Avocado Toast            ","Fresh avocados, feta, on toasted sourdough. Served with your choice of a cup of soup, fresh fruit, or Mac & Cheese. ","4.75340223312378","","","BREAKFAST           ","$8.18","Jason's Deli","Salads, Sandwiches, Sandwich, Breakfast, Lunch, Healthy, Vegan, Vegetarian, Pickup, Takeout, Deli","2611 S Shepherd Dr, 2611 South Shepherd Drive, Houston, TX 77098, USA","Houston","2022-11-07 21:12:36.0000000"
"MENU_001258","REST_00103","Avocado Toast            ","Fresh avocados, feta, on toasted sourdough. Served with your choice of a cup of soup, fresh fruit, or Mac & Cheese. ","4.75340223312378","","","SPECIALTY SANDWICHES","$8.18","Jason's Deli","Salads, Sandwiches, Sandwich, Breakfast, Lunch, Healthy, Vegan, Vegetarian, Pickup, Takeout, Deli","2611 S Shepherd Dr, 2611 South Shepherd Drive, Houston, TX 77098, USA","Houston","2022-11-07 21:12:36.0000000"
"MENU_001259","REST_00103","Beefeater (Manager's Special)","A half sandwich served with your choice of a cup of soup, fresh fruit or Mac & Cheese. Hot roast beef, provolone, mayo, toasted on New Orleans French bread. Served with a cup of au jus.","4.75340223312378","","","FAMOUS FAVORITES    ","$14.03","Jason's Deli","Salads, Sandwiches, Sandwich, Breakfast, Lunch, Healthy, Vegan, Vegetarian, Pickup, Takeout, Deli","2611 S Shepherd Dr, 2611 South Shepherd Drive, Houston, TX 77098, USA","Houston","2022-11-07 21:12:36.0000000"
"MENU_001260","REST_00103","Beefeater Regular","1/2 pound of hot roast beef, provolone, mayo, toasted on New Orleans French bread. Served with a cup of au jus. Served with chips or baked chips (150/100 cal) and a pickle (5 cal). ","4.75340223312378","","","FAMOUS FAVORITES    ","$13.79","Jason's Deli","Salads, Sandwiches, Sandwich, Breakfast, Lunch, Healthy, Vegan, Vegetarian, Pickup, Takeout, Deli","2611 S Shepherd Dr, 2611 South Shepherd Drive, Houston, TX 77098, USA","Houston","2022-11-07 21:12:36.0000000"
"MENU_001261","REST_00103","Beefeater Sliders Tray (4990 cal)","Hot roast beef with provolone and mayo on tasty potato slider buns. Served with au jus on the side. Twenty-four tasty sliders. (Serves 12)","4.75340223312378","","","PARTY FOOD","$71.48","Jason's Deli","Salads, Sandwiches, Sandwich, Breakfast, Lunch, Healthy, Vegan, Vegetarian, Pickup, Takeout, Deli","2611 S Shepherd Dr, 2611 South Shepherd Drive, Houston, TX 77098, USA","Houston","2022-11-07 21:12:36.0000000"
"MENU_001262","REST_00103","Bigger Better BLT (Manager's Special)","A half sandwich served with your choice of a cup of soup, fresh fruit or Mac & Cheese. Bacon, leafy lettuce, Roma tomatoes, fresh-cracked egg,* mayo, avocado slices, toasted multigrain wheat.","4.75340223312378","","","SPECIALTY SANDWICHES","$11.69","Jason's Deli","Salads, Sandwiches, Sandwich, Breakfast, Lunch, Healthy, Vegan, Vegetarian, Pickup, Takeout, Deli","2611 S Shepherd Dr, 2611 South Shepherd Drive, Houston, TX 77098, USA","Houston","2022-11-07 21:12:36.0000000"
"MENU_001263","REST_00103","Bigger Better BLT Regular","Bacon, leafy lettuce, Roma tomatoes, fresh-cracked egg,* mayo, avocado slices, toasted multigrain wheat. Served with chips or baked chips (150/100 cal) and a pickle (5 cal). 		","4.75340223312378","","","SPECIALTY SANDWICHES","$10.05","Jason's Deli","Salads, Sandwiches, Sandwich, Breakfast, Lunch, Healthy, Vegan, Vegetarian, Pickup, Takeout, Deli","2611 S Shepherd Dr, 2611 South Shepherd Drive, Houston, TX 77098, USA","Houston","2022-11-07 21:12:36.0000000"
"MENU_001264","REST_00103","Blue Corn Chips & Guacamole ","Our guacamole is fresh-made from scratch at every deli.","4.75340223312378","","","FRUIT & SIDES       ","$3.73","Jason's Deli","Salads, Sandwiches, Sandwich, Breakfast, Lunch, Healthy, Vegan, Vegetarian, Pickup, Takeout, Deli","2611 S Shepherd Dr, 2611 South Shepherd Drive, Houston, TX 77098, USA","Houston","2022-11-07 21:12:36.0000000"
"MENU_001265","REST_00103","Blue Corn Chips & Red Pepper Hummus ","Order our hummus with chips and add zest to your meal! It’s made from mashed chickpeas, with the crave-appeal of roasted red bell peppers and sesame tahini.","4.75340223312378","","","FRUIT & SIDES       ","$3.73","Jason's Deli","Salads, Sandwiches, Sandwich, Breakfast, Lunch, Healthy, Vegan, Vegetarian, Pickup, Takeout, Deli","2611 S Shepherd Dr, 2611 South Shepherd Drive, Houston, TX 77098, USA","Houston","2022-11-07 21:12:36.0000000"
"MENU_001266","REST_00103","Blue Corn Chips & Salsa ","Our salsa features fresh-made pico de gallo, hand-chopped cilantro and fresh-squeezed lime juice.","4.75340223312378","","","FRUIT & SIDES       ","$3.73","Jason's Deli","Salads, Sandwiches, Sandwich, Breakfast, Lunch, Healthy, Vegan, Vegetarian, Pickup, Takeout, Deli","2611 S Shepherd Dr, 2611 South Shepherd Drive, Houston, TX 77098, USA","Houston","2022-11-07 21:12:36.0000000"
"MENU_001267","REST_00103","Bowl Broccoli Cheese Soup ","What makes our Broccoli Cheese Soup so popular? The richness of melted cheese, sweet cream, whole fresh green broccoli florets and onions lightly sautéed in butter. Many make it their soup choice for a Manager’s Special.","4.75340223312378","","","SOUPS               ","$7.71","Jason's Deli","Salads, Sandwiches, Sandwich, Breakfast, Lunch, Healthy, Vegan, Vegetarian, Pickup, Takeout, Deli","2611 S Shepherd Dr, 2611 South Shepherd Drive, Houston, TX 77098, USA","Houston","2022-11-07 21:12:36.0000000"
"MENU_001268","REST_00103","Bowl Chicken Noodle Soup ","Taste our ever-popular combination of tender chicken, egg style pasta noodles and fresh veggies like celery and carrots…with just the right amount of fresh herbs and spices to warm you.","4.75340223312378","","","SOUPS               ","$7.71","Jason's Deli","Salads, Sandwiches, Sandwich, Breakfast, Lunch, Healthy, Vegan, Vegetarian, Pickup, Takeout, Deli","2611 S Shepherd Dr, 2611 South Shepherd Drive, Houston, TX 77098, USA","Houston","2022-11-07 21:12:36.0000000"
"MENU_001269","REST_00103","Bowl Chicken Pot Pie ","Tender chicken, red potatoes, carrots, celery, green peas and spices are mixed with a creamy sauce and topped with a golden, flaky puff pastry. In a bowl, it’s a meal. Our Chicken Pot Pie is simply scrumptious comfort food.","4.75340223312378","","","SOUPS               ","$7.71","Jason's Deli","Salads, Sandwiches, Sandwich, Breakfast, Lunch, Healthy, Vegan, Vegetarian, Pickup, Takeout, Deli","2611 S Shepherd Dr, 2611 South Shepherd Drive, Houston, TX 77098, USA","Houston","2022-11-07 21:12:36.0000000"
"MENU_001270","REST_00103","Bowl Chili ","With chunks of lean ground beef, lots of fresh herbs and spices in a thick and robust tomato-based sauce, \hot & hearty\"" best describes it. Our Texas chili is pure satisfaction- by itself or matched with a sandwich. 		""","4.75340223312378","","","SOUPS               ","$7.71","Jason's Deli","Salads, Sandwiches, Sandwich, Breakfast, Lunch, Healthy, Vegan, Vegetarian, Pickup, Takeout, Deli","2611 S Shepherd Dr, 2611 South Shepherd Drive, Houston, TX 77098, USA","Houston","2022-11-07 21:12:36.0000000"
"MENU_001271","REST_00103","Bowl Fire Roasted Tortilla Soup ","Combining chunks of tender chicken with a homemade tortilla masa, real stewed tomatoes, sweet whole kernel corn, jalapeños, green chilies and our secret spice blend gives this soup a true southwestern flair. Topped with tortilla chips, it’s a Jason’s fan favorite. A gluten-sensitive choice!","4.75340223312378","","","SOUPS               ","$7.71","Jason's Deli","Salads, Sandwiches, Sandwich, Breakfast, Lunch, Healthy, Vegan, Vegetarian, Pickup, Takeout, Deli","2611 S Shepherd Dr, 2611 South Shepherd Drive, Houston, TX 77098, USA","Houston","2022-11-07 21:12:36.0000000"
"MENU_001272","REST_00103","Bowl Garden Vegetable Soup ","","4.75340223312378","","","SOUPS               ","$7.71","Jason's Deli","Salads, Sandwiches, Sandwich, Breakfast, Lunch, Healthy, Vegan, Vegetarian, Pickup, Takeout, Deli","2611 S Shepherd Dr, 2611 South Shepherd Drive, Houston, TX 77098, USA","Houston","2022-11-07 21:12:36.0000000"
"MENU_001273","REST_00103","Bowl Irish Potato Soup ","Once a soup du jour, our creamy Irish Potato Soup has returned to our menu. Raise your spoon to potatoes, milk, sweet cream, sour cream, onions and carrots with a cheddar base in a savory chicken stock. 		","4.75340223312378","","","SOUPS               ","$7.71","Jason's Deli","Salads, Sandwiches, Sandwich, Breakfast, Lunch, Healthy, Vegan, Vegetarian, Pickup, Takeout, Deli","2611 S Shepherd Dr, 2611 South Shepherd Drive, Houston, TX 77098, USA","Houston","2022-11-07 21:12:36.0000000"
"MENU_001274","REST_00103","Bowl Rotisserie Chicken & Wild Rice Soup","A creamy chicken soup with wild rice, rotisserie pulled chicken and vegetables","4.75340223312378","","","SOUPS               ","$7.71","Jason's Deli","Salads, Sandwiches, Sandwich, Breakfast, Lunch, Healthy, Vegan, Vegetarian, Pickup, Takeout, Deli","2611 S Shepherd Dr, 2611 South Shepherd Drive, Houston, TX 77098, USA","Houston","2022-11-07 21:12:36.0000000"
"MENU_001275","REST_00103","Bowl Spicy Seafood Gumbo ","Spice up your meal! Starting with a traditional roux, fresh fish, wild Gulf shrimp, real okra, onions and bell peppers throughout, our gumbo is sure to remind you of The Big Easy. It’s topped with fluffy white rice and parsley.","4.75340223312378","","","SOUPS               ","$7.71","Jason's Deli","Salads, Sandwiches, Sandwich, Breakfast, Lunch, Healthy, Vegan, Vegetarian, Pickup, Takeout, Deli","2611 S Shepherd Dr, 2611 South Shepherd Drive, Houston, TX 77098, USA","Houston","2022-11-07 21:12:36.0000000"
"MENU_001276","REST_00103","Bowl Tomato Basil ","A delectable blend of sweet cream, vine ripened tomatoes, virgin olive oil, garlic and fresh-chopped basil makes this vegetarian soup rich…and very famous. Topped with real shredded asiago, you’ll taste honest-to-goodness flavor in every spoonful. A gluten-sensitive choice!","4.75340223312378","","","SOUPS               ","$7.71","Jason's Deli","Salads, Sandwiches, Sandwich, Breakfast, Lunch, Healthy, Vegan, Vegetarian, Pickup, Takeout, Deli","2611 S Shepherd Dr, 2611 South Shepherd Drive, Houston, TX 77098, USA","Houston","2022-11-07 21:12:36.0000000"
"MENU_001277","REST_00103","Breakfast Club (580 cal)          ","Fresh-cracked egg, nitrite-free ham, crispy bacon, melted cheddar and Swiss, tomato, on toasted multigrain wheat.","4.75340223312378","","","BREAKFAST           ","$7.59","Jason's Deli","Salads, Sandwiches, Sandwich, Breakfast, Lunch, Healthy, Vegan, Vegetarian, Pickup, Takeout, Deli","2611 S Shepherd Dr, 2611 South Shepherd Drive, Houston, TX 77098, USA","Houston","2022-11-07 21:12:36.0000000"
"MENU_001278","REST_00103","Breakfast Sammy (240-400 cal) ","Flatbread sandwich featuring fresh-cracked egg, melted Muenster and your choice of breakfast sausage, crispy bacon, nitrite-free ham or meatless.","4.75340223312378","","","BREAKFAST           ","$4.55","Jason's Deli","Salads, Sandwiches, Sandwich, Breakfast, Lunch, Healthy, Vegan, Vegetarian, Pickup, Takeout, Deli","2611 S Shepherd Dr, 2611 South Shepherd Drive, Houston, TX 77098, USA","Houston","2022-11-07 21:12:36.0000000"
"MENU_001279","REST_00103","Breakfast Veggie Wrap","Organic wheat wrap filled with fresh-cracked eggs, mushrooms, organic spinach, our fresco mix of roasted tomatoes, organic spinach, artichoke hearts and Asiago.","4.75340223312378","","","BREAKFAST           ","$7.24","Jason's Deli","Salads, Sandwiches, Sandwich, Breakfast, Lunch, Healthy, Vegan, Vegetarian, Pickup, Takeout, Deli","2611 S Shepherd Dr, 2611 South Shepherd Drive, Houston, TX 77098, USA","Houston","2022-11-07 21:12:36.0000000"
"MENU_001280","REST_00103","Broccoli Salad    ","","4.75340223312378","","","FRUIT & SIDES       ","$3.03","Jason's Deli","Salads, Sandwiches, Sandwich, Breakfast, Lunch, Healthy, Vegan, Vegetarian, Pickup, Takeout, Deli","2611 S Shepherd Dr, 2611 South Shepherd Drive, Houston, TX 77098, USA","Houston","2022-11-07 21:12:36.0000000"
"MENU_001281","REST_00103","California Club (Manager's Special)","A half sandwich served with your choice of a cup of soup, fresh fruit or Mac & Cheese. Roasted turkey breast, bacon, Swiss, guacamole, tomato, organic field greens, mayo, on toasted croissant.","4.75340223312378","","","SPECIALTY SANDWICHES","$12.51","Jason's Deli","Salads, Sandwiches, Sandwich, Breakfast, Lunch, Healthy, Vegan, Vegetarian, Pickup, Takeout, Deli","2611 S Shepherd Dr, 2611 South Shepherd Drive, Houston, TX 77098, USA","Houston","2022-11-07 21:12:36.0000000"
"MENU_001282","REST_00103","California Club Regular","Roasted turkey breast, bacon, Swiss, guacamole, tomato, organic field greens, mayo, on a toasted croissant. Choice of one side: fresh fruit, steamed veggies, baked chips or blue corn chips with salsa.	","4.75340223312378","","","SPECIALTY SANDWICHES","$12.51","Jason's Deli","Salads, Sandwiches, Sandwich, Breakfast, Lunch, Healthy, Vegan, Vegetarian, Pickup, Takeout, Deli","2611 S Shepherd Dr, 2611 South Shepherd Drive, Houston, TX 77098, USA","Houston","2022-11-07 21:12:36.0000000"
"MENU_001283","REST_00103","CB Ranch Potato Original         ","Grilled, 100% antibiotic-free chicken breast, cheddar, sour cream, butter, bacon, green onions, ranch.","4.75340223312378","","","PASTAS & POTATOES   ","$12.04","Jason's Deli","Salads, Sandwiches, Sandwich, Breakfast, Lunch, Healthy, Vegan, Vegetarian, Pickup, Takeout, Deli","2611 S Shepherd Dr, 2611 South Shepherd Drive, Houston, TX 77098, USA","Houston","2022-11-07 21:12:36.0000000"
"MENU_001284","REST_00103","Chewy Marshmallow Treat (GS) ","Marshmallow cream, gluten-free crispy rice puffs and mini marshmallows mixed with a touch of browned butter and a hint of sea salt. Certified Gluten Free & Individually Wrapped.","4.75340223312378","","","DESSERTS            ","$4.90","Jason's Deli","Salads, Sandwiches, Sandwich, Breakfast, Lunch, Healthy, Vegan, Vegetarian, Pickup, Takeout, Deli","2611 S Shepherd Dr, 2611 South Shepherd Drive, Houston, TX 77098, USA","Houston","2022-11-07 21:12:36.0000000"
"MENU_001285","REST_00103","Chicken Alfredo Original","Grilled, 100% antibiotic-free chicken breast, penne pasta, Alfredo sauce, Asiago. Served with herb focaccia. 		","4.75340223312378","","","PASTAS & POTATOES   ","$12.74","Jason's Deli","Salads, Sandwiches, Sandwich, Breakfast, Lunch, Healthy, Vegan, Vegetarian, Pickup, Takeout, Deli","2611 S Shepherd Dr, 2611 South Shepherd Drive, Houston, TX 77098, USA","Houston","2022-11-07 21:12:36.0000000"
"MENU_001286","REST_00103","Chicken Caesar - Original","Grilled, 100% antibiotic-free chicken breast, romaine, Asiago, croutons, served with Caesar dressing and toasted herb focaccia bread.","4.75340223312378","","","SALADS","$12.04","Jason's Deli","Salads, Sandwiches, Sandwich, Breakfast, Lunch, Healthy, Vegan, Vegetarian, Pickup, Takeout, Deli","2611 S Shepherd Dr, 2611 South Shepherd Drive, Houston, TX 77098, USA","Houston","2022-11-07 21:12:36.0000000"
"MENU_001287","REST_00103","Chicken Caesar - Original, No Chicken","Romaine, Asiago, croutons, served with Caesar dressing and toasted herb focaccia bread.	","4.75340223312378","","","SALADS","$10.87","Jason's Deli","Salads, Sandwiches, Sandwich, Breakfast, Lunch, Healthy, Vegan, Vegetarian, Pickup, Takeout, Deli","2611 S Shepherd Dr, 2611 South Shepherd Drive, Houston, TX 77098, USA","Houston","2022-11-07 21:12:36.0000000"
"MENU_001288","REST_00103","Chicken Club Salad - Original","Grilled, 100% antibiotic-free chicken breast, grape tomatoes, sliced avocado, cheddar, Asiago, bacon on mixed salad greens, served with ranch dressing.","4.75340223312378","","","SALADS","$13.09","Jason's Deli","Salads, Sandwiches, Sandwich, Breakfast, Lunch, Healthy, Vegan, Vegetarian, Pickup, Takeout, Deli","2611 S Shepherd Dr, 2611 South Shepherd Drive, Houston, TX 77098, USA","Houston","2022-11-07 21:12:36.0000000"
"MENU_001289","REST_00103","Chicken Club Salad - Original, No Chicken","Grape tomatoes, sliced avocado, cheddar, Asiago, bacon on mixed salad greens, served with ranch dressing.","4.75340223312378","","","SALADS","$11.92","Jason's Deli","Salads, Sandwiches, Sandwich, Breakfast, Lunch, Healthy, Vegan, Vegetarian, Pickup, Takeout, Deli","2611 S Shepherd Dr, 2611 South Shepherd Drive, Houston, TX 77098, USA","Houston","2022-11-07 21:12:36.0000000"
"MENU_001290","REST_00103","Chicken Panini (Manager's Special)","A half sandwich served with your choice of a cup of soup, fresh fruit or Mac & Cheese. Grilled, 100% antibiotic-free chicken breast, provolone, pesto aioli, Roma tomatoes, organic spinach, on sourdough bread.","4.75340223312378","","","SPECIALTY SANDWICHES","$11.69","Jason's Deli","Salads, Sandwiches, Sandwich, Breakfast, Lunch, Healthy, Vegan, Vegetarian, Pickup, Takeout, Deli","2611 S Shepherd Dr, 2611 South Shepherd Drive, Houston, TX 77098, USA","Houston","2022-11-07 21:12:36.0000000"
"MENU_001291","REST_00103","Chicken Panini Regular ","Grilled, 100% antibiotic-free chicken breast, provolone, pesto aioli, Roma tomatoes, organic spinach, on sourdough bread. Served with chips or baked chips (100/150 cal) and a pickle (5 cal).","4.75340223312378","","","SPECIALTY SANDWICHES","$12.04","Jason's Deli","Salads, Sandwiches, Sandwich, Breakfast, Lunch, Healthy, Vegan, Vegetarian, Pickup, Takeout, Deli","2611 S Shepherd Dr, 2611 South Shepherd Drive, Houston, TX 77098, USA","Houston","2022-11-07 21:12:36.0000000"
"MENU_001292","REST_00103","Chicken Pasta Primo Original","Grilled, 100% antibiotic-free chicken breast, penne pasta, tomato-basil sauce, Asiago. Served with herb focaccia. 		","4.75340223312378","","","PASTAS & POTATOES   ","$12.74","Jason's Deli","Salads, Sandwiches, Sandwich, Breakfast, Lunch, Healthy, Vegan, Vegetarian, Pickup, Takeout, Deli","2611 S Shepherd Dr, 2611 South Shepherd Drive, Houston, TX 77098, USA","Houston","2022-11-07 21:12:36.0000000"
"MENU_001293","REST_00103","Chicken Salad Sandwich (Manager's Special)","A half sandwich served with your choice of a cup of soup, fresh fruit or Mac & Cheese. Name your bread, select your spreads and dress it up.","4.75340223312378","","","BUILD YOUR OWN SANDWICHES","$11.69","Jason's Deli","Salads, Sandwiches, Sandwich, Breakfast, Lunch, Healthy, Vegan, Vegetarian, Pickup, Takeout, Deli","2611 S Shepherd Dr, 2611 South Shepherd Drive, Houston, TX 77098, USA","Houston","2022-11-07 21:12:36.0000000"
"MENU_001294","REST_00103","Chicken Salad Sandwich Regular","With Almonds & Pineapple! Name your bread, select your spreads and dress it up. Also served with chips or baked chips (150/100 cal) and a pickle (5 cal).","4.75340223312378","","","BUILD YOUR OWN SANDWICHES","$10.05","Jason's Deli","Salads, Sandwiches, Sandwich, Breakfast, Lunch, Healthy, Vegan, Vegetarian, Pickup, Takeout, Deli","2611 S Shepherd Dr, 2611 South Shepherd Drive, Houston, TX 77098, USA","Houston","2022-11-07 21:12:36.0000000"
"MENU_001295","REST_00103","Chipotle Chicken & Avocado Panini Regular","Grilled, 100% antibiotic-free chicken breast, sliced avocado, lemon crema, chipotle aioli, jalapeno pepper jack, pickled red onions on a traditional Mexican-style roll. Served with blue corn chips and salsa.","4.75340223312378","","","SPECIALTY SANDWICHES","$12.04","Jason's Deli","Salads, Sandwiches, Sandwich, Breakfast, Lunch, Healthy, Vegan, Vegetarian, Pickup, Takeout, Deli","2611 S Shepherd Dr, 2611 South Shepherd Drive, Houston, TX 77098, USA","Houston","2022-11-07 21:12:36.0000000"
"MENU_001296","REST_00103","Chipotle Chicken & Avocado Panini(Manager Special)","A half sandwich served with your choice of a cup of soup, fresh fruit or Mac & Cheese. Grilled, 100% antibiotic-free chicken breast, sliced avocado, lemon crema, chipotle aioli, jalapeno pepper jack, pickled red onions on a traditional Mexican-style roll. Served with blue corn chips and salsa.","4.75340223312378","","","SPECIALTY SANDWICHES","$11.69","Jason's Deli","Salads, Sandwiches, Sandwich, Breakfast, Lunch, Healthy, Vegan, Vegetarian, Pickup, Takeout, Deli","2611 S Shepherd Dr, 2611 South Shepherd Drive, Houston, TX 77098, USA","Houston","2022-11-07 21:12:36.0000000"
"MENU_001297","REST_00103","Classic Cheesecake ","An all-time favorite deli dessert with real graham cracker crust.","4.75340223312378","","","DESSERTS            ","$4.90","Jason's Deli","Salads, Sandwiches, Sandwich, Breakfast, Lunch, Healthy, Vegan, Vegetarian, Pickup, Takeout, Deli","2611 S Shepherd Dr, 2611 South Shepherd Drive, Houston, TX 77098, USA","Houston","2022-11-07 21:12:36.0000000"
"MENU_001298","REST_00103","Club Royale (Manager's Special)","A half sandwich served with your choice of a cup of soup, fresh fruit or Mac & Cheese. Nitrite-free smoked turkey breast and ham, bacon, Swiss, cheddar, leafy lettuce, tomato, honey mustard, on a toasted croissant.","4.75340223312378","","","SPECIALTY SANDWICHES","$12.51","Jason's Deli","Salads, Sandwiches, Sandwich, Breakfast, Lunch, Healthy, Vegan, Vegetarian, Pickup, Takeout, Deli","2611 S Shepherd Dr, 2611 South Shepherd Drive, Houston, TX 77098, USA","Houston","2022-11-07 21:12:36.0000000"
"MENU_001299","REST_00103","Club Royale Regular","Nitrite-free smoked turkey breast and ham, bacon, Swiss, cheddar, leafy lettuce, tomato, honey mustard, on a toasted croissant. Served with chips or baked chips (150/100 cal) and a pickle (5 cal).","4.75340223312378","","","SPECIALTY SANDWICHES","$12.51","Jason's Deli","Salads, Sandwiches, Sandwich, Breakfast, Lunch, Healthy, Vegan, Vegetarian, Pickup, Takeout, Deli","2611 S Shepherd Dr, 2611 South Shepherd Drive, Houston, TX 77098, USA","Houston","2022-11-07 21:12:36.0000000"
"MENU_001300","REST_00103","Cup Broccoli Cheese Soup","What makes our Broccoli Cheese Soup so popular? The richness of melted cheese, sweet cream, whole fresh green broccoli florets and onions lightly sautéed in butter. Many make it their soup choice for a Manager’s Special.","4.75340223312378","","","SOUPS               ","$5.84","Jason's Deli","Salads, Sandwiches, Sandwich, Breakfast, Lunch, Healthy, Vegan, Vegetarian, Pickup, Takeout, Deli","2611 S Shepherd Dr, 2611 South Shepherd Drive, Houston, TX 77098, USA","Houston","2022-11-07 21:12:36.0000000"
"MENU_001301","REST_00103","Cup Chicken Noodle Soup ","Taste our ever-popular combination of tender chicken, egg style pasta noodles and fresh veggies like celery and carrots…with just the right amount of fresh herbs and spices to warm you.","4.75340223312378","","","SOUPS               ","$5.84","Jason's Deli","Salads, Sandwiches, Sandwich, Breakfast, Lunch, Healthy, Vegan, Vegetarian, Pickup, Takeout, Deli","2611 S Shepherd Dr, 2611 South Shepherd Drive, Houston, TX 77098, USA","Houston","2022-11-07 21:12:36.0000000"
"MENU_001302","REST_00103","Cup Chicken Pot Pie ","Tender chicken, red potatoes, carrots, celery, green peas and spices are mixed with a creamy sauce and topped with a golden, flaky puff pastry. In a bowl, it’s a meal. Our Chicken Pot Pie is simply scrumptious comfort food.","4.75340223312378","","","SOUPS               ","$5.84","Jason's Deli","Salads, Sandwiches, Sandwich, Breakfast, Lunch, Healthy, Vegan, Vegetarian, Pickup, Takeout, Deli","2611 S Shepherd Dr, 2611 South Shepherd Drive, Houston, TX 77098, USA","Houston","2022-11-07 21:12:36.0000000"
"MENU_001303","REST_00103","Cup Chili ","With chunks of lean ground beef, lots of fresh herbs and spices in a thick and robust tomato-based sauce, \hot & hearty\"" best describes it. Our Texas chili is pure satisfaction- by itself or matched with a sandwich. 		""","4.75340223312378","","","SOUPS               ","$5.84","Jason's Deli","Salads, Sandwiches, Sandwich, Breakfast, Lunch, Healthy, Vegan, Vegetarian, Pickup, Takeout, Deli","2611 S Shepherd Dr, 2611 South Shepherd Drive, Houston, TX 77098, USA","Houston","2022-11-07 21:12:36.0000000"
"MENU_001304","REST_00103","Cup Fire Roasted Tortilla Soup","Combining chunks of tender chicken with a homemade tortilla masa, real stewed tomatoes, sweet whole kernel corn, jalapeños, green chilies and our secret spice blend gives this soup a true southwestern flair. Topped with tortilla chips, it’s a Jason’s fan favorite. A gluten-sensitive choice!","4.75340223312378","","","SOUPS               ","$5.84","Jason's Deli","Salads, Sandwiches, Sandwich, Breakfast, Lunch, Healthy, Vegan, Vegetarian, Pickup, Takeout, Deli","2611 S Shepherd Dr, 2611 South Shepherd Drive, Houston, TX 77098, USA","Houston","2022-11-07 21:12:36.0000000"
"MENU_001305","REST_00103","Cup Garden Vegetable  ","","4.75340223312378","","","SOUPS               ","$5.84","Jason's Deli","Salads, Sandwiches, Sandwich, Breakfast, Lunch, Healthy, Vegan, Vegetarian, Pickup, Takeout, Deli","2611 S Shepherd Dr, 2611 South Shepherd Drive, Houston, TX 77098, USA","Houston","2022-11-07 21:12:36.0000000"
"MENU_001306","REST_00103","Cup Irish Potato Soup","Once a soup du jour, our creamy Irish Potato Soup has returned to our menu. Raise your spoon to potatoes, milk, sweet cream, sour cream, onions and carrots with a cheddar base in a savory chicken stock. 		 ","4.75340223312378","","","SOUPS               ","$5.84","Jason's Deli","Salads, Sandwiches, Sandwich, Breakfast, Lunch, Healthy, Vegan, Vegetarian, Pickup, Takeout, Deli","2611 S Shepherd Dr, 2611 South Shepherd Drive, Houston, TX 77098, USA","Houston","2022-11-07 21:12:36.0000000"
"MENU_001307","REST_00103","Cup Rotisserie Chicken & Wild Rice Soup","A creamy chicken soup with wild rice, rotisserie pulled chicken and vegetables","4.75340223312378","","","SOUPS               ","$5.84","Jason's Deli","Salads, Sandwiches, Sandwich, Breakfast, Lunch, Healthy, Vegan, Vegetarian, Pickup, Takeout, Deli","2611 S Shepherd Dr, 2611 South Shepherd Drive, Houston, TX 77098, USA","Houston","2022-11-07 21:12:36.0000000"
"MENU_001308","REST_00103","Cup Spicy Seafood Gumbo ","Spice up your meal! Starting with a traditional roux, fresh fish, wild Gulf shrimp, real okra, onions and bell peppers throughout, our gumbo is sure to remind you of The Big Easy. It’s topped with fluffy white rice and parsley.","4.75340223312378","","","SOUPS               ","$5.84","Jason's Deli","Salads, Sandwiches, Sandwich, Breakfast, Lunch, Healthy, Vegan, Vegetarian, Pickup, Takeout, Deli","2611 S Shepherd Dr, 2611 South Shepherd Drive, Houston, TX 77098, USA","Houston","2022-11-07 21:12:36.0000000"
"MENU_001309","REST_00103","Cup Tomato Basil ","A delectable blend of sweet cream, vine ripened tomatoes, virgin olive oil, garlic and fresh-chopped basil makes this vegetarian soup rich…and very famous. Topped with real shredded asiago, you’ll taste honest-to-goodness flavor in every spoonful. A gluten-sensitive choice!","4.75340223312378","","","SOUPS               ","$5.84","Jason's Deli","Salads, Sandwiches, Sandwich, Breakfast, Lunch, Healthy, Vegan, Vegetarian, Pickup, Takeout, Deli","2611 S Shepherd Dr, 2611 South Shepherd Drive, Houston, TX 77098, USA","Houston","2022-11-07 21:12:36.0000000"
"MENU_001310","REST_00103","Deli Club (Manager's Special)","A half sandwich served with your choice of a cup of soup, fresh fruit or Mac & Cheese. Nitrite-free ham, roasted turkey breast, bacon, cheddar, Swiss, leafy lettuce, tomato, mayo, toasted multigrain wheat.","4.75340223312378","","","SPECIALTY SANDWICHES","$12.51","Jason's Deli","Salads, Sandwiches, Sandwich, Breakfast, Lunch, Healthy, Vegan, Vegetarian, Pickup, Takeout, Deli","2611 S Shepherd Dr, 2611 South Shepherd Drive, Houston, TX 77098, USA","Houston","2022-11-07 21:12:36.0000000"
"MENU_001311","REST_00103","Deli Club Sandwich Regular","Nitrite-free ham, roasted turkey breast, bacon, cheddar, Swiss, leafy lettuce, tomato, mayo, toasted multigrain wheat. Served with chips or baked chips (150/100 cal) and a pickle (5 cal).		","4.75340223312378","","","SPECIALTY SANDWICHES","$11.81","Jason's Deli","Salads, Sandwiches, Sandwich, Breakfast, Lunch, Healthy, Vegan, Vegetarian, Pickup, Takeout, Deli","2611 S Shepherd Dr, 2611 South Shepherd Drive, Houston, TX 77098, USA","Houston","2022-11-07 21:12:36.0000000"
"MENU_001312","REST_00103","Deli Sliders Tray (3750 cal)","Cold, mini sandwiches on potato slider buns; 12 Roasted Turkey Sliders & 12 Ham-Salami Sliders with provolone, shredded lettuce and Roma tomato. Mayo and mustard on the side. (Serves 12)		","4.75340223312378","","","PARTY FOOD","$63.05","Jason's Deli","Salads, Sandwiches, Sandwich, Breakfast, Lunch, Healthy, Vegan, Vegetarian, Pickup, Takeout, Deli","2611 S Shepherd Dr, 2611 South Shepherd Drive, Houston, TX 77098, USA","Houston","2022-11-07 21:12:36.0000000"
"MENU_001313","REST_00103","Fresh Fruit Bowl (310 cal)","Whole, fresh, luscious fruit is delivered to our delis six days a week and is meticulously prepared daily. Served with creamy fruit dip.","4.75340223312378","","","BREAKFAST           ","$8.88","Jason's Deli","Salads, Sandwiches, Sandwich, Breakfast, Lunch, Healthy, Vegan, Vegetarian, Pickup, Takeout, Deli","2611 S Shepherd Dr, 2611 South Shepherd Drive, Houston, TX 77098, USA","Houston","2022-11-07 21:12:36.0000000"
"MENU_001314","REST_00103","Fresh Fruit Bowl (310 cal)","Whole, fresh, luscious fruit is delivered to our delis six days a week and is meticulously prepared daily. Served with creamy fruit dip.","4.75340223312378","","","FRUIT & SIDES       ","$8.88","Jason's Deli","Salads, Sandwiches, Sandwich, Breakfast, Lunch, Healthy, Vegan, Vegetarian, Pickup, Takeout, Deli","2611 S Shepherd Dr, 2611 South Shepherd Drive, Houston, TX 77098, USA","Houston","2022-11-07 21:12:36.0000000"
"MENU_001315","REST_00103","Fresh Fruit Cup no Dip (60 cal)","Whole, fresh, luscious fruit is delivered to our delis six days a week and is meticulously prepared daily.","4.75340223312378","","","BREAKFAST           ","$4.32","Jason's Deli","Salads, Sandwiches, Sandwich, Breakfast, Lunch, Healthy, Vegan, Vegetarian, Pickup, Takeout, Deli","2611 S Shepherd Dr, 2611 South Shepherd Drive, Houston, TX 77098, USA","Houston","2022-11-07 21:12:36.0000000"
"MENU_001316","REST_00103","Fresh Fruit Cup no Dip (60 cal)","Whole, fresh, luscious fruit is delivered to our delis six days a week and is meticulously prepared daily.","4.75340223312378","","","FRUIT & SIDES       ","$4.32","Jason's Deli","Salads, Sandwiches, Sandwich, Breakfast, Lunch, Healthy, Vegan, Vegetarian, Pickup, Takeout, Deli","2611 S Shepherd Dr, 2611 South Shepherd Drive, Houston, TX 77098, USA","Houston","2022-11-07 21:12:36.0000000"
"MENU_001317","REST_00103","Fresh Fruit Cup with Dip (210 cal)","Whole, fresh, luscious fruit is delivered to our delis six days a week and is meticulously prepared daily. Served with creamy fruit dip.","4.75340223312378","","","BREAKFAST           ","$4.32","Jason's Deli","Salads, Sandwiches, Sandwich, Breakfast, Lunch, Healthy, Vegan, Vegetarian, Pickup, Takeout, Deli","2611 S Shepherd Dr, 2611 South Shepherd Drive, Houston, TX 77098, USA","Houston","2022-11-07 21:12:36.0000000"
"MENU_001318","REST_00103","Fresh Fruit Cup with Dip (210 cal)","Whole, fresh, luscious fruit is delivered to our delis six days a week and is meticulously prepared daily. Served with creamy fruit dip.","4.75340223312378","","","FRUIT & SIDES       ","$4.32","Jason's Deli","Salads, Sandwiches, Sandwich, Breakfast, Lunch, Healthy, Vegan, Vegetarian, Pickup, Takeout, Deli","2611 S Shepherd Dr, 2611 South Shepherd Drive, Houston, TX 77098, USA","Houston","2022-11-07 21:12:36.0000000"
"MENU_001319","REST_00103","Fudge-Nut Brownie ","If you can't eat the whole thing, cut into 4 pieces and share brownie bites.","4.75340223312378","","","DESSERTS            ","$2.33","Jason's Deli","Salads, Sandwiches, Sandwich, Breakfast, Lunch, Healthy, Vegan, Vegetarian, Pickup, Takeout, Deli","2611 S Shepherd Dr, 2611 South Shepherd Drive, Houston, TX 77098, USA","Houston","2022-11-07 21:12:36.0000000"
"MENU_001320","REST_00103","Garden Fresh Salad Bar","Select your favorite ingredients and we'll prepare it for you. You can choose your greens, toppings and dressing, then add a protein, avocado or soup for just a little bit more if you like.","4.75340223312378","","","SALADS","$10.99","Jason's Deli","Salads, Sandwiches, Sandwich, Breakfast, Lunch, Healthy, Vegan, Vegetarian, Pickup, Takeout, Deli","2611 S Shepherd Dr, 2611 South Shepherd Drive, Houston, TX 77098, USA","Houston","2022-11-07 21:12:36.0000000"
"MENU_001321","REST_00103","Green Chili Potato Salad (560 cal)","Spicy potato salad featuring bacon, green onions, ranch dressing and green chili aioli.","4.75340223312378","","","FRUIT & SIDES       ","$3.03","Jason's Deli","Salads, Sandwiches, Sandwich, Breakfast, Lunch, Healthy, Vegan, Vegetarian, Pickup, Takeout, Deli","2611 S Shepherd Dr, 2611 South Shepherd Drive, Houston, TX 77098, USA","Houston","2022-11-07 21:12:36.0000000"
"MENU_001322","REST_00103","Grilled Cheese & Tomato Soup Combo","It's Back! Grilled Muenster and cheddar cheese sandwich on multigrain wheat. Served with a bowl of Tomato Basil soup. ","4.75340223312378","","","SPECIALTY SANDWICHES","$9.58","Jason's Deli","Salads, Sandwiches, Sandwich, Breakfast, Lunch, Healthy, Vegan, Vegetarian, Pickup, Takeout, Deli","2611 S Shepherd Dr, 2611 South Shepherd Drive, Houston, TX 77098, USA","Houston","2022-11-07 21:12:36.0000000"
"MENU_001323","REST_00103","Grilled Chicken Breast Sandwich Regular","Grilled, 100% antibiotic-free chicken breast, and a Jason's fan favorite. Name your bread, select your spreads and dress it up. Also served with chips or baked chips (150/100 cal) and a pickle (5 cal).","4.75340223312378","","","BUILD YOUR OWN SANDWICHES","$10.52","Jason's Deli","Salads, Sandwiches, Sandwich, Breakfast, Lunch, Healthy, Vegan, Vegetarian, Pickup, Takeout, Deli","2611 S Shepherd Dr, 2611 South Shepherd Drive, Houston, TX 77098, USA","Houston","2022-11-07 21:12:36.0000000"
"MENU_001324","REST_00103","Grilled Chicken Breast Sandwich(Manager's Special)","A half sandwich served with your choice of a cup of soup, fresh fruit or Mac & Cheese. Name your bread, select your spreads and dress it up.","4.75340223312378","","","BUILD YOUR OWN SANDWICHES","$11.69","Jason's Deli","Salads, Sandwiches, Sandwich, Breakfast, Lunch, Healthy, Vegan, Vegetarian, Pickup, Takeout, Deli","2611 S Shepherd Dr, 2611 South Shepherd Drive, Houston, TX 77098, USA","Houston","2022-11-07 21:12:36.0000000"
"MENU_001325","REST_00103","Ham Sandwich (Manager's Special)     ","A half sandwich served with your choice of a cup of soup, fresh fruit or Mac & Cheese. Name your bread, select your spreads and dress it up.","4.75340223312378","","","BUILD YOUR OWN SANDWICHES","$11.69","Jason's Deli","Salads, Sandwiches, Sandwich, Breakfast, Lunch, Healthy, Vegan, Vegetarian, Pickup, Takeout, Deli","2611 S Shepherd Dr, 2611 South Shepherd Drive, Houston, TX 77098, USA","Houston","2022-11-07 21:12:36.0000000"
"MENU_001326","REST_00103","Ham Sandwich Regular","Our ham is nitrite-free and sliced fresh daily. Name your bread, select your spreads and dress it up. Also served with chips or baked chips (150/100 cal) and a pickle (5 cal).","4.75340223312378","","","BUILD YOUR OWN SANDWICHES","$10.05","Jason's Deli","Salads, Sandwiches, Sandwich, Breakfast, Lunch, Healthy, Vegan, Vegetarian, Pickup, Takeout, Deli","2611 S Shepherd Dr, 2611 South Shepherd Drive, Houston, TX 77098, USA","Houston","2022-11-07 21:12:36.0000000"
"MENU_001327","REST_00103","Hot Corned Beef Sandwich (Manager's Special)","A half sandwich served with your choice of a cup of soup, fresh fruit or Mac & Cheese. Name your bread, select your spreads and dress it up.","4.75340223312378","","","BUILD YOUR OWN SANDWICHES","$14.03","Jason's Deli","Salads, Sandwiches, Sandwich, Breakfast, Lunch, Healthy, Vegan, Vegetarian, Pickup, Takeout, Deli","2611 S Shepherd Dr, 2611 South Shepherd Drive, Houston, TX 77098, USA","Houston","2022-11-07 21:12:36.0000000"
"MENU_001328","REST_00103","Hot Corned Beef Sandwich (Manager's Special)","A half sandwich served with your choice of a cup of soup, fresh fruit or Mac & Cheese. Name your bread, select your spreads and dress it up.","4.75340223312378","","","FAMOUS FAVORITES    ","$14.03","Jason's Deli","Salads, Sandwiches, Sandwich, Breakfast, Lunch, Healthy, Vegan, Vegetarian, Pickup, Takeout, Deli","2611 S Shepherd Dr, 2611 South Shepherd Drive, Houston, TX 77098, USA","Houston","2022-11-07 21:12:36.0000000"
"MENU_001329","REST_00103","Hot Corned Beef Sandwich Regular","1/2 pound of hot corned beef. Your choice of bread, topped the way you like it. Also served with chips or baked chips (150/100 cal) and a pickle (5 cal). Click Customize to select your sandwich toppings.","4.75340223312378","","","BUILD YOUR OWN SANDWICHES","$13.56","Jason's Deli","Salads, Sandwiches, Sandwich, Breakfast, Lunch, Healthy, Vegan, Vegetarian, Pickup, Takeout, Deli","2611 S Shepherd Dr, 2611 South Shepherd Drive, Houston, TX 77098, USA","Houston","2022-11-07 21:12:36.0000000"
"MENU_001330","REST_00103","Hot Corned Beef Sandwich Regular","1/2 pound of hot corned beef. Your choice of bread, topped the way you like it. Also served with chips or baked chips (150/100 cal) and a pickle (5 cal). Click Customize to select your sandwich toppings.","4.75340223312378","","","FAMOUS FAVORITES    ","$13.56","Jason's Deli","Salads, Sandwiches, Sandwich, Breakfast, Lunch, Healthy, Vegan, Vegetarian, Pickup, Takeout, Deli","2611 S Shepherd Dr, 2611 South Shepherd Drive, Houston, TX 77098, USA","Houston","2022-11-07 21:12:36.0000000"
"MENU_001331","REST_00103","Hot Pastrami Sandwich (Manager's Special)","A half sandwich served with your choice of a cup of soup, fresh fruit or Mac & Cheese. Name your bread, select your spreads and dress it up.","4.75340223312378","","","BUILD YOUR OWN SANDWICHES","$14.03","Jason's Deli","Salads, Sandwiches, Sandwich, Breakfast, Lunch, Healthy, Vegan, Vegetarian, Pickup, Takeout, Deli","2611 S Shepherd Dr, 2611 South Shepherd Drive, Houston, TX 77098, USA","Houston","2022-11-07 21:12:36.0000000"
"MENU_001332","REST_00103","Hot Pastrami Sandwich (Manager's Special)","A half sandwich served with your choice of a cup of soup, fresh fruit or Mac & Cheese. Name your bread, select your spreads and dress it up.","4.75340223312378","","","FAMOUS FAVORITES    ","$14.03","Jason's Deli","Salads, Sandwiches, Sandwich, Breakfast, Lunch, Healthy, Vegan, Vegetarian, Pickup, Takeout, Deli","2611 S Shepherd Dr, 2611 South Shepherd Drive, Houston, TX 77098, USA","Houston","2022-11-07 21:12:36.0000000"
"MENU_001333","REST_00103","Hot Pastrami Sandwich	Regular","1/2 pound of hot pastrami. Gluten-free bread, select your spreads and dress it up. Also served with chips or baked chips (150/100 cal) and a pickle (5 cal).","4.75340223312378","","","BUILD YOUR OWN SANDWICHES","$13.56","Jason's Deli","Salads, Sandwiches, Sandwich, Breakfast, Lunch, Healthy, Vegan, Vegetarian, Pickup, Takeout, Deli","2611 S Shepherd Dr, 2611 South Shepherd Drive, Houston, TX 77098, USA","Houston","2022-11-07 21:12:36.0000000"
"MENU_001334","REST_00103","Hot Pastrami Sandwich	Regular","1/2 pound of hot pastrami. Gluten-free bread, select your spreads and dress it up. Also served with chips or baked chips (150/100 cal) and a pickle (5 cal).","4.75340223312378","","","FAMOUS FAVORITES    ","$13.56","Jason's Deli","Salads, Sandwiches, Sandwich, Breakfast, Lunch, Healthy, Vegan, Vegetarian, Pickup, Takeout, Deli","2611 S Shepherd Dr, 2611 South Shepherd Drive, Houston, TX 77098, USA","Houston","2022-11-07 21:12:36.0000000"
"MENU_001335","REST_00103","Italian Cruz Po'boy (Manager's Special)     ","A half sandwich served with your choice of a cup of soup, fresh fruit or Mac & Cheese. Nitrite-free ham, salami, pepperoncini, Asiago, shredded lettuce, Roma tomatoes, stone-ground mustard, Italian dressing, toasted New Orleans French bread.","4.75340223312378","","","SPECIALTY SANDWICHES","$11.69","Jason's Deli","Salads, Sandwiches, Sandwich, Breakfast, Lunch, Healthy, Vegan, Vegetarian, Pickup, Takeout, Deli","2611 S Shepherd Dr, 2611 South Shepherd Drive, Houston, TX 77098, USA","Houston","2022-11-07 21:12:36.0000000"
"MENU_001336","REST_00103","Italian Cruz Po'boy Regular","Nitrite-free ham, salami, pepperoncini, Asiago, shredded lettuce, Roma tomatoes, stone-ground mustard, Italian dressing, toasted New Orleans French bread. Served with chips or baked chips (100/150 cal) and a pickle (5 cal).","4.75340223312378","","","SPECIALTY SANDWICHES","$8.76","Jason's Deli","Salads, Sandwiches, Sandwich, Breakfast, Lunch, Healthy, Vegan, Vegetarian, Pickup, Takeout, Deli","2611 S Shepherd Dr, 2611 South Shepherd Drive, Houston, TX 77098, USA","Houston","2022-11-07 21:12:36.0000000"
"MENU_001337","REST_00103","Italian Pasta Salad ","Tri-color pasta with fresh cut broccoli, bell peppers & black olives featuring Italian dressing.","4.75340223312378","","","FRUIT & SIDES       ","$3.03","Jason's Deli","Salads, Sandwiches, Sandwich, Breakfast, Lunch, Healthy, Vegan, Vegetarian, Pickup, Takeout, Deli","2611 S Shepherd Dr, 2611 South Shepherd Drive, Houston, TX 77098, USA","Houston","2022-11-07 21:12:36.0000000"
"MENU_001338","REST_00103","Mac & Cheese","A side of comfort! Creamy Mac & Cheese can now be added and enjoyed with your meal. ","4.75340223312378","","","FRUIT & SIDES       ","$3.50","Jason's Deli","Salads, Sandwiches, Sandwich, Breakfast, Lunch, Healthy, Vegan, Vegetarian, Pickup, Takeout, Deli","2611 S Shepherd Dr, 2611 South Shepherd Drive, Houston, TX 77098, USA","Houston","2022-11-07 21:12:36.0000000"
"MENU_001339","REST_00103","MeataBalla (Manager's Special)","A half sandwich served with your choice of a cup of soup, fresh fruit or new option Mac & Cheese. Meatballs,marinara, provolone, toasted on New Orleans French bread. 		","4.75340223312378","","","SPECIALTY SANDWICHES","$11.69","Jason's Deli","Salads, Sandwiches, Sandwich, Breakfast, Lunch, Healthy, Vegan, Vegetarian, Pickup, Takeout, Deli","2611 S Shepherd Dr, 2611 South Shepherd Drive, Houston, TX 77098, USA","Houston","2022-11-07 21:12:36.0000000"
"MENU_001340","REST_00103","MeataBalla Sandwich Regular","Meatballs, marinara, provolone, toasted on New Orleans French bread. Served with chips or baked chips (150/100 cal) and a pickle (5 cal). ","4.75340223312378","","","SPECIALTY SANDWICHES","$12.27","Jason's Deli","Salads, Sandwiches, Sandwich, Breakfast, Lunch, Healthy, Vegan, Vegetarian, Pickup, Takeout, Deli","2611 S Shepherd Dr, 2611 South Shepherd Drive, Houston, TX 77098, USA","Houston","2022-11-07 21:12:36.0000000"
"MENU_001341","REST_00103","Meatballs in Marinara (2960 cal)","New and appetizing for your event! 30 beef & pork meatballs tossed then baked in our family-recipe, seasoned marinara sauce. (Serves 10)","4.75340223312378","","","PARTY FOOD","$29.36","Jason's Deli","Salads, Sandwiches, Sandwich, Breakfast, Lunch, Healthy, Vegan, Vegetarian, Pickup, Takeout, Deli","2611 S Shepherd Dr, 2611 South Shepherd Drive, Houston, TX 77098, USA","Houston","2022-11-07 21:12:36.0000000"
"MENU_001342","REST_00103","Mesa Chicken Salad - Original","Grilled, 100% antibiotic-free chicken breast, mixed salad greens, cheddar, grape tomatoes, chopped avocado, roasted corn and black bean mix, served with jalapeño ranch dressing. ","4.75340223312378","","","SALADS","$13.09","Jason's Deli","Salads, Sandwiches, Sandwich, Breakfast, Lunch, Healthy, Vegan, Vegetarian, Pickup, Takeout, Deli","2611 S Shepherd Dr, 2611 South Shepherd Drive, Houston, TX 77098, USA","Houston","2022-11-07 21:12:36.0000000"
"MENU_001343","REST_00103","Mesa Chicken Salad - Original, No Chicken","Mixed salad greens, cheddar, grape tomatoes, chopped avocado, roasted corn and black bean mix, served with jalapeño ranch dressing.","4.75340223312378","","","SALADS","$11.92","Jason's Deli","Salads, Sandwiches, Sandwich, Breakfast, Lunch, Healthy, Vegan, Vegetarian, Pickup, Takeout, Deli","2611 S Shepherd Dr, 2611 South Shepherd Drive, Houston, TX 77098, USA","Houston","2022-11-07 21:12:36.0000000"
"MENU_001344","REST_00103","Modern Meat & Cheese Tray (11140 cal)","Party-perfect sliced pepperoni & hard salami, cubed pepper jack & cheddar, kalamata & queen stuffed green olives, fire-roasted piquillo peppers, artichoke hearts, pesto aioli, our popular garlic toasties & flatbread. (Serves 10)","4.75340223312378","","","PARTY FOOD","$95.69","Jason's Deli","Salads, Sandwiches, Sandwich, Breakfast, Lunch, Healthy, Vegan, Vegetarian, Pickup, Takeout, Deli","2611 S Shepherd Dr, 2611 South Shepherd Drive, Houston, TX 77098, USA","Houston","2022-11-07 21:12:36.0000000"
"MENU_001345","REST_00103","Nutty Mixed-Up Salad - Original","Grilled, 100% antibiotic-free chicken breast, organic field greens, grapes, feta, cranberry-walnut mix, strawberries, served with balsamic vinaigrette. 		","4.75340223312378","","","SALADS","$13.09","Jason's Deli","Salads, Sandwiches, Sandwich, Breakfast, Lunch, Healthy, Vegan, Vegetarian, Pickup, Takeout, Deli","2611 S Shepherd Dr, 2611 South Shepherd Drive, Houston, TX 77098, USA","Houston","2022-11-07 21:12:36.0000000"
"MENU_001346","REST_00103","Nutty Mixed-Up Salad - Original, No Chicken ","Organic field greens, grapes, feta, cranberry-walnut mix, strawberries, served with balsamic vinaigrette.","4.75340223312378","","","SALADS","$11.92","Jason's Deli","Salads, Sandwiches, Sandwich, Breakfast, Lunch, Healthy, Vegan, Vegetarian, Pickup, Takeout, Deli","2611 S Shepherd Dr, 2611 South Shepherd Drive, Houston, TX 77098, USA","Houston","2022-11-07 21:12:36.0000000"
"MENU_001347","REST_00103","Penne Pasta & Meatballs Original","Penne pasta, meatballs, marinara, Asiago. Served with herb focaccia. 		","4.75340223312378","","","PASTAS & POTATOES   ","$12.27","Jason's Deli","Salads, Sandwiches, Sandwich, Breakfast, Lunch, Healthy, Vegan, Vegetarian, Pickup, Takeout, Deli","2611 S Shepherd Dr, 2611 South Shepherd Drive, Houston, TX 77098, USA","Houston","2022-11-07 21:12:36.0000000"
"MENU_001348","REST_00103","Pollo Mexicano Potato Original","Grilled, 100% antibiotic-free chicken breast, cheddar, sour cream, butter, pico de gallo, Southwest spices on a baked potato.","4.75340223312378","","","PASTAS & POTATOES   ","$12.04","Jason's Deli","Salads, Sandwiches, Sandwich, Breakfast, Lunch, Healthy, Vegan, Vegetarian, Pickup, Takeout, Deli","2611 S Shepherd Dr, 2611 South Shepherd Drive, Houston, TX 77098, USA","Houston","2022-11-07 21:12:36.0000000"
"MENU_001349","REST_00103","Ranchero Wrap (Manager's Special)","A half wrap served with your choice of a cup of soup, fresh fruit or Mac & Cheese. Grilled, 100% antibiotic-free chicken breast, cheddar, jalapeños, pico de gallo, Southwest spices, ranch dressing, toasted in an organic wheat wrap. Served with blue corn chips and salsa.","4.75340223312378","","","SPECIALTY SANDWICHES","$11.69","Jason's Deli","Salads, Sandwiches, Sandwich, Breakfast, Lunch, Healthy, Vegan, Vegetarian, Pickup, Takeout, Deli","2611 S Shepherd Dr, 2611 South Shepherd Drive, Houston, TX 77098, USA","Houston","2022-11-07 21:12:36.0000000"
"MENU_001350","REST_00103","Ranchero Wrap Regular","Grilled, 100% antibiotic-free chicken breast, cheddar, jalapeños, pico de gallo, Southwest spices, ranch dressing, toasted in an organic wheat wrap. Served with blue corn chips and salsa. ","4.75340223312378","","","SPECIALTY SANDWICHES","$11.45","Jason's Deli","Salads, Sandwiches, Sandwich, Breakfast, Lunch, Healthy, Vegan, Vegetarian, Pickup, Takeout, Deli","2611 S Shepherd Dr, 2611 South Shepherd Drive, Houston, TX 77098, USA","Houston","2022-11-07 21:12:36.0000000"
"MENU_001351","REST_00103","Reuben The Great (Manager's Special)","A half sandwich served with your choice of a cup of soup, fresh fruit or Mac & Cheese. Hot corned beef, Swiss, sauerkraut, 1000 Island dressing, on toasted marbled rye.","4.75340223312378","","","FAMOUS FAVORITES    ","$14.03","Jason's Deli","Salads, Sandwiches, Sandwich, Breakfast, Lunch, Healthy, Vegan, Vegetarian, Pickup, Takeout, Deli","2611 S Shepherd Dr, 2611 South Shepherd Drive, Houston, TX 77098, USA","Houston","2022-11-07 21:12:36.0000000"
"MENU_001352","REST_00103","Reuben The Great Regular","1/2 pound of hot corned beef, Swiss, sauerkraut, 1000 Island dressing, grilled on marbled rye. Served with chips or baked chips (150/100 cal) and a pickle (5 cal). ","4.75340223312378","","","FAMOUS FAVORITES    ","$15.08","Jason's Deli","Salads, Sandwiches, Sandwich, Breakfast, Lunch, Healthy, Vegan, Vegetarian, Pickup, Takeout, Deli","2611 S Shepherd Dr, 2611 South Shepherd Drive, Houston, TX 77098, USA","Houston","2022-11-07 21:12:36.0000000"
"MENU_001353","REST_00103","Reuben The Great with Pastrami (Manager's Special)","A half sandwich served with your choice of a cup of soup, fresh fruit or Mac & Cheese. Hot pastrami, Swiss, sauerkraut, 1000 Island dressing, on toasted marbled rye.	","4.75340223312378","","","FAMOUS FAVORITES    ","$14.03","Jason's Deli","Salads, Sandwiches, Sandwich, Breakfast, Lunch, Healthy, Vegan, Vegetarian, Pickup, Takeout, Deli","2611 S Shepherd Dr, 2611 South Shepherd Drive, Houston, TX 77098, USA","Houston","2022-11-07 21:12:36.0000000"
"MENU_001354","REST_00103","Reuben The Great with Pastrami Regular","1/2 pound of hot pastrami, Swiss, sauerkraut, 1000 Island dressing, on toasted marbled rye. Served with chips or baked chips (150/100 cal) and a pickle (5 cal).","4.75340223312378","","","FAMOUS FAVORITES    ","$15.08","Jason's Deli","Salads, Sandwiches, Sandwich, Breakfast, Lunch, Healthy, Vegan, Vegetarian, Pickup, Takeout, Deli","2611 S Shepherd Dr, 2611 South Shepherd Drive, Houston, TX 77098, USA","Houston","2022-11-07 21:12:36.0000000"
"MENU_001355","REST_00103","Roast Beef Sandwich (Manager's Special)","A half sandwich served with your choice of a cup of soup, fresh fruit or Mac & Cheese. Name your bread, select your spreads and dress it up.","4.75340223312378","","","BUILD YOUR OWN SANDWICHES","$12.51","Jason's Deli","Salads, Sandwiches, Sandwich, Breakfast, Lunch, Healthy, Vegan, Vegetarian, Pickup, Takeout, Deli","2611 S Shepherd Dr, 2611 South Shepherd Drive, Houston, TX 77098, USA","Houston","2022-11-07 21:12:36.0000000"
"MENU_001356","REST_00103","Roasted Corn & Black Bean Salad (240 cal)","Another delicious salad bar addition. Pick our spicy, fresh-made Roasted Corn and Black Bean Salad to bring more variety, flavor and color to your next Garden Fresh Salad Bar order.","4.75340223312378","","","FRUIT & SIDES       ","$3.03","Jason's Deli","Salads, Sandwiches, Sandwich, Breakfast, Lunch, Healthy, Vegan, Vegetarian, Pickup, Takeout, Deli","2611 S Shepherd Dr, 2611 South Shepherd Drive, Houston, TX 77098, USA","Houston","2022-11-07 21:12:36.0000000"
"MENU_001357","REST_00103","Roasted Turkey Breast Sandwich (Manager's Special)","A half sandwich served with your choice of a cup of soup, fresh fruit or Mac & Cheese. Name your bread, select your spreads and dress it up.","4.75340223312378","","","BUILD YOUR OWN SANDWICHES","$12.51","Jason's Deli","Salads, Sandwiches, Sandwich, Breakfast, Lunch, Healthy, Vegan, Vegetarian, Pickup, Takeout, Deli","2611 S Shepherd Dr, 2611 South Shepherd Drive, Houston, TX 77098, USA","Houston","2022-11-07 21:12:36.0000000"
"MENU_001358","REST_00103","Salami Sandwich (Manager's Special)","A half sandwich served with your choice of a cup of soup, fresh fruit or Mac & Cheese. Name your bread, select your spreads and dress it up.","4.75340223312378","","","BUILD YOUR OWN SANDWICHES","$11.69","Jason's Deli","Salads, Sandwiches, Sandwich, Breakfast, Lunch, Healthy, Vegan, Vegetarian, Pickup, Takeout, Deli","2611 S Shepherd Dr, 2611 South Shepherd Drive, Houston, TX 77098, USA","Houston","2022-11-07 21:12:36.0000000"
"MENU_001359","REST_00103","Salami Sandwich Regular","Name your bread, select your spreads and dress it up. Also served with chips or baked chips (150/100 cal) and a pickle (5 cal).","4.75340223312378","","","BUILD YOUR OWN SANDWICHES","$10.05","Jason's Deli","Salads, Sandwiches, Sandwich, Breakfast, Lunch, Healthy, Vegan, Vegetarian, Pickup, Takeout, Deli","2611 S Shepherd Dr, 2611 South Shepherd Drive, Houston, TX 77098, USA","Houston","2022-11-07 21:12:36.0000000"
"MENU_001360","REST_00103","Santa Fe Chicken Sandwich (Manager's Special)","A half sandwich served with your choice of a cup of soup, fresh fruit or Mac & Cheese. Grilled, 100% antibiotic-free chicken breast, bacon, Swiss, guacamole, tomato, 1000 Island dressing, on toasted multigrain wheat.","4.75340223312378","","","SPECIALTY SANDWICHES","$11.69","Jason's Deli","Salads, Sandwiches, Sandwich, Breakfast, Lunch, Healthy, Vegan, Vegetarian, Pickup, Takeout, Deli","2611 S Shepherd Dr, 2611 South Shepherd Drive, Houston, TX 77098, USA","Houston","2022-11-07 21:12:36.0000000"
"MENU_001361","REST_00103","Santa Fe Chicken Sandwich Regular","Grilled, 100% antibiotic-free chicken breast, bacon, Swiss, guacamole, tomato, 1000 Island dressing, on toasted multigrain wheat. Served with chips or baked chips (150/100 cal) and a pickle (5 cal). ","4.75340223312378","","","SPECIALTY SANDWICHES","$11.45","Jason's Deli","Salads, Sandwiches, Sandwich, Breakfast, Lunch, Healthy, Vegan, Vegetarian, Pickup, Takeout, Deli","2611 S Shepherd Dr, 2611 South Shepherd Drive, Houston, TX 77098, USA","Houston","2022-11-07 21:12:36.0000000"
"MENU_001362","REST_00103","Shelley's Deli Chick (Manager's Special)","A half sandwich served with your choice of a cup of soup, fresh fruit or Mac & Cheese. Our family-recipe chicken salad with almonds and pineapple, leafy lettuce, tomato, on a toasted croissant.","4.75340223312378","","","SPECIALTY SANDWICHES","$11.69","Jason's Deli","Salads, Sandwiches, Sandwich, Breakfast, Lunch, Healthy, Vegan, Vegetarian, Pickup, Takeout, Deli","2611 S Shepherd Dr, 2611 South Shepherd Drive, Houston, TX 77098, USA","Houston","2022-11-07 21:12:36.0000000"
"MENU_001363","REST_00103","Shelley's Deli Chick Regular","Our family-recipe chicken salad with almonds and pineapple, leafy lettuce, tomato, on a toasted croissant. Served with chips or baked chips (150/100 cal) and a pickle (5 cal).","4.75340223312378","","","SPECIALTY SANDWICHES","$10.05","Jason's Deli","Salads, Sandwiches, Sandwich, Breakfast, Lunch, Healthy, Vegan, Vegetarian, Pickup, Takeout, Deli","2611 S Shepherd Dr, 2611 South Shepherd Drive, Houston, TX 77098, USA","Houston","2022-11-07 21:12:36.0000000"
"MENU_001364","REST_00103","Sirloin Steak Dip (Manager's Special)","Sirloin steak cooked medium*, provolone, piquillo peppers, pickled red onions, jalapeño ranch on a traditional Mexican-style roll, cup of au jus.","4.75340223312378","","","FAMOUS FAVORITES    ","$14.03","Jason's Deli","Salads, Sandwiches, Sandwich, Breakfast, Lunch, Healthy, Vegan, Vegetarian, Pickup, Takeout, Deli","2611 S Shepherd Dr, 2611 South Shepherd Drive, Houston, TX 77098, USA","Houston","2022-11-07 21:12:36.0000000"
"MENU_001365","REST_00103","Smoked Turkey Breast Sandwich (Manager's Special)","A half sandwich served with your choice of a cup of soup, fresh fruit or Mac & Cheese. Name your bread, select your spreads and dress it up.","4.75340223312378","","","BUILD YOUR OWN SANDWICHES","$12.51","Jason's Deli","Salads, Sandwiches, Sandwich, Breakfast, Lunch, Healthy, Vegan, Vegetarian, Pickup, Takeout, Deli","2611 S Shepherd Dr, 2611 South Shepherd Drive, Houston, TX 77098, USA","Houston","2022-11-07 21:12:36.0000000"
"MENU_001366","REST_00103","Smokey Jack Panini (Manager's Special)","A half sandwich served with your choice of a cup of soup, fresh fruit or Mac & Cheese. Nitrite-free smoked turkey breast, bacon, jalapeño pepper jack, guacamole, Roma tomatoes, 1000 Island dressing, on sourdough bread.","4.75340223312378","","","SPECIALTY SANDWICHES","$12.51","Jason's Deli","Salads, Sandwiches, Sandwich, Breakfast, Lunch, Healthy, Vegan, Vegetarian, Pickup, Takeout, Deli","2611 S Shepherd Dr, 2611 South Shepherd Drive, Houston, TX 77098, USA","Houston","2022-11-07 21:12:36.0000000"
"MENU_001367","REST_00103","Smokey Jack Panini Regular ","Nitrite-free smoked turkey breast, bacon, jalapeño pepper jack, guacamole, Roma tomatoes, 1000 Island dressing, on sourdough bread. Served with chips or baked chips (100/150 cal) and a pickle (5 cal).","4.75340223312378","","","SPECIALTY SANDWICHES","$12.16","Jason's Deli","Salads, Sandwiches, Sandwich, Breakfast, Lunch, Healthy, Vegan, Vegetarian, Pickup, Takeout, Deli","2611 S Shepherd Dr, 2611 South Shepherd Drive, Houston, TX 77098, USA","Houston","2022-11-07 21:12:36.0000000"
"MENU_001368","REST_00103","Southwest Breakfast Wrap (570-730 cal) ","Organic wheat wrap filled with fresh-cracked eggs, melted cheddar, our fresh-made pico de gallo and your choice: breakfast sausage, crispy bacon or nitrite-free ham. Spicy! Served with salsa.","4.75340223312378","","","BREAKFAST           ","$7.59","Jason's Deli","Salads, Sandwiches, Sandwich, Breakfast, Lunch, Healthy, Vegan, Vegetarian, Pickup, Takeout, Deli","2611 S Shepherd Dr, 2611 South Shepherd Drive, Houston, TX 77098, USA","Houston","2022-11-07 21:12:36.0000000"
"MENU_001369","REST_00103","Spinach Veggie Wrap (Manager's Special)","A half sandwich served with your choice of a cup of soup, fresh fruit or new option Mac & Cheese. Mushrooms, organic spinach, Asiago, guacamole, pico de gallo, in a toasted organic wheat wrap.","4.75340223312378","","","SPECIALTY SANDWICHES","$11.69","Jason's Deli","Salads, Sandwiches, Sandwich, Breakfast, Lunch, Healthy, Vegan, Vegetarian, Pickup, Takeout, Deli","2611 S Shepherd Dr, 2611 South Shepherd Drive, Houston, TX 77098, USA","Houston","2022-11-07 21:12:36.0000000"
"MENU_001370","REST_00103","Spinach Veggie Wrap Regular","Mushrooms, organic spinach, Asiago, guacamole, pico de gallo, in a toasted organic wheat wrap. Served with salsa. Choice of one side: fresh fruit, steamed veggies, baked chips or blue corn chips. ","4.75340223312378","","","SPECIALTY SANDWICHES","$10.05","Jason's Deli","Salads, Sandwiches, Sandwich, Breakfast, Lunch, Healthy, Vegan, Vegetarian, Pickup, Takeout, Deli","2611 S Shepherd Dr, 2611 South Shepherd Drive, Houston, TX 77098, USA","Houston","2022-11-07 21:12:36.0000000"
"MENU_001371","REST_00103","Steak Po'boy (Manager's Special)       ","A half sandwich served with your choice of a cup of soup, fresh fruit or Mac & Cheese. Sirloin steak cooked medium,* spicy piquillo pepper relish, provolone, shredded lettuce, Roma tomato, mayo, on toasted New Orleans French bread.","4.75340223312378","","","FAMOUS FAVORITES    ","$14.03","Jason's Deli","Salads, Sandwiches, Sandwich, Breakfast, Lunch, Healthy, Vegan, Vegetarian, Pickup, Takeout, Deli","2611 S Shepherd Dr, 2611 South Shepherd Drive, Houston, TX 77098, USA","Houston","2022-11-07 21:12:36.0000000"
"MENU_001372","REST_00103","Steak Po'boy Regular","Sirloin steak cooked medium,* spicy piquillo pepper relish, provolone, shredded lettuce, Roma tomato, mayo toasted New Orleans French bread. Served with chips or baked chips (150/100 cal) and a pickle (5 cal).		","4.75340223312378","","","FAMOUS FAVORITES    ","$13.79","Jason's Deli","Salads, Sandwiches, Sandwich, Breakfast, Lunch, Healthy, Vegan, Vegetarian, Pickup, Takeout, Deli","2611 S Shepherd Dr, 2611 South Shepherd Drive, Houston, TX 77098, USA","Houston","2022-11-07 21:12:36.0000000"
"MENU_001373","REST_00103","Steamed Veggies ","A healthy blend of steamed broccoli, cauliflower, zucchini and organic baby carrots.","4.75340223312378","","","FRUIT & SIDES       ","$3.15","Jason's Deli","Salads, Sandwiches, Sandwich, Breakfast, Lunch, Healthy, Vegan, Vegetarian, Pickup, Takeout, Deli","2611 S Shepherd Dr, 2611 South Shepherd Drive, Houston, TX 77098, USA","Houston","2022-11-07 21:12:36.0000000"
"MENU_001374","REST_00103","Strawberry Shortcake ","Luscious layers of pound cake, real whipped cream and fresh strawberries.","4.75340223312378","","","DESSERTS            ","$4.90","Jason's Deli","Salads, Sandwiches, Sandwich, Breakfast, Lunch, Healthy, Vegan, Vegetarian, Pickup, Takeout, Deli","2611 S Shepherd Dr, 2611 South Shepherd Drive, Houston, TX 77098, USA","Houston","2022-11-07 21:12:36.0000000"
"MENU_001375","REST_00103","Strawberry-topped Cheesecake ","Classic cheesecake topped with strawberries.","4.75340223312378","","","DESSERTS            ","$5.14","Jason's Deli","Salads, Sandwiches, Sandwich, Breakfast, Lunch, Healthy, Vegan, Vegetarian, Pickup, Takeout, Deli","2611 S Shepherd Dr, 2611 South Shepherd Drive, Houston, TX 77098, USA","Houston","2022-11-07 21:12:36.0000000"
"MENU_001376","REST_00103","Sunshine Breakfast Croissant (510-720 cal) ","Fresh-cracked egg, melted cheddar and your choice of breakfast sausage, crispy bacon or nitrite-free ham, on an all-butter croissant.","4.75340223312378","","","BREAKFAST           ","$7.59","Jason's Deli","Salads, Sandwiches, Sandwich, Breakfast, Lunch, Healthy, Vegan, Vegetarian, Pickup, Takeout, Deli","2611 S Shepherd Dr, 2611 South Shepherd Drive, Houston, TX 77098, USA","Houston","2022-11-07 21:12:36.0000000"
"MENU_001377","REST_00103","Texacado Toast           ","Fresh avocados, roasted corn and black bean mix, cheddar, jalapeño ranch, on toasted Mexican-style bread with salsa. Served with blue corn chips and salsa.","4.75340223312378","","","SPECIALTY SANDWICHES","$8.18","Jason's Deli","Salads, Sandwiches, Sandwich, Breakfast, Lunch, Healthy, Vegan, Vegetarian, Pickup, Takeout, Deli","2611 S Shepherd Dr, 2611 South Shepherd Drive, Houston, TX 77098, USA","Houston","2022-11-07 21:12:36.0000000"
"MENU_001378","REST_00103","Texas Chocolate Cake     ","Moist chocolate cake covered in chocolate icing, topped with chopped pecans. ","4.75340223312378","","","DESSERTS            ","$3.38","Jason's Deli","Salads, Sandwiches, Sandwich, Breakfast, Lunch, Healthy, Vegan, Vegetarian, Pickup, Takeout, Deli","2611 S Shepherd Dr, 2611 South Shepherd Drive, Houston, TX 77098, USA","Houston","2022-11-07 21:12:36.0000000"
"MENU_001379","REST_00103","Texas Style Spud Original","Chopped pit-smoked beef brisket, barbecue sauce, cheddar, butter on a baked potato.","4.75340223312378","","","PASTAS & POTATOES   ","$11.81","Jason's Deli","Salads, Sandwiches, Sandwich, Breakfast, Lunch, Healthy, Vegan, Vegetarian, Pickup, Takeout, Deli","2611 S Shepherd Dr, 2611 South Shepherd Drive, Houston, TX 77098, USA","Houston","2022-11-07 21:12:36.0000000"
"MENU_001380","REST_00103","The Big Chef Salad - Original","Nitrite-free ham, roasted turkey breast, Asiago, cheddar, grape tomatoes, country olive blend, hard-boiled egg, mixed salad greens, served with ranch dressing. 		","4.75340223312378","","","SALADS","$12.51","Jason's Deli","Salads, Sandwiches, Sandwich, Breakfast, Lunch, Healthy, Vegan, Vegetarian, Pickup, Takeout, Deli","2611 S Shepherd Dr, 2611 South Shepherd Drive, Houston, TX 77098, USA","Houston","2022-11-07 21:12:36.0000000"
"MENU_001381","REST_00103","The Carmela (Manager's Special)","A half sandwich served with your choice of a cup of soup, fresh fruit or Mac & Cheese. Three meats - salami, pepperoni, nitrite-free ham - with melted provolone, spicy piquillo pepper relish, mayo, on toasted sourdough.","4.75340223312378","","","SPECIALTY SANDWICHES","$11.69","Jason's Deli","Salads, Sandwiches, Sandwich, Breakfast, Lunch, Healthy, Vegan, Vegetarian, Pickup, Takeout, Deli","2611 S Shepherd Dr, 2611 South Shepherd Drive, Houston, TX 77098, USA","Houston","2022-11-07 21:12:36.0000000"
"MENU_001382","REST_00103","The Carmela Regular   ","Three meats - salami, pepperoni, nitrite-free ham - with melted provolone, spicy piquillo pepper relish, mayo, on toasted sourdough. Served with chips or baked chips (100/150 cal) and a pickle (5 cal).","4.75340223312378","","","SPECIALTY SANDWICHES","$10.99","Jason's Deli","Salads, Sandwiches, Sandwich, Breakfast, Lunch, Healthy, Vegan, Vegetarian, Pickup, Takeout, Deli","2611 S Shepherd Dr, 2611 South Shepherd Drive, Houston, TX 77098, USA","Houston","2022-11-07 21:12:36.0000000"
"MENU_001383","REST_00103","The New York Yankee (Manager's Special)","A half sandwich served with your choice of a cup of soup, fresh fruit or Mac & Cheese. Hot corned beef and pastrami, Swiss on toasted marbled rye.","4.75340223312378","","","FAMOUS FAVORITES    ","$14.03","Jason's Deli","Salads, Sandwiches, Sandwich, Breakfast, Lunch, Healthy, Vegan, Vegetarian, Pickup, Takeout, Deli","2611 S Shepherd Dr, 2611 South Shepherd Drive, Houston, TX 77098, USA","Houston","2022-11-07 21:12:36.0000000"
"MENU_001384","REST_00103","The New York Yankee Regular","3/4 pound combo of hot corned beef and pastrami, Swiss on toasted marbled rye. Served with chips or baked chips (150/100 cal) and a pickle (5 cal). ","4.75340223312378","","","FAMOUS FAVORITES    ","$16.84","Jason's Deli","Salads, Sandwiches, Sandwich, Breakfast, Lunch, Healthy, Vegan, Vegetarian, Pickup, Takeout, Deli","2611 S Shepherd Dr, 2611 South Shepherd Drive, Houston, TX 77098, USA","Houston","2022-11-07 21:12:36.0000000"
"MENU_001385","REST_00103","The Papa Joe (Manager's Special)","A half sandwich served with your choice of a cup of soup, fresh fruit or Mac & Cheese. Roasted turkey breast, Asiago, roasted tomatoes, pesto aioli, toasted on herb focaccia bread.","4.75340223312378","","","SPECIALTY SANDWICHES","$12.51","Jason's Deli","Salads, Sandwiches, Sandwich, Breakfast, Lunch, Healthy, Vegan, Vegetarian, Pickup, Takeout, Deli","2611 S Shepherd Dr, 2611 South Shepherd Drive, Houston, TX 77098, USA","Houston","2022-11-07 21:12:36.0000000"
"MENU_001386","REST_00103","The Plain Jane Potato Original","Cheddar, sour cream, butter, bacon, green onions on a baked potato.","4.75340223312378","","","PASTAS & POTATOES   ","$11.69","Jason's Deli","Salads, Sandwiches, Sandwich, Breakfast, Lunch, Healthy, Vegan, Vegetarian, Pickup, Takeout, Deli","2611 S Shepherd Dr, 2611 South Shepherd Drive, Houston, TX 77098, USA","Houston","2022-11-07 21:12:36.0000000"
"MENU_001387","REST_00103","Tuna Salad Sandwich with Egg (Manager's Special)","A half sandwich served with your choice of a cup of soup, fresh fruit or Mac & Cheese. Name your bread, select your spreads and dress it up.","4.75340223312378","","","BUILD YOUR OWN SANDWICHES","$11.69","Jason's Deli","Salads, Sandwiches, Sandwich, Breakfast, Lunch, Healthy, Vegan, Vegetarian, Pickup, Takeout, Deli","2611 S Shepherd Dr, 2611 South Shepherd Drive, Houston, TX 77098, USA","Houston","2022-11-07 21:12:36.0000000"
"MENU_001388","REST_00103","Tuna Salad Sandwich with Egg Regular","Name your bread, select your spreads and dress it up. Also served with chips or baked chips (150/100 cal) and a pickle (5 cal).","4.75340223312378","","","BUILD YOUR OWN SANDWICHES","$10.05","Jason's Deli","Salads, Sandwiches, Sandwich, Breakfast, Lunch, Healthy, Vegan, Vegetarian, Pickup, Takeout, Deli","2611 S Shepherd Dr, 2611 South Shepherd Drive, Houston, TX 77098, USA","Houston","2022-11-07 21:12:36.0000000"
"MENU_001389","REST_00103","Turkey Wrap (Manager's Special)","A half wrap served with your choice of a cup of soup, fresh fruit or Mac & Cheese. Roasted turkey breast, Roma tomatoes, organic field greens, guacamole, ranch dressing, in a toasted organic wheat wrap.","4.75340223312378","","","SPECIALTY SANDWICHES","$12.51","Jason's Deli","Salads, Sandwiches, Sandwich, Breakfast, Lunch, Healthy, Vegan, Vegetarian, Pickup, Takeout, Deli","2611 S Shepherd Dr, 2611 South Shepherd Drive, Houston, TX 77098, USA","Houston","2022-11-07 21:12:36.0000000"
"MENU_001390","REST_00103","Turkey Wrap Regular","Roasted turkey breast, Roma tomatoes, organic field greens, guacamole, ranch dressing, in a toasted organic wheat wrap. Choice of one side: fresh fruit, steamed veggies, baked chips, or blue corn chips with salsa. ","4.75340223312378","","","SPECIALTY SANDWICHES","$11.10","Jason's Deli","Salads, Sandwiches, Sandwich, Breakfast, Lunch, Healthy, Vegan, Vegetarian, Pickup, Takeout, Deli","2611 S Shepherd Dr, 2611 South Shepherd Drive, Houston, TX 77098, USA","Houston","2022-11-07 21:12:36.0000000"
"MENU_001391","REST_00103","Tzatziki with Cucumbers (160 cal)","","4.75340223312378","","","FRUIT & SIDES       ","$5.14","Jason's Deli","Salads, Sandwiches, Sandwich, Breakfast, Lunch, Healthy, Vegan, Vegetarian, Pickup, Takeout, Deli","2611 S Shepherd Dr, 2611 South Shepherd Drive, Houston, TX 77098, USA","Houston","2022-11-07 21:12:36.0000000"
"MENU_001392","REST_00103","Veggie Quinoa Salad Side","","4.75340223312378","","","FRUIT & SIDES       ","$3.03","Jason's Deli","Salads, Sandwiches, Sandwich, Breakfast, Lunch, Healthy, Vegan, Vegetarian, Pickup, Takeout, Deli","2611 S Shepherd Dr, 2611 South Shepherd Drive, Houston, TX 77098, USA","Houston","2022-11-07 21:12:36.0000000"
"MENU_001393","REST_00103","Veggie Sandwich (Manager's Special)  ","A half sandwich served with your choice of a cup of soup, fresh fruit or Mac & Cheese. Name your bread, select your spreads and dress it up.","4.75340223312378","","","BUILD YOUR OWN SANDWICHES","$11.69","Jason's Deli","Salads, Sandwiches, Sandwich, Breakfast, Lunch, Healthy, Vegan, Vegetarian, Pickup, Takeout, Deli","2611 S Shepherd Dr, 2611 South Shepherd Drive, Houston, TX 77098, USA","Houston","2022-11-07 21:12:36.0000000"
"MENU_001394","REST_00103","Veggie Sandwich Regular","Choose as many vegetarian toppings as you like! Name your bread, select your spreads and dress it up. Also served with chips or baked chips (150/100 cal) and a pickle (5 cal).","4.75340223312378","","","BUILD YOUR OWN SANDWICHES","$10.05","Jason's Deli","Salads, Sandwiches, Sandwich, Breakfast, Lunch, Healthy, Vegan, Vegetarian, Pickup, Takeout, Deli","2611 S Shepherd Dr, 2611 South Shepherd Drive, Houston, TX 77098, USA","Houston","2022-11-07 21:12:36.0000000"
"MENU_001395","REST_00103","Wild Salmon-wich (Manager's Special)","A half sandwich served with your choice of a cup of soup, fresh fruit or Mac & Cheese. Wild Alaska sockeye salmon, marinated in balsamic vinaigrette with guacamole, Roma tomatoes, leafy lettuce, chipotle aioli, toasted herb focaccia.","4.75340223312378","","","FAMOUS FAVORITES    ","$14.03","Jason's Deli","Salads, Sandwiches, Sandwich, Breakfast, Lunch, Healthy, Vegan, Vegetarian, Pickup, Takeout, Deli","2611 S Shepherd Dr, 2611 South Shepherd Drive, Houston, TX 77098, USA","Houston","2022-11-07 21:12:36.0000000"
"MENU_001396","REST_00103","Wild Salmon-wich Regular","Wild Alaska sockeye salmon, marinated in balsamic vinaigrette with guacamole, Roma tomatoes, leafy lettuce, chipotle aioli, toasted herb focaccia. Choice of one side: fresh fruit, steamed veggies, baked chips or blue corn chips with salsa. ","4.75340223312378","","","FAMOUS FAVORITES    ","$14.50","Jason's Deli","Salads, Sandwiches, Sandwich, Breakfast, Lunch, Healthy, Vegan, Vegetarian, Pickup, Takeout, Deli","2611 S Shepherd Dr, 2611 South Shepherd Drive, Houston, TX 77098, USA","Houston","2022-11-07 21:12:36.0000000"
"MENU_001397","REST_00103","Zucchini Garden Pasta Original","Penne pasta, roasted zucchini, fresco mix of roasted tomatoes, organic spinach, artichoke hearts, Asiago. Served with herb focaccia.","4.75340223312378","","","PASTAS & POTATOES   ","$12.16","Jason's Deli","Salads, Sandwiches, Sandwich, Breakfast, Lunch, Healthy, Vegan, Vegetarian, Pickup, Takeout, Deli","2611 S Shepherd Dr, 2611 South Shepherd Drive, Houston, TX 77098, USA","Houston","2022-11-07 21:12:36.0000000"
"MENU_001398","REST_00104","Banana Cream Pudding (DF) Pint","Real bananas, ultra-rich coconut cream, and scratch-made vanilla wafers. Made for anyone who loves a great banana creme pudding. (Pints may come hand-packed if pre-packed pints are sold out.)Gluten-FreeVeganContains: tree nuts (coconut)","4.92768096923828","","","Pints","$14.00","Jeni's Splendid Ice Creams","Ice Cream Shop","375 W 19th St, Houston, TX 77008, USA","Houston","2022-10-30 15:07:36.0000000"
"MENU_001399","REST_00104","Boston Cream Pie Pint","A salted vanilla custard layered with yellow cake pieces and darkest chocolate fudge.(Pints may come hand-packed if pre-packed pints are sold out.)Contains: milk, egg, wheat","4.92768096923828","","","Pints","$14.00","Jeni's Splendid Ice Creams","Ice Cream Shop","375 W 19th St, Houston, TX 77008, USA","Houston","2022-10-30 15:07:36.0000000"
"MENU_001400","REST_00105","CARROT CAKE","THICK 2-LAYER CARROT CAKE","4.59437894821167","","","Best Desserts Ever!","$7.20","Jenni's Noodle House","Vietnamese, Thai, Asian Fusion, htownathlete","3111 S Shepherd Dr, 3111 South Shepherd Drive, Houston, TX 77098, USA","Houston","2022-11-07 21:14:10.0000000"
"MENU_001401","REST_00106","Brownie","Gooey chocolate chip brownies. ","4.8021821975708","","","Sides, Drinks, & Desserts","$3.20","Jersey Mike's Subs","Sandwiches, Cheesesteaks, Deli, Fast Food","103 Yale St #300, Houston, TX 77007, USA","Houston","2022-11-07 21:16:23.0000000"
"MENU_001402","REST_00106","Pure Leaf Tea"," ","4.8021821975708","","","Sides, Drinks, & Desserts","$3.85","Jersey Mike's Subs","Sandwiches, Cheesesteaks, Deli, Fast Food","103 Yale St #300, Houston, TX 77007, USA","Houston","2022-11-07 21:16:23.0000000"
"MENU_001403","REST_00106","Soda Bottle"," ","4.8021821975708","","","Sides, Drinks, & Desserts","$3.85","Jersey Mike's Subs","Sandwiches, Cheesesteaks, Deli, Fast Food","103 Yale St #300, Houston, TX 77007, USA","Houston","2022-11-07 21:16:23.0000000"
"MENU_001404","REST_00107","Perrier","","4.75044298171997","","","Drinks","$5.00","JINYA Ramen Bar","Japanese Restaurant","3201 Louisiana Street, Houston, TX 77006, USA","Houston","2022-11-07 21:12:49.0000000"
"MENU_001405","REST_00108","MORNING SUNSHINE Monday","18 oz: pineapple, orange, banana, mango, goji berry, local bee pollen","4.79053592681885","","","Daily Special Monday","$7.50","JuiceLand","Healthy, Local, Organic, Latte, Matcha, Cold pressed juices, Salad, Salads, Gluten Free, Vegan, Vegetarian, Smoothies, Coffee, Juice Bars & Smoothies","1340 Westheimer Rd, Houston, TX 77006, USA","Houston","2022-11-07 21:14:24.0000000"
"MENU_001406","REST_00109","Blintzes","Cheese blintzes topped with your choice of apple, blueberry, hot fudge, or strawberry","4.46881008148193","","","Gourmet Breakfast Specialties","$8.79","Katz's Deli & Bar","Lunch, Dessert, Deli, Sandwiches, Sandwich, Pickup, Breakfast, Takeout","616 Westheimer Rd #100, Houston, TX 77006, USA","Houston","2022-10-30 15:09:03.0000000"
"MENU_001407","REST_00109","BLT","","4.46881008148193","","","Deli Sandwiches","$13.19","Katz's Deli & Bar","Lunch, Dessert, Deli, Sandwiches, Sandwich, Pickup, Breakfast, Takeout","616 Westheimer Rd #100, Houston, TX 77006, USA","Houston","2022-10-30 15:09:03.0000000"
"MENU_001408","REST_00109","Chicken Salad","","4.46881008148193","","","Deli Sandwiches","$13.19","Katz's Deli & Bar","Lunch, Dessert, Deli, Sandwiches, Sandwich, Pickup, Breakfast, Takeout","616 Westheimer Rd #100, Houston, TX 77006, USA","Houston","2022-10-30 15:09:03.0000000"
"MENU_001409","REST_00109","Corned Beef","","4.46881008148193","","","Deli Sandwiches","$13.19","Katz's Deli & Bar","Lunch, Dessert, Deli, Sandwiches, Sandwich, Pickup, Breakfast, Takeout","616 Westheimer Rd #100, Houston, TX 77006, USA","Houston","2022-10-30 15:09:03.0000000"
"MENU_001410","REST_00109","Egg Salad","","4.46881008148193","","","Deli Sandwiches","$13.19","Katz's Deli & Bar","Lunch, Dessert, Deli, Sandwiches, Sandwich, Pickup, Breakfast, Takeout","616 Westheimer Rd #100, Houston, TX 77006, USA","Houston","2022-10-30 15:09:03.0000000"
"MENU_001411","REST_00109","French Dip #12","Hot roast beef and melted provolone cheese. Served with aujus. Recommended on French","4.46881008148193","","","Signature Sandwiches","$15.39","Katz's Deli & Bar","Lunch, Dessert, Deli, Sandwiches, Sandwich, Pickup, Breakfast, Takeout","616 Westheimer Rd #100, Houston, TX 77006, USA","Houston","2022-10-30 15:09:03.0000000"
"MENU_001412","REST_00109","Katz's Pride #1","Corned beef, Russian dressing, and coleslaw. Recommended on rye","4.46881008148193","","","Signature Sandwiches","$14.84","Katz's Deli & Bar","Lunch, Dessert, Deli, Sandwiches, Sandwich, Pickup, Breakfast, Takeout","616 Westheimer Rd #100, Houston, TX 77006, USA","Houston","2022-10-30 15:09:03.0000000"
"MENU_001413","REST_00109","Kountry Klub #13","Triple decker turkey breast, bacon, lettuce, tomatoes, and Russian dressing. Recommended on whole wheat. Add avocado $1.50","4.46881008148193","","","Signature Sandwiches","$15.94","Katz's Deli & Bar","Lunch, Dessert, Deli, Sandwiches, Sandwich, Pickup, Breakfast, Takeout","616 Westheimer Rd #100, Houston, TX 77006, USA","Houston","2022-10-30 15:09:03.0000000"
"MENU_001414","REST_00109","Pastrami","","4.46881008148193","","","Deli Sandwiches","$13.19","Katz's Deli & Bar","Lunch, Dessert, Deli, Sandwiches, Sandwich, Pickup, Breakfast, Takeout","616 Westheimer Rd #100, Houston, TX 77006, USA","Houston","2022-10-30 15:09:03.0000000"
"MENU_001415","REST_00109","Philly Cheesesteak #8","Prime cuts of beef, sautéed onions, and bell peppers with American and Swiss cheese. Recommended on French. Substitute chicken $1","4.46881008148193","","","Signature Sandwiches","$15.39","Katz's Deli & Bar","Lunch, Dessert, Deli, Sandwiches, Sandwich, Pickup, Breakfast, Takeout","616 Westheimer Rd #100, Houston, TX 77006, USA","Houston","2022-10-30 15:09:03.0000000"
"MENU_001416","REST_00109","Roast Beef","","4.46881008148193","","","Deli Sandwiches","$13.19","Katz's Deli & Bar","Lunch, Dessert, Deli, Sandwiches, Sandwich, Pickup, Breakfast, Takeout","616 Westheimer Rd #100, Houston, TX 77006, USA","Houston","2022-10-30 15:09:03.0000000"
"MENU_001417","REST_00109","Scottish Smoked Salmon #4","Fresh – never frozen – Scottish smoked salmon with lettuce, tomatoes, capers, red onion, and cream cheese. Recommended on toasted rye","4.46881008148193","","","Signature Sandwiches","$15.39","Katz's Deli & Bar","Lunch, Dessert, Deli, Sandwiches, Sandwich, Pickup, Breakfast, Takeout","616 Westheimer Rd #100, Houston, TX 77006, USA","Houston","2022-10-30 15:09:03.0000000"
"MENU_001418","REST_00109","The P/C #29","Pastrami and corned beef. Recommended on rye","4.46881008148193","","","Signature Sandwiches","$15.39","Katz's Deli & Bar","Lunch, Dessert, Deli, Sandwiches, Sandwich, Pickup, Breakfast, Takeout","616 Westheimer Rd #100, Houston, TX 77006, USA","Houston","2022-10-30 15:09:03.0000000"
"MENU_001419","REST_00109","The Reuben #2","Your choice of pastrami, corned beef, turkey pastrami or turkey breast with melted Swiss cheese, sauerkraut, and Russian dressing. Recommended on grilled rye","4.46881008148193","","","Signature Sandwiches","$15.39","Katz's Deli & Bar","Lunch, Dessert, Deli, Sandwiches, Sandwich, Pickup, Breakfast, Takeout","616 Westheimer Rd #100, Houston, TX 77006, USA","Houston","2022-10-30 15:09:03.0000000"
"MENU_001420","REST_00109","Times Square #7","Grilled turkey breast, Swiss cheese, lettuce, and tomatoes with honey mustard. Recommended on challah or whole wheat. Add avocado $1.50","4.46881008148193","","","Signature Sandwiches","$15.39","Katz's Deli & Bar","Lunch, Dessert, Deli, Sandwiches, Sandwich, Pickup, Breakfast, Takeout","616 Westheimer Rd #100, Houston, TX 77006, USA","Houston","2022-10-30 15:09:03.0000000"
"MENU_001421","REST_00109","Tuna Salad","","4.46881008148193","","","Deli Sandwiches","$13.19","Katz's Deli & Bar","Lunch, Dessert, Deli, Sandwiches, Sandwich, Pickup, Breakfast, Takeout","616 Westheimer Rd #100, Houston, TX 77006, USA","Houston","2022-10-30 15:09:03.0000000"
"MENU_001422","REST_00109","Turkey Breast","","4.46881008148193","","","Deli Sandwiches","$13.19","Katz's Deli & Bar","Lunch, Dessert, Deli, Sandwiches, Sandwich, Pickup, Breakfast, Takeout","616 Westheimer Rd #100, Houston, TX 77006, USA","Houston","2022-10-30 15:09:03.0000000"
"MENU_001423","REST_00109","Turkey-ham & Swiss","","4.46881008148193","","","Deli Sandwiches","$13.19","Katz's Deli & Bar","Lunch, Dessert, Deli, Sandwiches, Sandwich, Pickup, Breakfast, Takeout","616 Westheimer Rd #100, Houston, TX 77006, USA","Houston","2022-10-30 15:09:03.0000000"
"MENU_001424","REST_00109","Veggie Reuben #16","Avocado, tomatoes, sauerkraut, Russian dressing, melted muenster, and Swiss cheese. Recommended on rye","4.46881008148193","","","Signature Sandwiches","$14.84","Katz's Deli & Bar","Lunch, Dessert, Deli, Sandwiches, Sandwich, Pickup, Breakfast, Takeout","616 Westheimer Rd #100, Houston, TX 77006, USA","Houston","2022-10-30 15:09:03.0000000"
"MENU_001425","REST_00109","Yankee Pot Roast #15","Certified Angus Beef Yankee pot roast with melted muenster cheese, sautéed onions, and gravy. Recommended on grilled rye","4.46881008148193","","","Signature Sandwiches","$15.39","Katz's Deli & Bar","Lunch, Dessert, Deli, Sandwiches, Sandwich, Pickup, Breakfast, Takeout","616 Westheimer Rd #100, Houston, TX 77006, USA","Houston","2022-10-30 15:09:03.0000000"
"MENU_001426","REST_00110","Mashed Potatoes & Gravy","Creamy mashed potatoes and our signature brown gravy. (130-590 cal.)","4.30172395706177","","","Sides & Add Ons","$3.35","KFC","Fried chicken & sides","2701 Yale St, Houston, TX 77008, USA","Houston","2022-11-07 21:14:43.0000000"
"MENU_001427","REST_00110","Mashed Potatoes (No Gravy)","Creamy mashed potatoes. (110-460 cal.)","4.30172395706177","","","Sides & Add Ons","$3.35","KFC","Fried chicken & sides","2701 Yale St, Houston, TX 77008, USA","Houston","2022-11-07 21:14:43.0000000"
"MENU_001428","REST_00111","PAN-SEARED TOFU V-BOWL","Rice vermicelli, bean sprout, & fressh vegetables topped with seasoning seared tofu.  Served with vegetarian soy sauce.","4.60449504852295","","","V-Bowls Vermicelli","$11.90","Kim Son Cafe","Asian, Vietnamese, Dim Sum, Takeout, Catering, Sushi, Pickup, Japanese","Kim Son Cafe Rice Village, 2512 Rice Boulevard, Houston, TX 77005, USA","Houston","2022-10-27 23:22:33.0000000"
"MENU_001429","REST_00111","V-BOWL CHICKEN","","4.60449504852295","","","V-Bowls Vermicelli","$13.00","Kim Son Cafe","Asian, Vietnamese, Dim Sum, Takeout, Catering, Sushi, Pickup, Japanese","Kim Son Cafe Rice Village, 2512 Rice Boulevard, Houston, TX 77005, USA","Houston","2022-10-27 23:22:33.0000000"
"MENU_001430","REST_00111","V-BOWL PORK","Vermicelli bowls are topped with green onions and peanuts. Served with fresh lettuce, bean sprouts, cucumbers, and carrots, and nuoc mam.","4.60449504852295","","","V-Bowls Vermicelli","$13.00","Kim Son Cafe","Asian, Vietnamese, Dim Sum, Takeout, Catering, Sushi, Pickup, Japanese","Kim Son Cafe Rice Village, 2512 Rice Boulevard, Houston, TX 77005, USA","Houston","2022-10-27 23:22:33.0000000"
"MENU_001431","REST_00111","Veggie Egg Roll (5)","","4.60449504852295","","","Appetizers","$11.40","Kim Son Cafe","Asian, Vietnamese, Dim Sum, Takeout, Catering, Sushi, Pickup, Japanese","Kim Son Cafe Rice Village, 2512 Rice Boulevard, Houston, TX 77005, USA","Houston","2022-10-30 15:33:20.0000000"
"MENU_001432","REST_00111","Veggie Spring Roll (2)","","4.60449504852295","","","Appetizers","$8.28","Kim Son Cafe","Asian, Vietnamese, Dim Sum, Takeout, Catering, Sushi, Pickup, Japanese","Kim Son Cafe Rice Village, 2512 Rice Boulevard, Houston, TX 77005, USA","Houston","2022-10-30 15:33:20.0000000"
"MENU_001433","REST_00112","1/2 Shrimp & Pork Spring Roll","","4.60264015197754","","","Lunch Soup & Salad","$5.50","Kim Son Restaurant","Chinese, Asian, Buffets, Dim Sum, Vietnamese, Pickup, Takeout","2001 Jefferson St, Houston, TX 77003, USA","Houston","2022-11-07 21:13:25.0000000"
"MENU_001434","REST_00112","Chinese BBQ Pork Ribs","","4.6047158241272","","","Appetizers","$11.25","Kim Son Restaurant","Chinese, Asian, Buffets, Dim Sum, Vietnamese, Pickup, Takeout","2001 Jefferson St, Houston, TX 77003, USA","Houston","2022-10-30 15:07:19.0000000"
"MENU_001435","REST_00112","Crab Rangoons","","4.60264015197754","","","Lunch Appetizers","$10.25","Kim Son Restaurant","Chinese, Asian, Buffets, Dim Sum, Vietnamese, Pickup, Takeout","2001 Jefferson St, Houston, TX 77003, USA","Houston","2022-11-07 21:13:25.0000000"
"MENU_001436","REST_00112","Grilled Shrimp Salad","","4.60264015197754","","","Lunch Soup & Salad","$15.95","Kim Son Restaurant","Chinese, Asian, Buffets, Dim Sum, Vietnamese, Pickup, Takeout","2001 Jefferson St, Houston, TX 77003, USA","Houston","2022-11-07 21:13:25.0000000"
"MENU_001437","REST_00112","Kim Son Sampler","","4.60264015197754","","","Lunch Appetizers","$15.75","Kim Son Restaurant","Chinese, Asian, Buffets, Dim Sum, Vietnamese, Pickup, Takeout","2001 Jefferson St, Houston, TX 77003, USA","Houston","2022-11-07 21:13:25.0000000"
"MENU_001438","REST_00112","Lunch Beef & Snow Pea","","4.60264015197754","","","Lunch Beef Combination","$12.95","Kim Son Restaurant","Chinese, Asian, Buffets, Dim Sum, Vietnamese, Pickup, Takeout","2001 Jefferson St, Houston, TX 77003, USA","Houston","2022-11-07 21:13:25.0000000"
"MENU_001439","REST_00112","Lunch Beef & Straw Mushrooms","","4.60264015197754","","","Lunch Beef Combination","$12.95","Kim Son Restaurant","Chinese, Asian, Buffets, Dim Sum, Vietnamese, Pickup, Takeout","2001 Jefferson St, Houston, TX 77003, USA","Houston","2022-11-07 21:13:25.0000000"
"MENU_001440","REST_00112","Lunch Beef & Vegetables","","4.60264015197754","","","Lunch Beef Combination","$12.95","Kim Son Restaurant","Chinese, Asian, Buffets, Dim Sum, Vietnamese, Pickup, Takeout","2001 Jefferson St, Houston, TX 77003, USA","Houston","2022-11-07 21:13:25.0000000"
"MENU_001441","REST_00112","Lunch Beef Broccoli","","4.60264015197754","","","Lunch Beef Combination","$12.95","Kim Son Restaurant","Chinese, Asian, Buffets, Dim Sum, Vietnamese, Pickup, Takeout","2001 Jefferson St, Houston, TX 77003, USA","Houston","2022-11-07 21:13:25.0000000"
"MENU_001442","REST_00112","Lunch Beef Lomein","","4.60264015197754","","","Lunch Beef Combination","$14.50","Kim Son Restaurant","Chinese, Asian, Buffets, Dim Sum, Vietnamese, Pickup, Takeout","2001 Jefferson St, Houston, TX 77003, USA","Houston","2022-11-07 21:13:25.0000000"
"MENU_001443","REST_00112","Lunch Chicken Broccoli","","4.60264015197754","","","Lunch Chicken/Pork Combination","$11.95","Kim Son Restaurant","Chinese, Asian, Buffets, Dim Sum, Vietnamese, Pickup, Takeout","2001 Jefferson St, Houston, TX 77003, USA","Houston","2022-11-07 21:13:25.0000000"
"MENU_001444","REST_00112","Lunch Chicken Lo-Mein","","4.60264015197754","","","Lunch Chicken/Pork Combination","$12.95","Kim Son Restaurant","Chinese, Asian, Buffets, Dim Sum, Vietnamese, Pickup, Takeout","2001 Jefferson St, Houston, TX 77003, USA","Houston","2022-11-07 21:13:25.0000000"
"MENU_001445","REST_00112","Lunch Chicken Pho","","4.60264015197754","","","Lunch Soup & Salad","$11.95","Kim Son Restaurant","Chinese, Asian, Buffets, Dim Sum, Vietnamese, Pickup, Takeout","2001 Jefferson St, Houston, TX 77003, USA","Houston","2022-11-07 21:13:25.0000000"
"MENU_001446","REST_00112","Lunch Curry Chicken","","4.60264015197754","","","Lunch Chicken/Pork Combination","$11.95","Kim Son Restaurant","Chinese, Asian, Buffets, Dim Sum, Vietnamese, Pickup, Takeout","2001 Jefferson St, Houston, TX 77003, USA","Houston","2022-11-07 21:13:25.0000000"
"MENU_001447","REST_00112","Lunch Deluxe Tofu","","4.60264015197754","","","Lunch Veggies Combination","$11.95","Kim Son Restaurant","Chinese, Asian, Buffets, Dim Sum, Vietnamese, Pickup, Takeout","2001 Jefferson St, Houston, TX 77003, USA","Houston","2022-11-07 21:13:25.0000000"
"MENU_001448","REST_00112","Lunch Eye Round Pho","","4.60264015197754","","","Lunch Soup & Salad","$11.95","Kim Son Restaurant","Chinese, Asian, Buffets, Dim Sum, Vietnamese, Pickup, Takeout","2001 Jefferson St, Houston, TX 77003, USA","Houston","2022-11-07 21:13:25.0000000"
"MENU_001449","REST_00112","Lunch General Tso Tofu","","4.60264015197754","","","Lunch Veggies Combination","$11.95","Kim Son Restaurant","Chinese, Asian, Buffets, Dim Sum, Vietnamese, Pickup, Takeout","2001 Jefferson St, Houston, TX 77003, USA","Houston","2022-11-07 21:13:25.0000000"
"MENU_001450","REST_00112","Lunch General Tso's Chicken","","4.60264015197754","","","Lunch Chicken/Pork Combination","$11.95","Kim Son Restaurant","Chinese, Asian, Buffets, Dim Sum, Vietnamese, Pickup, Takeout","2001 Jefferson St, Houston, TX 77003, USA","Houston","2022-11-07 21:13:25.0000000"
"MENU_001451","REST_00112","Lunch General Tso's Shrimp","","4.60264015197754","","","Lunch Shrimp Combination","$13.95","Kim Son Restaurant","Chinese, Asian, Buffets, Dim Sum, Vietnamese, Pickup, Takeout","2001 Jefferson St, Houston, TX 77003, USA","Houston","2022-11-07 21:13:25.0000000"
"MENU_001452","REST_00112","Lunch Ginger Salad","","4.60264015197754","","","Lunch Soup & Salad","$6.25","Kim Son Restaurant","Chinese, Asian, Buffets, Dim Sum, Vietnamese, Pickup, Takeout","2001 Jefferson St, Houston, TX 77003, USA","Houston","2022-11-07 21:13:25.0000000"
"MENU_001453","REST_00112","Lunch Grill Chicken & Beef Combo","","4.60264015197754","","","Lunch Deluxe Daily Platter","$12.95","Kim Son Restaurant","Chinese, Asian, Buffets, Dim Sum, Vietnamese, Pickup, Takeout","2001 Jefferson St, Houston, TX 77003, USA","Houston","2022-11-07 21:13:25.0000000"
"MENU_001454","REST_00112","Lunch Grill Chicken & Shrimp Combo","","4.60264015197754","","","Lunch Deluxe Daily Platter","$13.95","Kim Son Restaurant","Chinese, Asian, Buffets, Dim Sum, Vietnamese, Pickup, Takeout","2001 Jefferson St, Houston, TX 77003, USA","Houston","2022-11-07 21:13:25.0000000"
"MENU_001455","REST_00112","Lunch Grill Honey Glazed Pork Vermicelli","","4.60264015197754","","","Lunch Deluxe Daily Platter","$10.75","Kim Son Restaurant","Chinese, Asian, Buffets, Dim Sum, Vietnamese, Pickup, Takeout","2001 Jefferson St, Houston, TX 77003, USA","Houston","2022-11-07 21:13:25.0000000"
"MENU_001456","REST_00112","Lunch Grill Lemongrass Chicken Vermicelli","","4.60264015197754","","","Lunch Deluxe Daily Platter","$11.95","Kim Son Restaurant","Chinese, Asian, Buffets, Dim Sum, Vietnamese, Pickup, Takeout","2001 Jefferson St, Houston, TX 77003, USA","Houston","2022-11-07 21:13:25.0000000"
"MENU_001457","REST_00112","Lunch Grilled Beef Salad","","4.60264015197754","","","Lunch Soup & Salad","$14.95","Kim Son Restaurant","Chinese, Asian, Buffets, Dim Sum, Vietnamese, Pickup, Takeout","2001 Jefferson St, Houston, TX 77003, USA","Houston","2022-11-07 21:13:25.0000000"
"MENU_001458","REST_00112","Lunch Grilled Chicken Salad","","4.60264015197754","","","Lunch Soup & Salad","$13.95","Kim Son Restaurant","Chinese, Asian, Buffets, Dim Sum, Vietnamese, Pickup, Takeout","2001 Jefferson St, Houston, TX 77003, USA","Houston","2022-11-07 21:13:25.0000000"
"MENU_001459","REST_00112","Lunch Grilled Shrimp & Beef Combo","","4.60264015197754","","","Lunch Deluxe Daily Platter","$14.50","Kim Son Restaurant","Chinese, Asian, Buffets, Dim Sum, Vietnamese, Pickup, Takeout","2001 Jefferson St, Houston, TX 77003, USA","Houston","2022-11-07 21:13:25.0000000"
"MENU_001460","REST_00112","Lunch Hong Kong Noodle","","4.60264015197754","","","Lunch Deluxe Daily Platter","$17.50","Kim Son Restaurant","Chinese, Asian, Buffets, Dim Sum, Vietnamese, Pickup, Takeout","2001 Jefferson St, Houston, TX 77003, USA","Houston","2022-11-07 21:13:25.0000000"
"MENU_001461","REST_00112","Lunch Hunan Beef","","4.60264015197754","","","Lunch Beef Combination","$12.95","Kim Son Restaurant","Chinese, Asian, Buffets, Dim Sum, Vietnamese, Pickup, Takeout","2001 Jefferson St, Houston, TX 77003, USA","Houston","2022-11-07 21:13:25.0000000"
"MENU_001462","REST_00112","Lunch Hunan Chicken","","4.60264015197754","","","Lunch Chicken/Pork Combination","$11.95","Kim Son Restaurant","Chinese, Asian, Buffets, Dim Sum, Vietnamese, Pickup, Takeout","2001 Jefferson St, Houston, TX 77003, USA","Houston","2022-11-07 21:13:25.0000000"
"MENU_001463","REST_00112","Lunch Hunan Shrimp","","4.60264015197754","","","Lunch Shrimp Combination","$13.95","Kim Son Restaurant","Chinese, Asian, Buffets, Dim Sum, Vietnamese, Pickup, Takeout","2001 Jefferson St, Houston, TX 77003, USA","Houston","2022-11-07 21:13:25.0000000"
"MENU_001464","REST_00112","Lunch Hunan Veggies","","4.60264015197754","","","Lunch Veggies Combination","$11.95","Kim Son Restaurant","Chinese, Asian, Buffets, Dim Sum, Vietnamese, Pickup, Takeout","2001 Jefferson St, Houston, TX 77003, USA","Houston","2022-11-07 21:13:25.0000000"
"MENU_001465","REST_00112","Lunch Killer Combo","","4.60264015197754","","","Lunch Deluxe Daily Platter","$17.95","Kim Son Restaurant","Chinese, Asian, Buffets, Dim Sum, Vietnamese, Pickup, Takeout","2001 Jefferson St, Houston, TX 77003, USA","Houston","2022-11-07 21:13:25.0000000"
"MENU_001466","REST_00112","Lunch Kung Pao Chicken","","4.60264015197754","","","Lunch Chicken/Pork Combination","$11.95","Kim Son Restaurant","Chinese, Asian, Buffets, Dim Sum, Vietnamese, Pickup, Takeout","2001 Jefferson St, Houston, TX 77003, USA","Houston","2022-11-07 21:13:25.0000000"
"MENU_001467","REST_00112","Lunch Kung Pao Shrimp","","4.60264015197754","","","Lunch Shrimp Combination","$13.95","Kim Son Restaurant","Chinese, Asian, Buffets, Dim Sum, Vietnamese, Pickup, Takeout","2001 Jefferson St, Houston, TX 77003, USA","Houston","2022-11-07 21:13:25.0000000"
"MENU_001468","REST_00112","Lunch Mama La's Deluxe Combo","","4.60264015197754","","","Lunch Deluxe Daily Platter","$17.95","Kim Son Restaurant","Chinese, Asian, Buffets, Dim Sum, Vietnamese, Pickup, Takeout","2001 Jefferson St, Houston, TX 77003, USA","Houston","2022-11-07 21:13:25.0000000"
"MENU_001469","REST_00112","Lunch Moo Goo Gai Pan","","4.60264015197754","","","Lunch Chicken/Pork Combination","$11.95","Kim Son Restaurant","Chinese, Asian, Buffets, Dim Sum, Vietnamese, Pickup, Takeout","2001 Jefferson St, Houston, TX 77003, USA","Houston","2022-11-07 21:13:25.0000000"
"MENU_001470","REST_00112","Lunch Pad Thai Noodles","","4.60264015197754","","","Lunch Deluxe Daily Platter","$13.95","Kim Son Restaurant","Chinese, Asian, Buffets, Dim Sum, Vietnamese, Pickup, Takeout","2001 Jefferson St, Houston, TX 77003, USA","Houston","2022-11-07 21:13:25.0000000"
"MENU_001471","REST_00112","Lunch Pepper Chicken","","4.60264015197754","","","Lunch Chicken/Pork Combination","$11.95","Kim Son Restaurant","Chinese, Asian, Buffets, Dim Sum, Vietnamese, Pickup, Takeout","2001 Jefferson St, Houston, TX 77003, USA","Houston","2022-11-07 21:13:25.0000000"
"MENU_001472","REST_00112","Lunch Pepper Steak","","4.60264015197754","","","Lunch Beef Combination","$12.95","Kim Son Restaurant","Chinese, Asian, Buffets, Dim Sum, Vietnamese, Pickup, Takeout","2001 Jefferson St, Houston, TX 77003, USA","Houston","2022-11-07 21:13:25.0000000"
"MENU_001473","REST_00112","Lunch Pork Lomein","","4.60264015197754","","","Lunch Chicken/Pork Combination","$12.95","Kim Son Restaurant","Chinese, Asian, Buffets, Dim Sum, Vietnamese, Pickup, Takeout","2001 Jefferson St, Houston, TX 77003, USA","Houston","2022-11-07 21:13:25.0000000"
"MENU_001474","REST_00112","Lunch Saigon Egg Noodle Soup","","4.60264015197754","","","Lunch Soup & Salad","$13.25","Kim Son Restaurant","Chinese, Asian, Buffets, Dim Sum, Vietnamese, Pickup, Takeout","2001 Jefferson St, Houston, TX 77003, USA","Houston","2022-11-07 21:13:25.0000000"
"MENU_001475","REST_00112","Lunch Sesame Chicken","","4.60264015197754","","","Lunch Chicken/Pork Combination","$11.95","Kim Son Restaurant","Chinese, Asian, Buffets, Dim Sum, Vietnamese, Pickup, Takeout","2001 Jefferson St, Houston, TX 77003, USA","Houston","2022-11-07 21:13:25.0000000"
"MENU_001476","REST_00112","Lunch Sesame Shrimp","","4.60264015197754","","","Lunch Shrimp Combination","$13.95","Kim Son Restaurant","Chinese, Asian, Buffets, Dim Sum, Vietnamese, Pickup, Takeout","2001 Jefferson St, Houston, TX 77003, USA","Houston","2022-11-07 21:13:25.0000000"
"MENU_001477","REST_00112","Lunch Shrimp & Lobster Sauce","","4.60264015197754","","","Lunch Shrimp Combination","$13.95","Kim Son Restaurant","Chinese, Asian, Buffets, Dim Sum, Vietnamese, Pickup, Takeout","2001 Jefferson St, Houston, TX 77003, USA","Houston","2022-11-07 21:13:25.0000000"
"MENU_001478","REST_00112","Lunch Shrimp & Snow Pea","","4.60264015197754","","","Lunch Shrimp Combination","$13.95","Kim Son Restaurant","Chinese, Asian, Buffets, Dim Sum, Vietnamese, Pickup, Takeout","2001 Jefferson St, Houston, TX 77003, USA","Houston","2022-11-07 21:13:25.0000000"
"MENU_001479","REST_00112","Lunch Shrimp & Vegetables","","4.60264015197754","","","Lunch Shrimp Combination","$13.95","Kim Son Restaurant","Chinese, Asian, Buffets, Dim Sum, Vietnamese, Pickup, Takeout","2001 Jefferson St, Houston, TX 77003, USA","Houston","2022-11-07 21:13:25.0000000"
"MENU_001480","REST_00112","Lunch Shrimp Lo-Mein","","4.60264015197754","","","Lunch Shrimp Combination","$14.50","Kim Son Restaurant","Chinese, Asian, Buffets, Dim Sum, Vietnamese, Pickup, Takeout","2001 Jefferson St, Houston, TX 77003, USA","Houston","2022-11-07 21:13:25.0000000"
"MENU_001481","REST_00112","Lunch Singapore Noodle","","4.60264015197754","","","Lunch Deluxe Daily Platter","$14.95","Kim Son Restaurant","Chinese, Asian, Buffets, Dim Sum, Vietnamese, Pickup, Takeout","2001 Jefferson St, Houston, TX 77003, USA","Houston","2022-11-07 21:13:25.0000000"
"MENU_001482","REST_00112","Lunch Sweet & Sour Chicken","","4.60264015197754","","","Lunch Chicken/Pork Combination","$11.95","Kim Son Restaurant","Chinese, Asian, Buffets, Dim Sum, Vietnamese, Pickup, Takeout","2001 Jefferson St, Houston, TX 77003, USA","Houston","2022-11-07 21:13:25.0000000"
"MENU_001483","REST_00112","Lunch Veggie Lomein","","4.60264015197754","","","Lunch Veggies Combination","$12.95","Kim Son Restaurant","Chinese, Asian, Buffets, Dim Sum, Vietnamese, Pickup, Takeout","2001 Jefferson St, Houston, TX 77003, USA","Houston","2022-11-07 21:13:25.0000000"
"MENU_001484","REST_00112","Shrimp & Pork Spring Rolls","","4.60264015197754","","","Lunch Appetizers","$10.50","Kim Son Restaurant","Chinese, Asian, Buffets, Dim Sum, Vietnamese, Pickup, Takeout","2001 Jefferson St, Houston, TX 77003, USA","Houston","2022-11-07 21:13:25.0000000"
"MENU_001485","REST_00112","Veggie Egg Roll","","4.60264015197754","","","Lunch Appetizers","$11.95","Kim Son Restaurant","Chinese, Asian, Buffets, Dim Sum, Vietnamese, Pickup, Takeout","2001 Jefferson St, Houston, TX 77003, USA","Houston","2022-11-07 21:13:25.0000000"
"MENU_001486","REST_00112","Veggie Spring Roll","","4.60264015197754","","","Lunch Appetizers","$10.50","Kim Son Restaurant","Chinese, Asian, Buffets, Dim Sum, Vietnamese, Pickup, Takeout","2001 Jefferson St, Houston, TX 77003, USA","Houston","2022-11-07 21:13:25.0000000"
"MENU_001487","REST_00112","Vietnamese Egg Roll","","4.60264015197754","","","Lunch Appetizers","$11.95","Kim Son Restaurant","Chinese, Asian, Buffets, Dim Sum, Vietnamese, Pickup, Takeout","2001 Jefferson St, Houston, TX 77003, USA","Houston","2022-11-07 21:13:25.0000000"
"MENU_001488","REST_00113","Lamb","","4.74624919891357","","","Masala Dosa","$32.00","Kiran's","Traditional Indian Cuisine","2925 Richmond Ave, Houston, TX 77098, USA","Houston","2022-11-07 21:15:17.0000000"
"MENU_001489","REST_00113","Paneer","","4.74624919891357","","","Masala Dosa","$28.00","Kiran's","Traditional Indian Cuisine","2925 Richmond Ave, Houston, TX 77098, USA","Houston","2022-11-07 21:15:17.0000000"
"MENU_001490","REST_00114","Cinnamon Rolls","Our kolache dough rolled over brown sugar and cinnamon filling, topped with homemade icing.","4.7914719581604","","","Sweets","$2.89","Kolache Shoppe","Dessert, Breakfast, Pickup, Sweets, Coffee, Takeout, Lunch","3945 Richmond Ave, Houston, TX 77027, USA","Houston","2022-10-30 15:05:02.0000000"
"MENU_001491","REST_00114","Pinkerton's Brisket","Slow-smoked, prime-grade brisket from local Pinkerton's BBQ, coupled with tangy BBQ sauce.","4.7914719581604","","","Savory","$5.10","Kolache Shoppe","Dessert, Breakfast, Pickup, Sweets, Coffee, Takeout, Lunch","3945 Richmond Ave, Houston, TX 77027, USA","Houston","2022-10-30 15:05:02.0000000"
"MENU_001492","REST_00114","Venison Smoked Sausage","Classic smoked venison & pork sausage from Prasek's Hillje Smokehouse.","4.7914719581604","","","Savory","$3.25","Kolache Shoppe","Dessert, Breakfast, Pickup, Sweets, Coffee, Takeout, Lunch","3945 Richmond Ave, Houston, TX 77027, USA","Houston","2022-10-30 15:05:02.0000000"
"MENU_001493","REST_00115","BREAKFAST Coffee","100% Single Origin. Medium Roast. Semi-Sweet, chocolate, cinnamon, sugar cane.","4.26522302627563","","","Drinks Sin Alcohol","$2.99","La Calle Tacos","Takeout, Tacos, Breakfast, Pickup, Lunch, Mexican, Sandwich","La Calle, 909 Franklin St, Houston, TX 77002, USA","Houston","2022-10-30 15:03:51.0000000"
"MENU_001494","REST_00115","BREAKFAST Coffee with Horchata",". Not only does the drink offer up a milky element, it balances out the bitter coffee flavor with its cinnamon and vanilla flavor.","4.26522302627563","","","Drinks Sin Alcohol","$3.99","La Calle Tacos","Takeout, Tacos, Breakfast, Pickup, Lunch, Mexican, Sandwich","La Calle, 909 Franklin St, Houston, TX 77002, USA","Houston","2022-10-30 15:03:51.0000000"
"MENU_001495","REST_00115","BY THE Pound (1lb Aprox 3 people)","1 pound of the meat of your choice, includes, red and green salsas, limes, cilantro, onions, Yellow Corn tortillas, Birria Consome, disposables for 3 people 3 discount coupons.1 Pound of Meat16 Tortillas4 oz Salsa Verde4 oz Salsa Roja4 oz Cebolla4 oz Cilantro6 Limes3 Paper Boats2 Spoons2 Forks10 Napkins3 Coupons Free Tacos","4.26522302627563","","","Packs","$26.99","La Calle Tacos","Takeout, Tacos, Breakfast, Pickup, Lunch, Mexican, Sandwich","La Calle, 909 Franklin St, Houston, TX 77002, USA","Houston","2022-10-30 15:03:51.0000000"
"MENU_001496","REST_00115","BY THE Pound (5lb Aprox 15 People)","Package for 15 people that includes 5 pounds of the meat of your preference where you can choose 1 of your favorite flavor, includes, red and green sauces, lemons, cilantro onion, tortillas, disposable for 30 people and 30 discount Coupons.10 Libras (Escoger 2  Proteinas 5 LB)3 Paquetes de Tortillas1 Bowl 32 oz Salsa Verde1 Bowl 32  oz Salsa Roja1 Bowl 32 oz Cebolla1 Bowl 32 oz Cilantro10 Limones30 Paper Boats2 Cucharas4 Tenedores1/3 Paquete de Servilletas30 Cupones Free Tacos","4.26522302627563","","","Packs","$129.99","La Calle Tacos","Takeout, Tacos, Breakfast, Pickup, Lunch, Mexican, Sandwich","La Calle, 909 Franklin St, Houston, TX 77002, USA","Houston","2022-10-30 15:03:51.0000000"
"MENU_001497","REST_00115","BY THE Sampler","Not sure what to get? Try the Super Sampler which features our traditional Street tacos, Gringo tacos and our crunchy \Tostadas\"". 2 Street Tacos (1 Asada & 1 Pastor) 1 Gringo Taco (Chicken) 2 Tostadas (1 Shrimp Ceviche & 1 Chorizo con Papa)""","4.26522302627563","","","Tacos & Mas","$13.99","La Calle Tacos","Takeout, Tacos, Breakfast, Pickup, Lunch, Mexican, Sandwich","La Calle, 909 Franklin St, Houston, TX 77002, USA","Houston","2022-10-30 15:03:51.0000000"
"MENU_001498","REST_00115","BY THE Taco (20 Street Taco)","Great shareable option for 2 or 3 people. 20 Street Tacos. A great variety of our traditional \chilango\"" tacos on yellow corn tortillas. Choose up to 4 meats.""","4.26522302627563","","","Packs","$34.99","La Calle Tacos","Takeout, Tacos, Breakfast, Pickup, Lunch, Mexican, Sandwich","La Calle, 909 Franklin St, Houston, TX 77002, USA","Houston","2022-10-30 15:03:51.0000000"
"MENU_001499","REST_00115","BY THE Taco (50 Street Tacos)","Package of 50 individually wrapped Tacos where you can choose 5 of your favorite meat, includes red and green salsas, limes, cilantro, onion and disposables for 10 people and 10 discount Coupons.50 Tacos Individuales (Escoger 5 proteinas 10 tacos cada Proteina)1 8 oz Salsa Verde1 8 oz Salsa Roja1 8 oz Cebolla1 8 oz Cilantro5 Limones32oz. Birria Consome10 Paper Boats2 Cucharas4 Tenedores30 Servilletas10 Cupones Free Tacos","4.26522302627563","","","Packs","$87.50","La Calle Tacos","Takeout, Tacos, Breakfast, Pickup, Lunch, Mexican, Sandwich","La Calle, 909 Franklin St, Houston, TX 77002, USA","Houston","2022-10-30 15:03:51.0000000"
"MENU_001500","REST_00115","CHESCO Red Bull","Red Bull Energy Drink is appreciated worldwide by top athletes, busy professionals, college students and travelers on long journeys.","4.26522302627563","","","Drinks Sin Alcohol","$4.99","La Calle Tacos","Takeout, Tacos, Breakfast, Pickup, Lunch, Mexican, Sandwich","La Calle, 909 Franklin St, Houston, TX 77002, USA","Houston","2022-10-30 15:03:51.0000000"
"MENU_001501","REST_00115","CHESCO Water Bottle","Are you feeling healthy?","4.26522302627563","","","Drinks Sin Alcohol","$1.95","La Calle Tacos","Takeout, Tacos, Breakfast, Pickup, Lunch, Mexican, Sandwich","La Calle, 909 Franklin St, Houston, TX 77002, USA","Houston","2022-10-30 15:03:51.0000000"
"MENU_001502","REST_00115","DESSERT Arroz con Leche","One of the most iconic deserts around.","4.26522302627563","","","Desserts","$7.99","La Calle Tacos","Takeout, Tacos, Breakfast, Pickup, Lunch, Mexican, Sandwich","La Calle, 909 Franklin St, Houston, TX 77002, USA","Houston","2022-10-30 15:03:51.0000000"
"MENU_001503","REST_00115","DESSERT Flan","Home made cream cheese flan with delicious caramel on top.","4.26522302627563","","","Desserts","$7.99","La Calle Tacos","Takeout, Tacos, Breakfast, Pickup, Lunch, Mexican, Sandwich","La Calle, 909 Franklin St, Houston, TX 77002, USA","Houston","2022-10-30 15:03:51.0000000"
"MENU_001504","REST_00115","FOUNTAIN Drinks","We have a good variety of fountain drinks","4.26522302627563","","","Drinks Sin Alcohol","$2.99","La Calle Tacos","Takeout, Tacos, Breakfast, Pickup, Lunch, Mexican, Sandwich","La Calle, 909 Franklin St, Houston, TX 77002, USA","Houston","2022-10-30 15:03:51.0000000"
"MENU_001505","REST_00115","Gringos ( 3 FLOUR TORTILLA)","3 large handmade flour tortillas served with your choice of meats. Made with Chorizo Beans,Lettuce, Pico, Sour cream and Yellow cheddar cheese and your choice of green or red salsa.","4.26522302627563","","","Tacos & Mas","$14.99","La Calle Tacos","Takeout, Tacos, Breakfast, Pickup, Lunch, Mexican, Sandwich","La Calle, 909 Franklin St, Houston, TX 77002, USA","Houston","2022-10-30 15:03:51.0000000"
"MENU_001506","REST_00115","MICHELADA Virgin","Soda water. Made with our exclusive spicy Michelada Mix, with a rim of chamoy and tajin.","4.26522302627563","","","Drinks Sin Alcohol","$3.99","La Calle Tacos","Takeout, Tacos, Breakfast, Pickup, Lunch, Mexican, Sandwich","La Calle, 909 Franklin St, Houston, TX 77002, USA","Houston","2022-10-30 15:03:51.0000000"
"MENU_001507","REST_00115","Platos","Pretty simple, The meat of your choice with Lettuce, Tomatoes, Onions and Pico on the side. Acompanied with Chorizo beans and 3 corn tortillas.","4.26522302627563","","","Tacos & Mas","$12.99","La Calle Tacos","Takeout, Tacos, Breakfast, Pickup, Lunch, Mexican, Sandwich","La Calle, 909 Franklin St, Houston, TX 77002, USA","Houston","2022-10-30 15:03:51.0000000"
"MENU_001508","REST_00115","Quesa-Birria","Crunchy Tortillas with our 18 hour roasted Birria meat, melted queso chihuahua, onion, cilantro and of course a side of consomé to dip'em it and sip it.","4.26522302627563","","","Tacos & Mas","$16.99","La Calle Tacos","Takeout, Tacos, Breakfast, Pickup, Lunch, Mexican, Sandwich","La Calle, 909 Franklin St, Houston, TX 77002, USA","Houston","2022-10-30 15:03:51.0000000"
"MENU_001509","REST_00115","Street TACOS ( 5 CORN TORTILLA)","5 small yellow corn tortillas served with your choice of meats. Accompanied with onion, cilantro, limes and your chioice of green or red salsa. Served with a little side of spicy Birria to dip in or sip!","4.26522302627563","","","Tacos & Mas","$12.99","La Calle Tacos","Takeout, Tacos, Breakfast, Pickup, Lunch, Mexican, Sandwich","La Calle, 909 Franklin St, Houston, TX 77002, USA","Houston","2022-10-30 15:03:51.0000000"
"MENU_001510","REST_00115","TORTA-Birria","Telera bread Drenched in consome and toasted, with our 18 hour roasted Birria meat, melted queso chihuahua, chorizo beans, onion, cilantro and of course a side of consomé to dip it and sip it.","4.26522302627563","","","Tacos & Mas","$13.99","La Calle Tacos","Takeout, Tacos, Breakfast, Pickup, Lunch, Mexican, Sandwich","La Calle, 909 Franklin St, Houston, TX 77002, USA","Houston","2022-10-30 15:03:51.0000000"
"MENU_001511","REST_00116","Beignets","The perfect way to end your epic meal at your LA Crawfish! Crisp, golden, and a fluffy center. Our special take on traditional beignets dusted with powdered sugar and condensed milk drizzle.","4.49779605865479","","","SIDES & MORE","$7.49","LA Crawfish","Pickup, Pho, Takeout, Seafood","3957 Richmond Ave, Houston, TX 77027, USA","Houston","2022-11-07 21:20:36.0000000"
"MENU_001512","REST_00116","Sweet Corn","Mini ear corn-on-the-cob that are just so plump, sweet and ever so delicious! Let our special sauces fill the tight spaces between those juicy kernels for some of the most flavor blasting bites of corn you’ll ever eat guaranteed!","4.4971342086792","","","BOILED SEAFOOD","$1.11","LA Crawfish","Pickup, Pho, Takeout, Seafood","3957 Richmond Ave, Houston, TX 77027, USA","Houston","2022-10-30 15:15:51.0000000"
"MENU_001513","REST_00117","Queso Flameado Fajita","Beef or chicken fajita covered in spicy ranchero sauce and smothered with melted Monterey jack.","0","","","Quesos Flameados","$19.90","La fiesta resturant & cantina","La fiesta resturant & cantina","9427 Katy Freeway Service Road, Houston, TX 77007, USA","Houston","2022-10-30 15:35:20.0000000"
"MENU_001514","REST_00118","Country Potato","Our creamy potato soupe accented with leeks and onions. Garnished with cheddar cheese and chopped bacon.","4.65221118927002","","","Salades & Soupes","$6.58","La Madeleine French Bakery & Cafe","Lunch, French, Dessert, Bakery, Cafes, Breakfast, Sweets, Modern European","la Madeleine French Bakery & Cafe Sawyer Heights, 2423 Katy Fwy Suite E, Houston, TX 77007, USA","Houston","2022-10-30 15:08:58.0000000"
"MENU_001515","REST_00118","Country Potato Soupe","Our creamy potato soupe accented with leeks and onions. Garnished with cheddar cheese and chopped bacon.","4.65221118927002","","","Salades & Soupes","$6.58","La Madeleine French Bakery & Cafe","Lunch, French, Dessert, Bakery, Cafes, Breakfast, Sweets, Modern European","la Madeleine French Bakery & Cafe Sawyer Heights, 2423 Katy Fwy Suite E, Houston, TX 77007, USA","Houston","2022-10-30 15:08:58.0000000"
"MENU_001516","REST_00118","Strawberries Romanoff","Fresh strawberries topped with sweet Romanoff cream. ","4.65221118927002","","","Salades & Soupes","$5.23","La Madeleine French Bakery & Cafe","Lunch, French, Dessert, Bakery, Cafes, Breakfast, Sweets, Modern European","la Madeleine French Bakery & Cafe Sawyer Heights, 2423 Katy Fwy Suite E, Houston, TX 77007, USA","Houston","2022-10-30 15:08:58.0000000"
"MENU_001517","REST_00118","Tomato Basil Pesto Salade","Penne pasta with sun-dried tomato pesto, fresh basil, green onions, tomatoes and Parmesan.","4.65221118927002","","","Salades & Soupes","$5.23","La Madeleine French Bakery & Cafe","Lunch, French, Dessert, Bakery, Cafes, Breakfast, Sweets, Modern European","la Madeleine French Bakery & Cafe Sawyer Heights, 2423 Katy Fwy Suite E, Houston, TX 77007, USA","Houston","2022-10-30 15:08:58.0000000"
"MENU_001518","REST_00118","Tomato Basil Soupe","Our signature soupe – a hearty cream based vegetarian (not vegan) soupe made with juicy, vine ripened tomatoes, fresh cream, and fresh basil. ","4.65221118927002","","","Salades & Soupes","$6.58","La Madeleine French Bakery & Cafe","Lunch, French, Dessert, Bakery, Cafes, Breakfast, Sweets, Modern European","la Madeleine French Bakery & Cafe Sawyer Heights, 2423 Katy Fwy Suite E, Houston, TX 77007, USA","Houston","2022-10-30 15:08:58.0000000"
"MENU_001519","REST_00119","A&W Cream Soda 20oz","","4.20552682876587","","","Sodas","$2.49","Laredo Taco Company","Convenience, Snacks, Ice Cream, Grocery, Breakfast, Lunch, Enchiladas, Carnitas, Barbacoa, Tacos, Nachos","4615 San Jacinto St, Houston, TX 77004, USA","Houston","2022-11-07 21:14:53.0000000"
"MENU_001520","REST_00119","A&W Root Beer 20oz","","4.20552682876587","","","Sodas","$2.49","Laredo Taco Company","Convenience, Snacks, Ice Cream, Grocery, Breakfast, Lunch, Enchiladas, Carnitas, Barbacoa, Tacos, Nachos","4615 San Jacinto St, Houston, TX 77004, USA","Houston","2022-11-07 21:14:53.0000000"
"MENU_001521","REST_00119","Big Blue 20oz","","4.20552682876587","","","Sodas","$2.49","Laredo Taco Company","Convenience, Snacks, Ice Cream, Grocery, Breakfast, Lunch, Enchiladas, Carnitas, Barbacoa, Tacos, Nachos","4615 San Jacinto St, Houston, TX 77004, USA","Houston","2022-11-07 21:14:53.0000000"
"MENU_001522","REST_00119","Canada Dry Ginger Ale 20oz","","4.20552682876587","","","Sodas","$2.49","Laredo Taco Company","Convenience, Snacks, Ice Cream, Grocery, Breakfast, Lunch, Enchiladas, Carnitas, Barbacoa, Tacos, Nachos","4615 San Jacinto St, Houston, TX 77004, USA","Houston","2022-11-07 21:14:53.0000000"
"MENU_001523","REST_00119","Coke 12 Pack 12oz","","4.20552682876587","","","Sodas","$8.99","Laredo Taco Company","Convenience, Snacks, Ice Cream, Grocery, Breakfast, Lunch, Enchiladas, Carnitas, Barbacoa, Tacos, Nachos","4615 San Jacinto St, Houston, TX 77004, USA","Houston","2022-11-07 21:14:53.0000000"
"MENU_001524","REST_00119","Coke 20oz","","4.20552682876587","","","Sodas","$2.49","Laredo Taco Company","Convenience, Snacks, Ice Cream, Grocery, Breakfast, Lunch, Enchiladas, Carnitas, Barbacoa, Tacos, Nachos","4615 San Jacinto St, Houston, TX 77004, USA","Houston","2022-11-07 21:14:53.0000000"
"MENU_001525","REST_00119","Coke Cherry 20oz","","4.20552682876587","","","Sodas","$2.49","Laredo Taco Company","Convenience, Snacks, Ice Cream, Grocery, Breakfast, Lunch, Enchiladas, Carnitas, Barbacoa, Tacos, Nachos","4615 San Jacinto St, Houston, TX 77004, USA","Houston","2022-11-07 21:14:53.0000000"
"MENU_001526","REST_00119","Coke Zero 20oz","","4.20552682876587","","","Sodas","$2.49","Laredo Taco Company","Convenience, Snacks, Ice Cream, Grocery, Breakfast, Lunch, Enchiladas, Carnitas, Barbacoa, Tacos, Nachos","4615 San Jacinto St, Houston, TX 77004, USA","Houston","2022-11-07 21:14:53.0000000"
"MENU_001527","REST_00119","Cool Blue Gatorade (28oz)","","4.20552682876587","","","Sports Drinks","$2.99","Laredo Taco Company","Convenience, Snacks, Ice Cream, Grocery, Breakfast, Lunch, Enchiladas, Carnitas, Barbacoa, Tacos, Nachos","4615 San Jacinto St, Houston, TX 77004, USA","Houston","2022-11-07 21:14:53.0000000"
"MENU_001528","REST_00119","Diet Coke 20oz","","4.20552682876587","","","Sodas","$2.49","Laredo Taco Company","Convenience, Snacks, Ice Cream, Grocery, Breakfast, Lunch, Enchiladas, Carnitas, Barbacoa, Tacos, Nachos","4615 San Jacinto St, Houston, TX 77004, USA","Houston","2022-11-07 21:14:53.0000000"
"MENU_001529","REST_00119","Diet Dr Pepper 20oz","","4.20552682876587","","","Sodas","$2.49","Laredo Taco Company","Convenience, Snacks, Ice Cream, Grocery, Breakfast, Lunch, Enchiladas, Carnitas, Barbacoa, Tacos, Nachos","4615 San Jacinto St, Houston, TX 77004, USA","Houston","2022-11-07 21:14:53.0000000"
"MENU_001530","REST_00119","Diet Mountain Dew 20oz","","4.20552682876587","","","Sodas","$2.49","Laredo Taco Company","Convenience, Snacks, Ice Cream, Grocery, Breakfast, Lunch, Enchiladas, Carnitas, Barbacoa, Tacos, Nachos","4615 San Jacinto St, Houston, TX 77004, USA","Houston","2022-11-07 21:14:53.0000000"
"MENU_001531","REST_00119","Dozen Tacos","Choose 12 of your favorite tacos.","4.20552682876587","","","Family Meals","$53.88","Laredo Taco Company","Convenience, Snacks, Ice Cream, Grocery, Breakfast, Lunch, Enchiladas, Carnitas, Barbacoa, Tacos, Nachos","4615 San Jacinto St, Houston, TX 77004, USA","Houston","2022-11-07 21:14:53.0000000"
"MENU_001532","REST_00119","Dr Pepper & Cream Soda 20z","","4.20552682876587","","","Sodas","$2.49","Laredo Taco Company","Convenience, Snacks, Ice Cream, Grocery, Breakfast, Lunch, Enchiladas, Carnitas, Barbacoa, Tacos, Nachos","4615 San Jacinto St, Houston, TX 77004, USA","Houston","2022-11-07 21:14:53.0000000"
"MENU_001533","REST_00119","Dr Pepper 12 Pack 12oz Can","","4.20552682876587","","","Sodas","$8.99","Laredo Taco Company","Convenience, Snacks, Ice Cream, Grocery, Breakfast, Lunch, Enchiladas, Carnitas, Barbacoa, Tacos, Nachos","4615 San Jacinto St, Houston, TX 77004, USA","Houston","2022-11-07 21:14:53.0000000"
"MENU_001534","REST_00119","Dr Pepper 20oz","","4.20552682876587","","","Sodas","$2.49","Laredo Taco Company","Convenience, Snacks, Ice Cream, Grocery, Breakfast, Lunch, Enchiladas, Carnitas, Barbacoa, Tacos, Nachos","4615 San Jacinto St, Houston, TX 77004, USA","Houston","2022-11-07 21:14:53.0000000"
"MENU_001535","REST_00119","Fanta Grape 20oz","","4.20552682876587","","","Sodas","$2.49","Laredo Taco Company","Convenience, Snacks, Ice Cream, Grocery, Breakfast, Lunch, Enchiladas, Carnitas, Barbacoa, Tacos, Nachos","4615 San Jacinto St, Houston, TX 77004, USA","Houston","2022-11-07 21:14:53.0000000"
"MENU_001536","REST_00119","Fanta Orange 20oz","","4.20552682876587","","","Sodas","$2.49","Laredo Taco Company","Convenience, Snacks, Ice Cream, Grocery, Breakfast, Lunch, Enchiladas, Carnitas, Barbacoa, Tacos, Nachos","4615 San Jacinto St, Houston, TX 77004, USA","Houston","2022-11-07 21:14:53.0000000"
"MENU_001537","REST_00119","Fanta Pina Colada 20oz","","4.20552682876587","","","Sodas","$2.49","Laredo Taco Company","Convenience, Snacks, Ice Cream, Grocery, Breakfast, Lunch, Enchiladas, Carnitas, Barbacoa, Tacos, Nachos","4615 San Jacinto St, Houston, TX 77004, USA","Houston","2022-11-07 21:14:53.0000000"
"MENU_001538","REST_00119","Fanta Pineapple 20oz","","4.20552682876587","","","Sodas","$2.49","Laredo Taco Company","Convenience, Snacks, Ice Cream, Grocery, Breakfast, Lunch, Enchiladas, Carnitas, Barbacoa, Tacos, Nachos","4615 San Jacinto St, Houston, TX 77004, USA","Houston","2022-11-07 21:14:53.0000000"
"MENU_001539","REST_00119","Fanta Strawberry 20oz","","4.20552682876587","","","Sodas","$2.49","Laredo Taco Company","Convenience, Snacks, Ice Cream, Grocery, Breakfast, Lunch, Enchiladas, Carnitas, Barbacoa, Tacos, Nachos","4615 San Jacinto St, Houston, TX 77004, USA","Houston","2022-11-07 21:14:53.0000000"
"MENU_001540","REST_00119","Fruit Punch Gatorade (28oz)","","4.20552682876587","","","Sports Drinks","$2.99","Laredo Taco Company","Convenience, Snacks, Ice Cream, Grocery, Breakfast, Lunch, Enchiladas, Carnitas, Barbacoa, Tacos, Nachos","4615 San Jacinto St, Houston, TX 77004, USA","Houston","2022-11-07 21:14:53.0000000"
"MENU_001541","REST_00119","Gatorade Cool Blue 28oz","","4.20552682876587","","","Gatorade","$2.99","Laredo Taco Company","Convenience, Snacks, Ice Cream, Grocery, Breakfast, Lunch, Enchiladas, Carnitas, Barbacoa, Tacos, Nachos","4615 San Jacinto St, Houston, TX 77004, USA","Houston","2022-11-07 21:14:53.0000000"
"MENU_001542","REST_00119","Gatorade Frost Glacier Freeze 28oz","","4.20552682876587","","","Gatorade","$2.99","Laredo Taco Company","Convenience, Snacks, Ice Cream, Grocery, Breakfast, Lunch, Enchiladas, Carnitas, Barbacoa, Tacos, Nachos","4615 San Jacinto St, Houston, TX 77004, USA","Houston","2022-11-07 21:14:53.0000000"
"MENU_001543","REST_00119","Gatorade Fruit Punch 28oz","","4.20552682876587","","","Gatorade","$2.99","Laredo Taco Company","Convenience, Snacks, Ice Cream, Grocery, Breakfast, Lunch, Enchiladas, Carnitas, Barbacoa, Tacos, Nachos","4615 San Jacinto St, Houston, TX 77004, USA","Houston","2022-11-07 21:14:53.0000000"
"MENU_001544","REST_00119","Gatorade Lemon Lime 28oz","","4.20552682876587","","","Gatorade","$2.99","Laredo Taco Company","Convenience, Snacks, Ice Cream, Grocery, Breakfast, Lunch, Enchiladas, Carnitas, Barbacoa, Tacos, Nachos","4615 San Jacinto St, Houston, TX 77004, USA","Houston","2022-11-07 21:14:53.0000000"
"MENU_001545","REST_00119","Gatorade Lime Cucumber 28oz","","4.20552682876587","","","Gatorade","$2.99","Laredo Taco Company","Convenience, Snacks, Ice Cream, Grocery, Breakfast, Lunch, Enchiladas, Carnitas, Barbacoa, Tacos, Nachos","4615 San Jacinto St, Houston, TX 77004, USA","Houston","2022-11-07 21:14:53.0000000"
"MENU_001546","REST_00119","Half Dozen Tacos","Choose 6 of your favorite tacos.","4.20552682876587","","","Family Meals","$26.94","Laredo Taco Company","Convenience, Snacks, Ice Cream, Grocery, Breakfast, Lunch, Enchiladas, Carnitas, Barbacoa, Tacos, Nachos","4615 San Jacinto St, Houston, TX 77004, USA","Houston","2022-11-07 21:14:53.0000000"
"MENU_001547","REST_00119","Lemon Lime Gatorade (28oz)","","4.20552682876587","","","Sports Drinks","$2.99","Laredo Taco Company","Convenience, Snacks, Ice Cream, Grocery, Breakfast, Lunch, Enchiladas, Carnitas, Barbacoa, Tacos, Nachos","4615 San Jacinto St, Houston, TX 77004, USA","Houston","2022-11-07 21:14:53.0000000"
"MENU_001548","REST_00119","Lime Cucumber Gatorade (28oz)","","4.20552682876587","","","Sports Drinks","$2.99","Laredo Taco Company","Convenience, Snacks, Ice Cream, Grocery, Breakfast, Lunch, Enchiladas, Carnitas, Barbacoa, Tacos, Nachos","4615 San Jacinto St, Houston, TX 77004, USA","Houston","2022-11-07 21:14:53.0000000"
"MENU_001549","REST_00119","Mountain Dew 20oz","","4.20552682876587","","","Sodas","$2.49","Laredo Taco Company","Convenience, Snacks, Ice Cream, Grocery, Breakfast, Lunch, Enchiladas, Carnitas, Barbacoa, Tacos, Nachos","4615 San Jacinto St, Houston, TX 77004, USA","Houston","2022-11-07 21:14:53.0000000"
"MENU_001550","REST_00119","Pepsi 20oz","","4.20552682876587","","","Sodas","$2.49","Laredo Taco Company","Convenience, Snacks, Ice Cream, Grocery, Breakfast, Lunch, Enchiladas, Carnitas, Barbacoa, Tacos, Nachos","4615 San Jacinto St, Houston, TX 77004, USA","Houston","2022-11-07 21:14:53.0000000"
"MENU_001551","REST_00119","Sprite 20oz","","4.20552682876587","","","Sodas","$2.49","Laredo Taco Company","Convenience, Snacks, Ice Cream, Grocery, Breakfast, Lunch, Enchiladas, Carnitas, Barbacoa, Tacos, Nachos","4615 San Jacinto St, Houston, TX 77004, USA","Houston","2022-11-07 21:14:53.0000000"
"MENU_001552","REST_00119","Sprite Diet Zero 20oz","","4.20552682876587","","","Sodas","$2.49","Laredo Taco Company","Convenience, Snacks, Ice Cream, Grocery, Breakfast, Lunch, Enchiladas, Carnitas, Barbacoa, Tacos, Nachos","4615 San Jacinto St, Houston, TX 77004, USA","Houston","2022-11-07 21:14:53.0000000"
"MENU_001553","REST_00119","Squirt 20oz","","4.20552682876587","","","Sodas","$2.49","Laredo Taco Company","Convenience, Snacks, Ice Cream, Grocery, Breakfast, Lunch, Enchiladas, Carnitas, Barbacoa, Tacos, Nachos","4615 San Jacinto St, Houston, TX 77004, USA","Houston","2022-11-07 21:14:53.0000000"
"MENU_001554","REST_00119","Torta","","4.20552682876587","","","Torta","$3.99","Laredo Taco Company","Convenience, Snacks, Ice Cream, Grocery, Breakfast, Lunch, Enchiladas, Carnitas, Barbacoa, Tacos, Nachos","4615 San Jacinto St, Houston, TX 77004, USA","Houston","2022-11-07 21:14:53.0000000"
"MENU_001555","REST_00120","Classic Meal Deal","Classic Pepperoni + 2-liter PEPSI® Cola product + Crazy Combo®","4.51582288742065","","","MEAL DEAL","$12.86","Little Caesars Pizza","Pizza, Deep Dish Pizza, Chicken Wings, Salads, Italian","6213 Lyons Ave #100, Houston, TX 77020, USA","Houston","2022-11-07 21:16:45.0000000"
"MENU_001556","REST_00120","Detroit-Style Deep Dish Cheese","Large Detroit-style deep dish pizza with Cheese  (2500 Cal)","4.51582288742065","","","DEEP!DEEP!™ DISH","$10.52","Little Caesars Pizza","Pizza, Deep Dish Pizza, Chicken Wings, Salads, Italian","6213 Lyons Ave #100, Houston, TX 77020, USA","Houston","2022-11-07 21:16:45.0000000"
"MENU_001557","REST_00120","Detroit-Style Deep Dish Meal Deal","Detroit-Style Deep Dish Pepperoni + 2-liter PEPSI-COLA® Product + Crazy Combo®","4.51582288742065","","","MEAL DEAL","$15.20","Little Caesars Pizza","Pizza, Deep Dish Pizza, Chicken Wings, Salads, Italian","6213 Lyons Ave #100, Houston, TX 77020, USA","Houston","2022-11-07 21:16:45.0000000"
"MENU_001558","REST_00120","Detroit-Style Deep Dish Pepperoni","Large Detroit-style deep dish pizza with Pepperoni (2770 Cal)","4.51582288742065","","","DEEP!DEEP!™ DISH","$10.52","Little Caesars Pizza","Pizza, Deep Dish Pizza, Chicken Wings, Salads, Italian","6213 Lyons Ave #100, Houston, TX 77020, USA","Houston","2022-11-07 21:16:45.0000000"
"MENU_001559","REST_00120","Old World Fanceroni Pepperoni™","A large Pepperoni pizza topped with over 100 crispy old world Pepperonis all the way to the edge and a crispy, caramelized crust","4.51582288742065","","","ROUND PIZZAS","$12.86","Little Caesars Pizza","Pizza, Deep Dish Pizza, Chicken Wings, Salads, Italian","6213 Lyons Ave #100, Houston, TX 77020, USA","Houston","2022-11-07 21:16:45.0000000"
"MENU_001560","REST_00121","Peach Cobbler","","0","","","Desserts","$5.99","Little New Orleans","Little New Orleans","1001 Texas St, Houston, TX 77002, USA","Houston","2022-10-30 15:15:22.0000000"
"MENU_001561","REST_00122","(512) Pecan Porter Bottle","Full body and malty sweetness are balanced with subtle pecan aroma and flavor from locally grown pecans. 6.2% ABV","4.88310480117798","","","Beer","$6.60","Local Foods","Sandwiches, Gluten-Free, American (Traditional)","Local Foods, 714 Yale St #1a, Houston, TX 77007, USA","Houston","2022-11-07 21:17:11.0000000"
"MENU_001562","REST_00122","Chablis, Jean Collet","Roman Collet is considered a top 5 producer in Chablis and this elegant and expressive wine is a quintessential example of what the chardonnay grape is capable of in the region of Chablis. This is a complex, yet easy-drinking wine that showcases beautiful notes of pear, red apple, white flowers, hazelnuts, all underlined by a fresh backbone of minerality. White burgundy is all about balance, this ain't your bottle of supermarket\ buttery\"" chard!!""","4.88386678695679","","","Wine","$39.25","Local Foods","Sandwiches, Gluten-Free, American (Traditional)","Local Foods, 714 Yale St #1a, Houston, TX 77007, USA","Houston","2022-10-30 15:21:32.0000000"
"MENU_001563","REST_00122","Chardonnay, Rombauer","Ripe peach, citrus fruits, spice, and pie crust aromas all mingle and lift from the glass. The citrus supported by notes of apricot continues onto the palate which is concentrated with a rich, creamy middle palate, and strong supporting acidity. The finish is long and marked with hints of vanilla. This wine will continue to build richness as it ages in the bottle.","4.88386678695679","","","Wine","$45.00","Local Foods","Sandwiches, Gluten-Free, American (Traditional)","Local Foods, 714 Yale St #1a, Houston, TX 77007, USA","Houston","2022-10-30 15:21:32.0000000"
"MENU_001564","REST_00122","Deep Eddy Grapefruit Vodka Soda","","4.88310480117798","","","Beer","$8.00","Local Foods","Sandwiches, Gluten-Free, American (Traditional)","Local Foods, 714 Yale St #1a, Houston, TX 77007, USA","Houston","2022-11-07 21:17:11.0000000"
"MENU_001565","REST_00122","Eureka Heights Somethin' Light Can","At 100 calories, these gloriously light, crispy boys are robust with flavor, not carbs, only 3 to be exact. Made for you and Texas’ hot summer nights.","4.88310480117798","","","Beer","$5.75","Local Foods","Sandwiches, Gluten-Free, American (Traditional)","Local Foods, 714 Yale St #1a, Houston, TX 77007, USA","Houston","2022-11-07 21:17:11.0000000"
"MENU_001566","REST_00122","Frost Town \Stein Gold\""""","You’re holding pure gold in beer form - a classic American light ale with a noble hop aroma and a crisp finish. Whether enjoyed in a stein or straight from the can, this beer always delivers refreshmentABV 5.1%IBU 19","4.88310480117798","","","Beer","$5.75","Local Foods","Sandwiches, Gluten-Free, American (Traditional)","Local Foods, 714 Yale St #1a, Houston, TX 77007, USA","Houston","2022-11-07 21:17:11.0000000"
"MENU_001567","REST_00122","Local Brussels","Atkinson Farms Brussels, Oyster Mushrooms, Pomegranate Seeds, Butternut Squash, Shallots, Garlic, Toasted Hazelnuts, Honey Whipped Goat Cheese, Banyul's Vinaigrette","4.88310480117798","","","Daily Specials","$14.00","Local Foods","Sandwiches, Gluten-Free, American (Traditional)","Local Foods, 714 Yale St #1a, Houston, TX 77007, USA","Houston","2022-11-07 21:17:11.0000000"
"MENU_001568","REST_00122","Local Gumbo","Gulf Coast Shrimp, Falcon Lake Farms Sausage, Local Peppers, Okra, Red Beans, Green Onions, Brown Rice","4.88310480117798","","","Daily Specials","$24.25","Local Foods","Sandwiches, Gluten-Free, American (Traditional)","Local Foods, 714 Yale St #1a, Houston, TX 77007, USA","Houston","2022-11-07 21:17:11.0000000"
"MENU_001569","REST_00122","Prosecco, Le Colture \Fagher\""""","Dry, elegant, well-balanced D.O.C.G. Spumante Brut by Le Colture, one of the most prestigious wineries in Valdobbiadene. Fragrant white spring flowers, yellow peach and citrus aromas lead the nose. The racy palate offers abundant notes of pineapple, juicy green grapes, and a hint of nut alongside invigorating bubbles and bright acidity. Delicate but not shy, this sparkling wine has enough finesse to be pretty and enough personality to be the star of the show. It will pair well with a variety of foods and will please even the most discriminating Champagne drinker.","4.88386678695679","","","Wine","$24.25","Local Foods","Sandwiches, Gluten-Free, American (Traditional)","Local Foods, 714 Yale St #1a, Houston, TX 77007, USA","Houston","2022-10-30 15:21:32.0000000"
"MENU_001570","REST_00122","Ranch Rider \The Buck\""""","A mule without the sugar. Vodka, sparkling water, real ginger & fresh squeezed lime.","4.88310480117798","","","Beer","$8.00","Local Foods","Sandwiches, Gluten-Free, American (Traditional)","Local Foods, 714 Yale St #1a, Houston, TX 77007, USA","Houston","2022-11-07 21:17:11.0000000"
"MENU_001571","REST_00122","Ranch Rider Tequila Paloma","Our take on Mexico’s favorite cocktail. Reposado tequila, sparkling water, sea salt, & fresh squeezed grapefruit, lime, & orange.","4.88310480117798","","","Beer","$8.00","Local Foods","Sandwiches, Gluten-Free, American (Traditional)","Local Foods, 714 Yale St #1a, Houston, TX 77007, USA","Houston","2022-11-07 21:17:11.0000000"
"MENU_001572","REST_00122","Recess, Grapefruit-Tangerine","","4.88310480117798","","","Beverages","$5.75","Local Foods","Sandwiches, Gluten-Free, American (Traditional)","Local Foods, 714 Yale St #1a, Houston, TX 77007, USA","Houston","2022-11-07 21:17:11.0000000"
"MENU_001573","REST_00122","Recess, Lime Citrus","","4.88310480117798","","","Beverages","$5.75","Local Foods","Sandwiches, Gluten-Free, American (Traditional)","Local Foods, 714 Yale St #1a, Houston, TX 77007, USA","Houston","2022-11-07 21:17:11.0000000"
"MENU_001574","REST_00122","Recess, Raspberry-Lemon","","4.88310480117798","","","Beverages","$5.75","Local Foods","Sandwiches, Gluten-Free, American (Traditional)","Local Foods, 714 Yale St #1a, Houston, TX 77007, USA","Houston","2022-11-07 21:17:11.0000000"
"MENU_001575","REST_00122","Recess, Strawberry Rose","","4.88310480117798","","","Beverages","$5.75","Local Foods","Sandwiches, Gluten-Free, American (Traditional)","Local Foods, 714 Yale St #1a, Houston, TX 77007, USA","Houston","2022-11-07 21:17:11.0000000"
"MENU_001576","REST_00122","Sparkling Rosé biutiful, Cava Brut Rosé","Smokey stone fruit aromas lead to a fresh and zesty feeling palate that hits firmly with plum, raspberry and citrus flavors.  The finish on this rose Cava is solid and bubbly, with red-fruit and citrus flavors to spare.","4.88310480117798","","","Wine","$22.00","Local Foods","Sandwiches, Gluten-Free, American (Traditional)","Local Foods, 714 Yale St #1a, Houston, TX 77007, USA","Houston","2022-11-07 21:17:11.0000000"
"MENU_001577","REST_00122","St. Arnold Christmas Ale","St. Arnold's Christmas Ale","4.88310480117798","","","Beer","$5.75","Local Foods","Sandwiches, Gluten-Free, American (Traditional)","Local Foods, 714 Yale St #1a, Houston, TX 77007, USA","Houston","2022-11-07 21:17:11.0000000"
"MENU_001578","REST_00122","Tandoori Salmon","Tandoori Spiced Salmon, Farro Pilaf, Mushrooms, Shallots, Spinach, Roasted Carrots, Tzatziki, Macadamia Nuts","4.88310480117798","","","Daily Specials","$26.50","Local Foods","Sandwiches, Gluten-Free, American (Traditional)","Local Foods, 714 Yale St #1a, Houston, TX 77007, USA","Houston","2022-11-07 21:17:11.0000000"
"MENU_001579","REST_00122","Texas Beef Salad","mixed greens, Katz coffee caramelized onions, gruyere cheese, crispy onions, balsamic vinaigrette","4.88386678695679","","","Sandwich As A Salad","$19.75","Local Foods","Sandwiches, Gluten-Free, American (Traditional)","Local Foods, 714 Yale St #1a, Houston, TX 77007, USA","Houston","2022-10-27 23:08:01.0000000"
"MENU_001580","REST_00122","Texas Beef Sandwich","Wagyu beef, gruyere cheese, Katz coffee caramelized onions, jalapeno aioli, crispy onions, served on french roll","4.88386678695679","","","Sandwiches","$19.75","Local Foods","Sandwiches, Gluten-Free, American (Traditional)","Local Foods, 714 Yale St #1a, Houston, TX 77007, USA","Houston","2022-10-27 23:08:01.0000000"
"MENU_001581","REST_00122","The Jimmy Sour Beer 16oz Can","Kettle-soured ale re-fermented on loads of sweet peach purée. The Bellini of beer!","4.88310480117798","","","Beer","$8.00","Local Foods","Sandwiches, Gluten-Free, American (Traditional)","Local Foods, 714 Yale St #1a, Houston, TX 77007, USA","Houston","2022-11-07 21:17:11.0000000"
"MENU_001582","REST_00122","Togarashi Crusted Tuna","Carrot Ginger Sauce, Pioppini Mushrooms, Stir Fried Local Veggies, Sesame Seeds, Green Onion","4.88310480117798","","","Daily Specials","$32.20","Local Foods","Sandwiches, Gluten-Free, American (Traditional)","Local Foods, 714 Yale St #1a, Houston, TX 77007, USA","Houston","2022-11-07 21:17:11.0000000"
"MENU_001583","REST_00122","Vegan Power Bowl","Black Lentils, rice and quinoa pilaf, arugula, roasted root vegetables, apple-cranberry relish, pecans,  smoked harissa","4.88310480117798","","","Daily Specials","$17.25","Local Foods","Sandwiches, Gluten-Free, American (Traditional)","Local Foods, 714 Yale St #1a, Houston, TX 77007, USA","Houston","2022-11-07 21:17:11.0000000"
"MENU_001584","REST_00123","Heights Poké Bowl","Spicy. Ahi tuna and salmon with house ponzu sauce, and sesame oil. Mixed in with masago, sunomono, white onions and green onion. Topped with spicy mayo and furikake. Sides include Crab Salad and Seaweed Salad.","4.70322608947754","","","Signature Bowls","$13.95","Local Poke-w34th","Poke, Hawaiian","Local Poke - Washington Ave, 4500 Washington Ave #350, Houston, TX 77007, USA","Houston","2022-11-07 21:12:16.0000000"
"MENU_001585","REST_00123","Large Poké Bowl","Choice of 4 proteins and 2 sides.","4.70322608947754","","","Create Your Own Poké","$17.95","Local Poke-w34th","Poke, Hawaiian","Local Poke - Washington Ave, 4500 Washington Ave #350, Houston, TX 77007, USA","Houston","2022-11-07 21:12:16.0000000"
"MENU_001586","REST_00123","Local Poké Bowl","Ahi tuna with house sauce, sesame oil. Mixed in with masago, onions, green onions, macadamia nuts. Topped with furikake, fried garlic, shichimi, and unagi sauce. Sides include Crab Salad and Seaweed Salad.","4.70322608947754","","","Signature Bowls","$13.95","Local Poke-w34th","Poke, Hawaiian","Local Poke - Washington Ave, 4500 Washington Ave #350, Houston, TX 77007, USA","Houston","2022-11-07 21:12:16.0000000"
"MENU_001587","REST_00123","Main Poké Bowl","Spicy. Salmon with spicy mayo and sriracha. Mixed in with green onions, masago, avocado, furikake, and fried garlic. Topped with furikake and shichimi. Sides include Crab Salad and Seaweed Salad.","4.70322608947754","","","Signature Bowls","$13.95","Local Poke-w34th","Poke, Hawaiian","Local Poke - Washington Ave, 4500 Washington Ave #350, Houston, TX 77007, USA","Houston","2022-11-07 21:12:16.0000000"
"MENU_001588","REST_00123","Medium Poké Bowl","Choice of 3 proteins and 2 sides.","4.70322608947754","","","Create Your Own Poké","$15.95","Local Poke-w34th","Poke, Hawaiian","Local Poke - Washington Ave, 4500 Washington Ave #350, Houston, TX 77007, USA","Houston","2022-11-07 21:12:16.0000000"
"MENU_001589","REST_00123","Poké Plus Bowl","Choice of 4 proteins and 4 sides.","4.70322608947754","","","Create Your Own Poké","$19.95","Local Poke-w34th","Poke, Hawaiian","Local Poke - Washington Ave, 4500 Washington Ave #350, Houston, TX 77007, USA","Houston","2022-11-07 21:12:16.0000000"
"MENU_001590","REST_00123","Small Poké Bowl","2 protein and 2 sides.","4.70322608947754","","","Create Your Own Poké","$13.95","Local Poke-w34th","Poke, Hawaiian","Local Poke - Washington Ave, 4500 Washington Ave #350, Houston, TX 77007, USA","Houston","2022-11-07 21:12:16.0000000"
"MENU_001591","REST_00123","Vegetarian/Kids' Bowl","Choose 3 sides.","4.70322608947754","","","Create Your Own Poké","$10.95","Local Poke-w34th","Poke, Hawaiian","Local Poke - Washington Ave, 4500 Washington Ave #350, Houston, TX 77007, USA","Houston","2022-11-07 21:12:16.0000000"
"MENU_001592","REST_00123","Washington Poké Bowl","Ahi tuna, salmon, and tako with sweet chili sauce and sesame oil. Mixed in with shitake, masago, fried onions, and sunomono. Topped with sesame seeds. Sides include Crab Salad and Seaweed Salad.","4.70322608947754","","","Signature Bowls","$13.95","Local Poke-w34th","Poke, Hawaiian","Local Poke - Washington Ave, 4500 Washington Ave #350, Houston, TX 77007, USA","Houston","2022-11-07 21:12:16.0000000"
"MENU_001593","REST_00124","Mexican Coke","","4.57910394668579","","","Drinks","$3.35","Lone Star Taco","Tex-Mex, Sandwich, Takeout, Pickup, Lunch, Breakfast, Mexican, Tacos","1001 Texas St, Houston, TX 77002, USA","Houston","2022-10-30 15:22:15.0000000"
"MENU_001594","REST_00125","DS Brisket Bun","papaya salad, peanuts, chili aioli, thai herbs**gluten, dairy, egg, soy, garlic, peanut, sesame, fish sauce","4.87649393081665","","","Sandwiches","$15.50","Loro Asian Smokehouse","Snacks, Rice Bowl, Sandwiches, Salads","1001 W 11th St, Houston, TX 77008, USA","Houston","2022-11-07 21:15:18.0000000"
"MENU_001595","REST_00125","DS Chicken Sandwich","fried chicken, spicy honey, citrus cabbage slaw, smoked hot sauce, pickles **gluten, egg, dairy(slaw and hot sauce come on the side)","4.87649393081665","","","Sandwiches","$13.75","Loro Asian Smokehouse","Snacks, Rice Bowl, Sandwiches, Salads","1001 W 11th St, Houston, TX 77008, USA","Houston","2022-11-07 21:15:18.0000000"
"MENU_001596","REST_00125","DS Cod Sandwich","yuzu 1000 island, sweet cucumber pickles, caraway slaw","4.87649393081665","","","Sandwiches","$13.75","Loro Asian Smokehouse","Snacks, Rice Bowl, Sandwiches, Salads","1001 W 11th St, Houston, TX 77008, USA","Houston","2022-11-07 21:15:18.0000000"
"MENU_001597","REST_00125","DS Cucumber Salad","cantaloupe, nam tak seasoning, cilantro oil, lemon zest, mint**onion powder, garlic","4.86808490753174","","","Snacks & Veggies","$7.50","Loro Asian Smokehouse","Snacks, Rice Bowl, Sandwiches, Salads","1001 W 11th St, Houston, TX 77008, USA","Houston","2022-10-30 15:07:20.0000000"
"MENU_001598","REST_00125","DS Green Curry Hushpuppies","cilantro, coconut-chili ranch","4.86808490753174","","","Snacks & Veggies","$7.75","Loro Asian Smokehouse","Snacks, Rice Bowl, Sandwiches, Salads","1001 W 11th St, Houston, TX 77008, USA","Houston","2022-10-27 23:15:28.0000000"
"MENU_001599","REST_00125","DS Grilled Salmon Plate","cucumber-yuzu broth, parsley, lemon**soy, garlic","4.86808490753174","","","Meat Plates","$20.00","Loro Asian Smokehouse","Snacks, Rice Bowl, Sandwiches, Salads","1001 W 11th St, Houston, TX 77008, USA","Houston","2022-10-30 15:07:20.0000000"
"MENU_001600","REST_00125","DS Kale Salad","hazelnut, cabbage, dashi, mint**dairy, soy, fish, msg(can be made vegan without the dashi)","4.86808490753174","","","Snacks & Veggies","$13.00","Loro Asian Smokehouse","Snacks, Rice Bowl, Sandwiches, Salads","1001 W 11th St, Houston, TX 77008, USA","Houston","2022-10-30 15:07:20.0000000"
"MENU_001601","REST_00125","DS Loro Cheeseburger","brisket-onion jam, muenster cheese, lettuce, pickles brioche bun**gluten, dairy, onion **temperature requests are unavailable","4.87649393081665","","","Sandwiches","$16.50","Loro Asian Smokehouse","Snacks, Rice Bowl, Sandwiches, Salads","1001 W 11th St, Houston, TX 77008, USA","Houston","2022-11-07 21:15:18.0000000"
"MENU_001602","REST_00125","DS Pork Belly Plate","house hoisin sauce, celery, onion**gluten, soy, garlic, sesame","4.87649393081665","","","Meat Plates","$16.00","Loro Asian Smokehouse","Snacks, Rice Bowl, Sandwiches, Salads","1001 W 11th St, Houston, TX 77008, USA","Houston","2022-11-07 21:15:18.0000000"
"MENU_001603","REST_00125","DS Pork Belly Rice Bowl","coconut scented rice, seasonal pickled vegetables, thai herbs**gluten, soy, garlic, fish sauce","4.86808490753174","","","Rice Bowls","$15.50","Loro Asian Smokehouse","Snacks, Rice Bowl, Sandwiches, Salads","1001 W 11th St, Houston, TX 77008, USA","Houston","2022-10-30 15:07:20.0000000"
"MENU_001604","REST_00125","DS Smoked Salmon Dip","yuzu, sriracha aioli, togarashi, wonton chips**gluten, eggs, sesame, garlic","4.87649393081665","","","Bar Food","$10.50","Loro Asian Smokehouse","Snacks, Rice Bowl, Sandwiches, Salads","1001 W 11th St, Houston, TX 77008, USA","Houston","2022-11-07 21:15:18.0000000"
"MENU_001605","REST_00125","DS Smoked Three Bean Salad","chilies, shallot, thai herbs, sesame","4.87649393081665","","","Snacks & Veggies","$6.75","Loro Asian Smokehouse","Snacks, Rice Bowl, Sandwiches, Salads","1001 W 11th St, Houston, TX 77008, USA","Houston","2022-11-07 21:15:18.0000000"
"MENU_001606","REST_00126","Garlic Toast","","4.19549179077148","","","Breads","$1.09","Luby's","Comfort Food, Burgers, American, Pickup, Chicken, Takeout","1727 Old Spanish Trail, Houston, TX 77054, USA","Houston","2022-10-27 23:13:04.0000000"
"MENU_001607","REST_00126","Jalapeno Biscuit","","4.19549179077148","","","Breads","$0.49","Luby's","Comfort Food, Burgers, American, Pickup, Chicken, Takeout","1727 Old Spanish Trail, Houston, TX 77054, USA","Houston","2022-10-27 23:13:04.0000000"
"MENU_001608","REST_00127","Chocolate Chip w/Pecans","Delicious Brown Butter Pecan Chocolate chip cookies loaded with pecans and cinnamon are the ultimate chewy & gooey cookies.","4.54198503494263","","","Cookies","$3.03","Lucy Pearl's","Dessert, Cakes, Pie, Organic Cakes, Pancakes, Desserts, Cupcakes","401 Franklin St, Houston, TX 77201, USA","Houston","2022-10-30 15:28:42.0000000"
"MENU_001609","REST_00127","Peanut Butter","The flavor of a peanut butter cookie is just hard to beat. They’re perfectly sweet and buttery rich, and they’re sure to satisfy that peanut butter craving.                                                                Ingredients: All-purpose Flour, Baking Soda, Baking Powder, Salt, Unsalted Butter, Granulated Sugar, Brown sugar, Creamy Peanut Butter, Egg and Vanilla Extract.","4.54198503494263","","","Cookies","$3.03","Lucy Pearl's","Dessert, Cakes, Pie, Organic Cakes, Pancakes, Desserts, Cupcakes","401 Franklin St, Houston, TX 77201, USA","Houston","2022-10-30 15:28:42.0000000"
"MENU_001610","REST_00127","Red Velvet White Chocolate Chip","Delicious and chewy red velvet cookies with white chocolate chips. Rich, sweet, with a hint of tang.","4.54198503494263","","","Cookies","$3.03","Lucy Pearl's","Dessert, Cakes, Pie, Organic Cakes, Pancakes, Desserts, Cupcakes","401 Franklin St, Houston, TX 77201, USA","Houston","2022-10-27 23:22:57.0000000"
"MENU_001611","REST_00128","Arugula Salad","arugula, cherry tomatoes, with a gorgonzola walnut dressing","0","","","Insalate","$7.00","Luigi's Cucina Italiana","Italian","3030 Audley Street, Houston, TX 77098, USA","Houston","2022-10-30 15:28:03.0000000"
"MENU_001612","REST_00128","Caesar Salad","romaine lettuce with a homemade dressing","0","","","Insalate","$7.00","Luigi's Cucina Italiana","Italian","3030 Audley Street, Houston, TX 77098, USA","Houston","2022-10-30 15:28:03.0000000"
"MENU_001613","REST_00129","Sweet Loren's Chocolate Chunk Edible Cookie Dough","Creamy, smooth and scoop-able gluten-free cookie dough. Delicious taste from only clean ingredients. Spoon under lid (3.6 oz). (Gluten-free, vegan)","4.3316330909729","","","Desserts","$7.75","lulubowls (Hawaiian-Inspired Bowls)","Hawaiian-inspired bowls concept.","Boo-ya Bowls Houston, 2616 Blodgett St Unit K24, Houston, TX 77004, USA","Houston","2022-10-30 15:27:59.0000000"
"MENU_001614","REST_00129","The Impossible Potsticker ","Gluten-free potstickers filled with Impossible Beef, fresh garlic, and fresh ginger. Pan fried. 5 per order. (Gluten-Free & Vegan)","4.3316330909729","","","Appetizers","$12.00","lulubowls (Hawaiian-Inspired Bowls)","Hawaiian-inspired bowls concept.","Boo-ya Bowls Houston, 2616 Blodgett St Unit K24, Houston, TX 77004, USA","Houston","2022-10-30 15:27:59.0000000"
"MENU_001615","REST_00130","Pepper Chicken","2 Marinated grilled chicken breasts, topped with grilled poblano pepper strips and melted cheddar cheese. ","4.62048578262329","","","Chicken and Ribs","$17.95","Lupe Tortilla","Mexican Restaurant","1511 Shepherd Dr, Houston, TX 77007, USA","Houston","2022-10-30 15:04:01.0000000"
"MENU_001616","REST_00130","Shrimp Lupe","6 Grilled jumbo gulf shrimp covered with tomatoes, onions, peppers and jack cheese. ","4.62048578262329","","","Fresh Seafood","$21.95","Lupe Tortilla","Mexican Restaurant","1511 Shepherd Dr, Houston, TX 77007, USA","Houston","2022-10-30 15:04:01.0000000"
"MENU_001617","REST_00131","The Vegitalian","Made with our signature 4 cheese blend, mixed in with pesto, sun dried tomato, and topped with mozzarella balls and with toasted panko (toasted breadcrumbs with Italian herbs) for crispiness","4.93333292007446","","","Mac & Cheese Bowls","$13.99","Mac and Twist","Mac and Twist","8200 Washington Ave, Houston, TX 77007, USA","Houston","2022-10-30 15:07:35.0000000"
"MENU_001618","REST_00132","Ecuadorian Shrimp Ceviche","4 jumbo shrimp, fresh lime, lemon & orange juice, cilantro, espelette, jalapeño, red onion, plantain chip","4.6399998664856","","","Appetizers","$19.00","Maison Pucha Bistro","Pickup, Takeout, Latin American, French","Maison Pucha Bistro, 1001 Studewood St #A, Houston, TX 77008, USA","Houston","2022-10-27 23:23:53.0000000"
"MENU_001619","REST_00132","Steak Frites","8 oz C.A.B hanger steak seared a la plancha, maison fries, chives, bearnaise","4.6399998664856","","","Entrées","$41.00","Maison Pucha Bistro","Pickup, Takeout, Latin American, French","Maison Pucha Bistro, 1001 Studewood St #A, Houston, TX 77008, USA","Houston","2022-10-27 23:23:53.0000000"
"MENU_001620","REST_00133","Banana Chia Pudding","Chia seeds soaked overnight in oat milk and sweetened with raw cane sugar. (Gluten-free, vegan)","3.85185194015503","","","Desserts","$6.50","Malibu Wings (Plant Based Wing Shop)","Wings, Chicken Wings, Fries, Vegan, Vegetarian","2616 Blodgett St, Houston, TX 77004, USA","Houston","2022-10-30 15:29:49.0000000"
"MENU_001621","REST_00133","Sweet Loren's Chocolate Chunk Edible Cookie Dough","Creamy, smooth and scoop-able gluten-free cookie dough. Delicious taste from only clean ingredients. Spoon under lid (3.6 oz). (Gluten-free, vegan)","3.85185194015503","","","Desserts","$7.75","Malibu Wings (Plant Based Wing Shop)","Wings, Chicken Wings, Fries, Vegan, Vegetarian","2616 Blodgett St, Houston, TX 77004, USA","Houston","2022-10-30 15:29:49.0000000"
"MENU_001622","REST_00134","Banana Split","Vanilla, chocolate, and strawberry ice cream with bananas, fudge, caramel, marshmallow topping, whipped cream, peanuts, and a maraschino cherry on top (14 ounces container). Toppings will be added into the container, we are not allowed to put them on the side.","4.58868885040283","","","Signature Sundaes","$7.35","Marble Slab Creamery","dessert, desserts, ice cream, frozen yogurt, cake, catering","Marble Slab Creamery, 1923 Taylor St ste c, Houston, TX 77007, USA","Houston","2022-11-07 21:12:51.0000000"
"MENU_001623","REST_00134","Better Batter Boogie Board","Birthday cake ice cream, rainbow sprinkles, and fudge. Toppings will be mixed in, we are not allowed to put them on the side.","4.58868885040283","","","Ice Cream Combinations","$8.95","Marble Slab Creamery","dessert, desserts, ice cream, frozen yogurt, cake, catering","Marble Slab Creamery, 1923 Taylor St ste c, Houston, TX 77007, USA","Houston","2022-11-07 21:12:51.0000000"
"MENU_001624","REST_00134","Birthday Bonanza","Birthday cake with gummy bears, and assorted sprinkles. Toppings will be mixed in, we are not allowed to put them on the side.","4.58868885040283","","","Ice Cream Combinations","$8.95","Marble Slab Creamery","dessert, desserts, ice cream, frozen yogurt, cake, catering","Marble Slab Creamery, 1923 Taylor St ste c, Houston, TX 77007, USA","Houston","2022-11-07 21:12:51.0000000"
"MENU_001625","REST_00134","Blue Cotton Candy Milkshake","Blue cotton candy ice cream, mini marshmallows, m&m's, whipped cream, and mallo creme.","4.58868885040283","","","MilkShakes","$7.99","Marble Slab Creamery","dessert, desserts, ice cream, frozen yogurt, cake, catering","Marble Slab Creamery, 1923 Taylor St ste c, Houston, TX 77007, USA","Houston","2022-11-07 21:12:51.0000000"
"MENU_001626","REST_00134","Bottle Water","","4.58868885040283","","","Beverages","$1.99","Marble Slab Creamery","dessert, desserts, ice cream, frozen yogurt, cake, catering","Marble Slab Creamery, 1923 Taylor St ste c, Houston, TX 77007, USA","Houston","2022-11-07 21:12:51.0000000"
"MENU_001627","REST_00134","Brownie","","4.58868885040283","","","Cookies","$2.99","Marble Slab Creamery","dessert, desserts, ice cream, frozen yogurt, cake, catering","Marble Slab Creamery, 1923 Taylor St ste c, Houston, TX 77007, USA","Houston","2022-11-07 21:12:51.0000000"
"MENU_001628","REST_00134","Build Your Own","Choose your flavor of ice cream and up to three toppings","4.58868885040283","","","Ice Cream Combinations","$8.95","Marble Slab Creamery","dessert, desserts, ice cream, frozen yogurt, cake, catering","Marble Slab Creamery, 1923 Taylor St ste c, Houston, TX 77007, USA","Houston","2022-11-07 21:12:51.0000000"
"MENU_001629","REST_00134","Caramel Fudge Swirl Pool","Sweet cream ice cream, snickers, and fudge. Toppings will be mixed in, we are not allowed to put them on the side.","4.58868885040283","","","Ice Cream Combinations","$8.95","Marble Slab Creamery","dessert, desserts, ice cream, frozen yogurt, cake, catering","Marble Slab Creamery, 1923 Taylor St ste c, Houston, TX 77007, USA","Houston","2022-11-07 21:12:51.0000000"
"MENU_001630","REST_00134","Cherry Vanilla Vacation","Vanilla ice cream, brownies, maraschino cherries, and caramel. Toppings will be mixed in, we are not allowed to put them on the side.","4.58868885040283","","","Ice Cream Combinations","$8.95","Marble Slab Creamery","dessert, desserts, ice cream, frozen yogurt, cake, catering","Marble Slab Creamery, 1923 Taylor St ste c, Houston, TX 77007, USA","Houston","2022-11-07 21:12:51.0000000"
"MENU_001631","REST_00134","Chocolate 2-The-Xtreme","Dark chocolate ice cream, M&M's, chocolate sprinkles, and fudge. Toppings will be mixed in, we are not allowed to put them on the side.","4.58868885040283","","","Ice Cream Combinations","$8.95","Marble Slab Creamery","dessert, desserts, ice cream, frozen yogurt, cake, catering","Marble Slab Creamery, 1923 Taylor St ste c, Houston, TX 77007, USA","Houston","2022-11-07 21:12:51.0000000"
"MENU_001632","REST_00134","Chocolate With Reese's Peanut Butter Cup","Chocolate Ice Cream and Reese’s® Peanut Butter Cups, with more Reese’s® Peanut Butter Cups on top","4.58868885040283","","","Premium Ice Cream Cakes","$29.99","Marble Slab Creamery","dessert, desserts, ice cream, frozen yogurt, cake, catering","Marble Slab Creamery, 1923 Taylor St ste c, Houston, TX 77007, USA","Houston","2022-11-07 21:12:51.0000000"
"MENU_001633","REST_00134","Classic Cookies & Cream Ice Cream Cake","Sweet cream ice cream, chocolate cake base, topped with vanilla frosting and oreos.","4.58868885040283","","","Premium Ice Cream Cakes","$29.99","Marble Slab Creamery","dessert, desserts, ice cream, frozen yogurt, cake, catering","Marble Slab Creamery, 1923 Taylor St ste c, Houston, TX 77007, USA","Houston","2022-11-07 21:12:51.0000000"
"MENU_001634","REST_00134","Classic Sundae","Vanilla ice cream, brownies, fudge, whipped cream, peanuts, and maraschino cherry on top (12 ounces cup). Toppings will not be on the side.","4.58868885040283","","","Signature Sundaes","$6.45","Marble Slab Creamery","dessert, desserts, ice cream, frozen yogurt, cake, catering","Marble Slab Creamery, 1923 Taylor St ste c, Houston, TX 77007, USA","Houston","2022-11-07 21:12:51.0000000"
"MENU_001635","REST_00134","Coffee Milkshake","Coffee ice cream, whipped cream, and fudge.","4.58868885040283","","","MilkShakes","$7.99","Marble Slab Creamery","dessert, desserts, ice cream, frozen yogurt, cake, catering","Marble Slab Creamery, 1923 Taylor St ste c, Houston, TX 77007, USA","Houston","2022-11-07 21:12:51.0000000"
"MENU_001636","REST_00134","Coke","","4.58868885040283","","","Beverages","$1.99","Marble Slab Creamery","dessert, desserts, ice cream, frozen yogurt, cake, catering","Marble Slab Creamery, 1923 Taylor St ste c, Houston, TX 77007, USA","Houston","2022-11-07 21:12:51.0000000"
"MENU_001637","REST_00134","Cookie Dough Drizzle","Birthday cake ice cream, cookie dough, oreos, and fudge. Toppings will be mixed in, we are not allowed to put them on the side.","4.58868885040283","","","Ice Cream Combinations","$8.95","Marble Slab Creamery","dessert, desserts, ice cream, frozen yogurt, cake, catering","Marble Slab Creamery, 1923 Taylor St ste c, Houston, TX 77007, USA","Houston","2022-11-07 21:12:51.0000000"
"MENU_001638","REST_00134","Cookie Pack","","4.58868885040283","","","Cookies","$1.89","Marble Slab Creamery","dessert, desserts, ice cream, frozen yogurt, cake, catering","Marble Slab Creamery, 1923 Taylor St ste c, Houston, TX 77007, USA","Houston","2022-11-07 21:12:51.0000000"
"MENU_001639","REST_00134","Cookies & Cake","Birthday cake ice cream, oreos, and cookie dough. Toppings will be mixed in, we are not allowed to put them on the side.","4.58868885040283","","","Ice Cream Combinations","$8.95","Marble Slab Creamery","dessert, desserts, ice cream, frozen yogurt, cake, catering","Marble Slab Creamery, 1923 Taylor St ste c, Houston, TX 77007, USA","Houston","2022-11-07 21:12:51.0000000"
"MENU_001640","REST_00134","Cookies 'n Cream Milkshake","Vanilla ice cream, oreo cookie pieces, whipped cream, and fudge.","4.58868885040283","","","MilkShakes","$7.99","Marble Slab Creamery","dessert, desserts, ice cream, frozen yogurt, cake, catering","Marble Slab Creamery, 1923 Taylor St ste c, Houston, TX 77007, USA","Houston","2022-11-07 21:12:51.0000000"
"MENU_001641","REST_00134","Cotton Candy Ski Jump","Cotton candy ice cream, mini marshmallows, m and m's, and marshmallow topping. Toppings will be mixed in, we are not allowed to put them on the side.","4.58868885040283","","","Ice Cream Combinations","$8.95","Marble Slab Creamery","dessert, desserts, ice cream, frozen yogurt, cake, catering","Marble Slab Creamery, 1923 Taylor St ste c, Houston, TX 77007, USA","Houston","2022-11-07 21:12:51.0000000"
"MENU_001642","REST_00134","Create Your Own MilkShake","Choose ice cream flavor and up to 3 toppings","4.58868885040283","","","MilkShakes","$7.99","Marble Slab Creamery","dessert, desserts, ice cream, frozen yogurt, cake, catering","Marble Slab Creamery, 1923 Taylor St ste c, Houston, TX 77007, USA","Houston","2022-11-07 21:12:51.0000000"
"MENU_001643","REST_00134","Double Doozies","","4.58868885040283","","","Cookies","$3.79","Marble Slab Creamery","dessert, desserts, ice cream, frozen yogurt, cake, catering","Marble Slab Creamery, 1923 Taylor St ste c, Houston, TX 77007, USA","Houston","2022-11-07 21:12:51.0000000"
"MENU_001644","REST_00134","Dr. Pepper","","4.58868885040283","","","Beverages","$1.99","Marble Slab Creamery","dessert, desserts, ice cream, frozen yogurt, cake, catering","Marble Slab Creamery, 1923 Taylor St ste c, Houston, TX 77007, USA","Houston","2022-11-07 21:12:51.0000000"
"MENU_001645","REST_00134","Fudge Brownie Delight","Vanilla ice cream, brownies, fudge, whipped cream, peanuts, and maraschino cherry on top (12 ounces cup). Toppings will be mixed in, we are not allowed to put them on the side.","4.58868885040283","","","Signature Sundaes","$6.45","Marble Slab Creamery","dessert, desserts, ice cream, frozen yogurt, cake, catering","Marble Slab Creamery, 1923 Taylor St ste c, Houston, TX 77007, USA","Houston","2022-11-07 21:12:51.0000000"
"MENU_001646","REST_00134","Peanut Butter Galaxy","Chocolate Swiss ice cream, reese’s peanut butter cups, reese’s pieces, and peanut butter. Toppings will be mixed in, we are not allowed to put them on the side.","4.58868885040283","","","Ice Cream Combinations","$8.95","Marble Slab Creamery","dessert, desserts, ice cream, frozen yogurt, cake, catering","Marble Slab Creamery, 1923 Taylor St ste c, Houston, TX 77007, USA","Houston","2022-11-07 21:12:51.0000000"
"MENU_001647","REST_00134","Pints","Choose your flavor of ice cream with up to three toppings","4.58868885040283","","","Pints and Quarts","$9.99","Marble Slab Creamery","dessert, desserts, ice cream, frozen yogurt, cake, catering","Marble Slab Creamery, 1923 Taylor St ste c, Houston, TX 77007, USA","Houston","2022-11-07 21:12:51.0000000"
"MENU_001648","REST_00134","Quarts","Choose your flavor of ice cream and up to three toppings","4.58868885040283","","","Pints and Quarts","$13.99","Marble Slab Creamery","dessert, desserts, ice cream, frozen yogurt, cake, catering","Marble Slab Creamery, 1923 Taylor St ste c, Houston, TX 77007, USA","Houston","2022-11-07 21:12:51.0000000"
"MENU_001649","REST_00134","Rainbow Nanza","Sweet cream ice cream, m and m’s, assorted sprinkles, and marshmallow topping. Toppings will be mixed in, we are not allowed to put them on the side.","4.58868885040283","","","Ice Cream Combinations","$8.95","Marble Slab Creamery","dessert, desserts, ice cream, frozen yogurt, cake, catering","Marble Slab Creamery, 1923 Taylor St ste c, Houston, TX 77007, USA","Houston","2022-11-07 21:12:51.0000000"
"MENU_001650","REST_00134","S’more","Chocolate swiss ice cream, chocolate chips, marshmallows, and graham crackers. Toppings will be mixed in, we are not allowed to put them on the side.","4.58868885040283","","","Ice Cream Combinations","$8.95","Marble Slab Creamery","dessert, desserts, ice cream, frozen yogurt, cake, catering","Marble Slab Creamery, 1923 Taylor St ste c, Houston, TX 77007, USA","Houston","2022-11-07 21:12:51.0000000"
"MENU_001651","REST_00134","Snickerdoodle","Vanilla ice cream, snickers, and caramel. Toppings will be mixed in, we are not allowed to put them on the side.","4.58868885040283","","","Ice Cream Combinations","$8.95","Marble Slab Creamery","dessert, desserts, ice cream, frozen yogurt, cake, catering","Marble Slab Creamery, 1923 Taylor St ste c, Houston, TX 77007, USA","Houston","2022-11-07 21:12:51.0000000"
"MENU_001652","REST_00134","Snickers Milkshake","Vanilla ice cream, snickers, whipped cream, fudge, and caramel.","4.58868885040283","","","MilkShakes","$7.99","Marble Slab Creamery","dessert, desserts, ice cream, frozen yogurt, cake, catering","Marble Slab Creamery, 1923 Taylor St ste c, Houston, TX 77007, USA","Houston","2022-11-07 21:12:51.0000000"
"MENU_001653","REST_00134","Sprinkle Cake","There’s gold at the bottom of this rainbow and it’s mouthwatering yellow cake with Birthday cake Ice Cream.","4.58868885040283","","","Premium Ice Cream Cakes","$29.99","Marble Slab Creamery","dessert, desserts, ice cream, frozen yogurt, cake, catering","Marble Slab Creamery, 1923 Taylor St ste c, Houston, TX 77007, USA","Houston","2022-11-07 21:12:51.0000000"
"MENU_001654","REST_00134","Sprite","","4.58868885040283","","","Beverages","$1.99","Marble Slab Creamery","dessert, desserts, ice cream, frozen yogurt, cake, catering","Marble Slab Creamery, 1923 Taylor St ste c, Houston, TX 77007, USA","Houston","2022-11-07 21:12:51.0000000"
"MENU_001655","REST_00134","Strawberry Milkshake","Strawberry ice cream, strawberries, whipped cream.","4.58868885040283","","","MilkShakes","$7.99","Marble Slab Creamery","dessert, desserts, ice cream, frozen yogurt, cake, catering","Marble Slab Creamery, 1923 Taylor St ste c, Houston, TX 77007, USA","Houston","2022-11-07 21:12:51.0000000"
"MENU_001656","REST_00134","Strawberry Shortcake Sundae","Sweet cream ice cream, yellow cake, strawberry sauce, fresh strawberries, and whipped cream (12 ounces cup). Toppings will be added into the container, we are not allowed to put them on the side.","4.58868885040283","","","Signature Sundaes","$6.45","Marble Slab Creamery","dessert, desserts, ice cream, frozen yogurt, cake, catering","Marble Slab Creamery, 1923 Taylor St ste c, Houston, TX 77007, USA","Houston","2022-11-07 21:12:51.0000000"
"MENU_001657","REST_00134","Strawberry Skydive","Strawberry ice cream, oreos, strawberries, and fudge. Toppings will be mixed in, we are not allowed to put them on the side.","4.58868885040283","","","Ice Cream Combinations","$8.95","Marble Slab Creamery","dessert, desserts, ice cream, frozen yogurt, cake, catering","Marble Slab Creamery, 1923 Taylor St ste c, Houston, TX 77007, USA","Houston","2022-11-07 21:12:51.0000000"
"MENU_001658","REST_00134","Vanilla Cookie Dough Yo-Yo","Vanilla ice cream, cookie dough, Oreos, and fudge. Toppings will be mixed in, we are not allowed to put them on the side.","4.58868885040283","","","Ice Cream Combinations","$8.95","Marble Slab Creamery","dessert, desserts, ice cream, frozen yogurt, cake, catering","Marble Slab Creamery, 1923 Taylor St ste c, Houston, TX 77007, USA","Houston","2022-11-07 21:12:51.0000000"
"MENU_001659","REST_00135","French Fries","","4.5350399017334","","","Sides","$7.00","Max's Wine Dive","American (New), Breakfast & Brunch","4720 Washington Avenue, Houston, TX 77007, USA","Houston","2022-11-07 21:20:13.0000000"
"MENU_001660","REST_00136","Steak, 3 Fried Shrimp, Baked Potato, Asparagus","","3.70588207244873","","","Food Menu","$20.00","Mc Qua Seafood & Daiquiri Shack","Mc Qua Seafood & Daiquiri Shack","3321 Dixie Dr, Houston, TX 77021, USA","Houston","2022-10-27 23:27:37.0000000"
"MENU_001661","REST_00137","New England Clam Chowder","Potato / Bacon / Clams","4.43018293380737","","","Soups","$8.80","McCormick & Schmick's","Seafood, Steakhouse","1201 Fannin Street, Houston, TX 77002, USA","Houston","2022-10-30 15:07:09.0000000"
"MENU_001662","REST_00138","10 Piece McNuggets Meal","","3.84737396240234","","","McNuggets & Meals","$9.09","McDonald's","McDonald's","2017 Main St Parking, 2017 Main St, Houston, TX 77002, USA","Houston","2022-10-30 15:02:52.0000000"
"MENU_001663","REST_00138","10 Piece McNuggets Meal","","3.84737396240234","","","Most Popular","$9.09","McDonald's","McDonald's","2017 Main St Parking, 2017 Main St, Houston, TX 77002, USA","Houston","2022-10-30 15:02:52.0000000"
"MENU_001664","REST_00138","2 Cheeseburger Meal","","3.84737396240234","","","Combo Meals","$6.19","McDonald's","McDonald's","2017 Main St Parking, 2017 Main St, Houston, TX 77002, USA","Houston","2022-10-30 15:02:52.0000000"
"MENU_001665","REST_00138","Apple Pie","","3.84737396240234","","","McCafé Bakery","$1.79","McDonald's","McDonald's","2017 Main St Parking, 2017 Main St, Houston, TX 77002, USA","Houston","2022-10-30 15:02:52.0000000"
"MENU_001666","REST_00138","Apple Pie","","3.84737396240234","","","Sweets & Treats","$1.79","McDonald's","McDonald's","2017 Main St Parking, 2017 Main St, Houston, TX 77002, USA","Houston","2022-10-30 15:02:52.0000000"
"MENU_001667","REST_00138","Bacon Quarter Pounder with Cheese Meal","","3.84737396240234","","","Combo Meals","$10.79","McDonald's","McDonald's","2017 Main St Parking, 2017 Main St, Houston, TX 77002, USA","Houston","2022-10-30 15:02:52.0000000"
"MENU_001668","REST_00138","Big Mac Meal","","3.84737396240234","","","Combo Meals","$10.33","McDonald's","McDonald's","2017 Main St Parking, 2017 Main St, Houston, TX 77002, USA","Houston","2022-10-30 15:02:52.0000000"
"MENU_001669","REST_00138","Big Mac Meal","","3.84737396240234","","","Most Popular","$10.33","McDonald's","McDonald's","2017 Main St Parking, 2017 Main St, Houston, TX 77002, USA","Houston","2022-10-30 15:02:52.0000000"
"MENU_001670","REST_00138","Caramel Cappuccino","","3.84737396240234","","","McCafé® Coffees","$2.50","McDonald's","McDonald's","2017 Main St Parking, 2017 Main St, Houston, TX 77002, USA","Houston","2022-10-30 15:02:52.0000000"
"MENU_001671","REST_00138","Caramel Hot Chocolate","","3.84737396240234","","","McCafé® Coffees","$2.79","McDonald's","McDonald's","2017 Main St Parking, 2017 Main St, Houston, TX 77002, USA","Houston","2022-10-30 15:02:52.0000000"
"MENU_001672","REST_00138","Caramel Latte","","3.84737396240234","","","McCafé® Coffees","$2.79","McDonald's","McDonald's","2017 Main St Parking, 2017 Main St, Houston, TX 77002, USA","Houston","2022-10-30 15:02:52.0000000"
"MENU_001673","REST_00138","Caramel Macchiato","","3.84737396240234","","","McCafé® Coffees","$2.69","McDonald's","McDonald's","2017 Main St Parking, 2017 Main St, Houston, TX 77002, USA","Houston","2022-10-30 15:02:52.0000000"
"MENU_001674","REST_00138","Caramel Mocha","","3.84737396240234","","","McCafé® Coffees","$2.50","McDonald's","McDonald's","2017 Main St Parking, 2017 Main St, Houston, TX 77002, USA","Houston","2022-10-30 15:02:52.0000000"
"MENU_001675","REST_00138","Chocolate Milk","","3.84737396240234","","","Beverages","$1.79","McDonald's","McDonald's","2017 Main St Parking, 2017 Main St, Houston, TX 77002, USA","Houston","2022-10-30 15:02:52.0000000"
"MENU_001676","REST_00138","Chocolate Shake","","3.84737396240234","","","Sweets & Treats","$2.73","McDonald's","McDonald's","2017 Main St Parking, 2017 Main St, Houston, TX 77002, USA","Houston","2022-10-30 15:02:52.0000000"
"MENU_001677","REST_00138","Coke Zero®","","3.84737396240234","","","Beverages","$1.59","McDonald's","McDonald's","2017 Main St Parking, 2017 Main St, Houston, TX 77002, USA","Houston","2022-10-30 15:02:52.0000000"
"MENU_001678","REST_00138","Coke®","","3.84737396240234","","","Beverages","$1.59","McDonald's","McDonald's","2017 Main St Parking, 2017 Main St, Houston, TX 77002, USA","Houston","2022-10-30 15:02:52.0000000"
"MENU_001679","REST_00138","Coke®","","3.84737396240234","","","Most Popular","$1.59","McDonald's","McDonald's","2017 Main St Parking, 2017 Main St, Houston, TX 77002, USA","Houston","2022-10-30 15:02:52.0000000"
"MENU_001680","REST_00138","Crispy Chicken Sandwich Meal","","3.84737396240234","","","Combo Meals","$7.99","McDonald's","McDonald's","2017 Main St Parking, 2017 Main St, Houston, TX 77002, USA","Houston","2022-10-30 15:02:52.0000000"
"MENU_001681","REST_00138","Crispy Chicken Sandwich Meal","","3.84737396240234","","","Most Popular","$7.99","McDonald's","McDonald's","2017 Main St Parking, 2017 Main St, Houston, TX 77002, USA","Houston","2022-10-30 15:02:52.0000000"
"MENU_001682","REST_00138","Decaf Coffee","","3.84737396240234","","","McCafé® Coffees","$1.29","McDonald's","McDonald's","2017 Main St Parking, 2017 Main St, Houston, TX 77002, USA","Houston","2022-10-30 15:02:52.0000000"
"MENU_001683","REST_00138","Deluxe Crispy Chicken Sandwich Meal","","3.84737396240234","","","Combo Meals","$8.79","McDonald's","McDonald's","2017 Main St Parking, 2017 Main St, Houston, TX 77002, USA","Houston","2022-10-30 15:02:52.0000000"
"MENU_001684","REST_00138","Diet Coke®","","3.84737396240234","","","Beverages","$1.59","McDonald's","McDonald's","2017 Main St Parking, 2017 Main St, Houston, TX 77002, USA","Houston","2022-10-30 15:02:52.0000000"
"MENU_001685","REST_00138","Double Bacon Quarter Pounder with Cheese Meal","","3.84737396240234","","","Combo Meals","$12.09","McDonald's","McDonald's","2017 Main St Parking, 2017 Main St, Houston, TX 77002, USA","Houston","2022-10-30 15:02:52.0000000"
"MENU_001686","REST_00138","Double Quarter Cheese Deluxe Meal","","3.84737396240234","","","Combo Meals","$9.29","McDonald's","McDonald's","2017 Main St Parking, 2017 Main St, Houston, TX 77002, USA","Houston","2022-10-30 15:02:52.0000000"
"MENU_001687","REST_00138","Double Quarter Pounder with Cheese Meal","","3.84737396240234","","","Combo Meals","$11.88","McDonald's","McDonald's","2017 Main St Parking, 2017 Main St, Houston, TX 77002, USA","Houston","2022-10-30 15:02:52.0000000"
"MENU_001688","REST_00138","Double Quarter Pounder with Cheese Meal","","3.84737396240234","","","Most Popular","$11.88","McDonald's","McDonald's","2017 Main St Parking, 2017 Main St, Houston, TX 77002, USA","Houston","2022-10-30 15:02:52.0000000"
"MENU_001689","REST_00138","Dr Pepper®","","3.84737396240234","","","Beverages","$1.59","McDonald's","McDonald's","2017 Main St Parking, 2017 Main St, Houston, TX 77002, USA","Houston","2022-10-30 15:02:52.0000000"
"MENU_001690","REST_00138","Fanta Orange","","3.84737396240234","","","Beverages","$1.59","McDonald's","McDonald's","2017 Main St Parking, 2017 Main St, Houston, TX 77002, USA","Houston","2022-10-30 15:02:52.0000000"
"MENU_001691","REST_00138","French Fries","","3.84737396240234","","","Fries","$2.19","McDonald's","McDonald's","2017 Main St Parking, 2017 Main St, Houston, TX 77002, USA","Houston","2022-10-30 15:02:52.0000000"
"MENU_001692","REST_00138","French Fries","","3.84737396240234","","","Most Popular","$2.19","McDonald's","McDonald's","2017 Main St Parking, 2017 Main St, Houston, TX 77002, USA","Houston","2022-10-30 15:02:52.0000000"
"MENU_001693","REST_00138","French Vanilla Latte","","3.84737396240234","","","McCafé® Coffees","$2.79","McDonald's","McDonald's","2017 Main St Parking, 2017 Main St, Houston, TX 77002, USA","Houston","2022-10-30 15:02:52.0000000"
"MENU_001694","REST_00138","French Vanilla Latte","","3.84737396240234","","","Most Popular","$2.79","McDonald's","McDonald's","2017 Main St Parking, 2017 Main St, Houston, TX 77002, USA","Houston","2022-10-30 15:02:52.0000000"
"MENU_001695","REST_00138","Hazelnut Cappuccino","","3.84737396240234","","","McCafé® Coffees","$2.50","McDonald's","McDonald's","2017 Main St Parking, 2017 Main St, Houston, TX 77002, USA","Houston","2022-10-30 15:02:52.0000000"
"MENU_001696","REST_00138","Hazelnut Latte","","3.84737396240234","","","McCafé® Coffees","$2.79","McDonald's","McDonald's","2017 Main St Parking, 2017 Main St, Houston, TX 77002, USA","Houston","2022-10-30 15:02:52.0000000"
"MENU_001697","REST_00138","Hi-C® Orange","","3.84737396240234","","","Beverages","$1.59","McDonald's","McDonald's","2017 Main St Parking, 2017 Main St, Houston, TX 77002, USA","Houston","2022-10-30 15:02:52.0000000"
"MENU_001698","REST_00138","Homestyle Burger Meal","","3.84737396240234","","","Combo Meals","$8.39","McDonald's","McDonald's","2017 Main St Parking, 2017 Main St, Houston, TX 77002, USA","Houston","2022-10-30 15:02:52.0000000"
"MENU_001699","REST_00138","Hot and Spicy McChicken Meal","","3.84737396240234","","","Combo Meals","$5.69","McDonald's","McDonald's","2017 Main St Parking, 2017 Main St, Houston, TX 77002, USA","Houston","2022-10-30 15:02:52.0000000"
"MENU_001700","REST_00138","Iced Caramel Coffee","","3.84737396240234","","","McCafé® Coffees","$2.50","McDonald's","McDonald's","2017 Main St Parking, 2017 Main St, Houston, TX 77002, USA","Houston","2022-10-30 15:02:52.0000000"
"MENU_001701","REST_00138","Iced Caramel Latte","","3.84737396240234","","","McCafé® Coffees","$2.50","McDonald's","McDonald's","2017 Main St Parking, 2017 Main St, Houston, TX 77002, USA","Houston","2022-10-30 15:02:52.0000000"
"MENU_001702","REST_00138","Iced Caramel Macchiato","","3.84737396240234","","","McCafé® Coffees","$2.50","McDonald's","McDonald's","2017 Main St Parking, 2017 Main St, Houston, TX 77002, USA","Houston","2022-10-30 15:02:52.0000000"
"MENU_001703","REST_00138","Iced Caramel Mocha","","3.84737396240234","","","McCafé® Coffees","$2.50","McDonald's","McDonald's","2017 Main St Parking, 2017 Main St, Houston, TX 77002, USA","Houston","2022-10-30 15:02:52.0000000"
"MENU_001704","REST_00138","Iced Coffee","","3.84737396240234","","","McCafé® Coffees","$2.50","McDonald's","McDonald's","2017 Main St Parking, 2017 Main St, Houston, TX 77002, USA","Houston","2022-10-30 15:02:52.0000000"
"MENU_001705","REST_00138","Iced Coffee","","3.84737396240234","","","Most Popular","$2.50","McDonald's","McDonald's","2017 Main St Parking, 2017 Main St, Houston, TX 77002, USA","Houston","2022-10-30 15:02:52.0000000"
"MENU_001706","REST_00138","Iced French Vanilla Coffee","","3.84737396240234","","","McCafé® Coffees","$2.50","McDonald's","McDonald's","2017 Main St Parking, 2017 Main St, Houston, TX 77002, USA","Houston","2022-10-30 15:02:52.0000000"
"MENU_001707","REST_00138","Iced French Vanilla Latte","","3.84737396240234","","","McCafé® Coffees","$2.50","McDonald's","McDonald's","2017 Main St Parking, 2017 Main St, Houston, TX 77002, USA","Houston","2022-10-30 15:02:52.0000000"
"MENU_001708","REST_00138","Iced Hazelnut Coffee","","3.84737396240234","","","McCafé® Coffees","$2.50","McDonald's","McDonald's","2017 Main St Parking, 2017 Main St, Houston, TX 77002, USA","Houston","2022-10-30 15:02:52.0000000"
"MENU_001709","REST_00138","Iced Hazelnut Latte","","3.84737396240234","","","McCafé® Coffees","$2.50","McDonald's","McDonald's","2017 Main St Parking, 2017 Main St, Houston, TX 77002, USA","Houston","2022-10-30 15:02:52.0000000"
"MENU_001710","REST_00138","Iced Latte","","3.84737396240234","","","McCafé® Coffees","$2.50","McDonald's","McDonald's","2017 Main St Parking, 2017 Main St, Houston, TX 77002, USA","Houston","2022-10-30 15:02:52.0000000"
"MENU_001711","REST_00138","Iced Mocha","","3.84737396240234","","","McCafé® Coffees","$2.50","McDonald's","McDonald's","2017 Main St Parking, 2017 Main St, Houston, TX 77002, USA","Houston","2022-10-30 15:02:52.0000000"
"MENU_001712","REST_00138","Latte","","3.84737396240234","","","McCafé® Coffees","$2.79","McDonald's","McDonald's","2017 Main St Parking, 2017 Main St, Houston, TX 77002, USA","Houston","2022-10-30 15:02:52.0000000"
"MENU_001713","REST_00138","Milk","","3.84737396240234","","","Beverages","$1.79","McDonald's","McDonald's","2017 Main St Parking, 2017 Main St, Houston, TX 77002, USA","Houston","2022-10-30 15:02:52.0000000"
"MENU_001714","REST_00138","Minute Maid® Orange Juice","","3.84737396240234","","","Beverages","$2.29","McDonald's","McDonald's","2017 Main St Parking, 2017 Main St, Houston, TX 77002, USA","Houston","2022-10-30 15:02:52.0000000"
"MENU_001715","REST_00138","Mocha","","3.84737396240234","","","McCafé® Coffees","$2.50","McDonald's","McDonald's","2017 Main St Parking, 2017 Main St, Houston, TX 77002, USA","Houston","2022-10-30 15:02:52.0000000"
"MENU_001716","REST_00138","Powerade®","","3.84737396240234","","","Beverages","$1.59","McDonald's","McDonald's","2017 Main St Parking, 2017 Main St, Houston, TX 77002, USA","Houston","2022-10-30 15:02:52.0000000"
"MENU_001717","REST_00138","Premium Hot Chocolate","","3.84737396240234","","","McCafé® Coffees","$2.79","McDonald's","McDonald's","2017 Main St Parking, 2017 Main St, Houston, TX 77002, USA","Houston","2022-10-30 15:02:52.0000000"
"MENU_001718","REST_00138","Premium Roast Coffee","","3.84737396240234","","","McCafé® Coffees","$1.29","McDonald's","McDonald's","2017 Main St Parking, 2017 Main St, Houston, TX 77002, USA","Houston","2022-10-30 15:02:52.0000000"
"MENU_001719","REST_00138","Quarter Pounder with Cheese Deluxe Meal","","3.84737396240234","","","Combo Meals","$8.29","McDonald's","McDonald's","2017 Main St Parking, 2017 Main St, Houston, TX 77002, USA","Houston","2022-10-30 15:02:52.0000000"
"MENU_001720","REST_00138","Quarter Pounder with Cheese Meal","","3.84737396240234","","","Combo Meals","$7.89","McDonald's","McDonald's","2017 Main St Parking, 2017 Main St, Houston, TX 77002, USA","Houston","2022-10-30 15:02:52.0000000"
"MENU_001721","REST_00138","Spicy Crispy Chicken Sandwich Meal ","","3.84737396240234","","","Combo Meals","$8.29","McDonald's","McDonald's","2017 Main St Parking, 2017 Main St, Houston, TX 77002, USA","Houston","2022-10-30 15:02:52.0000000"
"MENU_001722","REST_00138","Spicy Deluxe Crispy Chicken Sandwich Meal","","3.84737396240234","","","Combo Meals","$8.99","McDonald's","McDonald's","2017 Main St Parking, 2017 Main St, Houston, TX 77002, USA","Houston","2022-10-30 15:02:52.0000000"
"MENU_001723","REST_00138","Sprite®","","3.84737396240234","","","Beverages","$1.59","McDonald's","McDonald's","2017 Main St Parking, 2017 Main St, Houston, TX 77002, USA","Houston","2022-10-30 15:02:52.0000000"
"MENU_001724","REST_00138","Strawberry & Crème Pie","","3.84737396240234","","","McCafé Bakery","$2.27","McDonald's","McDonald's","2017 Main St Parking, 2017 Main St, Houston, TX 77002, USA","Houston","2022-10-30 15:02:52.0000000"
"MENU_001725","REST_00138","Strawberry & Crème Pie","","3.84737396240234","","","Sweets & Treats","$2.27","McDonald's","McDonald's","2017 Main St Parking, 2017 Main St, Houston, TX 77002, USA","Houston","2022-10-30 15:02:52.0000000"
"MENU_001726","REST_00138","Strawberry Shake","","3.84737396240234","","","Sweets & Treats","$2.73","McDonald's","McDonald's","2017 Main St Parking, 2017 Main St, Houston, TX 77002, USA","Houston","2022-10-30 15:02:52.0000000"
"MENU_001727","REST_00138","Sweet Iced Tea","","3.84737396240234","","","Beverages","$1.59","McDonald's","McDonald's","2017 Main St Parking, 2017 Main St, Houston, TX 77002, USA","Houston","2022-10-30 15:02:52.0000000"
"MENU_001728","REST_00138","Triple Cheeseburger Meal","","3.84737396240234","","","Combo Meals","$6.69","McDonald's","McDonald's","2017 Main St Parking, 2017 Main St, Houston, TX 77002, USA","Houston","2022-10-30 15:02:52.0000000"
"MENU_001729","REST_00138","Unsweetened Iced Tea","","3.84737396240234","","","Beverages","$1.59","McDonald's","McDonald's","2017 Main St Parking, 2017 Main St, Houston, TX 77002, USA","Houston","2022-10-30 15:02:52.0000000"
"MENU_001730","REST_00138","Vanilla Shake","","3.84737396240234","","","Sweets & Treats","$2.73","McDonald's","McDonald's","2017 Main St Parking, 2017 Main St, Houston, TX 77002, USA","Houston","2022-10-30 15:02:52.0000000"
"MENU_001731","REST_00139","Prosciutto & Chicken Sandwich","prosciutto & roasted chicken breast with fresh mozzarella, crushed honey roasted almonds, basil pesto, balsamic glaze drizzle, tomatoes (580 cal) on panini-pressed ciabatta (260 cal)can be requested gluten free by selecting the gf bread option","4.69369411468506","","","SANDWICHES","$14.09","Mendocino Farms","Chef-driven menu of creative sandwiches & soulful salads","1200 Smith St, Houston, TX 77002, USA","Houston","2022-10-30 15:15:28.0000000"
"MENU_001732","REST_00140","Baby Back Ribs","BBQ Glazed.  Served with Two Sides.","4.7578501701355","","","Country Platters","$19.99","Mia's Table","Soup, Desserts, Burgers, Sandwich, Beverages, Kids, Milk Shakes, Salads, Seafood, Tacos, American, Shakes, Malts, and Desserts, Nachos","3131 Argonne St, Houston, TX 77098, USA","Houston","2022-10-30 15:13:01.0000000"
"MENU_001733","REST_00141","Acai Bowl","acai, banana, blueberry & almond milk (gf/sf)","4.81443309783936","","","Lite Bites","$11.00","Mo' Better Brews","Vegan, Wine, Beer, Waffles, Pancakes, Sandwiches, Pizza","1201 Southmore Blvd, Houston, TX 77004, USA","Houston","2022-10-30 15:09:44.0000000"
"MENU_001734","REST_00141","Acai Bowl","acai, banana, blueberry & almond milk (gf/sf)","4.81443309783936","","","Raw","$11.00","Mo' Better Brews","Vegan, Wine, Beer, Waffles, Pancakes, Sandwiches, Pizza","1201 Southmore Blvd, Houston, TX 77004, USA","Houston","2022-10-30 15:09:44.0000000"
"MENU_001735","REST_00141","Almond Butter Croissant","Dusted with powdered sugar, drizzled with chocolate (sf)","4.81443309783936","","","Lite Bites","$9.00","Mo' Better Brews","Vegan, Wine, Beer, Waffles, Pancakes, Sandwiches, Pizza","1201 Southmore Blvd, Houston, TX 77004, USA","Houston","2022-10-30 15:09:44.0000000"
"MENU_001736","REST_00141","Bootsy Bagels & Lox","Carrot lox, herb cream cheeze, capers, everything bagel (sf)","4.81443309783936","","","Lite Bites","$13.00","Mo' Better Brews","Vegan, Wine, Beer, Waffles, Pancakes, Sandwiches, Pizza","1201 Southmore Blvd, Houston, TX 77004, USA","Houston","2022-10-30 15:09:44.0000000"
"MENU_001737","REST_00141","Boudain Balls","Crispy outside, seasoned boudain rice filling topped with a Mo' Better drizzle of our homemade Trill sauce. Great for sharing with your friends!","4.81443309783936","","","Lite Bites","$12.00","Mo' Better Brews","Vegan, Wine, Beer, Waffles, Pancakes, Sandwiches, Pizza","1201 Southmore Blvd, Houston, TX 77004, USA","Houston","2022-10-30 15:09:44.0000000"
"MENU_001738","REST_00141","Boudain Rice","","4.81443309783936","","","Sides","$6.00","Mo' Better Brews","Vegan, Wine, Beer, Waffles, Pancakes, Sandwiches, Pizza","1201 Southmore Blvd, Houston, TX 77004, USA","Houston","2022-10-30 15:09:44.0000000"
"MENU_001739","REST_00141","Breakfast Quesadilla","This Quesadilla is a gem! Filled with our delicious truffle hash, vegan eggs, vegan cheese & perfectly sauteed spinach. Topped with a drizzle of vegan sour cream & our famous Trill Sauce along with a sprinkle of fresh green onions.","4.81443309783936","","","Entrees","$13.00","Mo' Better Brews","Vegan, Wine, Beer, Waffles, Pancakes, Sandwiches, Pizza","1201 Southmore Blvd, Houston, TX 77004, USA","Houston","2022-10-30 15:09:44.0000000"
"MENU_001740","REST_00141","Breakfast Sausage (2)","(gf/sf)","4.81443309783936","","","Sides","$3.00","Mo' Better Brews","Vegan, Wine, Beer, Waffles, Pancakes, Sandwiches, Pizza","1201 Southmore Blvd, Houston, TX 77004, USA","Houston","2022-10-30 15:09:44.0000000"
"MENU_001741","REST_00141","Buffalo Chik'n Dip","Shredded chik'n, cream cheeze & buffalo sauce (gf)","4.81443309783936","","","Lite Bites","$11.00","Mo' Better Brews","Vegan, Wine, Beer, Waffles, Pancakes, Sandwiches, Pizza","1201 Southmore Blvd, Houston, TX 77004, USA","Houston","2022-10-30 15:09:44.0000000"
"MENU_001742","REST_00141","Cajun Croissant","A delightfully flaky croissant stuffed with our homemade boudin rice & topped with our famous mushroom cream gravy called \Swamp Sauce\"". This one is a soul food treat!""","4.81443309783936","","","Entrees","$17.00","Mo' Better Brews","Vegan, Wine, Beer, Waffles, Pancakes, Sandwiches, Pizza","1201 Southmore Blvd, Houston, TX 77004, USA","Houston","2022-10-27 23:10:03.0000000"
"MENU_001743","REST_00141","Cauli Wings","Fresh Cauli Wings lightly breaded , fried and tossed in one of our homemade signature Houston Sauce Co. sauces!!!!","4.81443309783936","","","Lite Bites","$10.00","Mo' Better Brews","Vegan, Wine, Beer, Waffles, Pancakes, Sandwiches, Pizza","1201 Southmore Blvd, Houston, TX 77004, USA","Houston","2022-10-30 15:09:44.0000000"
"MENU_001744","REST_00141","Cheese Pizza","(sf)","4.81443309783936","","","Kids Menu","$8.00","Mo' Better Brews","Vegan, Wine, Beer, Waffles, Pancakes, Sandwiches, Pizza","1201 Southmore Blvd, Houston, TX 77004, USA","Houston","2022-10-30 15:09:44.0000000"
"MENU_001745","REST_00141","Chik'n Fried 'Shrooms & Grits","Crispy and perfectly seasoned Oyster Mushrooms over a bed of smooth cooked-just-right grits.","4.81443309783936","","","Entrees","$16.00","Mo' Better Brews","Vegan, Wine, Beer, Waffles, Pancakes, Sandwiches, Pizza","1201 Southmore Blvd, Houston, TX 77004, USA","Houston","2022-10-30 15:09:44.0000000"
"MENU_001746","REST_00141","Coltrane Croissant Sandwich","Breakfast sausage, eggs, tomato, sautéed spinach, cheddar cheeze on a croissant (can be made sf)**Currently served on Ciabatta bread, due to a shortage.","4.81443309783936","","","Sandwiches","$15.00","Mo' Better Brews","Vegan, Wine, Beer, Waffles, Pancakes, Sandwiches, Pizza","1201 Southmore Blvd, Houston, TX 77004, USA","Houston","2022-10-30 15:09:44.0000000"
"MENU_001747","REST_00141","Crunchy Boudain Sushi Roll","Crunchy Boudain Sushi Roll Drizzled with Unagi & our famous Trill Sauce. Perfect for sharing or for a meal!","4.81443309783936","","","Lite Bites","$15.00","Mo' Better Brews","Vegan, Wine, Beer, Waffles, Pancakes, Sandwiches, Pizza","1201 Southmore Blvd, Houston, TX 77004, USA","Houston","2022-10-30 15:09:44.0000000"
"MENU_001748","REST_00141","Fela Feta Flatbread","caramelized onion, fig demi glace & feta cheeze (sf)","4.81443309783936","","","Flatbread Pizzas","$16.00","Mo' Better Brews","Vegan, Wine, Beer, Waffles, Pancakes, Sandwiches, Pizza","1201 Southmore Blvd, Houston, TX 77004, USA","Houston","2022-10-30 15:09:44.0000000"
"MENU_001749","REST_00141","Fruit Bowl","(gf/sf)","4.81443309783936","","","Sides","$5.00","Mo' Better Brews","Vegan, Wine, Beer, Waffles, Pancakes, Sandwiches, Pizza","1201 Southmore Blvd, Houston, TX 77004, USA","Houston","2022-10-30 15:09:44.0000000"
"MENU_001750","REST_00141","Grits","(gf)","4.81443309783936","","","Sides","$6.00","Mo' Better Brews","Vegan, Wine, Beer, Waffles, Pancakes, Sandwiches, Pizza","1201 Southmore Blvd, Houston, TX 77004, USA","Houston","2022-10-30 15:09:44.0000000"
"MENU_001751","REST_00141","Hot Honey 'Shrooms & Grits","Crispy and perfectly seasoned Oyster Mushrooms, drizzled with Hot Honey Sauce (spiced agave) over a bed of smooth cooked-just-right grits.","4.81443309783936","","","Entrees","$17.00","Mo' Better Brews","Vegan, Wine, Beer, Waffles, Pancakes, Sandwiches, Pizza","1201 Southmore Blvd, Houston, TX 77004, USA","Houston","2022-10-30 15:09:44.0000000"
"MENU_001752","REST_00141","Hot Honey 'Shrooms & Pancakes","","4.81443309783936","","","Pancakes","$21.00","Mo' Better Brews","Vegan, Wine, Beer, Waffles, Pancakes, Sandwiches, Pizza","1201 Southmore Blvd, Houston, TX 77004, USA","Houston","2022-10-30 15:09:44.0000000"
"MENU_001753","REST_00141","Hot Honey 'Shrooms & Waffles","","4.81443309783936","","","Waffles","$21.00","Mo' Better Brews","Vegan, Wine, Beer, Waffles, Pancakes, Sandwiches, Pizza","1201 Southmore Blvd, Houston, TX 77004, USA","Houston","2022-10-30 15:09:44.0000000"
"MENU_001754","REST_00141","Johnny Nash Sweet Potato Hash","Get your fill with kale, quinoa, black beans and a cilantro lemon vinaigrette. (gf/sf)","4.81443309783936","","","Entrees","$13.00","Mo' Better Brews","Vegan, Wine, Beer, Waffles, Pancakes, Sandwiches, Pizza","1201 Southmore Blvd, Houston, TX 77004, USA","Houston","2022-10-30 15:09:44.0000000"
"MENU_001755","REST_00141","Kale Salad","","4.81443309783936","","","Lite Bites","$12.00","Mo' Better Brews","Vegan, Wine, Beer, Waffles, Pancakes, Sandwiches, Pizza","1201 Southmore Blvd, Houston, TX 77004, USA","Houston","2022-10-30 15:09:44.0000000"
"MENU_001756","REST_00141","KIDS Chikn' Fried 'Shrooms","with fries or fresh fruit (sf)","4.81443309783936","","","Kids Menu","$8.00","Mo' Better Brews","Vegan, Wine, Beer, Waffles, Pancakes, Sandwiches, Pizza","1201 Southmore Blvd, Houston, TX 77004, USA","Houston","2022-10-30 15:09:44.0000000"
"MENU_001757","REST_00141","Mo' Better Berry Smoothie","(gf/sf)","4.81443309783936","","","Lite Bites","$8.00","Mo' Better Brews","Vegan, Wine, Beer, Waffles, Pancakes, Sandwiches, Pizza","1201 Southmore Blvd, Houston, TX 77004, USA","Houston","2022-10-30 15:09:44.0000000"
"MENU_001758","REST_00141","Mo' Better Berry Smoothie","(gf/sf)","4.81443309783936","","","Raw","$8.00","Mo' Better Brews","Vegan, Wine, Beer, Waffles, Pancakes, Sandwiches, Pizza","1201 Southmore Blvd, Houston, TX 77004, USA","Houston","2022-10-30 15:09:44.0000000"
"MENU_001759","REST_00141","Mo' Better Breakfast Combo","Our take on everything from the kitchen. Fill up on grits, truffle hash or tofu scramble, breakfast sausage, & sourdough toast.","4.81443309783936","","","Entrees","$16.00","Mo' Better Brews","Vegan, Wine, Beer, Waffles, Pancakes, Sandwiches, Pizza","1201 Southmore Blvd, Houston, TX 77004, USA","Houston","2022-10-30 15:09:44.0000000"
"MENU_001760","REST_00141","Motown Monte","","4.81443309783936","","","Sandwiches","$17.00","Mo' Better Brews","Vegan, Wine, Beer, Waffles, Pancakes, Sandwiches, Pizza","1201 Southmore Blvd, Houston, TX 77004, USA","Houston","2022-10-30 15:09:44.0000000"
"MENU_001761","REST_00141","Naked Fried Brussels","Fresh and crispy tossed in a fig demi glace sauce. (gf/sf)","4.81443309783936","","","Lite Bites","$9.00","Mo' Better Brews","Vegan, Wine, Beer, Waffles, Pancakes, Sandwiches, Pizza","1201 Southmore Blvd, Houston, TX 77004, USA","Houston","2022-10-30 15:09:44.0000000"
"MENU_001762","REST_00141","Pancake (Single)","","4.81443309783936","","","Pancakes","$5.00","Mo' Better Brews","Vegan, Wine, Beer, Waffles, Pancakes, Sandwiches, Pizza","1201 Southmore Blvd, Houston, TX 77004, USA","Houston","2022-10-30 15:09:44.0000000"
"MENU_001763","REST_00141","Pancake Flight","","4.81443309783936","","","Entrees","$18.00","Mo' Better Brews","Vegan, Wine, Beer, Waffles, Pancakes, Sandwiches, Pizza","1201 Southmore Blvd, Houston, TX 77004, USA","Houston","2022-10-30 15:09:44.0000000"
"MENU_001764","REST_00141","Pancake Flight","","4.81443309783936","","","Pancakes","$18.00","Mo' Better Brews","Vegan, Wine, Beer, Waffles, Pancakes, Sandwiches, Pizza","1201 Southmore Blvd, Houston, TX 77004, USA","Houston","2022-10-30 15:09:44.0000000"
"MENU_001765","REST_00141","Peach Cobbler Pancakes","","4.81443309783936","","","Pancakes","$16.00","Mo' Better Brews","Vegan, Wine, Beer, Waffles, Pancakes, Sandwiches, Pizza","1201 Southmore Blvd, Houston, TX 77004, USA","Houston","2022-10-30 15:09:44.0000000"
"MENU_001766","REST_00141","Pecan Pie Pancakes","","4.81443309783936","","","Pancakes","$16.00","Mo' Better Brews","Vegan, Wine, Beer, Waffles, Pancakes, Sandwiches, Pizza","1201 Southmore Blvd, Houston, TX 77004, USA","Houston","2022-10-30 15:09:44.0000000"
"MENU_001767","REST_00141","Plain Pancakes","","4.81443309783936","","","Pancakes","$11.00","Mo' Better Brews","Vegan, Wine, Beer, Waffles, Pancakes, Sandwiches, Pizza","1201 Southmore Blvd, Houston, TX 77004, USA","Houston","2022-10-30 15:09:44.0000000"
"MENU_001768","REST_00141","Plain Waffle","","4.81443309783936","","","Waffles","$11.00","Mo' Better Brews","Vegan, Wine, Beer, Waffles, Pancakes, Sandwiches, Pizza","1201 Southmore Blvd, Houston, TX 77004, USA","Houston","2022-10-30 15:09:44.0000000"
"MENU_001769","REST_00141","Regular Fries","","4.81443309783936","","","Sides","$6.00","Mo' Better Brews","Vegan, Wine, Beer, Waffles, Pancakes, Sandwiches, Pizza","1201 Southmore Blvd, Houston, TX 77004, USA","Houston","2022-10-30 15:09:44.0000000"
"MENU_001770","REST_00141","Sauteed Spinach","","4.81443309783936","","","Sides","$2.00","Mo' Better Brews","Vegan, Wine, Beer, Waffles, Pancakes, Sandwiches, Pizza","1201 Southmore Blvd, Houston, TX 77004, USA","Houston","2022-10-30 15:09:44.0000000"
"MENU_001771","REST_00141","Scrambled Eggs","(gf/sf)","4.81443309783936","","","Sides","$6.00","Mo' Better Brews","Vegan, Wine, Beer, Waffles, Pancakes, Sandwiches, Pizza","1201 Southmore Blvd, Houston, TX 77004, USA","Houston","2022-10-30 15:09:44.0000000"
"MENU_001772","REST_00141","'Shrooms & Grits Flight","Perfect for when you can't decide and great for sharing! Get creamy grits with 'Shrooms drizzled with Trill, Hot Honey and Swamp Sauce.","4.81443309783936","","","Entrees","$18.00","Mo' Better Brews","Vegan, Wine, Beer, Waffles, Pancakes, Sandwiches, Pizza","1201 Southmore Blvd, Houston, TX 77004, USA","Houston","2022-10-30 15:09:44.0000000"
"MENU_001773","REST_00141","Shrooms & Pancakes","Crispy fried Oyster Mushrooms over fluffy pancakes.","4.81443309783936","","","Pancakes","$21.00","Mo' Better Brews","Vegan, Wine, Beer, Waffles, Pancakes, Sandwiches, Pizza","1201 Southmore Blvd, Houston, TX 77004, USA","Houston","2022-10-30 15:09:44.0000000"
"MENU_001774","REST_00141","Shrooms & Waffles","","4.81443309783936","","","Waffles","$21.00","Mo' Better Brews","Vegan, Wine, Beer, Waffles, Pancakes, Sandwiches, Pizza","1201 Southmore Blvd, Houston, TX 77004, USA","Houston","2022-10-30 15:09:44.0000000"
"MENU_001775","REST_00141","Side of Avocado","","4.81443309783936","","","Sides","$3.00","Mo' Better Brews","Vegan, Wine, Beer, Waffles, Pancakes, Sandwiches, Pizza","1201 Southmore Blvd, Houston, TX 77004, USA","Houston","2022-10-30 15:09:44.0000000"
"MENU_001776","REST_00141","Side of Black Beans","","4.81443309783936","","","Sides","$2.00","Mo' Better Brews","Vegan, Wine, Beer, Waffles, Pancakes, Sandwiches, Pizza","1201 Southmore Blvd, Houston, TX 77004, USA","Houston","2022-10-30 15:09:44.0000000"
"MENU_001777","REST_00141","Side Of Chik'n Fried Shrooms","","4.81443309783936","","","Sides","$8.00","Mo' Better Brews","Vegan, Wine, Beer, Waffles, Pancakes, Sandwiches, Pizza","1201 Southmore Blvd, Houston, TX 77004, USA","Houston","2022-10-30 15:09:44.0000000"
"MENU_001778","REST_00141","Side Of Hot Honey Sauce","","4.81443309783936","","","Sides","$0.50","Mo' Better Brews","Vegan, Wine, Beer, Waffles, Pancakes, Sandwiches, Pizza","1201 Southmore Blvd, Houston, TX 77004, USA","Houston","2022-10-30 15:09:44.0000000"
"MENU_001779","REST_00141","Side of Kale","","4.81443309783936","","","Sides","$2.00","Mo' Better Brews","Vegan, Wine, Beer, Waffles, Pancakes, Sandwiches, Pizza","1201 Southmore Blvd, Houston, TX 77004, USA","Houston","2022-10-30 15:09:44.0000000"
"MENU_001780","REST_00141","Side of Pecan Sauce","","4.81443309783936","","","Sides","$3.00","Mo' Better Brews","Vegan, Wine, Beer, Waffles, Pancakes, Sandwiches, Pizza","1201 Southmore Blvd, Houston, TX 77004, USA","Houston","2022-10-30 15:09:44.0000000"
"MENU_001781","REST_00141","Side of Quinoa","","4.81443309783936","","","Sides","$2.00","Mo' Better Brews","Vegan, Wine, Beer, Waffles, Pancakes, Sandwiches, Pizza","1201 Southmore Blvd, Houston, TX 77004, USA","Houston","2022-10-30 15:09:44.0000000"
"MENU_001782","REST_00141","Side Of Strawberry Cheesecake Sauce","","4.81443309783936","","","Sides","$3.00","Mo' Better Brews","Vegan, Wine, Beer, Waffles, Pancakes, Sandwiches, Pizza","1201 Southmore Blvd, Houston, TX 77004, USA","Houston","2022-10-30 15:09:44.0000000"
"MENU_001783","REST_00141","Side of Sweet Potatoes","","4.81443309783936","","","Sides","$2.00","Mo' Better Brews","Vegan, Wine, Beer, Waffles, Pancakes, Sandwiches, Pizza","1201 Southmore Blvd, Houston, TX 77004, USA","Houston","2022-10-30 15:09:44.0000000"
"MENU_001784","REST_00141","Side Of Tortilla Chips","","4.81443309783936","","","Sides","$3.00","Mo' Better Brews","Vegan, Wine, Beer, Waffles, Pancakes, Sandwiches, Pizza","1201 Southmore Blvd, Houston, TX 77004, USA","Houston","2022-10-30 15:09:44.0000000"
"MENU_001785","REST_00141","Side Of Trill Sauce","","4.81443309783936","","","Sides","$0.50","Mo' Better Brews","Vegan, Wine, Beer, Waffles, Pancakes, Sandwiches, Pizza","1201 Southmore Blvd, Houston, TX 77004, USA","Houston","2022-10-30 15:09:44.0000000"
"MENU_001786","REST_00141","Single Taco","","4.81443309783936","","","Lite Bites","$4.00","Mo' Better Brews","Vegan, Wine, Beer, Waffles, Pancakes, Sandwiches, Pizza","1201 Southmore Blvd, Houston, TX 77004, USA","Houston","2022-10-30 15:09:44.0000000"
"MENU_001787","REST_00141","Smokey Rob Flatbread","pesto sauce, smoked oyster shrooms & truffle oil (sf)","4.81443309783936","","","Flatbread Pizzas","$17.00","Mo' Better Brews","Vegan, Wine, Beer, Waffles, Pancakes, Sandwiches, Pizza","1201 Southmore Blvd, Houston, TX 77004, USA","Houston","2022-10-30 15:09:44.0000000"
"MENU_001788","REST_00141","Spinach Artichoke Dip","","4.81443309783936","","","Lite Bites","$11.00","Mo' Better Brews","Vegan, Wine, Beer, Waffles, Pancakes, Sandwiches, Pizza","1201 Southmore Blvd, Houston, TX 77004, USA","Houston","2022-10-30 15:09:44.0000000"
"MENU_001789","REST_00141","Strawberry Cheezecake Pancakes","","4.81443309783936","","","Pancakes","$16.00","Mo' Better Brews","Vegan, Wine, Beer, Waffles, Pancakes, Sandwiches, Pizza","1201 Southmore Blvd, Houston, TX 77004, USA","Houston","2022-10-30 15:09:44.0000000"
"MENU_001790","REST_00141","The Boss Flatbread","white sauce, cauliflower tossed in buffalo sauce, drizzled with ranch","4.81443309783936","","","Flatbread Pizzas","$15.00","Mo' Better Brews","Vegan, Wine, Beer, Waffles, Pancakes, Sandwiches, Pizza","1201 Southmore Blvd, Houston, TX 77004, USA","Houston","2022-10-30 15:09:44.0000000"
"MENU_001791","REST_00141","Toast","(sf)","4.81443309783936","","","Sides","$2.00","Mo' Better Brews","Vegan, Wine, Beer, Waffles, Pancakes, Sandwiches, Pizza","1201 Southmore Blvd, Houston, TX 77004, USA","Houston","2022-10-30 15:09:44.0000000"
"MENU_001792","REST_00141","Tofu Scramble","(gf)","4.81443309783936","","","Sides","$5.00","Mo' Better Brews","Vegan, Wine, Beer, Waffles, Pancakes, Sandwiches, Pizza","1201 Southmore Blvd, Houston, TX 77004, USA","Houston","2022-10-30 15:09:44.0000000"
"MENU_001793","REST_00141","Truffle Fries","(gf/sf)","4.81443309783936","","","Lite Bites","$13.00","Mo' Better Brews","Vegan, Wine, Beer, Waffles, Pancakes, Sandwiches, Pizza","1201 Southmore Blvd, Houston, TX 77004, USA","Houston","2022-10-30 15:09:44.0000000"
"MENU_001794","REST_00141","Truffle Hash","(gf/sf)","4.81443309783936","","","Sides","$6.00","Mo' Better Brews","Vegan, Wine, Beer, Waffles, Pancakes, Sandwiches, Pizza","1201 Southmore Blvd, Houston, TX 77004, USA","Houston","2022-10-30 15:09:44.0000000"
"MENU_001795","REST_00142","Sweet Loren's Chocolate Chunk Edible Cookie Dough","Creamy, smooth and scoop-able gluten-free cookie dough. Delicious taste from only clean ingredients. Spoon under lid (3.6 oz). (Gluten-free, vegan)","4.49400520324707","","","Desserts","$7.00","moonbowls - Healthy Korean Bowls","Korean Restaurant","2616 Blodgett St, Houston, TX 77004, USA","Houston","2022-10-30 15:11:23.0000000"
"MENU_001796","REST_00143","Signature Crinkle Fries","Crinkle fries seasoned with spicy red pepper, garlic, paprika, sugar, and a hint of lime.","4.34234189987183","","","Sides","$3.99","MrBeast Burger","Burgers, American, Fries, Sandwiches, Chicken Tenders","2616 Blodgett St, Houston, TX 77004, USA","Houston","2022-10-30 15:14:16.0000000"
"MENU_001797","REST_00144","Basil Fried Rice","Fried rice with chili-garlic sauce and sweet basil topped with a fried egg","4.6991171836853","","","Online Fried Rice","$12.45","Nara Thai","Thai, Pickup, Takeout, Asian","Downtown Texaco Car Care Clinic, 2111 Fannin St, Houston, TX 77002, USA","Houston","2022-11-07 21:11:34.0000000"
"MENU_001798","REST_00144","Bell Pepper","Beef sautéed with onion, green onion, and bell peppers in house sauce","4.6991171836853","","","Online Entrees","$12.45","Nara Thai","Thai, Pickup, Takeout, Asian","Downtown Texaco Car Care Clinic, 2111 Fannin St, Houston, TX 77002, USA","Houston","2022-11-07 21:11:34.0000000"
"MENU_001799","REST_00144","Bottle Water","","4.6991171836853","","","Drinks ","$2.05","Nara Thai","Thai, Pickup, Takeout, Asian","Downtown Texaco Car Care Clinic, 2111 Fannin St, Houston, TX 77002, USA","Houston","2022-11-07 21:11:34.0000000"
"MENU_001800","REST_00144","Calamari","Deep fried calamari served with sweet and sour sauce","4.6991171836853","","","Online Appetizers","$9.45","Nara Thai","Thai, Pickup, Takeout, Asian","Downtown Texaco Car Care Clinic, 2111 Fannin St, Houston, TX 77002, USA","Houston","2022-11-07 21:11:34.0000000"
"MENU_001801","REST_00144","Can Diet Coke","","4.6991171836853","","","Drinks ","$1.75","Nara Thai","Thai, Pickup, Takeout, Asian","Downtown Texaco Car Care Clinic, 2111 Fannin St, Houston, TX 77002, USA","Houston","2022-11-07 21:11:34.0000000"
"MENU_001802","REST_00144","Chicken Curry Puff","3 fried pastries filled with chicken, potato, onion, and carrot served with cucumber relish","4.6991171836853","","","Appetizers","$8.95","Nara Thai","Thai, Pickup, Takeout, Asian","Downtown Texaco Car Care Clinic, 2111 Fannin St, Houston, TX 77002, USA","Houston","2022-11-07 21:11:34.0000000"
"MENU_001803","REST_00144","Chicken Curry Puff","3 fried pastries filled with chicken, potato, onion, and carrot served with cucumber relish","4.6991171836853","","","Online Appetizers","$8.45","Nara Thai","Thai, Pickup, Takeout, Asian","Downtown Texaco Car Care Clinic, 2111 Fannin St, Houston, TX 77002, USA","Houston","2022-11-07 21:11:34.0000000"
"MENU_001804","REST_00144","Chicken Satay","4 chicken skewers with peanut sauce and cucumber relish","4.6991171836853","","","Appetizers","$10.95","Nara Thai","Thai, Pickup, Takeout, Asian","Downtown Texaco Car Care Clinic, 2111 Fannin St, Houston, TX 77002, USA","Houston","2022-11-07 21:11:34.0000000"
"MENU_001805","REST_00144","Chicken Satay","4 chicken skewers with peanut sauce and cucumber relish","4.6991171836853","","","Online Appetizers","$10.45","Nara Thai","Thai, Pickup, Takeout, Asian","Downtown Texaco Car Care Clinic, 2111 Fannin St, Houston, TX 77002, USA","Houston","2022-11-07 21:11:34.0000000"
"MENU_001806","REST_00144","Combination Plate","Chicken satay, crab angel, calamari, vegetable tempura, fried spring roll, and Thai dumpling","4.6991171836853","","","Online Appetizers","$23.95","Nara Thai","Thai, Pickup, Takeout, Asian","Downtown Texaco Car Care Clinic, 2111 Fannin St, Houston, TX 77002, USA","Houston","2022-11-07 21:11:34.0000000"
"MENU_001807","REST_00144","Crab Angel","6 fried wontons with cream cheese and crab meat","4.6991171836853","","","Appetizers","$8.95","Nara Thai","Thai, Pickup, Takeout, Asian","Downtown Texaco Car Care Clinic, 2111 Fannin St, Houston, TX 77002, USA","Houston","2022-11-07 21:11:34.0000000"
"MENU_001808","REST_00144","Crab Angel","6 fried wontons with cream cheese and crab meat","4.6991171836853","","","Online Appetizers","$8.45","Nara Thai","Thai, Pickup, Takeout, Asian","Downtown Texaco Car Care Clinic, 2111 Fannin St, Houston, TX 77002, USA","Houston","2022-11-07 21:11:34.0000000"
"MENU_001809","REST_00144","Eggplant Basil","Tofu or a protein of your choice, purple eggplant, and bell pepper sautéed in chili garlic and black bean sauce","4.6991171836853","","","Online Entrees","$12.45","Nara Thai","Thai, Pickup, Takeout, Asian","Downtown Texaco Car Care Clinic, 2111 Fannin St, Houston, TX 77002, USA","Houston","2022-11-07 21:11:34.0000000"
"MENU_001810","REST_00144","Fanta Orange 20 Oz","","4.6991171836853","","","Drinks ","$2.95","Nara Thai","Thai, Pickup, Takeout, Asian","Downtown Texaco Car Care Clinic, 2111 Fannin St, Houston, TX 77002, USA","Houston","2022-11-07 21:11:34.0000000"
"MENU_001811","REST_00144","Fresh Roll","2 rolls with poached chicken, shrimp, lettuce, bean sprouts, and cucumbers wrapped in clear rice paper served with spicy peanut sauce or a sweet and sour sauce","4.6991171836853","","","Appetizers","$7.95","Nara Thai","Thai, Pickup, Takeout, Asian","Downtown Texaco Car Care Clinic, 2111 Fannin St, Houston, TX 77002, USA","Houston","2022-11-07 21:11:34.0000000"
"MENU_001812","REST_00144","Fresh Roll","2 rolls with poached chicken, shrimp, lettuce, bean sprouts, and cucumbers wrapped in clear rice paper served with spicy peanut sauce or a sweet and sour sauce","4.6991171836853","","","Online Appetizers","$7.45","Nara Thai","Thai, Pickup, Takeout, Asian","Downtown Texaco Car Care Clinic, 2111 Fannin St, Houston, TX 77002, USA","Houston","2022-11-07 21:11:34.0000000"
"MENU_001813","REST_00144","Fried Rice","Fried rice with choice of protein, green onion, and egg","4.6991171836853","","","Online Fried Rice","$12.45","Nara Thai","Thai, Pickup, Takeout, Asian","Downtown Texaco Car Care Clinic, 2111 Fannin St, Houston, TX 77002, USA","Houston","2022-11-07 21:11:34.0000000"
"MENU_001814","REST_00144","Fried Spring  Roll","4 fried egg rolls with cabbage, carrot, and clear noodles","4.6991171836853","","","Appetizers","$6.95","Nara Thai","Thai, Pickup, Takeout, Asian","Downtown Texaco Car Care Clinic, 2111 Fannin St, Houston, TX 77002, USA","Houston","2022-11-07 21:11:34.0000000"
"MENU_001815","REST_00144","Fried Spring  Roll","4 fried egg rolls with cabbage, carrot, and clear noodles","4.6991171836853","","","Online Appetizers","$6.45","Nara Thai","Thai, Pickup, Takeout, Asian","Downtown Texaco Car Care Clinic, 2111 Fannin St, Houston, TX 77002, USA","Houston","2022-11-07 21:11:34.0000000"
"MENU_001816","REST_00144","Ginger Lover","Stir fried protein with black mushroom, onion, green onion, and ginger strips","4.6991171836853","","","Online Entrees","$12.45","Nara Thai","Thai, Pickup, Takeout, Asian","Downtown Texaco Car Care Clinic, 2111 Fannin St, Houston, TX 77002, USA","Houston","2022-11-07 21:11:34.0000000"
"MENU_001817","REST_00144","Green Curry","Protein cooked in coconut milk, green curry paste, green bean, Thai eggplant, bell pepper, and basil","4.6991171836853","","","Online Curries","$12.45","Nara Thai","Thai, Pickup, Takeout, Asian","Downtown Texaco Car Care Clinic, 2111 Fannin St, Houston, TX 77002, USA","Houston","2022-11-07 21:11:34.0000000"
"MENU_001818","REST_00144","Home Style Pad Kra Pow Chicken","Minced chicken stir-fried with fresh garlic, thai chili, bell pepper, basil and a fried egg","4.6991171836853","","","Signature Dishes","$14.45","Nara Thai","Thai, Pickup, Takeout, Asian","Downtown Texaco Car Care Clinic, 2111 Fannin St, Houston, TX 77002, USA","Houston","2022-11-07 21:11:34.0000000"
"MENU_001819","REST_00144","Homestyle Pad Kra Pow Beef","","4.6991171836853","","","Signature Dishes","$16.95","Nara Thai","Thai, Pickup, Takeout, Asian","Downtown Texaco Car Care Clinic, 2111 Fannin St, Houston, TX 77002, USA","Houston","2022-11-07 21:11:34.0000000"
"MENU_001820","REST_00144","Ice Tea - Extra Sweet","","4.6991171836853","","","Drinks ","$2.95","Nara Thai","Thai, Pickup, Takeout, Asian","Downtown Texaco Car Care Clinic, 2111 Fannin St, Houston, TX 77002, USA","Houston","2022-11-07 21:11:34.0000000"
"MENU_001821","REST_00144","Ice Tea - Sweet","","4.6991171836853","","","Drinks ","$2.95","Nara Thai","Thai, Pickup, Takeout, Asian","Downtown Texaco Car Care Clinic, 2111 Fannin St, Houston, TX 77002, USA","Houston","2022-11-07 21:11:34.0000000"
"MENU_001822","REST_00144","Ice Tea - Unsweet","","4.6991171836853","","","Drinks ","$2.95","Nara Thai","Thai, Pickup, Takeout, Asian","Downtown Texaco Car Care Clinic, 2111 Fannin St, Houston, TX 77002, USA","Houston","2022-11-07 21:11:34.0000000"
"MENU_001823","REST_00144","Jarritos Fruit Punch","","4.6991171836853","","","Drinks ","$2.95","Nara Thai","Thai, Pickup, Takeout, Asian","Downtown Texaco Car Care Clinic, 2111 Fannin St, Houston, TX 77002, USA","Houston","2022-11-07 21:11:34.0000000"
"MENU_001824","REST_00144","Jarritos Mandarin","","4.6991171836853","","","Drinks ","$2.95","Nara Thai","Thai, Pickup, Takeout, Asian","Downtown Texaco Car Care Clinic, 2111 Fannin St, Houston, TX 77002, USA","Houston","2022-11-07 21:11:34.0000000"
"MENU_001825","REST_00144","Jarritos Pineapple","","4.6991171836853","","","Drinks ","$2.95","Nara Thai","Thai, Pickup, Takeout, Asian","Downtown Texaco Car Care Clinic, 2111 Fannin St, Houston, TX 77002, USA","Houston","2022-11-07 21:11:34.0000000"
"MENU_001826","REST_00144","Jarritos Tamarind","","4.6991171836853","","","Drinks ","$2.95","Nara Thai","Thai, Pickup, Takeout, Asian","Downtown Texaco Car Care Clinic, 2111 Fannin St, Houston, TX 77002, USA","Houston","2022-11-07 21:11:34.0000000"
"MENU_001827","REST_00144","Java Fried Rice","Fried rice with choice of protein, and vinegar-tamarind sauce topped with an omelet","4.6991171836853","","","Online Fried Rice","$12.45","Nara Thai","Thai, Pickup, Takeout, Asian","Downtown Texaco Car Care Clinic, 2111 Fannin St, Houston, TX 77002, USA","Houston","2022-11-07 21:11:34.0000000"
"MENU_001828","REST_00144","Kids Beef Teriyaki","","4.6991171836853","","","Kid’S Menu","$8.45","Nara Thai","Thai, Pickup, Takeout, Asian","Downtown Texaco Car Care Clinic, 2111 Fannin St, Houston, TX 77002, USA","Houston","2022-11-07 21:11:34.0000000"
"MENU_001829","REST_00144","Kids Chicken Teriyaki","","4.6991171836853","","","Kid’S Menu","$7.95","Nara Thai","Thai, Pickup, Takeout, Asian","Downtown Texaco Car Care Clinic, 2111 Fannin St, Houston, TX 77002, USA","Houston","2022-11-07 21:11:34.0000000"
"MENU_001830","REST_00144","Kids Fried Rice Mock Duck","","4.6991171836853","","","Kid’S Menu","$12.95","Nara Thai","Thai, Pickup, Takeout, Asian","Downtown Texaco Car Care Clinic, 2111 Fannin St, Houston, TX 77002, USA","Houston","2022-11-07 21:11:34.0000000"
"MENU_001831","REST_00144","Kids Fried Rice w/Beef","","4.6991171836853","","","Kid’S Menu","$8.95","Nara Thai","Thai, Pickup, Takeout, Asian","Downtown Texaco Car Care Clinic, 2111 Fannin St, Houston, TX 77002, USA","Houston","2022-11-07 21:11:34.0000000"
"MENU_001832","REST_00144","Kids Orange Chicken","","4.6991171836853","","","Kid’S Menu","$7.95","Nara Thai","Thai, Pickup, Takeout, Asian","Downtown Texaco Car Care Clinic, 2111 Fannin St, Houston, TX 77002, USA","Houston","2022-11-07 21:11:34.0000000"
"MENU_001833","REST_00144","Kids Orange Tofu","","4.6991171836853","","","Kid’S Menu","$7.95","Nara Thai","Thai, Pickup, Takeout, Asian","Downtown Texaco Car Care Clinic, 2111 Fannin St, Houston, TX 77002, USA","Houston","2022-11-07 21:11:34.0000000"
"MENU_001834","REST_00144","Kids Teriyaki Veggie","","4.6991171836853","","","Kid’S Menu","$7.45","Nara Thai","Thai, Pickup, Takeout, Asian","Downtown Texaco Car Care Clinic, 2111 Fannin St, Houston, TX 77002, USA","Houston","2022-11-07 21:11:34.0000000"
"MENU_001835","REST_00144","Kids Tofu Teriyaki","","4.6991171836853","","","Kid’S Menu","$7.45","Nara Thai","Thai, Pickup, Takeout, Asian","Downtown Texaco Car Care Clinic, 2111 Fannin St, Houston, TX 77002, USA","Houston","2022-11-07 21:11:34.0000000"
"MENU_001836","REST_00144","Larb Gai","Spicy minced chicken, red onion, green onion, cilantro, and roasted rice powder seasoned with spicy lime dressing with a side of lettuce","4.6991171836853","","","Online Soups & Salads","$12.45","Nara Thai","Thai, Pickup, Takeout, Asian","Downtown Texaco Car Care Clinic, 2111 Fannin St, Houston, TX 77002, USA","Houston","2022-11-07 21:11:34.0000000"
"MENU_001837","REST_00144","Mango Sweet And Sour","Fried breaded shrimp or a protein of your choice, we recommend the breaded shrimp, bell pepper, onion, green onion, tomato, mango, and cucumber cooked in pineapple and tomato sauce","4.6991171836853","","","Online Entrees","$12.45","Nara Thai","Thai, Pickup, Takeout, Asian","Downtown Texaco Car Care Clinic, 2111 Fannin St, Houston, TX 77002, USA","Houston","2022-11-07 21:11:34.0000000"
"MENU_001838","REST_00144","Massaman Curry w/ Avocado","Beef or a protein of your choice simmered in coconut milk, massaman curry paste, onion, carrot, potato, and avocado","4.6991171836853","","","Signature Dishes","$17.45","Nara Thai","Thai, Pickup, Takeout, Asian","Downtown Texaco Car Care Clinic, 2111 Fannin St, Houston, TX 77002, USA","Houston","2022-11-07 21:11:34.0000000"
"MENU_001839","REST_00144","Mexican Coke","","4.6991171836853","","","Drinks ","$2.95","Nara Thai","Thai, Pickup, Takeout, Asian","Downtown Texaco Car Care Clinic, 2111 Fannin St, Houston, TX 77002, USA","Houston","2022-11-07 21:11:34.0000000"
"MENU_001840","REST_00144","Nara Thai Fried Rice","Fried rice with choice of protein, spicy shrimp powder, green onion, cashew nut, and egg","4.6991171836853","","","Online Fried Rice","$12.45","Nara Thai","Thai, Pickup, Takeout, Asian","Downtown Texaco Car Care Clinic, 2111 Fannin St, Houston, TX 77002, USA","Houston","2022-11-07 21:11:34.0000000"
"MENU_001841","REST_00144","Noodle Soup","","4.6991171836853","","","Online Noodles","$12.45","Nara Thai","Thai, Pickup, Takeout, Asian","Downtown Texaco Car Care Clinic, 2111 Fannin St, Houston, TX 77002, USA","Houston","2022-11-07 21:11:34.0000000"
"MENU_001842","REST_00144","Old Fashion Thai Coffee Bottle","","4.6991171836853","","","Drinks","$5.95","Nara Thai","Thai, Pickup, Takeout, Asian","Downtown Texaco Car Care Clinic, 2111 Fannin St, Houston, TX 77002, USA","Houston","2022-11-07 21:11:34.0000000"
"MENU_001843","REST_00144","Old Fashioned Thai Tea  (16oz Bottle)","","4.6991171836853","","","Drinks ","$5.95","Nara Thai","Thai, Pickup, Takeout, Asian","Downtown Texaco Car Care Clinic, 2111 Fannin St, Houston, TX 77002, USA","Houston","2022-11-07 21:11:34.0000000"
"MENU_001844","REST_00144","Old Fashioned Thai Tea Bottle","","4.6991171836853","","","Drinks","$5.95","Nara Thai","Thai, Pickup, Takeout, Asian","Downtown Texaco Car Care Clinic, 2111 Fannin St, Houston, TX 77002, USA","Houston","2022-11-07 21:11:34.0000000"
"MENU_001845","REST_00144","Orange","Deep fried breaded chicken or a protein of your choice, bell pepper, cashew nut, and sesame seed in orange  sauce","4.6991171836853","","","Online Entrees","$12.45","Nara Thai","Thai, Pickup, Takeout, Asian","Downtown Texaco Car Care Clinic, 2111 Fannin St, Houston, TX 77002, USA","Houston","2022-11-07 21:11:34.0000000"
"MENU_001846","REST_00144","Pad Broccoli","Stir fried protein with broccoli in Thai sauce","4.6991171836853","","","Online Entrees","$12.45","Nara Thai","Thai, Pickup, Takeout, Asian","Downtown Texaco Car Care Clinic, 2111 Fannin St, Houston, TX 77002, USA","Houston","2022-11-07 21:11:34.0000000"
"MENU_001847","REST_00144","Pad Kee Mao","A choice of protein stir fried with flat rice noodles, bell pepper, broccoli, tomato, basil, and mushroom in chili-garlic sauce","4.6991171836853","","","Online Noodles","$12.45","Nara Thai","Thai, Pickup, Takeout, Asian","Downtown Texaco Car Care Clinic, 2111 Fannin St, Houston, TX 77002, USA","Houston","2022-11-07 21:11:34.0000000"
"MENU_001848","REST_00144","Pad Kra Pow Woonsen","A choice of protein stir fried with glass noodles, with chili-garlic sauce, green beans, bell pepper, and basil","4.6991171836853","","","Online Noodles","$12.45","Nara Thai","Thai, Pickup, Takeout, Asian","Downtown Texaco Car Care Clinic, 2111 Fannin St, Houston, TX 77002, USA","Houston","2022-11-07 21:11:34.0000000"
"MENU_001849","REST_00144","Pad Kra Tiem","Fried protein with house special garlic sauce served with cucumbers","4.6991171836853","","","Online Entrees","$12.45","Nara Thai","Thai, Pickup, Takeout, Asian","Downtown Texaco Car Care Clinic, 2111 Fannin St, Houston, TX 77002, USA","Houston","2022-11-07 21:11:34.0000000"
"MENU_001850","REST_00144","Pad Krapraow Woonsen","","4.6991171836853","","","Signature Dishes","$12.95","Nara Thai","Thai, Pickup, Takeout, Asian","Downtown Texaco Car Care Clinic, 2111 Fannin St, Houston, TX 77002, USA","Houston","2022-11-07 21:11:34.0000000"
"MENU_001851","REST_00144","Pad See Eue","A choice of protein stir fried with flat rice noodle, eggs, and broccoli in house brown sauce","4.6991171836853","","","Online Noodles","$12.45","Nara Thai","Thai, Pickup, Takeout, Asian","Downtown Texaco Car Care Clinic, 2111 Fannin St, Houston, TX 77002, USA","Houston","2022-11-07 21:11:34.0000000"
"MENU_001852","REST_00144","Pad Thai","A choice of protein stir fried with rice noodle, eggs, bean sprouts, and green onion in tamarind sauce with crushed peanuts on the side","4.6991171836853","","","Online Noodles","$12.45","Nara Thai","Thai, Pickup, Takeout, Asian","Downtown Texaco Car Care Clinic, 2111 Fannin St, Houston, TX 77002, USA","Houston","2022-11-07 21:11:34.0000000"
"MENU_001853","REST_00144","Pad Woon Sen","A choice of protein stir fried with glass noodles, cabbage, tomato, and green onion in our house brown sauce","4.6991171836853","","","Online Noodles","$12.45","Nara Thai","Thai, Pickup, Takeout, Asian","Downtown Texaco Car Care Clinic, 2111 Fannin St, Houston, TX 77002, USA","Houston","2022-11-07 21:11:34.0000000"
"MENU_001854","REST_00144","Panang Curry","Protein cooked in coconut milk, panang curry paste, kefir lime leaf, and carrots","4.6991171836853","","","Online Curries","$12.45","Nara Thai","Thai, Pickup, Takeout, Asian","Downtown Texaco Car Care Clinic, 2111 Fannin St, Houston, TX 77002, USA","Houston","2022-11-07 21:11:34.0000000"
"MENU_001855","REST_00144","Papaya Salad","Shredded green papaya, roasted peanuts, green bean, tomato, and grilled shrimp on lettuce seasoned with spicy lime dressing","4.6991171836853","","","Online Soups & Salads","$10.45","Nara Thai","Thai, Pickup, Takeout, Asian","Downtown Texaco Car Care Clinic, 2111 Fannin St, Houston, TX 77002, USA","Houston","2022-11-07 21:11:34.0000000"
"MENU_001856","REST_00144","Peanut Sauce","Pan fried chicken or a protein of your choice seasoned with peanut sauce served with steamed broccoli","4.6991171836853","","","Online Entrees","$12.45","Nara Thai","Thai, Pickup, Takeout, Asian","Downtown Texaco Car Care Clinic, 2111 Fannin St, Houston, TX 77002, USA","Houston","2022-11-07 21:11:34.0000000"
"MENU_001857","REST_00144","Pineapple Curry","Protein cooked in coconut milk, red curry paste, bell pepper, pineapple, and basil","4.6991171836853","","","Online Curries","$12.45","Nara Thai","Thai, Pickup, Takeout, Asian","Downtown Texaco Car Care Clinic, 2111 Fannin St, Houston, TX 77002, USA","Houston","2022-11-07 21:11:34.0000000"
"MENU_001858","REST_00144","Pineapple Fried Rice","Fried rice with a choice of protein, pineapple, dried grapes, green onion, and egg","4.6991171836853","","","Online Fried Rice","$12.45","Nara Thai","Thai, Pickup, Takeout, Asian","Downtown Texaco Car Care Clinic, 2111 Fannin St, Houston, TX 77002, USA","Houston","2022-11-07 21:11:34.0000000"
"MENU_001859","REST_00144","Poorman Noodle","A choice of protein stir fried with egg noodle, egg, baby corn, broccoli, carrot and mushroom in house brown sauce","4.6991171836853","","","Online Noodles","$12.45","Nara Thai","Thai, Pickup, Takeout, Asian","Downtown Texaco Car Care Clinic, 2111 Fannin St, Houston, TX 77002, USA","Houston","2022-11-07 21:11:34.0000000"
"MENU_001860","REST_00144","Powerade Fruit Punch","","4.6991171836853","","","Drinks ","$2.95","Nara Thai","Thai, Pickup, Takeout, Asian","Downtown Texaco Car Care Clinic, 2111 Fannin St, Houston, TX 77002, USA","Houston","2022-11-07 21:11:34.0000000"
"MENU_001861","REST_00144","Powerade Lemon-lime","","4.6991171836853","","","Drinks ","$2.95","Nara Thai","Thai, Pickup, Takeout, Asian","Downtown Texaco Car Care Clinic, 2111 Fannin St, Houston, TX 77002, USA","Houston","2022-11-07 21:11:34.0000000"
"MENU_001862","REST_00144","Red Curry","Protein cooked in coconut milk, red curry paste, bamboo shoot, bell pepper, and basil","4.6991171836853","","","Online Curries","$12.45","Nara Thai","Thai, Pickup, Takeout, Asian","Downtown Texaco Car Care Clinic, 2111 Fannin St, Houston, TX 77002, USA","Houston","2022-11-07 21:11:34.0000000"
"MENU_001863","REST_00144","Spaghetti Basil","A choice of protein stir fried with spaghetti, bell pepper, broccoli, tomato, and mushroom in chili-garlic sauce","4.6991171836853","","","Online Noodles","$12.45","Nara Thai","Thai, Pickup, Takeout, Asian","Downtown Texaco Car Care Clinic, 2111 Fannin St, Houston, TX 77002, USA","Houston","2022-11-07 21:11:34.0000000"
"MENU_001864","REST_00144","Sprite 20 Oz","","4.6991171836853","","","Drinks ","$2.95","Nara Thai","Thai, Pickup, Takeout, Asian","Downtown Texaco Car Care Clinic, 2111 Fannin St, Houston, TX 77002, USA","Houston","2022-11-07 21:11:34.0000000"
"MENU_001865","REST_00144","Stir Fried Noodles","","4.6991171836853","","","Side","$5.50","Nara Thai","Thai, Pickup, Takeout, Asian","Downtown Texaco Car Care Clinic, 2111 Fannin St, Houston, TX 77002, USA","Houston","2022-11-07 21:11:34.0000000"
"MENU_001866","REST_00144","Suki Yaki","Protein with glass noodle in chicken soup, napa cabbage, and onion in suki yaki sauce","4.6991171836853","","","Online Noodles","$12.45","Nara Thai","Thai, Pickup, Takeout, Asian","Downtown Texaco Car Care Clinic, 2111 Fannin St, Houston, TX 77002, USA","Houston","2022-11-07 21:11:34.0000000"
"MENU_001867","REST_00144","Sweet And Sour","Deep fried breaded chicken or a protein of your choice, bell pepper, onion, green onion, tomato, pineapple, and cucumber cooked in pineapple and tomato sauce","4.6991171836853","","","Online Entrees","$12.45","Nara Thai","Thai, Pickup, Takeout, Asian","Downtown Texaco Car Care Clinic, 2111 Fannin St, Houston, TX 77002, USA","Houston","2022-11-07 21:11:34.0000000"
"MENU_001868","REST_00144","Sweet And Sour Sauce Small","","4.6991171836853","","","Side","$0.50","Nara Thai","Thai, Pickup, Takeout, Asian","Downtown Texaco Car Care Clinic, 2111 Fannin St, Houston, TX 77002, USA","Houston","2022-11-07 21:11:34.0000000"
"MENU_001869","REST_00144","Sweet Sticky Rice w/Combination","","4.6991171836853","","","Desserts","$10.95","Nara Thai","Thai, Pickup, Takeout, Asian","Downtown Texaco Car Care Clinic, 2111 Fannin St, Houston, TX 77002, USA","Houston","2022-11-07 21:11:34.0000000"
"MENU_001870","REST_00144","Thai Chicken Wing","6 chicken wings with our Thai chili sauce","4.6991171836853","","","Appetizers","$10.95","Nara Thai","Thai, Pickup, Takeout, Asian","Downtown Texaco Car Care Clinic, 2111 Fannin St, Houston, TX 77002, USA","Houston","2022-11-07 21:11:34.0000000"
"MENU_001871","REST_00144","Thai Chicken Wing","6 chicken wings with our Thai chili sauce","4.6991171836853","","","Online Appetizers","$10.45","Nara Thai","Thai, Pickup, Takeout, Asian","Downtown Texaco Car Care Clinic, 2111 Fannin St, Houston, TX 77002, USA","Houston","2022-11-07 21:11:34.0000000"
"MENU_001872","REST_00144","Thai Dumpling","4 dumplings made with chicken, shrimp, mushrooms, and water chestnuts served with a soy vinegar sauce","4.6991171836853","","","Appetizers","$9.95","Nara Thai","Thai, Pickup, Takeout, Asian","Downtown Texaco Car Care Clinic, 2111 Fannin St, Houston, TX 77002, USA","Houston","2022-11-07 21:11:34.0000000"
"MENU_001873","REST_00144","Thai Dumpling","4 dumplings made with chicken, shrimp, mushrooms, and water chestnuts served with a soy vinegar sauce","4.6991171836853","","","Online Appetizers","$9.45","Nara Thai","Thai, Pickup, Takeout, Asian","Downtown Texaco Car Care Clinic, 2111 Fannin St, Houston, TX 77002, USA","Houston","2022-11-07 21:11:34.0000000"
"MENU_001874","REST_00144","Thod Mun (Fish Cake)","7 deep fried lightly spiced ground whitefish patties served with a spicy cucumber sauce","4.6991171836853","","","Appetizers","$9.95","Nara Thai","Thai, Pickup, Takeout, Asian","Downtown Texaco Car Care Clinic, 2111 Fannin St, Houston, TX 77002, USA","Houston","2022-11-07 21:11:34.0000000"
"MENU_001875","REST_00144","Thod Mun (Fish Cake)","7 deep fried lightly spiced ground whitefish patties served with a spicy cucumber sauce","4.6991171836853","","","Online Appetizers","$9.45","Nara Thai","Thai, Pickup, Takeout, Asian","Downtown Texaco Car Care Clinic, 2111 Fannin St, Houston, TX 77002, USA","Houston","2022-11-07 21:11:34.0000000"
"MENU_001876","REST_00144","Tiger Tear Beef","Slices of grilled steak, red onion, cilantro, and roasted rice powder seasoned with spicy lime dressing on lettuce","4.6991171836853","","","Online Soups & Salads","$14.95","Nara Thai","Thai, Pickup, Takeout, Asian","Downtown Texaco Car Care Clinic, 2111 Fannin St, Houston, TX 77002, USA","Houston","2022-11-07 21:11:34.0000000"
"MENU_001877","REST_00144","Topo Chico","","4.6991171836853","","","Drinks ","$2.95","Nara Thai","Thai, Pickup, Takeout, Asian","Downtown Texaco Car Care Clinic, 2111 Fannin St, Houston, TX 77002, USA","Houston","2022-11-07 21:11:34.0000000"
"MENU_001878","REST_00144","Topo Chico Touch of lime","","4.6991171836853","","","Drinks","$3.95","Nara Thai","Thai, Pickup, Takeout, Asian","Downtown Texaco Car Care Clinic, 2111 Fannin St, Houston, TX 77002, USA","Houston","2022-11-07 21:11:34.0000000"
"MENU_001879","REST_00144","Topo Chico Twist of Grapefruit","","4.6991171836853","","","Drinks ","$2.95","Nara Thai","Thai, Pickup, Takeout, Asian","Downtown Texaco Car Care Clinic, 2111 Fannin St, Houston, TX 77002, USA","Houston","2022-11-07 21:11:34.0000000"
"MENU_001880","REST_00144","Topo Chico Twist of Lime","","4.6991171836853","","","Drinks","$2.95","Nara Thai","Thai, Pickup, Takeout, Asian","Downtown Texaco Car Care Clinic, 2111 Fannin St, Houston, TX 77002, USA","Houston","2022-11-07 21:11:34.0000000"
"MENU_001881","REST_00144","Topo Chico Twist of Lime","","4.6991171836853","","","Drinks ","$2.95","Nara Thai","Thai, Pickup, Takeout, Asian","Downtown Texaco Car Care Clinic, 2111 Fannin St, Houston, TX 77002, USA","Houston","2022-11-07 21:11:34.0000000"
"MENU_001882","REST_00144","Triangle Tofu","Fried tofu served with sweet and sour sauce","4.6991171836853","","","Appetizers","$6.95","Nara Thai","Thai, Pickup, Takeout, Asian","Downtown Texaco Car Care Clinic, 2111 Fannin St, Houston, TX 77002, USA","Houston","2022-11-07 21:11:34.0000000"
"MENU_001883","REST_00144","Triangle Tofu","Fried tofu served with sweet and sour sauce","4.6991171836853","","","Online Appetizers","$6.45","Nara Thai","Thai, Pickup, Takeout, Asian","Downtown Texaco Car Care Clinic, 2111 Fannin St, Houston, TX 77002, USA","Houston","2022-11-07 21:11:34.0000000"
"MENU_001884","REST_00144","Veggie Tempura","Deep fried mixed veggies served with sweet and sour sauce","4.6991171836853","","","Side","$6.95","Nara Thai","Thai, Pickup, Takeout, Asian","Downtown Texaco Car Care Clinic, 2111 Fannin St, Houston, TX 77002, USA","Houston","2022-11-07 21:11:34.0000000"
"MENU_001885","REST_00144","Yellow Curry","Protein cooked in coconut milk, yellow curry paste, onion, and potatoes","4.6991171836853","","","Online Curries","$12.45","Nara Thai","Thai, Pickup, Takeout, Asian","Downtown Texaco Car Care Clinic, 2111 Fannin St, Houston, TX 77002, USA","Houston","2022-11-07 21:11:34.0000000"
"MENU_001886","REST_00144","Yum Talay Salad","Shrimp, squid, scallop, mussel, red onion, green onion, cilantro, and roasted rice powder on lettuce seasoned with spicy lime dressing","4.6991171836853","","","Online Soups & Salads","$19.45","Nara Thai","Thai, Pickup, Takeout, Asian","Downtown Texaco Car Care Clinic, 2111 Fannin St, Houston, TX 77002, USA","Houston","2022-11-07 21:11:34.0000000"
"MENU_001887","REST_00144","Yum Woon Sen","Ground chicken, glass noodle, green onion, cilantro, and carrots on lettuce seasoned with spicy lime dressing","4.6991171836853","","","Online Soups & Salads","$12.45","Nara Thai","Thai, Pickup, Takeout, Asian","Downtown Texaco Car Care Clinic, 2111 Fannin St, Houston, TX 77002, USA","Houston","2022-11-07 21:11:34.0000000"
"MENU_001888","REST_00145","Crispy Chicken Skin","Traditional Thai street snack, spicy sweet sauce","4.79593992233276","","","Appertizer","$7.95","NUA Thai Restaurant","Thai, Takeout, Pickup","2020 Louisiana St, Houston, TX 77002, USA","Houston","2022-10-30 15:05:16.0000000"
"MENU_001889","REST_00146","Giant Pretzel","Homemade giant pretzel served with sriracha queso.","3.94736790657043","","","Starters (Togo)","$12.00","On The Kirb","On The Kirb","2521 Bagby St, Houston, TX 77006, USA","Houston","2022-11-07 21:17:47.0000000"
"MENU_001890","REST_00147","Cataplana Mussels","Black mediterranean mussels/ soffrito/ vinho verde/ garlic butter (GF)","5","","","Petiscos","$14.00","Oporto House Fooding and Wine","Portuguese","125 West Gray Street #500, Houston, TX 77019, USA","Houston","2022-10-30 15:44:41.0000000"
"MENU_001891","REST_00147","Charred Veggies","Wood grilled veggies/ pistachio romesco sauce/ basil seeds/ potato crisps/ aged goat cheese/ chili oil","5","","","Bar Snacks","$10.00","Oporto House Fooding and Wine","Portuguese","125 West Gray Street #500, Houston, TX 77019, USA","Houston","2022-10-30 15:44:41.0000000"
"MENU_001892","REST_00147","Four Cheeses or Charcuterie","","5","","","Cheese and Charcuterie","$15.00","Oporto House Fooding and Wine","Portuguese","125 West Gray Street #500, Houston, TX 77019, USA","Houston","2022-10-30 15:44:41.0000000"
"MENU_001893","REST_00147","Pizzette Do Mar","Spicy tomato sauce/ shaved spinach/ shrimp/ calamari/ mozzarella cheese","5","","","Pizzette","$13.00","Oporto House Fooding and Wine","Portuguese","125 West Gray Street #500, Houston, TX 77019, USA","Houston","2022-10-30 15:44:41.0000000"
"MENU_001894","REST_00147","Pork Vindalho","Goan spiced pork/ red curry/ potato/ mustard seed raita/ house naan (GF)","5","","","Petiscos","$12.00","Oporto House Fooding and Wine","Portuguese","125 West Gray Street #500, Houston, TX 77019, USA","Houston","2022-10-30 15:44:41.0000000"
"MENU_001895","REST_00147","Salada Atlantico","House mixed greens/ avocado/ hearts of palm tomato/ red onion/ artichoke/ lemon honey vinaigrette (GF) (V)","5","","","Salad","$14.00","Oporto House Fooding and Wine","Portuguese","125 West Gray Street #500, Houston, TX 77019, USA","Houston","2022-10-30 15:44:41.0000000"
"MENU_001896","REST_00147","Salada Marocaine","House mixed greens/ pear/ gruyere/ candied walnuts/ olives/ mint/ tomato dijon vinaigrette (GF) (V)","5","","","Salad","$14.00","Oporto House Fooding and Wine","Portuguese","125 West Gray Street #500, Houston, TX 77019, USA","Houston","2022-10-30 15:44:41.0000000"
"MENU_001897","REST_00147","Scallop Farrotto","Plancha scallops / cauliflower/ caraway/ turmeric root/ farro-'risotto'/ green peas","5","","","Petiscos","$14.00","Oporto House Fooding and Wine","Portuguese","125 West Gray Street #500, Houston, TX 77019, USA","Houston","2022-10-30 15:44:41.0000000"
"MENU_001898","REST_00147","Two Cheeses or Charcuterie","","5","","","Cheese and Charcuterie","$4.00","Oporto House Fooding and Wine","Portuguese","125 West Gray Street #500, Houston, TX 77019, USA","Houston","2022-10-30 15:44:41.0000000"
"MENU_001899","REST_00148","Eggplant Parmesan","Parmesan crusted eggplant, Monterrey Jack cheese & a sweet & spicy caper tomato sauce.","4.58653783798218","","","Vegetarian ","$17.00","Ouisie's Table","Brunch, Seafood, Sandwiches, Dessert, Salads","Ouisie's Table, 3939 San Felipe St, Houston, TX 77027, USA","Houston","2022-11-07 21:15:19.0000000"
"MENU_001900","REST_00148","Theresa’s Fresh Fruit Plate ","Cantaloupe, Apples, Banana, Pears & Fresh Berries.","4.58653783798218","","","Kids' Menu","$9.00","Ouisie's Table","Brunch, Seafood, Sandwiches, Dessert, Salads","Ouisie's Table, 3939 San Felipe St, Houston, TX 77027, USA","Houston","2022-11-07 21:15:19.0000000"
"MENU_001901","REST_00149","Ginger Lemonade","","4.69818210601807","","","Beverage And Grab N Go","$3.99","Pacific Coast Tacos","Mexican, Breakfast, Tacos, Fries, Dessert","6329 Washington Ave, Houston, TX 77007, USA","Houston","2022-11-07 21:20:09.0000000"
"MENU_001902","REST_00150","Epic Pepperoni-Stuffed Crust Pepperoni Pizza","Epic Pepperoni-Stuffed Crust Pepperoni Pizza","4.3829460144043","","","Featured Selection","$21.68","Papa Johns","Pizza, Italian, Chicken Wings","4616 Canal St, Houston, TX 77011, USA","Houston","2022-11-07 21:13:16.0000000"
"MENU_001903","REST_00151","Culture Wrap","A kick of culture! Cultured veggies with a special \geez\"" on these wraps with a side of our sun-dried tomato sauce.""","4.35897397994995","","","Entrées","$13.00","Pat Greer's Kitchen","Raw vegan cuisine from the chef’s own kitchen.","412 W Clay St, Houston, TX 77019, USA","Houston","2022-10-30 15:49:35.0000000"
"MENU_001904","REST_00151","Spinach Quinoa Sweet Potato Bowl","Quinoa, spinach, sweet potatoes, pumpkin seeds, bell pepper, onion, sea salt, herbs and spices, including garlic and chili powder and yaya dressing","4.35897397994995","","","Entrées","$14.00","Pat Greer's Kitchen","Raw vegan cuisine from the chef’s own kitchen.","412 W Clay St, Houston, TX 77019, USA","Houston","2022-10-30 15:49:35.0000000"
"MENU_001905","REST_00151","Veggie Fajita Salad ","This entree is a special here at Pat Greer's Kitchen. A fresh base of organic spring mix salad topped with marinated sliced mushrooms, red onion, bell pepper, cherry tomatoes and cilantro. We pair this up with our house made mole sauce and herb dressing. ","4.35897397994995","","","Entrées","$13.00","Pat Greer's Kitchen","Raw vegan cuisine from the chef’s own kitchen.","412 W Clay St, Houston, TX 77019, USA","Houston","2022-10-30 15:49:35.0000000"
"MENU_001906","REST_00152","General Tso's Chicken","","4.81481504440308","","","Poultry","$22.00","Peony & Crane","Peony & Crane","626 W 19th St, Houston, TX 77008, USA","Houston","2022-10-27 23:27:37.0000000"
"MENU_001907","REST_00152","Orange Chicken","","4.81481504440308","","","Poultry","$22.00","Peony & Crane","Peony & Crane","626 W 19th St, Houston, TX 77008, USA","Houston","2022-10-27 23:27:37.0000000"
"MENU_001908","REST_00152","Sesame Chicken","","4.81481504440308","","","Poultry","$22.00","Peony & Crane","Peony & Crane","626 W 19th St, Houston, TX 77008, USA","Houston","2022-10-27 23:27:37.0000000"
"MENU_001909","REST_00152","京酱鸡丝 / Home-cooked Chicken Wraps","Peking shredded chicken, onion, served with homemade pancakes","4.81481504440308","","","Poultry","$24.00","Peony & Crane","Peony & Crane","626 W 19th St, Houston, TX 77008, USA","Houston","2022-10-27 23:27:37.0000000"
"MENU_001910","REST_00152","北京烤鸭 / Peking Duck","Authentically-roasted Peking duck","4.81481504440308","","","Poultry","$61.00","Peony & Crane","Peony & Crane","626 W 19th St, Houston, TX 77008, USA","Houston","2022-10-27 23:27:37.0000000"
"MENU_001911","REST_00152","双椒鸡 / DP (Double Pepper) Chicken","*spicy and numbing* peppercorn, thai pepper, green pepper","4.81481504440308","","","Poultry","$22.00","Peony & Crane","Peony & Crane","626 W 19th St, Houston, TX 77008, USA","Houston","2022-10-27 23:27:37.0000000"
"MENU_001912","REST_00152","回锅肉 / Twice-cooked Pork","*slightly spicy* Pork belly, onion, red pepper.","4.81481504440308","","","Pork","$20.50","Peony & Crane","Peony & Crane","626 W 19th St, Houston, TX 77008, USA","Houston","2022-10-27 23:27:37.0000000"
"MENU_001913","REST_00152","地锅鸡 / Country Kettle Chicken","*slightly spicy* Shandong griddle-cooked, spicy chicken","4.81481504440308","","","Poultry","$48.00","Peony & Crane","Peony & Crane","626 W 19th St, Houston, TX 77008, USA","Houston","2022-10-27 23:27:37.0000000"
"MENU_001914","REST_00152","夫妻肺片 / Adam And Eve","Spicy chili oil beef","4.81481504440308","","","Cold Appetizers / xíao caì","$14.50","Peony & Crane","Peony & Crane","626 W 19th St, Houston, TX 77008, USA","Houston","2022-10-27 23:27:37.0000000"
"MENU_001915","REST_00152","孜然牛 / Cumin Beef","*slightly spicy* cumin stir-fried beef, sesame, cilantro, ","4.81481504440308","","","Beef","$26.50","Peony & Crane","Peony & Crane","626 W 19th St, Houston, TX 77008, USA","Houston","2022-10-27 23:27:37.0000000"
"MENU_001916","REST_00152","家常豆腐 / Mama’s Pork Belly Tofu ","*slightly spicy* Pork belly, garlic sprout, onion, pepper, tofu.","4.81481504440308","","","Pork","$20.50","Peony & Crane","Peony & Crane","626 W 19th St, Houston, TX 77008, USA","Houston","2022-10-27 23:27:37.0000000"
"MENU_001917","REST_00152","干煸四季豆 / Sichuan Dry-fried Green Beans","*slightly spicy* String beans. Add minced beef for an additional charge.","4.81481504440308","","","Vegetarian / caì leì","$19.50","Peony & Crane","Peony & Crane","626 W 19th St, Houston, TX 77008, USA","Houston","2022-10-27 23:27:37.0000000"
"MENU_001918","REST_00152","彩饺 / Combination Dumplings (6)","Pork, chicken, vegetarian, additional charge for pan-seared.","4.81481504440308","","","Doughs / mìan shí","$14.50","Peony & Crane","Peony & Crane","626 W 19th St, Houston, TX 77008, USA","Houston","2022-10-27 23:27:37.0000000"
"MENU_001919","REST_00152","梅菜扣肉 / Meigan Braised Belly","Steamy braised pork, mustard greens, lotus leaf pancake.","4.81481504440308","","","Pork","$24.00","Peony & Crane","Peony & Crane","626 W 19th St, Houston, TX 77008, USA","Houston","2022-10-27 23:27:37.0000000"
"MENU_001920","REST_00152","水煮牛 / Beefy Hottie ","*slightly spicy and slightly numbing* beef, garlic, sprouts, lettuce, red pepper, chili oil","4.81481504440308","","","Beef","$24.00","Peony & Crane","Peony & Crane","626 W 19th St, Houston, TX 77008, USA","Houston","2022-10-27 23:27:37.0000000"
"MENU_001921","REST_00152","水煮鱼 / Chili Oil Fish ","*spicy* fresh fish filet, garlic, sprouts, lettuce","4.81481504440308","","","Seafood","$25.00","Peony & Crane","Peony & Crane","626 W 19th St, Houston, TX 77008, USA","Houston","2022-10-27 23:27:37.0000000"
"MENU_001922","REST_00152","清炒青江菜 / Seasonal Baby Spoons","Sautéed baby bok choy + minced garlic.","4.81481504440308","","","Vegetarian / caì leì","$18.00","Peony & Crane","Peony & Crane","626 W 19th St, Houston, TX 77008, USA","Houston","2022-10-27 23:27:37.0000000"
"MENU_001923","REST_00152","灌汤小笼包 / Soup Dumplings (6)","Steamed pork soup dumplings.","4.81481504440308","","","Doughs / mìan shí","$14.50","Peony & Crane","Peony & Crane","626 W 19th St, Houston, TX 77008, USA","Houston","2022-10-27 23:27:37.0000000"
"MENU_001924","REST_00152","炝椒豆花鱼 / Fiery Dory","*spicy* fresh fish filet, soft tofu, peppercorn, red pepper","4.81481504440308","","","Seafood","$25.00","Peony & Crane","Peony & Crane","626 W 19th St, Houston, TX 77008, USA","Houston","2022-10-27 23:27:37.0000000"
"MENU_001925","REST_00152","炝爆甘蓝 / Purple Patch","*slightly spicy* Spicy smoked fried purple cabbage.","4.81481504440308","","","Vegetarian / caì leì","$19.50","Peony & Crane","Peony & Crane","626 W 19th St, Houston, TX 77008, USA","Houston","2022-10-27 23:27:37.0000000"
"MENU_001926","REST_00152","热带炒饭 / Comfort Combo Rice","Chicken, beef, shrimp, lettuce, green pea, cashew.","4.81481504440308","","","Rice and Noodles / fàn yú mìan lèi","$19.00","Peony & Crane","Peony & Crane","626 W 19th St, Houston, TX 77008, USA","Houston","2022-10-27 23:27:37.0000000"
"MENU_001927","REST_00152","猪肉饺子 / Pork Dumplings (6)","Choice of steamed or additional charge for pan-seared.","4.81481504440308","","","Doughs / mìan shí","$15.50","Peony & Crane","Peony & Crane","626 W 19th St, Houston, TX 77008, USA","Houston","2022-10-27 23:27:37.0000000"
"MENU_001928","REST_00152","生煎包子 / Pan-seared Buns (4)","Pan-seared, pork, scallion.","4.81481504440308","","","Doughs / mìan shí","$13.00","Peony & Crane","Peony & Crane","626 W 19th St, Houston, TX 77008, USA","Houston","2022-10-27 23:27:37.0000000"
"MENU_001929","REST_00152","盐水毛豆 / Edamame","W/ sprinkled salt.","4.81481504440308","","","Cold Appetizers / xíao caì","$9.00","Peony & Crane","Peony & Crane","626 W 19th St, Houston, TX 77008, USA","Houston","2022-10-27 23:27:37.0000000"
"MENU_001930","REST_00152","竹筒饭 / Sultry Rice","Cooked + served in bamboo tube w/ chinese sausage, pork belly, and veggies.","4.81481504440308","","","Rice and Noodles / fàn yú mìan lèi","$23.00","Peony & Crane","Peony & Crane","626 W 19th St, Houston, TX 77008, USA","Houston","2022-10-27 23:27:37.0000000"
"MENU_001931","REST_00152","素饺子 / Veggie Dumplings (6)","Steamed or additional charge for pan-seared.","4.81481504440308","","","Doughs / mìan shí","$13.00","Peony & Crane","Peony & Crane","626 W 19th St, Houston, TX 77008, USA","Houston","2022-10-27 23:27:37.0000000"
"MENU_001932","REST_00152","紫薯糯米糕 / Fuzzy Balls (6)","Ube mochi rolled in coconut flakes.","4.81481504440308","","","Sweets / tìan dǐan","$15.00","Peony & Crane","Peony & Crane","626 W 19th St, Houston, TX 77008, USA","Houston","2022-10-27 23:27:37.0000000"
"MENU_001933","REST_00152","红油抄手 / Chili Pork Wontons (8)","In spicy chili oil.","4.81481504440308","","","Doughs / mìan shí","$13.00","Peony & Crane","Peony & Crane","626 W 19th St, Houston, TX 77008, USA","Houston","2022-10-27 23:27:37.0000000"
"MENU_001934","REST_00152","红糖滋粑 / Brown Sugar Daddy","Brown sugar rice cakes.","4.81481504440308","","","Sweets / tìan dǐan","$12.00","Peony & Crane","Peony & Crane","626 W 19th St, Houston, TX 77008, USA","Houston","2022-10-27 23:27:37.0000000"
"MENU_001935","REST_00152","腊味炒饭 / Pork Belly Rice","Pork belly, onion, green peas.","4.81481504440308","","","Rice and Noodles / fàn yú mìan lèi","$19.00","Peony & Crane","Peony & Crane","626 W 19th St, Houston, TX 77008, USA","Houston","2022-10-27 23:27:37.0000000"
"MENU_001936","REST_00152","至尊炒饭 / Fried Rice Supreme","Chicken, beef, green pea, pepper flakes.","4.81481504440308","","","Rice and Noodles / fàn yú mìan lèi","$18.00","Peony & Crane","Peony & Crane","626 W 19th St, Houston, TX 77008, USA","Houston","2022-10-27 23:27:37.0000000"
"MENU_001937","REST_00152","茄角之恋 / Savory Affair","*spicy* Eggplant, string beans.","4.81481504440308","","","Vegetarian / caì leì","$19.50","Peony & Crane","Peony & Crane","626 W 19th St, Houston, TX 77008, USA","Houston","2022-10-27 23:27:37.0000000"
"MENU_001938","REST_00152","蒜苗腊肉 / Smoked Belly Bacon On Chives","*spicy* Pork belly, green pepper, thai pepper, garlic sprout.","4.81481504440308","","","Pork","$22.00","Peony & Crane","Peony & Crane","626 W 19th St, Houston, TX 77008, USA","Houston","2022-10-27 23:27:37.0000000"
"MENU_001939","REST_00152","蒜蓉西兰花 / Garlic Trees","Minced garlic and broccoli florets.","4.81481504440308","","","Vegetarian / caì leì","$19.50","Peony & Crane","Peony & Crane","626 W 19th St, Houston, TX 77008, USA","Houston","2022-10-27 23:27:37.0000000"
"MENU_001940","REST_00152","蔬菜炒面 / Vegetarian Stir-fried Noodles","Stir-fried handmade noodles with vegetables. Add chicken, beef, or shrimp for an additional charge.","4.81481504440308","","","Rice and Noodles / fàn yú mìan lèi","$19.00","Peony & Crane","Peony & Crane","626 W 19th St, Houston, TX 77008, USA","Houston","2022-10-27 23:27:37.0000000"
"MENU_001941","REST_00152","藤椒牛 / Numb Ass Shanky Legg ","*spicy and numbing* sichuan beef, peppercorn, celery, thai pepper, green pepper","4.81481504440308","","","Beef","$26.50","Peony & Crane","Peony & Crane","626 W 19th St, Houston, TX 77008, USA","Houston","2022-10-27 23:27:37.0000000"
"MENU_001942","REST_00152","西芹腊肉 / Hot Ass Smoked Belly Bacon","*spicy* Pork belly, green pepper, thai pepper, celery.","4.81481504440308","","","Pork","$23.00","Peony & Crane","Peony & Crane","626 W 19th St, Houston, TX 77008, USA","Houston","2022-10-27 23:27:37.0000000"
"MENU_001943","REST_00152","辣子鸡丁 / Sichuan Chili Chicken","*medium spicy* diced chicken, dried red pepper, sesame, cilantro","4.81481504440308","","","Poultry","$22.00","Peony & Crane","Peony & Crane","626 W 19th St, Houston, TX 77008, USA","Houston","2022-10-27 23:27:37.0000000"
"MENU_001944","REST_00152","酸辣汤 / Home-made Hot Sour","Carrots, wood ear mushroom, bamboo, soft tofu, egg","4.81481504440308","","","Soups / tāng lèi","$13.00","Peony & Crane","Peony & Crane","626 W 19th St, Houston, TX 77008, USA","Houston","2022-10-27 23:27:37.0000000"
"MENU_001945","REST_00152","锅巴红烧肉 / Rice Crispy Bellies","Pork belly, broccoli, rice crispies.","4.81481504440308","","","Pork","$24.00","Peony & Crane","Peony & Crane","626 W 19th St, Houston, TX 77008, USA","Houston","2022-10-27 23:27:37.0000000"
"MENU_001946","REST_00152","香辣花菜 / Spicy Cauliflower Roast","*spicy* Thai pepper, italian long pepper, cauliflower. Add pork belly for an additional charge","4.81481504440308","","","Vegetarian / caì leì","$19.50","Peony & Crane","Peony & Crane","626 W 19th St, Houston, TX 77008, USA","Houston","2022-10-27 23:27:37.0000000"
"MENU_001947","REST_00152","鱼香肉丝 / Shredded Chicken","chicken, carrots, bamboo","4.81481504440308","","","Poultry","$20.50","Peony & Crane","Peony & Crane","626 W 19th St, Houston, TX 77008, USA","Houston","2022-10-27 23:27:37.0000000"
"MENU_001948","REST_00152","鱼香茄子 / Perfumed Eggplant","Stir-fried sichuan eggplant. Add minced beef for an additional charge.","4.81481504440308","","","Vegetarian / caì leì","$20.50","Peony & Crane","Peony & Crane","626 W 19th St, Houston, TX 77008, USA","Houston","2022-10-27 23:27:37.0000000"
"MENU_001949","REST_00152","鸡汤混沌 / Wonton (8)","Handmade wonton in homemade chicken soup.","4.81481504440308","","","Soups / tāng lèi","$17.00","Peony & Crane","Peony & Crane","626 W 19th St, Houston, TX 77008, USA","Houston","2022-10-27 23:27:37.0000000"
"MENU_001950","REST_00152","鸡肉饺子 / Chicken Dumplings (6)","Choice of steamed or additional charge for pan-seared.","4.81481504440308","","","Doughs / mìan shí","$14.50","Peony & Crane","Peony & Crane","626 W 19th St, Houston, TX 77008, USA","Houston","2022-10-27 23:27:37.0000000"
"MENU_001951","REST_00152","鸭汤 / Roast Duck Soup","Napa cabbage, mushroom, soft tofu, rice noodles.","4.81481504440308","","","Soups / tāng lèi","$14.50","Peony & Crane","Peony & Crane","626 W 19th St, Houston, TX 77008, USA","Houston","2022-10-27 23:27:37.0000000"
"MENU_001952","REST_00152","麻婆豆腐 / Mapo Tofu","*Spicy* Soft tofu, peppercorn. Add minced beef for an additional charge.","4.81481504440308","","","Vegetarian / caì leì","$19.50","Peony & Crane","Peony & Crane","626 W 19th St, Houston, TX 77008, USA","Houston","2022-10-27 23:27:37.0000000"
"MENU_001953","REST_00152","黑椒牛 / Sneeze Beef","beef, onion, black pepper, carrots, bell pepper","4.81481504440308","","","Beef","$24.00","Peony & Crane","Peony & Crane","626 W 19th St, Houston, TX 77008, USA","Houston","2022-10-27 23:27:37.0000000"
"MENU_001954","REST_00152","黑椒鸡 / Sneeze Chicken","chicken, onion, black pepper, cucumber","4.81481504440308","","","Poultry","$22.00","Peony & Crane","Peony & Crane","626 W 19th St, Houston, TX 77008, USA","Houston","2022-10-27 23:27:37.0000000"
"MENU_001955","REST_00153","#56. Cơm Bò Nướng Sả","Steamed rice with charbroiled lemon grass sliced beef.","4.6658787727356","","","Cơm Dĩa (Steamed Rice Plates)","$11.75","Pho Saigon","Vietnamese","2808 Milam St, Houston, TX 77006, USA","Houston","2022-10-30 15:03:06.0000000"
"MENU_001956","REST_00153","#57. Cơm Bò Nướng Chả Giò","Steamed rice with charbroiled sliced beef and fried egg roll.","4.6658787727356","","","Cơm Dĩa (Steamed Rice Plates)","$12.00","Pho Saigon","Vietnamese","2808 Milam St, Houston, TX 77006, USA","Houston","2022-10-30 15:03:06.0000000"
"MENU_001957","REST_00153","#58. Bún Bò Nướng Sả","Vermicelli with charbroiled lemon grass sliced beef.","4.6658787727356","","","Bún (Vermicelli)","$11.75","Pho Saigon","Vietnamese","2808 Milam St, Houston, TX 77006, USA","Houston","2022-10-30 15:03:06.0000000"
"MENU_001958","REST_00153","#59. Bún Bò Nướng Chả Giò","Vermicelli with charbroiled lemon grass sliced beef and fried egg roll.","4.6658787727356","","","Bún (Vermicelli)","$12.00","Pho Saigon","Vietnamese","2808 Milam St, Houston, TX 77006, USA","Houston","2022-10-30 15:03:06.0000000"
"MENU_001959","REST_00154","Bluebonnet Raspberry Pint (16oz)","Our Bluebonnet Raspberry is a perfect blend of fresh raspberry flavor and a dash of tartness!","4.44444417953491","","","Italian Ice Pints","$12.50","Phrostbite Italian Ice","Ice, Dessert, Gluten-free, Grocery Items, Ice Cream, Late Night,  Kids Menu, American, Kosher","2616 Blodgett St, Houston, TX 77004, USA","Houston","2022-11-07 21:21:03.0000000"
"MENU_001960","REST_00154","Cowgirl Cotton Candy Pint (16oz)","Our Cowgirl Cotton Candy is a smooth and creamy take on a Rodeo & Fair favorite!","4.44444417953491","","","Italian Ice Pints","$12.50","Phrostbite Italian Ice","Ice, Dessert, Gluten-free, Grocery Items, Ice Cream, Late Night,  Kids Menu, American, Kosher","2616 Blodgett St, Houston, TX 77004, USA","Houston","2022-11-07 21:21:03.0000000"
"MENU_001961","REST_00155","Applewood Smoked Bacon - available Sat until 3pm","","4.74074077606201","","","Saturday Brunch Sides","$5.00","Pinstripes","American","3300 Kirby Dr, Houston, TX 77098, USA","Houston","2022-10-30 15:49:40.0000000"
"MENU_001962","REST_00155","Breakfast Sausage Links - available Sat until 3pm","","4.74074077606201","","","Saturday Brunch Sides","$5.00","Pinstripes","American","3300 Kirby Dr, Houston, TX 77098, USA","Houston","2022-10-30 15:49:40.0000000"
"MENU_001963","REST_00155","Caesar Salad","romaine hearts, baby kale, parmesan, black sesame crostini","4.74074077606201","","","Saturday Brunch Salads","$15.00","Pinstripes","American","3300 Kirby Dr, Houston, TX 77098, USA","Houston","2022-10-30 15:49:40.0000000"
"MENU_001964","REST_00155","Chicken & Avocado Club","applewood smoked bacon, ranch, roasted onion, tomato, mozzarella","4.74074077606201","","","Saturday Brunch Pizzas & Flatbreads","$18.00","Pinstripes","American","3300 Kirby Dr, Houston, TX 77098, USA","Houston","2022-10-30 15:49:40.0000000"
"MENU_001965","REST_00155","Chocolate Chip Cookies","three housemade cookies","4.74074077606201","","","Saturday Brunch Desserts","$4.00","Pinstripes","American","3300 Kirby Dr, Houston, TX 77098, USA","Houston","2022-10-30 15:49:40.0000000"
"MENU_001966","REST_00155","Crispy Potatoes - available Sat until 3pm","","4.74074077606201","","","Saturday Brunch Sides","$8.00","Pinstripes","American","3300 Kirby Dr, Houston, TX 77098, USA","Houston","2022-10-30 15:49:40.0000000"
"MENU_001967","REST_00155","Famous Prime Rib Dip","pretzel bun, provolone cheese, horseradish cream, au jus. served with parmesan fries.","4.74074077606201","","","Sandwiches","$19.00","Pinstripes","American","3300 Kirby Dr, Houston, TX 77098, USA","Houston","2022-10-30 15:49:40.0000000"
"MENU_001968","REST_00155","Famous Prime Rib Dip","pretzel bun, provolone cheese, horseradish cream, au jus","4.74074077606201","","","Saturday Brunch Entrees","$19.00","Pinstripes","American","3300 Kirby Dr, Houston, TX 77098, USA","Houston","2022-10-30 15:49:40.0000000"
"MENU_001969","REST_00155","Grilled Chicken Club Sandwich","applewood smoked bacon, tomato, avocado, provolone, shallot","4.74074077606201","","","Saturday Brunch Entrees","$16.00","Pinstripes","American","3300 Kirby Dr, Houston, TX 77098, USA","Houston","2022-10-30 15:49:40.0000000"
"MENU_001970","REST_00155","Margherita","san marzano tomatoes, fontinella, fresh mozzarella, basil","4.74074077606201","","","Saturday Brunch Pizzas & Flatbreads","$16.00","Pinstripes","American","3300 Kirby Dr, Houston, TX 77098, USA","Houston","2022-10-30 15:49:40.0000000"
"MENU_001971","REST_00155","Pintastic Breakfast - available Sat until 3pm","two eggs any style, crispy potatoes, toast, choice of bacon or sausage","4.74074077606201","","","Saturday Brunch Classics","$14.00","Pinstripes","American","3300 Kirby Dr, Houston, TX 77098, USA","Houston","2022-10-30 15:49:40.0000000"
"MENU_001972","REST_00155","Prosciutto Fig","balsamic marinated figs, gorgonzola-mascarpone spread, fontinella ","4.74074077606201","","","Saturday Brunch Pizzas & Flatbreads","$19.00","Pinstripes","American","3300 Kirby Dr, Houston, TX 77098, USA","Houston","2022-10-30 15:49:40.0000000"
"MENU_001973","REST_00155","Roasted Turkey Cobb Salad","applewood smoked bacon, avocado, egg, tomato, gorgonzola","4.74074077606201","","","Saturday Brunch Salads","$18.00","Pinstripes","American","3300 Kirby Dr, Houston, TX 77098, USA","Houston","2022-10-30 15:49:40.0000000"
"MENU_001974","REST_00155","Signature Chop Salad","tomato, gorgonzola, dates, corn, olive, burrata, white balsamic","4.74074077606201","","","Saturday Brunch Salads","$16.00","Pinstripes","American","3300 Kirby Dr, Houston, TX 77098, USA","Houston","2022-10-30 15:49:40.0000000"
"MENU_001975","REST_00155","Spicy Crispy Chicken Sandwich","calabrese sauce, housemade pickles, jalapeno slaw - available grilled","4.74074077606201","","","Saturday Brunch Entrees","$16.00","Pinstripes","American","3300 Kirby Dr, Houston, TX 77098, USA","Houston","2022-10-30 15:49:40.0000000"
"MENU_001976","REST_00155","Triple Chocolate Brownie Gelato","","4.74074077606201","","","Saturday Brunch Desserts","$8.00","Pinstripes","American","3300 Kirby Dr, Houston, TX 77098, USA","Houston","2022-10-30 15:49:40.0000000"
"MENU_001977","REST_00155","Warm Brownie & Vanilla Gelato","triple chocolate brownie, housemade vanilla gelato, whipped cream ","4.74074077606201","","","Saturday Brunch Desserts","$9.00","Pinstripes","American","3300 Kirby Dr, Houston, TX 77098, USA","Houston","2022-10-30 15:49:40.0000000"
"MENU_001978","REST_00156","HOUSE SALAD","Spring Mixed Greens with Pecorino Romano cheese, Grape Tomato, Spanish Onion, and Lemon Garlic Vinaigrette","4.6097559928894","","","INSALATA   TAKEOUT","$5.00","Pizzeria Solario","Pizza, Italian, Salads","3333 Weslayan St, Houston, TX 77027, USA","Houston","2022-10-30 15:07:28.0000000"
"MENU_001979","REST_00156","ROCKET SALAD","Arugula with goat cheese, radicchio, grape tomato, and balsamic vinaigrette","4.6097559928894","","","INSALATA   TAKEOUT","$7.00","Pizzeria Solario","Pizza, Italian, Salads","3333 Weslayan St, Houston, TX 77027, USA","Houston","2022-10-30 15:07:28.0000000"
"MENU_001980","REST_00156","SPINACH SALAD","Baby Leaf Spinach with Spiced Walnuts, Sliced Egg, Spanish Onion, Bartlett Pear, Grape Tomato, Pancetta and our house made Balsamic Vinaigrette with our extra virgin olive oil and aged balsamic ","4.6097559928894","","","INSALATA   TAKEOUT","$7.00","Pizzeria Solario","Pizza, Italian, Salads","3333 Weslayan St, Houston, TX 77027, USA","Houston","2022-10-30 15:07:28.0000000"
"MENU_001981","REST_00157","Chocolate chip cookies","Large chocolate chip cookie with walnuts, chocolate chips, and sprinkled with sea salt","4.94444417953491","","","Desserts","$4.50","Plant Rebelde LLC","Vegan, Pie, Cupcakes, Bakery, Cookies, Empanadas, Sandwich, Fries","2616 Blodgett St, Houston, TX 77004, USA","Houston","2022-10-27 23:29:46.0000000"
"MENU_001982","REST_00157","Pumpkin Spice Tres Leches","Pumpkin Spice sponge cake soaked in our tres leches mixture topped with vegan whipped cream and a dash of cinnamon","4.94444417953491","","","Desserts","$8.00","Plant Rebelde LLC","Vegan, Pie, Cupcakes, Bakery, Cookies, Empanadas, Sandwich, Fries","2616 Blodgett St, Houston, TX 77004, USA","Houston","2022-10-30 15:22:12.0000000"
"MENU_001983","REST_00158","Avocado Roll","","4.59150314331055","","","Sushi Roll","$5.95","Poke Fresh","Asian, Poke, Japanese, Sushi Bars","507 Dallas St suite a, Houston, TX 77002, USA","Houston","2022-11-07 21:19:55.0000000"
"MENU_001984","REST_00158","Coke Zero","20 fl oz.","4.59150314331055","","","Soft Drink","$3.50","Poke Fresh","Asian, Poke, Japanese, Sushi Bars","507 Dallas St suite a, Houston, TX 77002, USA","Houston","2022-11-07 21:19:55.0000000"
"MENU_001985","REST_00158","Fried Mozzarella Sticks (6 Pieces)","In a crispy seasoned breading, made with 100% real mozzarella string cheese, 0 g trans fat.","4.59150314331055","","","Appetizer From Kitchen","$5.95","Poke Fresh","Asian, Poke, Japanese, Sushi Bars","507 Dallas St suite a, Houston, TX 77002, USA","Houston","2022-11-07 21:19:55.0000000"
"MENU_001986","REST_00158","Peanut Avocado Roll","","4.59150314331055","","","Sushi Roll","$5.95","Poke Fresh","Asian, Poke, Japanese, Sushi Bars","507 Dallas St suite a, Houston, TX 77002, USA","Houston","2022-11-07 21:19:55.0000000"
"MENU_001987","REST_00158","Pure Leaf","Real brewed tea, sweet tea.","4.59150314331055","","","Soft Drink","$3.50","Poke Fresh","Asian, Poke, Japanese, Sushi Bars","507 Dallas St suite a, Houston, TX 77002, USA","Houston","2022-11-07 21:19:55.0000000"
"MENU_001988","REST_00159","Diet Coke","","4.67871189117432","","","Drinks","$3.05","Pokeworks","Poke Restaurant","213 Yale St, Houston, TX 77007, USA","Houston","2022-11-07 21:16:49.0000000"
"MENU_001989","REST_00159","Sprite","","4.67871189117432","","","Drinks","$3.05","Pokeworks","Poke Restaurant","213 Yale St, Houston, TX 77007, USA","Houston","2022-11-07 21:16:49.0000000"
"MENU_001990","REST_00160","Banana Chia Pudding","Chia seeds soaked overnight in oat milk and sweetened with raw cane sugar. Gluten-Free. Vegan.","3.33333301544189","","","Desserts","$6.50","ponobox","Hawaiian, Gluten-Free, Wings, Vegan, Vegetarian","2616 Blodgett St, Houston, TX 77004, USA","Houston","2022-10-30 15:49:42.0000000"
"MENU_001991","REST_00161","Classic Blackened Chicken Sandwich","The Popeyes Chicken Sandwich you love but make it blackened. Marinated in Popeyes blackened seasoning that is.  Our new juicy filet is fried to perfection without the breading, served on a toasted brioche bun with crisp pickles. Try it Spicy.","4.11591005325317","","","A La Carte","$5.99","Popeyes","Fried Chicken, Chicken Wings, Southern, Sandwiches,","2420 Scott St, Houston, TX 77004, USA","Houston","2022-11-07 21:11:35.0000000"
"MENU_001992","REST_00161","Classic Blackened Chicken Sandwich Combo","The Popeyes Chicken Sandwich you love but make it blackened. Marinated in Popeyes blackened seasoning that is.  Our new juicy filet is fried to perfection without the breading, served on a toasted brioche bun with crisp pickles. Includes a regular signature side and drink of your choice.","4.11591005325317","","","Combos","$10.09","Popeyes","Fried Chicken, Chicken Wings, Southern, Sandwiches,","2420 Scott St, Houston, TX 77004, USA","Houston","2022-11-07 21:11:35.0000000"
"MENU_001993","REST_00161","Classic Blackened Chicken Sandwich Dinner","The Popeyes Chicken Sandwich you love but make it blackened. Marinated in Popeyes blackened seasoning that is. Our new juicy filet is fried to perfection without the breading, served on a toasted brioche bun with crisp pickles. Includes a regular signature side.","4.11591005325317","","","Dinners","$8.69","Popeyes","Fried Chicken, Chicken Wings, Southern, Sandwiches,","2420 Scott St, Houston, TX 77004, USA","Houston","2022-11-07 21:11:35.0000000"
"MENU_001994","REST_00161","Spicy Blackened Chicken Sandwich","The Popeyes Chicken Sandwich you love but make it blackened. Marinated in Popeyes blackened seasoning that is.  Our new juicy filet is fried to perfection without the breading, served on a toasted brioche bun with crisp pickles. Try it Spicy.","4.11591005325317","","","A La Carte","$5.99","Popeyes","Fried Chicken, Chicken Wings, Southern, Sandwiches,","2420 Scott St, Houston, TX 77004, USA","Houston","2022-11-07 21:11:35.0000000"
"MENU_001995","REST_00161","Spicy Blackened Chicken Sandwich Combo","The Popeyes Chicken Sandwich you love but make it blackened. Marinated in Popeyes blackened seasoning that is.  Our new juicy filet is fried to perfection without the breading, served on a toasted brioche bun with crisp pickles. Try it Spicy. Includes a regular signature side and drink of your choice.","4.11591005325317","","","Combos","$10.09","Popeyes","Fried Chicken, Chicken Wings, Southern, Sandwiches,","2420 Scott St, Houston, TX 77004, USA","Houston","2022-11-07 21:11:35.0000000"
"MENU_001996","REST_00161","Spicy Blackened Chicken Sandwich Dinner","The Popeyes Chicken Sandwich you love but make it blackened. Marinated in Popeyes blackened seasoning that is. Our new juicy filet is fried to perfection without the breading, served on a toasted brioche bun with crisp pickles. Try it Spicy. Includes a regular signature side.","4.11591005325317","","","Dinners","$8.69","Popeyes","Fried Chicken, Chicken Wings, Southern, Sandwiches,","2420 Scott St, Houston, TX 77004, USA","Houston","2022-11-07 21:11:35.0000000"
"MENU_001997","REST_00162","Kids PBJ","Yummy PB&J.  Served with fruit and chips.","4.81096696853638","","","Kid's Food","$7.00","Postino","Italian, American (New), Lunch, Breakfast","805 Pacific St, Houston, TX 77006, USA","Houston","2022-11-07 21:15:55.0000000"
"MENU_001998","REST_00163","Orange Turmeric Juice","Orange Turmeric is a blend of orange, apple aloe vera, turmeric, lemon and black pepper. Our Orange Turmeric elevates everyday OJ with a vibrant blend of orange juice, black pepper and turmeric from Fiji.","4.8508768081665","","","Citrus & Fruit Juices","$7.25","Pressed","Cold-Pressed, 100% Fruits & Vegetables, Non-GMO","Pressed Juicery, 714 Yale St, Houston, TX 77007, USA","Houston","2022-10-30 15:10:07.0000000"
"MENU_001999","REST_00164","SUSHI COMBINATION","Half California Roll†, two sashimi slices of each: tuna, salmon and yellowtail, served with one piece of salmon, yellowtail, tuna and shrimp nigiri with steamed rice.","4.45658111572266","","","SUSHI ENTRÉES","$34.20","RA Sushi","Asian Food, Japanese, Healthy, Asian, Sushi Bars, Sushi","1318 Louisiana St, Houston, TX 77002, USA","Houston","2022-11-07 21:14:32.0000000"
"MENU_002000","REST_00165","2pc Chicken Tender Combo Meal","2 Double Breaded Chicken Tenders, 1 small side of choice, and 1 fresh-baked biscuit.","4.1811408996582","","","Combo Meals","$6.99","Raise the Roost","Chicken and Biscuits","4615 San Jacinto St, Houston, TX 77004, USA","Houston","2022-11-07 21:20:22.0000000"
"MENU_002001","REST_00165","3pc Chicken Tender Combo Meal","3 Double Breaded Chicken Tenders, 1 small side of choice, and 1 fresh-baked biscuit.","4.1811408996582","","","Combo Meals","$8.49","Raise the Roost","Chicken and Biscuits","4615 San Jacinto St, Houston, TX 77004, USA","Houston","2022-11-07 21:20:22.0000000"
"MENU_002002","REST_00165","6pc Bone-In Wing Combo Meal","6  Double Breaded Chicken Wings (plain or sauced), 1 small side of choice, and 1 fresh-baked biscuit.","4.1811408996582","","","Combo Meals","$10.99","Raise the Roost","Chicken and Biscuits","4615 San Jacinto St, Houston, TX 77004, USA","Houston","2022-11-07 21:20:22.0000000"
"MENU_002003","REST_00165","A&W Cream Soda 20oz","","4.1811408996582","","","Sodas ","$2.49","Raise the Roost","Chicken and Biscuits","4615 San Jacinto St, Houston, TX 77004, USA","Houston","2022-11-07 21:20:22.0000000"
"MENU_002004","REST_00165","A&W Root Beer 20oz","","4.1811408996582","","","Sodas ","$2.49","Raise the Roost","Chicken and Biscuits","4615 San Jacinto St, Houston, TX 77004, USA","Houston","2022-11-07 21:20:22.0000000"
"MENU_002005","REST_00165","Banana Pudding Parfait","Vanilla Pudding with Fresh Cut Bananas, Nila Wafers, and Whipped Topping","4.1811408996582","","","Desserts","$3.49","Raise the Roost","Chicken and Biscuits","4615 San Jacinto St, Houston, TX 77004, USA","Houston","2022-11-07 21:20:22.0000000"
"MENU_002006","REST_00165","Big Blue 20oz","","4.1811408996582","","","Sodas ","$2.49","Raise the Roost","Chicken and Biscuits","4615 San Jacinto St, Houston, TX 77004, USA","Houston","2022-11-07 21:20:22.0000000"
"MENU_002007","REST_00165","Big Red 20oz","","4.1811408996582","","","Sodas ","$2.49","Raise the Roost","Chicken and Biscuits","4615 San Jacinto St, Houston, TX 77004, USA","Houston","2022-11-07 21:20:22.0000000"
"MENU_002008","REST_00165","Breaded Chicken, Egg & Cheese Biscuit","Double Breaded Chicken Tender, Fresh Made Egg Patty, and American Cheese on a Fresh Baked Biscuit.","4.1811408996582","","","Breakfast ","$3.79","Raise the Roost","Chicken and Biscuits","4615 San Jacinto St, Houston, TX 77004, USA","Houston","2022-11-07 21:20:22.0000000"
"MENU_002009","REST_00165","Buffalo Bone in Wings","Double Breaded Chicken Wings tossed in our proprietary Buffalo Sauce.","4.1811408996582","","","Bone In Wings","$8.99","Raise the Roost","Chicken and Biscuits","4615 San Jacinto St, Houston, TX 77004, USA","Houston","2022-11-07 21:20:22.0000000"
"MENU_002010","REST_00165","Buffalo Chicken Tender Sandwich","2 Double Breaded Chicken Tenders smothered in our proprietary Buffalo Sauce on a Brioche Bun.","4.1811408996582","","","Chicken Sandwiches","$4.99","Raise the Roost","Chicken and Biscuits","4615 San Jacinto St, Houston, TX 77004, USA","Houston","2022-11-07 21:20:22.0000000"
"MENU_002011","REST_00165","Canada Dry Ginger Ale 20oz","","4.1811408996582","","","Sodas ","$2.49","Raise the Roost","Chicken and Biscuits","4615 San Jacinto St, Houston, TX 77004, USA","Houston","2022-11-07 21:20:22.0000000"
"MENU_002012","REST_00165","Chicken and Cheese Sandwich","2 Double Breaded Chicken Tenders with American Cheese on a Buttered Brioche Bun with Dill Pickle Slices.","4.1811408996582","","","Chicken Sandwiches","$4.49","Raise the Roost","Chicken and Biscuits","4615 San Jacinto St, Houston, TX 77004, USA","Houston","2022-11-07 21:20:22.0000000"
"MENU_002013","REST_00165","Chicken Tenders 12ct","12 Double Breaded Chicken Tenders.","4.1811408996582","","","Chicken Tenders","$17.99","Raise the Roost","Chicken and Biscuits","4615 San Jacinto St, Houston, TX 77004, USA","Houston","2022-11-07 21:20:22.0000000"
"MENU_002014","REST_00165","Chicken Tenders 1ct","1 Double Breaded Chicken Tenders.","4.1811408996582","","","Chicken Tenders","$1.99","Raise the Roost","Chicken and Biscuits","4615 San Jacinto St, Houston, TX 77004, USA","Houston","2022-11-07 21:20:22.0000000"
"MENU_002015","REST_00165","Chicken Tenders 4ct","4 Double Breaded Chicken Tenders.","4.1811408996582","","","Chicken Tenders","$6.99","Raise the Roost","Chicken and Biscuits","4615 San Jacinto St, Houston, TX 77004, USA","Houston","2022-11-07 21:20:22.0000000"
"MENU_002016","REST_00165","Chicken, Bacon, and Cheese Sandwich","2 Double Breaded Chicken Tenders, 2 Slices of Thick Cut Bacon, and American Cheese on a Buttered Brioche Bun with Dill Pickle Slices.","4.1811408996582","","","Chicken Sandwiches","$5.69","Raise the Roost","Chicken and Biscuits","4615 San Jacinto St, Houston, TX 77004, USA","Houston","2022-11-07 21:20:22.0000000"
"MENU_002017","REST_00165","Chicken, Bacon, Ranch, and Cheese Chicken Tender Sandwich","2 Double Breaded Chicken Tenders smothered in our Fresh Made in Store Ranch Sauce, 2 slices of thick cut bacon and American cheese on a Brioche Bun with Dill Pickle Slices.","4.1811408996582","","","Chicken Sandwiches","$5.99","Raise the Roost","Chicken and Biscuits","4615 San Jacinto St, Houston, TX 77004, USA","Houston","2022-11-07 21:20:22.0000000"
"MENU_002018","REST_00165","Chocolate Pudding Parfait","Chocolate Pudding with Oreo Cookie Crumbles, and Whipped Topping","4.1811408996582","","","Desserts","$3.49","Raise the Roost","Chicken and Biscuits","4615 San Jacinto St, Houston, TX 77004, USA","Houston","2022-11-07 21:20:22.0000000"
"MENU_002019","REST_00165","Coke 12 Pack 12oz","","4.1811408996582","","","Sodas ","$8.99","Raise the Roost","Chicken and Biscuits","4615 San Jacinto St, Houston, TX 77004, USA","Houston","2022-11-07 21:20:22.0000000"
"MENU_002020","REST_00165","Coke 20oz","","4.1811408996582","","","Sodas ","$2.49","Raise the Roost","Chicken and Biscuits","4615 San Jacinto St, Houston, TX 77004, USA","Houston","2022-11-07 21:20:22.0000000"
"MENU_002021","REST_00165","Coke Cherry 20oz","","4.1811408996582","","","Sodas ","$2.49","Raise the Roost","Chicken and Biscuits","4615 San Jacinto St, Houston, TX 77004, USA","Houston","2022-11-07 21:20:22.0000000"
"MENU_002022","REST_00165","Coke Zero 20oz","","4.1811408996582","","","Sodas ","$2.49","Raise the Roost","Chicken and Biscuits","4615 San Jacinto St, Houston, TX 77004, USA","Houston","2022-11-07 21:20:22.0000000"
"MENU_002023","REST_00165","Diet Coke 20oz","","4.1811408996582","","","Sodas ","$2.49","Raise the Roost","Chicken and Biscuits","4615 San Jacinto St, Houston, TX 77004, USA","Houston","2022-11-07 21:20:22.0000000"
"MENU_002024","REST_00165","Diet Dr Pepper 20oz","","4.1811408996582","","","Sodas ","$2.49","Raise the Roost","Chicken and Biscuits","4615 San Jacinto St, Houston, TX 77004, USA","Houston","2022-11-07 21:20:22.0000000"
"MENU_002025","REST_00165","Diet Mountain Dew 20oz","","4.1811408996582","","","Sodas ","$2.49","Raise the Roost","Chicken and Biscuits","4615 San Jacinto St, Houston, TX 77004, USA","Houston","2022-11-07 21:20:22.0000000"
"MENU_002026","REST_00165","Dr Pepper & Cream Soda 20z","","4.1811408996582","","","Sodas ","$2.49","Raise the Roost","Chicken and Biscuits","4615 San Jacinto St, Houston, TX 77004, USA","Houston","2022-11-07 21:20:22.0000000"
"MENU_002027","REST_00165","Dr Pepper 12 Pack 12oz Can","","4.1811408996582","","","Sodas ","$8.99","Raise the Roost","Chicken and Biscuits","4615 San Jacinto St, Houston, TX 77004, USA","Houston","2022-11-07 21:20:22.0000000"
"MENU_002028","REST_00165","Dr Pepper 20oz","","4.1811408996582","","","Sodas ","$2.49","Raise the Roost","Chicken and Biscuits","4615 San Jacinto St, Houston, TX 77004, USA","Houston","2022-11-07 21:20:22.0000000"
"MENU_002029","REST_00165","Fanta Grape 20oz","","4.1811408996582","","","Sodas ","$2.49","Raise the Roost","Chicken and Biscuits","4615 San Jacinto St, Houston, TX 77004, USA","Houston","2022-11-07 21:20:22.0000000"
"MENU_002030","REST_00165","Fanta Orange 20oz","","4.1811408996582","","","Sodas ","$2.49","Raise the Roost","Chicken and Biscuits","4615 San Jacinto St, Houston, TX 77004, USA","Houston","2022-11-07 21:20:22.0000000"
"MENU_002031","REST_00165","Fanta Piña Colada 20oz","","4.1811408996582","","","Sodas ","$2.49","Raise the Roost","Chicken and Biscuits","4615 San Jacinto St, Houston, TX 77004, USA","Houston","2022-11-07 21:20:22.0000000"
"MENU_002032","REST_00165","Fanta Pineapple 20oz","","4.1811408996582","","","Sodas ","$2.49","Raise the Roost","Chicken and Biscuits","4615 San Jacinto St, Houston, TX 77004, USA","Houston","2022-11-07 21:20:22.0000000"
"MENU_002033","REST_00165","Fanta Strawberry 20oz","","4.1811408996582","","","Sodas ","$2.49","Raise the Roost","Chicken and Biscuits","4615 San Jacinto St, Houston, TX 77004, USA","Houston","2022-11-07 21:20:22.0000000"
"MENU_002034","REST_00165","Gatorade Cool Blue 28oz","","4.1811408996582","","","Gatorade","$2.99","Raise the Roost","Chicken and Biscuits","4615 San Jacinto St, Houston, TX 77004, USA","Houston","2022-11-07 21:20:22.0000000"
"MENU_002035","REST_00165","Gatorade Frost Glacier Freeze 28oz","","4.1811408996582","","","Gatorade","$2.99","Raise the Roost","Chicken and Biscuits","4615 San Jacinto St, Houston, TX 77004, USA","Houston","2022-11-07 21:20:22.0000000"
"MENU_002036","REST_00165","Gatorade Fruit Punch 28oz","","4.1811408996582","","","Gatorade","$2.99","Raise the Roost","Chicken and Biscuits","4615 San Jacinto St, Houston, TX 77004, USA","Houston","2022-11-07 21:20:22.0000000"
"MENU_002037","REST_00165","Gatorade Lemon-Lime 28oz","","4.1811408996582","","","Gatorade","$2.99","Raise the Roost","Chicken and Biscuits","4615 San Jacinto St, Houston, TX 77004, USA","Houston","2022-11-07 21:20:22.0000000"
"MENU_002038","REST_00165","Gatorade Lime Cucumber 28oz","","4.1811408996582","","","Gatorade","$2.99","Raise the Roost","Chicken and Biscuits","4615 San Jacinto St, Houston, TX 77004, USA","Houston","2022-11-07 21:20:22.0000000"
"MENU_002039","REST_00165","Honey BBQ Bone in Wings","Double Breaded Chicken Wings tossed in our proprietary Honey BBQ Sauce.","4.1811408996582","","","Bone In Wings","$8.99","Raise the Roost","Chicken and Biscuits","4615 San Jacinto St, Houston, TX 77004, USA","Houston","2022-11-07 21:20:22.0000000"
"MENU_002040","REST_00165","Honey BBQ Chicken Tender Sandwich","2 Double Breaded Chicken Tenders smothered in our proprietary Honey BBQ Sauce on a Brioche Bun with Dill Pickle Slices.","4.1811408996582","","","Chicken Sandwiches","$4.99","Raise the Roost","Chicken and Biscuits","4615 San Jacinto St, Houston, TX 77004, USA","Houston","2022-11-07 21:20:22.0000000"
"MENU_002041","REST_00165","Mac 'N' Cheese","Side of Mac 'N' Cheese.","4.1811408996582","","","Sides","$1.99","Raise the Roost","Chicken and Biscuits","4615 San Jacinto St, Houston, TX 77004, USA","Houston","2022-11-07 21:20:22.0000000"
"MENU_002042","REST_00165","Mango Habanero Bone in Wings","Double Breaded Chicken Wings tossed in our proprietary Mango Habanero Sauce.","4.1811408996582","","","Bone In Wings","$8.99","Raise the Roost","Chicken and Biscuits","4615 San Jacinto St, Houston, TX 77004, USA","Houston","2022-11-07 21:20:22.0000000"
"MENU_002043","REST_00165","Mountain Dew 20oz","","4.1811408996582","","","Sodas ","$2.49","Raise the Roost","Chicken and Biscuits","4615 San Jacinto St, Houston, TX 77004, USA","Houston","2022-11-07 21:20:22.0000000"
"MENU_002044","REST_00165","Mountain Dew Code Red 20oz","","4.1811408996582","","","Sodas ","$2.49","Raise the Roost","Chicken and Biscuits","4615 San Jacinto St, Houston, TX 77004, USA","Houston","2022-11-07 21:20:22.0000000"
"MENU_002045","REST_00165","Naked Bone in Wings","Double Breaded Bone in Chicken Wings.","4.1811408996582","","","Bone In Wings","$8.99","Raise the Roost","Chicken and Biscuits","4615 San Jacinto St, Houston, TX 77004, USA","Houston","2022-11-07 21:20:22.0000000"
"MENU_002046","REST_00165","Pepsi 20oz","","4.1811408996582","","","Sodas ","$2.49","Raise the Roost","Chicken and Biscuits","4615 San Jacinto St, Houston, TX 77004, USA","Houston","2022-11-07 21:20:22.0000000"
"MENU_002047","REST_00165","Potato Wedges","Side of Potato Wedges.","4.1811408996582","","","Sides","$1.99","Raise the Roost","Chicken and Biscuits","4615 San Jacinto St, Houston, TX 77004, USA","Houston","2022-11-07 21:20:22.0000000"
"MENU_002048","REST_00165","Roost Buffalo Sauce","Extra cup of Roost Buffalo Sauce.","4.1811408996582","","","Sides","$0.69","Raise the Roost","Chicken and Biscuits","4615 San Jacinto St, Houston, TX 77004, USA","Houston","2022-11-07 21:20:22.0000000"
"MENU_002049","REST_00165","Roost Fresh Ranch Sauce","Extra cup of Roost Fresh Ranch Sauce.","4.1811408996582","","","Sides","$0.69","Raise the Roost","Chicken and Biscuits","4615 San Jacinto St, Houston, TX 77004, USA","Houston","2022-11-07 21:20:22.0000000"
"MENU_002050","REST_00165","Roost Honey BBQ Sauce","Extra cup of Roost Honey BBQ Sauce.","4.1811408996582","","","Sides","$0.69","Raise the Roost","Chicken and Biscuits","4615 San Jacinto St, Houston, TX 77004, USA","Houston","2022-11-07 21:20:22.0000000"
"MENU_002051","REST_00165","Roost Mango Habanero Sauce","Extra cup of Roost Mango Habanero Sauce.","4.1811408996582","","","Sides","$0.69","Raise the Roost","Chicken and Biscuits","4615 San Jacinto St, Houston, TX 77004, USA","Houston","2022-11-07 21:20:22.0000000"
"MENU_002052","REST_00165","Roost Signature Sauce","Extra cup of Roost Signature Sauce","4.1811408996582","","","Sides","$0.69","Raise the Roost","Chicken and Biscuits","4615 San Jacinto St, Houston, TX 77004, USA","Houston","2022-11-07 21:20:22.0000000"
"MENU_002053","REST_00165","Sausage Biscuit","Sausage Patty on a Fresh Baked Biscuit.","4.1811408996582","","","Breakfast ","$2.49","Raise the Roost","Chicken and Biscuits","4615 San Jacinto St, Houston, TX 77004, USA","Houston","2022-11-07 21:20:22.0000000"
"MENU_002054","REST_00165","Sausage, Egg & Cheese Biscuit","Sausage Patty, Fresh Made Egg Patty, and American Cheese on a Fresh Baked Biscuit.","4.1811408996582","","","Breakfast ","$3.69","Raise the Roost","Chicken and Biscuits","4615 San Jacinto St, Houston, TX 77004, USA","Houston","2022-11-07 21:20:22.0000000"
"MENU_002055","REST_00165","Sprite 20oz","","4.1811408996582","","","Sodas ","$2.49","Raise the Roost","Chicken and Biscuits","4615 San Jacinto St, Houston, TX 77004, USA","Houston","2022-11-07 21:20:22.0000000"
"MENU_002056","REST_00165","Sprite Diet Zero 20oz","","4.1811408996582","","","Sodas ","$2.49","Raise the Roost","Chicken and Biscuits","4615 San Jacinto St, Houston, TX 77004, USA","Houston","2022-11-07 21:20:22.0000000"
"MENU_002057","REST_00165","Squirt 20oz","","4.1811408996582","","","Sodas ","$2.49","Raise the Roost","Chicken and Biscuits","4615 San Jacinto St, Houston, TX 77004, USA","Houston","2022-11-07 21:20:22.0000000"
"MENU_002058","REST_00166","Grilled Pork Bowl","Grilled pork, green onion with soy sauce, mayonnaise, and sesame oil. Consuming raw or undercooked seafood or eggs may increase your risk of foodborne illness.","4.83122396469116","","","Rakkan Ramen Rice Bowl","$9.35","Rakkan RAMEN","Ramen, Poke, Japanese, Dumplings, Ramen Noodles, Sushi","600 N Shepherd Dr #515, Houston, TX 77007, USA","Houston","2022-10-30 15:12:36.0000000"
"MENU_002059","REST_00167","Banana Pudding","Individual / 9x13 pan (serves 12)","4.77914094924927","","","Desserts","$3.95","Red Dessert","Bakery, Dessert, Coffee","1045 Studewood St, Houston, TX 77008, USA","Houston","2022-10-27 23:49:06.0000000"
"MENU_002060","REST_00167","Blondie/Bar","Flavors rotate weekly.","4.77914094924927","","","Desserts","$3.95","Red Dessert","Bakery, Dessert, Coffee","1045 Studewood St, Houston, TX 77008, USA","Houston","2022-10-27 23:49:06.0000000"
"MENU_002061","REST_00167","Bread Pudding","Chocolate or Plain pudding. Served with Texas Bourbon Caramel Sauce.","4.77914094924927","","","Desserts","$6.25","Red Dessert","Bakery, Dessert, Coffee","1045 Studewood St, Houston, TX 77008, USA","Houston","2022-10-27 23:49:06.0000000"
"MENU_002062","REST_00167","Cake Slice","Cake slice - rotates daily (call to verify flavor).","4.77914094924927","","","Desserts","$7.50","Red Dessert","Bakery, Dessert, Coffee","1045 Studewood St, Houston, TX 77008, USA","Houston","2022-10-27 23:49:06.0000000"
"MENU_002063","REST_00167","Seasonal Cheesecake - Slice","Individual / Mini Doz. / 9\ Round""","4.77914094924927","","","Desserts","$6.25","Red Dessert","Bakery, Dessert, Coffee","1045 Studewood St, Houston, TX 77008, USA","Houston","2022-10-27 23:49:06.0000000"
"MENU_002064","REST_00168","9. Monster Preparado (Large Only)","","4.66853904724121","","","Refresqueria","$7.00","Refresqueria El Caribeño","Smoothies, Ice Cream, Fruit","Refresqueria El Caribeno, 2525 S Wayside Dr suite j, Houston, TX 77023, USA","Houston","2022-10-30 15:21:43.0000000"
"MENU_002065","REST_00169","Scone ","Bacon and Cheddar scone .","4.66792488098145","","","Pastries","$4.65","Roast And Brew Cafe","Roast And Brew Cafe","931 W 19th St, Houston, TX 77008, USA","Houston","2022-11-07 21:14:32.0000000"
"MENU_002066","REST_00170","Cinnamon Blondie","Served warm.","4.90749311447144","","","Drinks & Desserts","$3.99","Roostar Vietnamese Grill","Pickup, Catering, Vegetarian, Vietnamese, Sandwiches, Takeout, Asian","2929 Navigation Blvd Suite 190, Houston, TX 77003, USA","Houston","2022-11-07 21:19:10.0000000"
"MENU_002067","REST_00171","Chicken & Dumplings","From-scratch chicken soup with buttermilk & chive drop dumplings","4.56588077545166","","","Plates","$15.00","Rudyards British Pub","Rudyards British Pub","Rudyard's, 2010 Waugh Dr, Houston, TX 77006, USA","Houston","2022-11-07 21:14:09.0000000"
"MENU_002068","REST_00171","Lettuce Wraps","House smoked chicken, fresh herbs, peanuts, celery & golden rasins","4.56661987304688","","","Snacks","$10.50","Rudyards British Pub","Rudyards British Pub","Rudyard's, 2010 Waugh Dr, Houston, TX 77006, USA","Houston","2022-10-30 15:07:00.0000000"
"MENU_002069","REST_00172","Add Avocado","","4.66840696334839","","","Soups","$1.60","Salata","The Fresh Salad Kitchen","500 Dallas St, Houston, TX 77002, USA","Houston","2022-10-30 15:05:22.0000000"
"MENU_002070","REST_00172","Add Baked Pita Strips","","4.66840696334839","","","Soups","$1.25","Salata","The Fresh Salad Kitchen","500 Dallas St, Houston, TX 77002, USA","Houston","2022-10-30 15:05:22.0000000"
"MENU_002071","REST_00172","Add Croissant","","4.66840696334839","","","Soups","$1.25","Salata","The Fresh Salad Kitchen","500 Dallas St, Houston, TX 77002, USA","Houston","2022-10-30 15:05:22.0000000"
"MENU_002072","REST_00173","Add Avocado","","4.64740180969238","","","Soups","$1.60","Salata","The Fresh Salad Kitchen","6620 Fannin St, Houston, TX 77030, USA","Houston","2022-11-07 21:19:03.0000000"
"MENU_002073","REST_00173","Add Baked Pita Strips","","4.64740180969238","","","Soups","$1.25","Salata","The Fresh Salad Kitchen","6620 Fannin St, Houston, TX 77030, USA","Houston","2022-11-07 21:19:03.0000000"
"MENU_002074","REST_00173","Add Croissant","","4.64740180969238","","","Soups","$1.25","Salata","The Fresh Salad Kitchen","6620 Fannin St, Houston, TX 77030, USA","Houston","2022-11-07 21:19:03.0000000"
"MENU_002075","REST_00174","Jalapeño Cheese","Jalapeño, corn, 2 cheeses and spices.","5","","","Samosas (6)","$8.50","Samosa Haus","Samosa Haus","8200 Washington Ave, Houston, TX 77007, USA","Houston","2022-10-30 15:39:01.0000000"
"MENU_002076","REST_00174","Masala Tots","We wanted to bring classic Indian street potatoes to the masses, and found that tater tots were the perfect vessel to carry the special seasoning and masala blend. Served with diced onions, cilantro, lime and yogurt chutney.","5","","","Menu","$8.25","Samosa Haus","Samosa Haus","8200 Washington Ave, Houston, TX 77007, USA","Houston","2022-10-30 15:39:01.0000000"
"MENU_002077","REST_00175","Seafood Miso Soup","","4.69000577926636","","","Soup","$13.00","Sapporo Japanese Sushi & Bar","Japanese, Takeout, Pickup, Asian, Sushi Bars","801 Congress Ave, Houston, TX 77002, USA","Houston","2022-11-07 21:19:07.0000000"
"MENU_002078","REST_00176","Chocolate Milk & Cookies Shake","Chocolate cookies hand-spun with malted chocolate frozen custard, topped with whipped cream and chocolate cookie crumbles","4.67941522598267","","","Shakes & Frozen Custard","$7.19","Shake Shack","Burger Restaurant","702 Main St, Houston, TX 77002, USA","Houston","2022-11-07 21:17:00.0000000"
"MENU_002079","REST_00176","Chocolate Peppermint Shake","Peppermint fudge and chocolate frozen custard hand-spun and topped with whipped cream and candy cane sprinkles         ","4.67941522598267","","","Shakes & Frozen Custard","$7.19","Shake Shack","Burger Restaurant","702 Main St, Houston, TX 77002, USA","Houston","2022-11-07 21:17:00.0000000"
"MENU_002080","REST_00176","Christmas Cookie Shake","Sugar cookie frozen custard topped with whipped cream and holiday sprinkles","4.67941522598267","","","Shakes & Frozen Custard","$7.19","Shake Shack","Burger Restaurant","702 Main St, Houston, TX 77002, USA","Houston","2022-11-07 21:17:00.0000000"
"MENU_002081","REST_00177","Create Your Own Mixed Dozen Do-Nuts Box","Choose from our array of famous do-nut flavors.Calories per do-nut.","4.52205896377563","","","Boxes","$16.09","Shipley Do-Nuts","Donuts, Kolaches, Fast Food, Smoothies, Pastries, Bakery","2723 Yale St, Houston, TX 77008, USA","Houston","2022-11-07 21:18:45.0000000"
"MENU_002082","REST_00177","Create Your Own Mixed Dozen Kolache Box","Our signature do-nut dough rolled around your choice of filling. Gives you the punch of protein you need to carry you through your whole morning. Choose up to 4 different types of Kolaches to make the perfect boxCalories per Kolache","4.52205896377563","","","Boxes","$32.19","Shipley Do-Nuts","Donuts, Kolaches, Fast Food, Smoothies, Pastries, Bakery","2723 Yale St, Houston, TX 77008, USA","Houston","2022-11-07 21:18:45.0000000"
"MENU_002083","REST_00177","Create Your Own Mixed Half Dozen Do-Nuts Box","Choose from our array of famous do-nut flavors.Calories per do-nut.","4.52205896377563","","","Boxes","$10.39","Shipley Do-Nuts","Donuts, Kolaches, Fast Food, Smoothies, Pastries, Bakery","2723 Yale St, Houston, TX 77008, USA","Houston","2022-11-07 21:18:45.0000000"
"MENU_002084","REST_00177","Dozen Do-Nuts - Half Glazed Half Chocolate","Take home twelve of our mixed famous do-nuts.6 Signature Glazed Do-Nut6 Chocolate Iced Do-NutCalories per do-nut.","4.52205896377563","","","Boxes","$16.09","Shipley Do-Nuts","Donuts, Kolaches, Fast Food, Smoothies, Pastries, Bakery","2723 Yale St, Houston, TX 77008, USA","Houston","2022-11-07 21:18:45.0000000"
"MENU_002085","REST_00177","Half-Dozen Do-Nuts - Half Glazed Half Chocolate","Take home six of our mixed famous do-nuts.3 Signature Glazed Do-Nut3 Chocolate Iced Do-NutCalories per do-nut.","4.52205896377563","","","Boxes","$10.39","Shipley Do-Nuts","Donuts, Kolaches, Fast Food, Smoothies, Pastries, Bakery","2723 Yale St, Houston, TX 77008, USA","Houston","2022-11-07 21:18:45.0000000"
"MENU_002086","REST_00177","Sausage & Cheese Kolache","Our soft, airy dough filled with sausage and cheese that's perfectly baked and provides you with the energy you need for whatever your day has in store.","4.52205896377563","","","Kolaches","$4.09","Shipley Do-Nuts","Donuts, Kolaches, Fast Food, Smoothies, Pastries, Bakery","2723 Yale St, Houston, TX 77008, USA","Houston","2022-11-07 21:18:45.0000000"
"MENU_002087","REST_00178","BBQ WINGS","6 All Natural traditional bone-in wings, tossed with BBQ sauce. Wings are sourced from USA and are hormone + steroid free.","4.47690582275391","","","WINGS","$11.79","Smashburger","Burgers","174 Yale Street, Houston, TX 77007, USA","Houston","2022-11-07 21:11:48.0000000"
"MENU_002088","REST_00178","BUFFALO WINGS","6 All Natural traditional bone-in wings, tossed with Sweet Baby Ray’s® buffalo sauce. Wings are sourced from USA and are hormone + steroid free.","4.47690582275391","","","WINGS","$11.79","Smashburger","Burgers","174 Yale Street, Houston, TX 77007, USA","Houston","2022-11-07 21:11:48.0000000"
"MENU_002089","REST_00178","GARLIC ROSEMARY WINGS","6 All Natural traditional bone-in wings, tossed with our Signature Smash seasoning: rosemary, garlic salt pepper & thyme seasoning. Wings are sourced from USA and are hormone + steroid free.","4.47690582275391","","","WINGS","$11.79","Smashburger","Burgers","174 Yale Street, Houston, TX 77007, USA","Houston","2022-11-07 21:11:48.0000000"
"MENU_002090","REST_00178","PLAIN WINGS","6 All Natural traditional bone-in wings. Wings are sourced from USA and are hormone + steroid free.","4.47690582275391","","","WINGS","$11.79","Smashburger","Burgers","174 Yale Street, Houston, TX 77007, USA","Houston","2022-11-07 21:11:48.0000000"
"MENU_002091","REST_00178","SCORCHIN' HOT WINGS","6 All Natural traditional bone-in wings, tossed with Nashville Hot seasoning. Wings are sourced from USA and are hormone + steroid free.","4.47690582275391","","","WINGS","$11.79","Smashburger","Burgers","174 Yale Street, Houston, TX 77007, USA","Houston","2022-11-07 21:11:48.0000000"
"MENU_002092","REST_00179","Bottled Water, 1L","","4.71530199050903","","","Snacks","$2.55","Smoothie King","Vegan, Vegetarian Friendly, Juice Bars & Smoothies, Smoothies, Healthy Smoothies, Vegetarian, Vegan Friendly, Snacks, Healthy","1923 Taylor St, Houston, TX 77007, USA","Houston","2022-11-07 21:12:29.0000000"
"MENU_002093","REST_00180","Akra ","","4.58823490142822","","","Fritay Special /Friday & Saturday Only ","$5.99","Sonia's Kreyol Kitchen","Haitian","2616 Blodgett St, Houston, TX 77004, USA","Houston","2022-10-30 15:05:27.0000000"
"MENU_002094","REST_00180","Akra ak Marinad ","Side of marinad (haitian hush puppies) and akra (malanga fritters).  Served with pikliz. ","4.58823490142822","","","Fritay Special /Friday & Saturday Only ","$9.99","Sonia's Kreyol Kitchen","Haitian","2616 Blodgett St, Houston, TX 77004, USA","Houston","2022-10-30 15:05:27.0000000"
"MENU_002095","REST_00180","Fritay chicken ","Fritaille (fritay) an assortment of delectable fried food. Consists of fried chicken, fried plantains, marinad (haitian hush puppies) akra, and pikliz. ","4.58823490142822","","","Fritay Special /Friday & Saturday Only ","$18.00","Sonia's Kreyol Kitchen","Haitian","2616 Blodgett St, Houston, TX 77004, USA","Houston","2022-10-30 15:05:27.0000000"
"MENU_002096","REST_00180","Fritay Fish /Pwason ","Fritaille (fritay) an assortment of delectable fried food. Consists of fried snapper, fried plantains, marinad (haitian hush puppies) akra, and pikliz.  Please allow 15 to 20 minutes to fry fish. ","4.58823490142822","","","Fritay Special /Friday & Saturday Only ","$30.00","Sonia's Kreyol Kitchen","Haitian","2616 Blodgett St, Houston, TX 77004, USA","Houston","2022-10-30 15:05:27.0000000"
"MENU_002097","REST_00180","Fritay Griot ","Fritaille (fritay) an assortment of delectable fried food. Consists of fried pork, fried plantains, marinad (haitian hush puppies) akra (malanga fritters), and pikliz. ","4.58823490142822","","","Fritay Special /Friday & Saturday Only ","$18.00","Sonia's Kreyol Kitchen","Haitian","2616 Blodgett St, Houston, TX 77004, USA","Houston","2022-10-30 15:05:27.0000000"
"MENU_002098","REST_00180","Fritay Kabrit/Goat ","Fritaille (fritay) an assortment of delectable fried food. Consists of taso goat/kabrit, fried plantains, marinad (haitian hush puppies) akra, and pikliz. ","4.58823490142822","","","Fritay Special /Friday & Saturday Only ","$25.00","Sonia's Kreyol Kitchen","Haitian","2616 Blodgett St, Houston, TX 77004, USA","Houston","2022-10-30 15:05:27.0000000"
"MENU_002099","REST_00180","Marinad ","","4.58823490142822","","","Fritay Special /Friday & Saturday Only ","$5.99","Sonia's Kreyol Kitchen","Haitian","2616 Blodgett St, Houston, TX 77004, USA","Houston","2022-10-30 15:05:27.0000000"
"MENU_002100","REST_00180","Sos Pwa / pinto bean stew","","4.58823490142822","","","Sides","$3.00","Sonia's Kreyol Kitchen","Haitian","2616 Blodgett St, Houston, TX 77004, USA","Houston","2022-10-30 15:05:27.0000000"
"MENU_002101","REST_00180","White Rice w/ pinto bean stew ","","4.58823490142822","","","Sides","$6.00","Sonia's Kreyol Kitchen","Haitian","2616 Blodgett St, Houston, TX 77004, USA","Houston","2022-10-30 15:05:27.0000000"
"MENU_002102","REST_00181","All-American Dog","Take a bite out of Americana with SONIC's Premium Beef All-American Dog. It's a beef hot dog made with 100% pure beef that's grilled to perfection and topped with ketchup, yellow mustard, relish and chopped onions and served in a soft, warm bakery bun.","4.07968902587891","","","Hot Dogs","$3.65","Sonic Drive-in","America's drive-in serving fast food meals","2720 Washington Ave, Houston, TX 77007, USA","Houston","2022-11-07 21:16:44.0000000"
"MENU_002103","REST_00181","Bacon Breakfast TOASTER®","Behold – melty cheese, crispy bacon all stacked up on thick Texas Toast and served with fluffy eggs. Sounds like breakfast heaven if you ask us.","4.07968902587891","","","All Day Breakfast","$4.87","Sonic Drive-in","America's drive-in serving fast food meals","2720 Washington Ave, Houston, TX 77007, USA","Houston","2022-11-07 21:16:44.0000000"
"MENU_002104","REST_00181","Chili Cheese Coney","Want something filling that's also a great deal? Try SONIC's Premium Beef Chili Cheese Coney. A grilled beef hot dog topped with warm chili and melty cheddar cheese served in a soft, warm bakery bun.","4.07968902587891","","","Hot Dogs","$3.65","Sonic Drive-in","America's drive-in serving fast food meals","2720 Washington Ave, Houston, TX 77007, USA","Houston","2022-11-07 21:16:44.0000000"
"MENU_002105","REST_00181","Classic Crispy Chicken Sandwich","Lightly seasoned and breaded 100% all white meat chicken breast topped with fresh lettuce, ripe tomatoes and your choice of mustard, mayo or ketchup, served on a warm Brioche bun.","4.07968902587891","","","Chicken","$7.06","Sonic Drive-in","America's drive-in serving fast food meals","2720 Washington Ave, Houston, TX 77007, USA","Houston","2022-11-07 21:16:44.0000000"
"MENU_002106","REST_00181","Hot Fudge Sundae","Our Hot Fudge Sundaes start with creamy, real vanilla ice cream swirled together with hot fudge, and finished with whipped topping and a cherry.","4.07968902587891","","","Frozen Zone","$3.65","Sonic Drive-in","America's drive-in serving fast food meals","2720 Washington Ave, Houston, TX 77007, USA","Houston","2022-11-07 21:16:44.0000000"
"MENU_002107","REST_00181","Jr. Bacon, Egg and Cheese Breakfast Burrito","Bacon, eggs and cheese, oh my! The Jr. Breakfast Burrito is packed with savory sausage, fluffy eggs and melty cheese, and all wrapped up in a warm flour tortilla. Value tastes good, doesn't it?","4.07968902587891","","","All Day Breakfast","$2.67","Sonic Drive-in","America's drive-in serving fast food meals","2720 Washington Ave, Houston, TX 77007, USA","Houston","2022-11-07 21:16:44.0000000"
"MENU_002108","REST_00181","Jr. Bacon, Egg and Cheese Breakfast Burrito","Bacon, eggs and cheese, oh my! The Jr. Breakfast Burrito is packed with savory sausage, fluffy eggs and melty cheese, and all wrapped up in a warm flour tortilla. Value tastes good, doesn't it?","4.07968902587891","","","Everyday Deals","$2.67","Sonic Drive-in","America's drive-in serving fast food meals","2720 Washington Ave, Houston, TX 77007, USA","Houston","2022-11-07 21:16:44.0000000"
"MENU_002109","REST_00181","Jr. Sausage, Egg and Cheese Breakfast Burrito","Sausage, eggs and cheese, oh my! The Jr. Breakfast Burrito is packed with savory sausage, fluffy eggs and melty cheese, and all wrapped up in a warm flour tortilla. Value tastes good, doesn't it?","4.07968902587891","","","All Day Breakfast","$2.67","Sonic Drive-in","America's drive-in serving fast food meals","2720 Washington Ave, Houston, TX 77007, USA","Houston","2022-11-07 21:16:44.0000000"
"MENU_002110","REST_00181","Jr. Sausage, Egg and Cheese Breakfast Burrito","Sausage, eggs and cheese, oh my! The Jr. Breakfast Burrito is packed with savory sausage, fluffy eggs and melty cheese, and all wrapped up in a warm flour tortilla. Value tastes good, doesn't it?","4.07968902587891","","","Everyday Deals","$2.67","Sonic Drive-in","America's drive-in serving fast food meals","2720 Washington Ave, Houston, TX 77007, USA","Houston","2022-11-07 21:16:44.0000000"
"MENU_002111","REST_00181","Plain SONIC Cheeseburger","The Plain SONIC Cheeseburger is a juicy 100% pure beef patty and melty American cheese.","4.07968902587891","","","Burgers","$6.33","Sonic Drive-in","America's drive-in serving fast food meals","2720 Washington Ave, Houston, TX 77007, USA","Houston","2022-11-07 21:16:44.0000000"
"MENU_002112","REST_00181","Sausage Breakfast TOASTER®","Behold – melty cheese, your choice of savory sausage, crispy bacon or delicious ham, all stacked up on thick Texas Toast and served with fluffy eggs. Sounds like breakfast heaven if you ask us.","4.07968902587891","","","All Day Breakfast","$4.87","Sonic Drive-in","America's drive-in serving fast food meals","2720 Washington Ave, Houston, TX 77007, USA","Houston","2022-11-07 21:16:44.0000000"
"MENU_002113","REST_00181","SONIC® Cheeseburger","What you see is what you get. Melty American cheese, crinkle-cut pickles, chopped onions, fresh shredded lettuce & ripe tomatoes on a perfectly seasoned, 100% pure beef patty. Straightforward and tasty, just the way it should be. ","4.07968902587891","","","Burgers","$6.33","Sonic Drive-in","America's drive-in serving fast food meals","2720 Washington Ave, Houston, TX 77007, USA","Houston","2022-11-07 21:16:44.0000000"
"MENU_002114","REST_00181","Steak Butter Bacon Cheeseburger","100% pure beef patty dolloped with a rich and creamy butter made with savory steakhouse seasoning and layered with two slices of American cheese, crispy bacon, grilled onions, mayo, and served on a toasted bakery bun.","4.07968902587891","","","Burgers","$7.19","Sonic Drive-in","America's drive-in serving fast food meals","2720 Washington Ave, Houston, TX 77007, USA","Houston","2022-11-07 21:16:44.0000000"
"MENU_002115","REST_00181","Steak Butter Bacon Cheeseburger","100% pure beef patty dolloped with a rich and creamy butter made with savory steakhouse seasoning and layered with two slices of American cheese, crispy bacon, grilled onions, mayo, and served on a toasted bakery bun.","4.07968902587891","","","Featured","$7.19","Sonic Drive-in","America's drive-in serving fast food meals","2720 Washington Ave, Houston, TX 77007, USA","Houston","2022-11-07 21:16:44.0000000"
"MENU_002116","REST_00181","SuperSONIC® Bacon Double Cheeseburger","Bacon makes everything better - especially when it's as good as our SuperSONIC® Double Cheeseburger. We start with two quarter-pound, 100% pure beef hamburgers, two melty slices of American cheese, lettuce, fresh sliced tomatoes, creamy mayo, and top it all off with crispy bacon.","4.07968902587891","","","Burgers","$9.38","Sonic Drive-in","America's drive-in serving fast food meals","2720 Washington Ave, Houston, TX 77007, USA","Houston","2022-11-07 21:16:44.0000000"
"MENU_002117","REST_00181","SuperSONIC® Double Cheeseburger","Double the SONIC® goodness with the SuperSONIC® Cheeseburger. Two juicy, perfectly seasoned, quarter pound, 100% pure beef patties that are layered with two slices of melty American cheese, crisp, crinkle cut pickles, tangy ketchup, diced onions, creamy mayo, crisp lettuce, and hand sliced tomatoes on a golden, toasted bun. Seeing double has never been tastier.","4.07968902587891","","","Burgers","$8.77","Sonic Drive-in","America's drive-in serving fast food meals","2720 Washington Ave, Houston, TX 77007, USA","Houston","2022-11-07 21:16:44.0000000"
"MENU_002118","REST_00182","Buffalo Wings","Spicy chicken wings and drumettes served with celery.","4.64444398880005","","","Previews","$15.00","Spaghetti Western Italian Cafe","Italian, Pizza, Calzones, Sandwiches","1951 W T C Jester Blvd, Houston, TX 77008, USA","Houston","2022-11-07 21:15:56.0000000"
"MENU_002119","REST_00182","Caesar Salad","Fresh romaine tossed with our Caesar dressing topped with croutons and parmesan cheese.","4.64444398880005","","","Salads","$13.00","Spaghetti Western Italian Cafe","Italian, Pizza, Calzones, Sandwiches","1951 W T C Jester Blvd, Houston, TX 77008, USA","Houston","2022-11-07 21:15:56.0000000"
"MENU_002120","REST_00182","Chicken & Spinach","Grilled chicken, fresh spinach, tomato, mushrooms, ricotta and mozzarella cheeses with marinara on the side.","4.64444398880005","","","Calzones","$17.00","Spaghetti Western Italian Cafe","Italian, Pizza, Calzones, Sandwiches","1951 W T C Jester Blvd, Houston, TX 77008, USA","Houston","2022-11-07 21:15:56.0000000"
"MENU_002121","REST_00182","Chicken Parmesan","Lightly breaded, pan fried chicken breast topped with marinara and mozzarella served on a toasted hoagie roll.","4.64444398880005","","","Sandwiches","$15.00","Spaghetti Western Italian Cafe","Italian, Pizza, Calzones, Sandwiches","1951 W T C Jester Blvd, Houston, TX 77008, USA","Houston","2022-11-07 21:15:56.0000000"
"MENU_002122","REST_00182","Chocolate Eruption","Delicious chocolate mousse cake with pieces of new York cheesecake and a caramel center. Covered with chocolate shavings, almonds, choc chips.","4.64444398880005","","","Desserts","$10.00","Spaghetti Western Italian Cafe","Italian, Pizza, Calzones, Sandwiches","1951 W T C Jester Blvd, Houston, TX 77008, USA","Houston","2022-11-07 21:15:56.0000000"
"MENU_002123","REST_00182","Coca Cola","","4.64444398880005","","","Beverages","$3.00","Spaghetti Western Italian Cafe","Italian, Pizza, Calzones, Sandwiches","1951 W T C Jester Blvd, Houston, TX 77008, USA","Houston","2022-11-07 21:15:56.0000000"
"MENU_002124","REST_00182","Diet Coke","","4.64444398880005","","","Beverages","$3.00","Spaghetti Western Italian Cafe","Italian, Pizza, Calzones, Sandwiches","1951 W T C Jester Blvd, Houston, TX 77008, USA","Houston","2022-11-07 21:15:56.0000000"
"MENU_002125","REST_00182","Fresh Brewed Iced Tea","","4.64444398880005","","","Beverages","$3.00","Spaghetti Western Italian Cafe","Italian, Pizza, Calzones, Sandwiches","1951 W T C Jester Blvd, Houston, TX 77008, USA","Houston","2022-11-07 21:15:56.0000000"
"MENU_002126","REST_00182","Fried Mozzarella","Fried mozzarella sticks served with our tangy marinara sauce.","4.64444398880005","","","Previews","$11.00","Spaghetti Western Italian Cafe","Italian, Pizza, Calzones, Sandwiches","1951 W T C Jester Blvd, Houston, TX 77008, USA","Houston","2022-11-07 21:15:56.0000000"
"MENU_002127","REST_00182","Fried Ravioli","Cheese filled ravioli lightly breaded and deep fried to golden. Served with our tangy marinara sauce.","4.64444398880005","","","Previews","$13.00","Spaghetti Western Italian Cafe","Italian, Pizza, Calzones, Sandwiches","1951 W T C Jester Blvd, Houston, TX 77008, USA","Houston","2022-11-07 21:15:56.0000000"
"MENU_002128","REST_00182","Grilled Chicken Breast","Topped with sliced bacon and melted mozzarella cheese on a toasted onion roll.","4.64444398880005","","","Sandwiches","$15.00","Spaghetti Western Italian Cafe","Italian, Pizza, Calzones, Sandwiches","1951 W T C Jester Blvd, Houston, TX 77008, USA","Houston","2022-11-07 21:15:56.0000000"
"MENU_002129","REST_00182","Grilled Chicken Chipotle","Fettuccine and grilled chicken breast tossed in our signature chipotle alfredo sauce.","4.64444398880005","","","Pastas","$15.00","Spaghetti Western Italian Cafe","Italian, Pizza, Calzones, Sandwiches","1951 W T C Jester Blvd, Houston, TX 77008, USA","Houston","2022-11-07 21:15:56.0000000"
"MENU_002130","REST_00182","Grilled Pork Chop","A 10 Oz chop grilled and basted with a jalapeno kiwi glaze. Served with garlic mashed potatoes and sautéed asparagus.","4.64444398880005","","","Specialties of The House","$22.00","Spaghetti Western Italian Cafe","Italian, Pizza, Calzones, Sandwiches","1951 W T C Jester Blvd, Houston, TX 77008, USA","Houston","2022-11-07 21:15:56.0000000"
"MENU_002131","REST_00182","Hawaiian","Canadian bacon and pineapple","4.64444398880005","","","Pizzas","$15.00","Spaghetti Western Italian Cafe","Italian, Pizza, Calzones, Sandwiches","1951 W T C Jester Blvd, Houston, TX 77008, USA","Houston","2022-11-07 21:15:56.0000000"
"MENU_002132","REST_00182","House Recipe Sweet Tea","","4.64444398880005","","","Beverages","$3.00","Spaghetti Western Italian Cafe","Italian, Pizza, Calzones, Sandwiches","1951 W T C Jester Blvd, Houston, TX 77008, USA","Houston","2022-11-07 21:15:56.0000000"
"MENU_002133","REST_00182","Italian Hoagie","Mortadella, salami, ham, black olives, lettuce, mozzarella, and tomatoes on a toasted hoagie roll. Served with feta vinaigrette dressing.","4.64444398880005","","","Sandwiches","$15.00","Spaghetti Western Italian Cafe","Italian, Pizza, Calzones, Sandwiches","1951 W T C Jester Blvd, Houston, TX 77008, USA","Houston","2022-11-07 21:15:56.0000000"
"MENU_002134","REST_00182","Italian Nachos","Crispy wonton chips topped with alfredo sauce, ground sausage, mozzarella cheese, tomatoes, black olives, green onions, and banana peppers.","4.64444398880005","","","Previews","$13.00","Spaghetti Western Italian Cafe","Italian, Pizza, Calzones, Sandwiches","1951 W T C Jester Blvd, Houston, TX 77008, USA","Houston","2022-11-07 21:15:56.0000000"
"MENU_002135","REST_00182","Key Lime Cheesecake","The classic key lime pie blended with cheesecake for added richness and smoothness with a sweet graham cracker crust.","4.64444398880005","","","Desserts","$10.00","Spaghetti Western Italian Cafe","Italian, Pizza, Calzones, Sandwiches","1951 W T C Jester Blvd, Houston, TX 77008, USA","Houston","2022-11-07 21:15:56.0000000"
"MENU_002136","REST_00182","Lemonade","","4.64444398880005","","","Beverages","$3.00","Spaghetti Western Italian Cafe","Italian, Pizza, Calzones, Sandwiches","1951 W T C Jester Blvd, Houston, TX 77008, USA","Houston","2022-11-07 21:15:56.0000000"
"MENU_002137","REST_00182","Margherita","Roma tomatoes and fresh basil.","4.64444398880005","","","Pizzas","$14.00","Spaghetti Western Italian Cafe","Italian, Pizza, Calzones, Sandwiches","1951 W T C Jester Blvd, Houston, TX 77008, USA","Houston","2022-11-07 21:15:56.0000000"
"MENU_002138","REST_00182","Marsala","Sautéed with mushrooms in a marsala wine sauce. Served with a side of fettuccine alfredo.","4.64444398880005","","","Chicken or Veal","$18.00","Spaghetti Western Italian Cafe","Italian, Pizza, Calzones, Sandwiches","1951 W T C Jester Blvd, Houston, TX 77008, USA","Houston","2022-11-07 21:15:56.0000000"
"MENU_002139","REST_00182","Meatball","Fall of our big juicy meatballs smothered with marinara and mozzarella served on a toasted hoagie roll.","4.64444398880005","","","Sandwiches","$15.00","Spaghetti Western Italian Cafe","Italian, Pizza, Calzones, Sandwiches","1951 W T C Jester Blvd, Houston, TX 77008, USA","Houston","2022-11-07 21:15:56.0000000"
"MENU_002140","REST_00182","New York Style Cheesecake","Drizzled with raspberry sauce.","4.64444398880005","","","Desserts","$10.00","Spaghetti Western Italian Cafe","Italian, Pizza, Calzones, Sandwiches","1951 W T C Jester Blvd, Houston, TX 77008, USA","Houston","2022-11-07 21:15:56.0000000"
"MENU_002141","REST_00182","Pecan Crusted Catfish","Catfish filet coated with crushed pecans and topped with crawfish etouffee and served with orzo pasta.","4.64444398880005","","","Fish","$20.00","Spaghetti Western Italian Cafe","Italian, Pizza, Calzones, Sandwiches","1951 W T C Jester Blvd, Houston, TX 77008, USA","Houston","2022-11-07 21:15:56.0000000"
"MENU_002142","REST_00182","Pizza & Salad Combo","You get a big ol' slice of your choice of pizza and either our house or our Caesar salad.","4.64444398880005","","","Pizzas","$15.00","Spaghetti Western Italian Cafe","Italian, Pizza, Calzones, Sandwiches","1951 W T C Jester Blvd, Houston, TX 77008, USA","Houston","2022-11-07 21:15:56.0000000"
"MENU_002143","REST_00182","Portabella Chicken","Grilled chicken breast, topped with a portabella mushroom and mozzarella smothered in our marsala wine sauce. Served with sautéed spinach and fettuccine alfredo.","4.64444398880005","","","Specialties of The House","$20.00","Spaghetti Western Italian Cafe","Italian, Pizza, Calzones, Sandwiches","1951 W T C Jester Blvd, Houston, TX 77008, USA","Houston","2022-11-07 21:15:56.0000000"
"MENU_002144","REST_00182","Portabella Crab Cake","We take a portabella mushroom, lay on an Italian bread crumbed crab cake and top with grilled shrimp and our roasted garlic cream sauce all served on a bed of orzo pasta.","4.64444398880005","","","Specialties of The House","$21.00","Spaghetti Western Italian Cafe","Italian, Pizza, Calzones, Sandwiches","1951 W T C Jester Blvd, Houston, TX 77008, USA","Houston","2022-11-07 21:15:56.0000000"
"MENU_002145","REST_00182","Potato Skins","We load 'em up with chicken, bacon, green onions, jalapenos, cheddar and mozzarella cheese and then we top 'em with a dollop of sour cream.","4.64444398880005","","","Previews","$13.00","Spaghetti Western Italian Cafe","Italian, Pizza, Calzones, Sandwiches","1951 W T C Jester Blvd, Houston, TX 77008, USA","Houston","2022-11-07 21:15:56.0000000"
"MENU_002146","REST_00182","Scallopine","Sautéed with capers, mushrooms, artichokes, and smoked bacon topped with lemon butter. Served with a side of fettuccine alfredo.","4.64444398880005","","","Chicken or Veal","$18.00","Spaghetti Western Italian Cafe","Italian, Pizza, Calzones, Sandwiches","1951 W T C Jester Blvd, Houston, TX 77008, USA","Houston","2022-11-07 21:15:56.0000000"
"MENU_002147","REST_00182","Shrimp & Pesto","Pesto sauce, shrimp and mozzarella topped with feta cheese and basil.","4.64444398880005","","","Pizzas","$17.00","Spaghetti Western Italian Cafe","Italian, Pizza, Calzones, Sandwiches","1951 W T C Jester Blvd, Houston, TX 77008, USA","Houston","2022-11-07 21:15:56.0000000"
"MENU_002148","REST_00182","Side Salads","A small version of your choice of our house or Caesar salad purchased with any entree.","4.64444398880005","","","Salads","$4.00","Spaghetti Western Italian Cafe","Italian, Pizza, Calzones, Sandwiches","1951 W T C Jester Blvd, Houston, TX 77008, USA","Houston","2022-11-07 21:15:56.0000000"
"MENU_002149","REST_00182","Southwestern Lasagna","Chicken, sour cream, and five cheeses layered in pasta sheets and smothered in our chipotle tomatillo sauce.","4.64444398880005","","","Specialties of The House","$17.00","Spaghetti Western Italian Cafe","Italian, Pizza, Calzones, Sandwiches","1951 W T C Jester Blvd, Houston, TX 77008, USA","Houston","2022-11-07 21:15:56.0000000"
"MENU_002150","REST_00182","Spaghetti w/Italian Sausage","Spaghetti pasta serve with a link of savory Italian Sausage with our fabulous meat sauce","4.64444398880005","","","Pastas","$16.00","Spaghetti Western Italian Cafe","Italian, Pizza, Calzones, Sandwiches","1951 W T C Jester Blvd, Houston, TX 77008, USA","Houston","2022-11-07 21:15:56.0000000"
"MENU_002151","REST_00182","Spaghetti W/Meatballs","Spaghetti pasta with 2 big juicy meatballs served with our fabulous meat sauce","4.64444398880005","","","Pastas","$16.00","Spaghetti Western Italian Cafe","Italian, Pizza, Calzones, Sandwiches","1951 W T C Jester Blvd, Houston, TX 77008, USA","Houston","2022-11-07 21:15:56.0000000"
"MENU_002152","REST_00182","Spaghetti Western Cheesesteak","Thinly sliced certified angus beef sautéed with onions and mozzarella cheese served on a toasted hoagie roll.","4.64444398880005","","","Sandwiches","$15.00","Spaghetti Western Italian Cafe","Italian, Pizza, Calzones, Sandwiches","1951 W T C Jester Blvd, Houston, TX 77008, USA","Houston","2022-11-07 21:15:56.0000000"
"MENU_002153","REST_00182","Spaghetti Western Po-Boy","Your choice of either shrimp, catfish, or crawfish with lettuce and tomato on a toasted hoagie roll.","4.64444398880005","","","Sandwiches","$16.00","Spaghetti Western Italian Cafe","Italian, Pizza, Calzones, Sandwiches","1951 W T C Jester Blvd, Houston, TX 77008, USA","Houston","2022-11-07 21:15:56.0000000"
"MENU_002154","REST_00182","Spaghetti with Meatballs & Italian Sausage","Served with our fantastic meat sauce.","4.64444398880005","","","Pastas","$19.00","Spaghetti Western Italian Cafe","Italian, Pizza, Calzones, Sandwiches","1951 W T C Jester Blvd, Houston, TX 77008, USA","Houston","2022-11-07 21:15:56.0000000"
"MENU_002155","REST_00182","Sprite","","4.64444398880005","","","Beverages","$3.00","Spaghetti Western Italian Cafe","Italian, Pizza, Calzones, Sandwiches","1951 W T C Jester Blvd, Houston, TX 77008, USA","Houston","2022-11-07 21:15:56.0000000"
"MENU_002156","REST_00182","St. Arnold Root Beer","","4.64444398880005","","","Beverages","$4.00","Spaghetti Western Italian Cafe","Italian, Pizza, Calzones, Sandwiches","1951 W T C Jester Blvd, Houston, TX 77008, USA","Houston","2022-11-07 21:15:56.0000000"
"MENU_002157","REST_00182","Stuffed Mushrooms","Mushroom caps filled with a delightful seafood stuffing, smothered in our roast garlic cream sauce, topped with mozzarella cheese and baked to perfection.","4.64444398880005","","","Previews","$15.00","Spaghetti Western Italian Cafe","Italian, Pizza, Calzones, Sandwiches","1951 W T C Jester Blvd, Houston, TX 77008, USA","Houston","2022-11-07 21:15:56.0000000"
"MENU_002158","REST_00182","The Bad","Italian sausage, sliced meatballs, and pepperonis. (it's so good to be bad!).","4.64444398880005","","","Pizzas","$17.00","Spaghetti Western Italian Cafe","Italian, Pizza, Calzones, Sandwiches","1951 W T C Jester Blvd, Houston, TX 77008, USA","Houston","2022-11-07 21:15:56.0000000"
"MENU_002159","REST_00182","The Blondie","Grilled chicken and our very own creamy, spicy chipotle alfredo sauce.","4.64444398880005","","","Pizzas","$15.00","Spaghetti Western Italian Cafe","Italian, Pizza, Calzones, Sandwiches","1951 W T C Jester Blvd, Houston, TX 77008, USA","Houston","2022-11-07 21:15:56.0000000"
"MENU_002160","REST_00182","The Classic","Pepperoni pizza in all its glory, lots of cheese and pepperoni.","4.64444398880005","","","Pizzas","$15.00","Spaghetti Western Italian Cafe","Italian, Pizza, Calzones, Sandwiches","1951 W T C Jester Blvd, Houston, TX 77008, USA","Houston","2022-11-07 21:15:56.0000000"
"MENU_002161","REST_00182","The Classic Calzone","Pepperoni, sausage, pizza sauce, and our five cheese pizza blend.","4.64444398880005","","","Calzones","$17.00","Spaghetti Western Italian Cafe","Italian, Pizza, Calzones, Sandwiches","1951 W T C Jester Blvd, Houston, TX 77008, USA","Houston","2022-11-07 21:15:56.0000000"
"MENU_002162","REST_00182","The Good","Zucchini, yellow squash, eggplant, broccoli, tomatoes and portabella mushrooms. Topped with feta cheese and fresh basil.","4.64444398880005","","","Pizzas","$15.00","Spaghetti Western Italian Cafe","Italian, Pizza, Calzones, Sandwiches","1951 W T C Jester Blvd, Houston, TX 77008, USA","Houston","2022-11-07 21:15:56.0000000"
"MENU_002163","REST_00182","The Spaghetti Western Formal Wear","Bowtie pasta tossed with chicken, sun dried tomatoes, and mushrooms in our roasted garlic cream sauce.","4.64444398880005","","","Pastas","$15.00","Spaghetti Western Italian Cafe","Italian, Pizza, Calzones, Sandwiches","1951 W T C Jester Blvd, Houston, TX 77008, USA","Houston","2022-11-07 21:15:56.0000000"
"MENU_002164","REST_00182","The Ugly","Grilled chicken, red onions, roma tomatoes and our spicy chipotle tomatillo sauce.","4.64444398880005","","","Pizzas","$15.00","Spaghetti Western Italian Cafe","Italian, Pizza, Calzones, Sandwiches","1951 W T C Jester Blvd, Houston, TX 77008, USA","Houston","2022-11-07 21:15:56.0000000"
"MENU_002165","REST_00182","The Western Burger","1/2 Lb. of certified angus beef with American cheese, lettuce, tomato, red onions and pickles.","4.64444398880005","","","Sandwiches","$15.00","Spaghetti Western Italian Cafe","Italian, Pizza, Calzones, Sandwiches","1951 W T C Jester Blvd, Houston, TX 77008, USA","Houston","2022-11-07 21:15:56.0000000"
"MENU_002166","REST_00182","Veggie Pasta","Penne pasta, zucchini, squash, mushrooms, spinach, artichokes, and tomatoes topped with fresh basil in extra virgin olive oil.","4.64444398880005","","","Pastas","$15.00","Spaghetti Western Italian Cafe","Italian, Pizza, Calzones, Sandwiches","1951 W T C Jester Blvd, Houston, TX 77008, USA","Houston","2022-11-07 21:15:56.0000000"
"MENU_002167","REST_00183","3 Flavor Pepper Chicken","Pungent and Spicy, Fried, Dark Meat Cube, Red Pepper, Sichuan Pepper(Pungent), Jalapeno Pepper","4.65195322036743","","","Chicken & Duck","$15.00","Spicy Girl","Chinese, Chicken, Seafood, Fried Rice, Noodles","917 Winbern St, Houston, TX 77002, USA","Houston","2022-11-07 21:11:14.0000000"
"MENU_002168","REST_00183","3 Flavor Pepper Intestine","Pungent & Spicy, Fried Intestine, with 3 Flavor Pepper(Jalapeno Pepper, Red Pepper, Sichuan Peppercorn)","4.65195322036743","","","Pork","$15.00","Spicy Girl","Chinese, Chicken, Seafood, Fried Rice, Noodles","917 Winbern St, Houston, TX 77002, USA","Houston","2022-11-07 21:11:14.0000000"
"MENU_002169","REST_00183","Amazing Spicy Fish","Spicy, Fried Fillet with Batter, Sichuan Peppercorn, Red Pepper, Jalapeno Pepper, Sesame","4.65195322036743","","","Seafood","$16.00","Spicy Girl","Chinese, Chicken, Seafood, Fried Rice, Noodles","917 Winbern St, Houston, TX 77002, USA","Houston","2022-11-07 21:11:14.0000000"
"MENU_002170","REST_00183","Basil Chicken","Salt, Mild Sour & Sweet, White Meat Slice, Fresh Basil, Bell Pepper, Onion","4.65195322036743","","","Chicken & Duck","$15.00","Spicy Girl","Chinese, Chicken, Seafood, Fried Rice, Noodles","917 Winbern St, Houston, TX 77002, USA","Houston","2022-11-07 21:11:14.0000000"
"MENU_002171","REST_00183","Basil Seafood","3 pcs Shrimps, Fillet, Fresh Basil, Onion","4.65195322036743","","","Seafood","$17.00","Spicy Girl","Chinese, Chicken, Seafood, Fried Rice, Noodles","917 Winbern St, Houston, TX 77002, USA","Houston","2022-11-07 21:11:14.0000000"
"MENU_002172","REST_00183","Beef & Broccoli","Beef Flank, Broccoli, Carrot","4.65195322036743","","","Beef or Lamb","$17.00","Spicy Girl","Chinese, Chicken, Seafood, Fried Rice, Noodles","917 Winbern St, Houston, TX 77002, USA","Houston","2022-11-07 21:11:14.0000000"
"MENU_002173","REST_00183","Beef Dry Pot","Very Spicy, Stir-Fried, Beef Flank, Lotus, Cauliflower, Potato, Bell Pepper, Onion, Green Bean, No Sauce","4.65195322036743","","","Beef or Lamb","$18.00","Spicy Girl","Chinese, Chicken, Seafood, Fried Rice, Noodles","917 Winbern St, Houston, TX 77002, USA","Houston","2022-11-07 21:11:14.0000000"
"MENU_002174","REST_00183","Beef Flat Noodle","Flat Noodle, with Beef Flank, Celery Cabbage, Carrot, Mung Bean Sprout, Onion","4.65195322036743","","","Fried Rice or Noodle","$14.00","Spicy Girl","Chinese, Chicken, Seafood, Fried Rice, Noodles","917 Winbern St, Houston, TX 77002, USA","Houston","2022-11-07 21:11:14.0000000"
"MENU_002175","REST_00183","Beijing Pork","Pork Slice with Salt Sweet Sauce made of Fermented Flour, Onion on The Side,  Come with Pancake 5 pcs","4.65195322036743","","","Pork","$15.00","Spicy Girl","Chinese, Chicken, Seafood, Fried Rice, Noodles","917 Winbern St, Houston, TX 77002, USA","Houston","2022-11-07 21:11:14.0000000"
"MENU_002176","REST_00183","Beijing(Peking) Duck 2 Dishes","1st Dish: Roast Duck Meat with Crispy Skin, with Pancake(Bao)2nd Dish: Sauteed Duck Slice with Soybean SproutsThe skin is so crispy, the meat is soft and juicy. Beijing Roast Duck is thought to be one of the most delicious dishes all over the world; most costumes coming to our restaurant will never forget to have a try.","4.65195322036743","","","Chicken & Duck","$46.00","Spicy Girl","Chinese, Chicken, Seafood, Fried Rice, Noodles","917 Winbern St, Houston, TX 77002, USA","Houston","2022-11-07 21:11:14.0000000"
"MENU_002177","REST_00183","Beijing(Peking) Duck 3 Dishes","1st Dish: Roast Duck Meat with Crispy Skin, with Pancake(Bao)2nd Dish: Sauteed Duck Slice with Soybean Sprouts3rd Dish: Duck Soup, Duck Bone with Tofu and Celery CabbageThe skin is so crispy, the meat is soft and juicy. Beijing Roast Duck is thought to be one of the most delicious dishes all over the world; most costumes coming to our restaurant will never forget to have a try. ","4.65195322036743","","","Chicken & Duck","$55.00","Spicy Girl","Chinese, Chicken, Seafood, Fried Rice, Noodles","917 Winbern St, Houston, TX 77002, USA","Houston","2022-11-07 21:11:14.0000000"
"MENU_002178","REST_00183","Cabbage","Mild Spicy, Vegetarian Diet, Stir Fried, Cabbage","4.65195322036743","","","Vegetables","$13.00","Spicy Girl","Chinese, Chicken, Seafood, Fried Rice, Noodles","917 Winbern St, Houston, TX 77002, USA","Houston","2022-11-07 21:11:14.0000000"
"MENU_002179","REST_00183","Cheese Puff","6 pcs, Traditional American Snacks with Powder Sugar","4.65195322036743","","","Appetizer","$9.00","Spicy Girl","Chinese, Chicken, Seafood, Fried Rice, Noodles","917 Winbern St, Houston, TX 77002, USA","Houston","2022-11-07 21:11:14.0000000"
"MENU_002180","REST_00183","Chicken Broccoli","White Meat Slice Broccoli","4.65195322036743","","","Chicken & Duck","$15.00","Spicy Girl","Chinese, Chicken, Seafood, Fried Rice, Noodles","917 Winbern St, Houston, TX 77002, USA","Houston","2022-11-07 21:11:14.0000000"
"MENU_002181","REST_00183","Chicken Dry Pot","Very Spicy, Stir-Fried, White Meat, Lotus, Cauliflower, Potato, Bell Pepper, Onion, Green Bean, No Sauce","4.65195322036743","","","Chicken & Duck","$18.00","Spicy Girl","Chinese, Chicken, Seafood, Fried Rice, Noodles","917 Winbern St, Houston, TX 77002, USA","Houston","2022-11-07 21:11:14.0000000"
"MENU_002182","REST_00183","Chili Chicken","Spicy, White Meat Slice, Leak, Jalapeno Pepper","4.65195322036743","","","Chicken & Duck","$15.00","Spicy Girl","Chinese, Chicken, Seafood, Fried Rice, Noodles","917 Winbern St, Houston, TX 77002, USA","Houston","2022-11-07 21:11:14.0000000"
"MENU_002183","REST_00183","Combination Curry Stir Fried Rice Noodle(Singapore Rice Noodle) ","Rice Noodle, Yellow Curry, White Meat, Beef Flank, Shrimp, Egg, Cabbage, Carrot, Celery Cabbage, Mung Bean Sprout, Onion","4.65195322036743","","","Fried Rice or Noodle","$14.00","Spicy Girl","Chinese, Chicken, Seafood, Fried Rice, Noodles","917 Winbern St, Houston, TX 77002, USA","Houston","2022-11-07 21:11:14.0000000"
"MENU_002184","REST_00183","Combination Fried Rice","Fried Rice with Shrimp, White Meet, Beef Flank, Egg, Onion","4.65195322036743","","","Fried Rice or Noodle","$14.00","Spicy Girl","Chinese, Chicken, Seafood, Fried Rice, Noodles","917 Winbern St, Houston, TX 77002, USA","Houston","2022-11-07 21:11:14.0000000"
"MENU_002185","REST_00183","Combination Stir Fried Noodle","Lo Mein with Shrimp, Dark Meet, Beef Flank, Cabbage, Carrot, Celery Cabbage, Mung Bean Sprout, Baby Corn, Onion","4.65195322036743","","","Fried Rice or Noodle","$14.00","Spicy Girl","Chinese, Chicken, Seafood, Fried Rice, Noodles","917 Winbern St, Houston, TX 77002, USA","Houston","2022-11-07 21:11:14.0000000"
"MENU_002186","REST_00183","Couple’s Tendon","Cold, Beef Tendon, Ox Tripe, with Hot & Spicy Sauce Peanut（Mr. and Mrs. Smith）","4.65195322036743","","","Classic Small Dish","$10.00","Spicy Girl","Chinese, Chicken, Seafood, Fried Rice, Noodles","917 Winbern St, Houston, TX 77002, USA","Houston","2022-11-07 21:11:14.0000000"
"MENU_002187","REST_00183","Cucumber Salad","Cold, Vegetarian Diet, with Spicy & Garlic Sauce","4.65195322036743","","","Classic Small Dish","$8.00","Spicy Girl","Chinese, Chicken, Seafood, Fried Rice, Noodles","917 Winbern St, Houston, TX 77002, USA","Houston","2022-11-07 21:11:14.0000000"
"MENU_002188","REST_00183","Dan Dan Noodle","Homemade Noodle, Vegetarian Diet, with Hot Spicy Sauce, Peanut","4.65195322036743","","","Appetizer","$9.00","Spicy Girl","Chinese, Chicken, Seafood, Fried Rice, Noodles","917 Winbern St, Houston, TX 77002, USA","Houston","2022-11-07 21:11:14.0000000"
"MENU_002189","REST_00183","Double Cooked Pork","Spicy, Steam & Stir-Fried Marbled Meat Piece, Leek","4.65195322036743","","","Pork","$15.00","Spicy Girl","Chinese, Chicken, Seafood, Fried Rice, Noodles","917 Winbern St, Houston, TX 77002, USA","Houston","2022-11-07 21:11:14.0000000"
"MENU_002190","REST_00183","Egg Roll","4 pcs, Fried, Vegetarian Diet with Sweet Chilly Sauce","4.65195322036743","","","Appetizer","$5.50","Spicy Girl","Chinese, Chicken, Seafood, Fried Rice, Noodles","917 Winbern St, Houston, TX 77002, USA","Houston","2022-11-07 21:11:14.0000000"
"MENU_002191","REST_00183","Fish Jump Out of Water","Hot Spicy & Sour, Boiled Fillet, Pickle, Celery Cabbage, Soy Bean Sprout, Sichuan Peppercorn","4.65195322036743","","","Seafood","$17.00","Spicy Girl","Chinese, Chicken, Seafood, Fried Rice, Noodles","917 Winbern St, Houston, TX 77002, USA","Houston","2022-11-07 21:11:14.0000000"
"MENU_002192","REST_00183","Fish on Tofu","Hot Spicy, Fillet, Soft Tofu, Sichuan Peppercorn, Peanut","4.65195322036743","","","Seafood","$17.00","Spicy Girl","Chinese, Chicken, Seafood, Fried Rice, Noodles","917 Winbern St, Houston, TX 77002, USA","Houston","2022-11-07 21:11:14.0000000"
"MENU_002193","REST_00183","Fried Rice w/ Beef","Fried Rice with Beef Flank, Egg, Onion","4.65195322036743","","","Fried Rice or Noodle","$13.00","Spicy Girl","Chinese, Chicken, Seafood, Fried Rice, Noodles","917 Winbern St, Houston, TX 77002, USA","Houston","2022-11-07 21:11:14.0000000"
"MENU_002194","REST_00183","Fried Rice w/ Chicken","Fried Rice with White Meet, Egg, Onion","4.65195322036743","","","Fried Rice or Noodle","$13.00","Spicy Girl","Chinese, Chicken, Seafood, Fried Rice, Noodles","917 Winbern St, Houston, TX 77002, USA","Houston","2022-11-07 21:11:14.0000000"
"MENU_002195","REST_00183","Fried Rice w/ Shrimp","Fried Rice with Shrimp, Egg, Onion","4.65195322036743","","","Fried Rice or Noodle","$13.00","Spicy Girl","Chinese, Chicken, Seafood, Fried Rice, Noodles","917 Winbern St, Houston, TX 77002, USA","Houston","2022-11-07 21:11:14.0000000"
"MENU_002196","REST_00183","Fried Rice w/ Vegetable","Vegetarian Diet, Fried Rice with Broccoli, Snow Beas, Carrot, Baby Corn, Onion","4.65195322036743","","","Fried Rice or Noodle","$13.00","Spicy Girl","Chinese, Chicken, Seafood, Fried Rice, Noodles","917 Winbern St, Houston, TX 77002, USA","Houston","2022-11-07 21:11:14.0000000"
"MENU_002197","REST_00183","Fried Shrimp"," 4 pcs, with Sweet Chilly Sauce & Sriracha","4.65195322036743","","","Appetizer","$9.00","Spicy Girl","Chinese, Chicken, Seafood, Fried Rice, Noodles","917 Winbern St, Houston, TX 77002, USA","Houston","2022-11-07 21:11:14.0000000"
"MENU_002198","REST_00183","General Tso's Chicken","Sour and Sweet, Mild Spicy, Dark Meat Cube, Bell Pepper, Broccoli, General Tso’s Sauce","4.65195322036743","","","Chicken & Duck","$15.00","Spicy Girl","Chinese, Chicken, Seafood, Fried Rice, Noodles","917 Winbern St, Houston, TX 77002, USA","Houston","2022-11-07 21:11:14.0000000"
"MENU_002199","REST_00183","General Tso's Tofu","Mild Spicy, Vegetarian Diet, Fried Firm Tofu, Bell Pepper, General Tso’s Sauce","4.65195322036743","","","Vegetables","$13.00","Spicy Girl","Chinese, Chicken, Seafood, Fried Rice, Noodles","917 Winbern St, Houston, TX 77002, USA","Houston","2022-11-07 21:11:14.0000000"
"MENU_002200","REST_00183","Green Bean Chicken","Mild Spicy, White Meat Slice, Green Bean","4.65195322036743","","","Chicken & Duck","$15.00","Spicy Girl","Chinese, Chicken, Seafood, Fried Rice, Noodles","917 Winbern St, Houston, TX 77002, USA","Houston","2022-11-07 21:11:14.0000000"
"MENU_002201","REST_00183","Green Curry","Green Curry Soup with Eggplant, Basil, Coconut Milk","4.65195322036743","","","Curry","$16.00","Spicy Girl","Chinese, Chicken, Seafood, Fried Rice, Noodles","917 Winbern St, Houston, TX 77002, USA","Houston","2022-11-07 21:11:14.0000000"
"MENU_002202","REST_00183","Hawaii Duck","Sweet and Sour, Half a Roast Duck, Boneless Meet with Crispy Skin, Pineapple","4.65195322036743","","","Chicken & Duck","$28.00","Spicy Girl","Chinese, Chicken, Seafood, Fried Rice, Noodles","917 Winbern St, Houston, TX 77002, USA","Houston","2022-11-07 21:11:14.0000000"
"MENU_002203","REST_00183","Hawaii Fried Rice","Fried Rice with Pineapple, Chicken, Shrimp, Egg, Onion","4.65195322036743","","","Fried Rice or Noodle","$14.00","Spicy Girl","Chinese, Chicken, Seafood, Fried Rice, Noodles","917 Winbern St, Houston, TX 77002, USA","Houston","2022-11-07 21:11:14.0000000"
"MENU_002204","REST_00183","Hot & Sour Soup","2 pers, Sour Spicy, Egg, Tofu, Black Ear Mushroom, Seafood Mushroom, Bamboo Shoot","4.65195322036743","","","Soup","$10.00","Spicy Girl","Chinese, Chicken, Seafood, Fried Rice, Noodles","917 Winbern St, Houston, TX 77002, USA","Houston","2022-11-07 21:11:14.0000000"
"MENU_002205","REST_00183","Hot & Spicy Dumpling","6 pcs, Steamed, Pork, with Hot Spicy Garlic Sauce","4.65195322036743","","","Appetizer","$9.00","Spicy Girl","Chinese, Chicken, Seafood, Fried Rice, Noodles","917 Winbern St, Houston, TX 77002, USA","Houston","2022-11-07 21:11:14.0000000"
"MENU_002206","REST_00183","Hot & Spicy Noodle","Jelly Noodle, Vegetarian Diet, with Sour Spicy Soup","4.65195322036743","","","Appetizer","$9.00","Spicy Girl","Chinese, Chicken, Seafood, Fried Rice, Noodles","917 Winbern St, Houston, TX 77002, USA","Houston","2022-11-07 21:11:14.0000000"
"MENU_002207","REST_00183","Intestine Dry Pot","Very Spicy, Stir-Fried, Intestine, Lotus, Cauliflower, Potato, Bell Pepper, Onion, Green Bean, No Sauce","4.65195322036743","","","Pork","$18.00","Spicy Girl","Chinese, Chicken, Seafood, Fried Rice, Noodles","917 Winbern St, Houston, TX 77002, USA","Houston","2022-11-07 21:11:14.0000000"
"MENU_002208","REST_00183","KungBao Chicken","Mild Spicy & Sweat, Dark Meat, Bell Pepper, Onion, Peanuts, Kung Pao Sauce","4.65195322036743","","","Chicken & Duck","$15.00","Spicy Girl","Chinese, Chicken, Seafood, Fried Rice, Noodles","917 Winbern St, Houston, TX 77002, USA","Houston","2022-11-07 21:11:14.0000000"
"MENU_002209","REST_00183","KungBao Shrimp","8 pcs, Mild Spicy, Shrimp, Peanut, Kung Pao Sauce","4.65195322036743","","","Seafood","$17.00","Spicy Girl","Chinese, Chicken, Seafood, Fried Rice, Noodles","917 Winbern St, Houston, TX 77002, USA","Houston","2022-11-07 21:11:14.0000000"
"MENU_002210","REST_00183","Mango Chicken","White Meat Slice Mango Bell Pepper Broccoli","4.65195322036743","","","Chicken & Duck","$15.00","Spicy Girl","Chinese, Chicken, Seafood, Fried Rice, Noodles","917 Winbern St, Houston, TX 77002, USA","Houston","2022-11-07 21:11:14.0000000"
"MENU_002211","REST_00183","Mango Shrimp","8 pcs Shrimp, Mango, Bell Pepper, Broccoli","4.65195322036743","","","Seafood","$17.00","Spicy Girl","Chinese, Chicken, Seafood, Fried Rice, Noodles","917 Winbern St, Houston, TX 77002, USA","Houston","2022-11-07 21:11:14.0000000"
"MENU_002212","REST_00183","Mapo Tofu","Pungent Spicy, Vegetarian Diet, Soft Tofu","4.65195322036743","","","Vegetables","$13.00","Spicy Girl","Chinese, Chicken, Seafood, Fried Rice, Noodles","917 Winbern St, Houston, TX 77002, USA","Houston","2022-11-07 21:11:14.0000000"
"MENU_002213","REST_00183","Massaman Curry","Massaman Curry Soup, with Snow Bean, Bamboo Shot, Basil, Pineapple, Coconut Milk","4.65195322036743","","","Curry","$16.00","Spicy Girl","Chinese, Chicken, Seafood, Fried Rice, Noodles","917 Winbern St, Houston, TX 77002, USA","Houston","2022-11-07 21:11:14.0000000"
"MENU_002214","REST_00183","Mongolian Beef","Mild Spicy, Beef Flank, Onion, Green Onion","4.65195322036743","","","Beef or Lamb","$17.00","Spicy Girl","Chinese, Chicken, Seafood, Fried Rice, Noodles","917 Winbern St, Houston, TX 77002, USA","Houston","2022-11-07 21:11:14.0000000"
"MENU_002215","REST_00183","Mushroom w/ Greens","Vegetarian Diet, Shitake & Bok Choy","4.65195322036743","","","Vegetables","$13.00","Spicy Girl","Chinese, Chicken, Seafood, Fried Rice, Noodles","917 Winbern St, Houston, TX 77002, USA","Houston","2022-11-07 21:11:14.0000000"
"MENU_002216","REST_00183","Orange Beef","Sweet and Sour, Fried Beef Flank with Batter, Orange Peel, Broccoli, with Sauce","4.65195322036743","","","Beef or Lamb","$17.00","Spicy Girl","Chinese, Chicken, Seafood, Fried Rice, Noodles","917 Winbern St, Houston, TX 77002, USA","Houston","2022-11-07 21:11:14.0000000"
"MENU_002217","REST_00183","Orange Chicken","Sour and Sweet, Mild Spicy, Dark Meat Cube, Orange Peel, Bell Pepper, Broccoli","4.65195322036743","","","Chicken & Duck","$15.00","Spicy Girl","Chinese, Chicken, Seafood, Fried Rice, Noodles","917 Winbern St, Houston, TX 77002, USA","Houston","2022-11-07 21:11:14.0000000"
"MENU_002218","REST_00183","Pan-Fried Dumpling","6 pcs, Pan-Fried, Chicken & Celery Cabbage with Dumpling Sauce","4.65195322036743","","","Appetizer","$6.50","Spicy Girl","Chinese, Chicken, Seafood, Fried Rice, Noodles","917 Winbern St, Houston, TX 77002, USA","Houston","2022-11-07 21:11:14.0000000"
"MENU_002219","REST_00183","Pepper Steak","Steak, Bell Pepper, Onion","4.65195322036743","","","Beef or Lamb","$17.00","Spicy Girl","Chinese, Chicken, Seafood, Fried Rice, Noodles","917 Winbern St, Houston, TX 77002, USA","Houston","2022-11-07 21:11:14.0000000"
"MENU_002220","REST_00183","Pineapple Chicken","Sweet, Dark Meat Cube, Pineapple, Bell Pepper","4.65195322036743","","","Chicken & Duck","$15.00","Spicy Girl","Chinese, Chicken, Seafood, Fried Rice, Noodles","917 Winbern St, Houston, TX 77002, USA","Houston","2022-11-07 21:11:14.0000000"
"MENU_002221","REST_00183","Pork W/Garlic Sauce","Mild Spicy, Pork Slice, Bell Pepper, Bamboo Shot, Black Ear Mushroom, Carrot, with Garlic Sauce","4.65195322036743","","","Pork","$15.00","Spicy Girl","Chinese, Chicken, Seafood, Fried Rice, Noodles","917 Winbern St, Houston, TX 77002, USA","Houston","2022-11-07 21:11:14.0000000"
"MENU_002222","REST_00183","Salt & Pepper Fish","Fried Fillet with Batter, Black Pepper, Jalapeno Pepper, Onion","4.65195322036743","","","Seafood","$16.00","Spicy Girl","Chinese, Chicken, Seafood, Fried Rice, Noodles","917 Winbern St, Houston, TX 77002, USA","Houston","2022-11-07 21:11:14.0000000"
"MENU_002223","REST_00183","Salt & Pepper Shrimp","8 pcs, Fried Shrimps with Batter, Bell Pepper, Black Pepper, Jalapeno Pepper, Onion","4.65195322036743","","","Seafood","$17.00","Spicy Girl","Chinese, Chicken, Seafood, Fried Rice, Noodles","917 Winbern St, Houston, TX 77002, USA","Houston","2022-11-07 21:11:14.0000000"
"MENU_002224","REST_00183","Salt Edamame","Steamed  Salt","4.65195322036743","","","Appetizer","$5.50","Spicy Girl","Chinese, Chicken, Seafood, Fried Rice, Noodles","917 Winbern St, Houston, TX 77002, USA","Houston","2022-11-07 21:11:14.0000000"
"MENU_002225","REST_00183","Salt Pepper Tofu","Vegetarian Diet, Fried Firm Tofu, Black Pepper","4.65195322036743","","","Vegetables","$13.00","Spicy Girl","Chinese, Chicken, Seafood, Fried Rice, Noodles","917 Winbern St, Houston, TX 77002, USA","Houston","2022-11-07 21:11:14.0000000"
"MENU_002226","REST_00183","Sauteed Bok choy","Vegetarian Diet, Bok Choy","4.65195322036743","","","Vegetables","$13.00","Spicy Girl","Chinese, Chicken, Seafood, Fried Rice, Noodles","917 Winbern St, Houston, TX 77002, USA","Houston","2022-11-07 21:11:14.0000000"
"MENU_002227","REST_00183","Sauteed Mixed Vegetables","Vegetarian Diet, Broccoli, Carrot, Celery Cabbage, Snow Been, Baby Corn, Seafood Mushroom, Bell Pepper","4.65195322036743","","","Vegetables","$13.00","Spicy Girl","Chinese, Chicken, Seafood, Fried Rice, Noodles","917 Winbern St, Houston, TX 77002, USA","Houston","2022-11-07 21:11:14.0000000"
"MENU_002228","REST_00183","Seafood  Tofu Pot","Fish, Shrimp, Tofu, Mixed Vegetables","4.65195322036743","","","Seafood","$17.00","Spicy Girl","Chinese, Chicken, Seafood, Fried Rice, Noodles","917 Winbern St, Houston, TX 77002, USA","Houston","2022-11-07 21:11:14.0000000"
"MENU_002229","REST_00183","Shrimp Dry Pot","mix vegetable and Shrimp in VERY spicy seasoning in dry pot","4.65195322036743","","","Seafood","$18.00","Spicy Girl","Chinese, Chicken, Seafood, Fried Rice, Noodles","917 Winbern St, Houston, TX 77002, USA","Houston","2022-11-07 21:11:14.0000000"
"MENU_002230","REST_00183","Shrimp w/ Mixed Vegetable","8 pcs, Shrimp, Broccoli, Carrot, Celery Cabbage, Snow Been, Baby Corn, Seafood Mushroom, Bell Pepper","4.65195322036743","","","Seafood","$17.00","Spicy Girl","Chinese, Chicken, Seafood, Fried Rice, Noodles","917 Winbern St, Houston, TX 77002, USA","Houston","2022-11-07 21:11:14.0000000"
"MENU_002231","REST_00183","Sichuan Angus Steak","Spicy, Cumin Flavor, Sauteed, Angus Steak","4.65195322036743","","","Beef or Lamb","$19.00","Spicy Girl","Chinese, Chicken, Seafood, Fried Rice, Noodles","917 Winbern St, Houston, TX 77002, USA","Houston","2022-11-07 21:11:14.0000000"
"MENU_002232","REST_00183","Sichuan Chili Beef","Spicy, Beef Flank Slice, Leek, Jalapeno Pepper","4.65195322036743","","","Beef or Lamb","$17.00","Spicy Girl","Chinese, Chicken, Seafood, Fried Rice, Noodles","917 Winbern St, Houston, TX 77002, USA","Houston","2022-11-07 21:11:14.0000000"
"MENU_002233","REST_00183","Sichuan Chili Pork","Spicy, Pork Slice, Leek, Jalapeno Pepper","4.65195322036743","","","Pork","$15.00","Spicy Girl","Chinese, Chicken, Seafood, Fried Rice, Noodles","917 Winbern St, Houston, TX 77002, USA","Houston","2022-11-07 21:11:14.0000000"
"MENU_002234","REST_00183","Sichuan Lamb Chop","4 pics, Spicy, Cumin Flavor, Sauteed Lamb Chop","4.65195322036743","","","Beef or Lamb","$27.00","Spicy Girl","Chinese, Chicken, Seafood, Fried Rice, Noodles","917 Winbern St, Houston, TX 77002, USA","Houston","2022-11-07 21:11:14.0000000"
"MENU_002235","REST_00183","Spicy Beef Stomach","Cold, Ox Tripe, with Hot & Spicy Sauce","4.65195322036743","","","Classic Small Dish","$10.00","Spicy Girl","Chinese, Chicken, Seafood, Fried Rice, Noodles","917 Winbern St, Houston, TX 77002, USA","Houston","2022-11-07 21:11:14.0000000"
"MENU_002236","REST_00183","Spicy Boiled Beef","Spicy, Boiled with Soup, Beef Flank, Celery Cabbage, Soybean Sprout, Leek","4.65195322036743","","","Beef or Lamb","$17.00","Spicy Girl","Chinese, Chicken, Seafood, Fried Rice, Noodles","917 Winbern St, Houston, TX 77002, USA","Houston","2022-11-07 21:11:14.0000000"
"MENU_002237","REST_00183","Spicy Broiled Fish","Hot Spicy, Boiled Fillet, Celery Cabbage, Soy Bean Sprout, Sichuan Peppercorn","4.65195322036743","","","Seafood","$17.00","Spicy Girl","Chinese, Chicken, Seafood, Fried Rice, Noodles","917 Winbern St, Houston, TX 77002, USA","Houston","2022-11-07 21:11:14.0000000"
"MENU_002238","REST_00183","Spicy Chicken Cube","Spicy, Dark Meat, Bell Pepper, Onion","4.65195322036743","","","Chicken & Duck","$15.00","Spicy Girl","Chinese, Chicken, Seafood, Fried Rice, Noodles","917 Winbern St, Houston, TX 77002, USA","Houston","2022-11-07 21:11:14.0000000"
"MENU_002239","REST_00183","Spicy Garlic Edamame","Steamed with Spicy Garlic Sauce","4.65195322036743","","","Appetizer","$5.50","Spicy Girl","Chinese, Chicken, Seafood, Fried Rice, Noodles","917 Winbern St, Houston, TX 77002, USA","Houston","2022-11-07 21:11:14.0000000"
"MENU_002240","REST_00183","Spicy Girl Duck","Pungent and Spicy, Half a Roast Duck, Meat with Bone, Sichuan Pepper","4.65195322036743","","","Chicken & Duck","$28.00","Spicy Girl","Chinese, Chicken, Seafood, Fried Rice, Noodles","917 Winbern St, Houston, TX 77002, USA","Houston","2022-11-07 21:11:14.0000000"
"MENU_002241","REST_00183","Spicy Pot W/Intestine","Spicy, Intestine, Tofu, Pigs Blood Cake, Seafood Mushroom, Soy Bean Sprout, Pickled, with Soup","4.65195322036743","","","Pork","$17.00","Spicy Girl","Chinese, Chicken, Seafood, Fried Rice, Noodles","917 Winbern St, Houston, TX 77002, USA","Houston","2022-11-07 21:11:14.0000000"
"MENU_002242","REST_00183","Spicy Seafood Soup","2 pers, Sour  Spicy, Shrimp, Fish, Tofu, Egg, Pickle","4.65195322036743","","","Soup","$14.00","Spicy Girl","Chinese, Chicken, Seafood, Fried Rice, Noodles","917 Winbern St, Houston, TX 77002, USA","Houston","2022-11-07 21:11:14.0000000"
"MENU_002243","REST_00183","Spicy(Yellow) Curry","Yellow Curry Flavor, No Soup","4.65195322036743","","","Curry","$16.00","Spicy Girl","Chinese, Chicken, Seafood, Fried Rice, Noodles","917 Winbern St, Houston, TX 77002, USA","Houston","2022-11-07 21:11:14.0000000"
"MENU_002244","REST_00183","Stir Fried Green Bean","Vegetarian Diet, Green Bean, Garlic","4.65195322036743","","","Vegetables","$13.00","Spicy Girl","Chinese, Chicken, Seafood, Fried Rice, Noodles","917 Winbern St, Houston, TX 77002, USA","Houston","2022-11-07 21:11:14.0000000"
"MENU_002245","REST_00183","Stir Fried Noodle w/ Beef","Lo Mein with Beef Flank, Cabbage, Carrot, Celery Cabbage, Mung Bean Sprout, Onion","4.65195322036743","","","Fried Rice or Noodle","$13.00","Spicy Girl","Chinese, Chicken, Seafood, Fried Rice, Noodles","917 Winbern St, Houston, TX 77002, USA","Houston","2022-11-07 21:11:14.0000000"
"MENU_002246","REST_00183","Stir Fried Noodle w/ Chicken","Lo Mein with Dark Meet, Cabbage, Carrot, Celery Cabbage, Mung Bean Sprout, Onion","4.65195322036743","","","Fried Rice or Noodle","$13.00","Spicy Girl","Chinese, Chicken, Seafood, Fried Rice, Noodles","917 Winbern St, Houston, TX 77002, USA","Houston","2022-11-07 21:11:14.0000000"
"MENU_002247","REST_00183","Stir Fried Noodle w/ Shrimp","Lo Mein with Shrimp, Cabbage, Carrot, Celery Cabbage, Mung Bean Sprout, Onion","4.65195322036743","","","Fried Rice or Noodle","$13.00","Spicy Girl","Chinese, Chicken, Seafood, Fried Rice, Noodles","917 Winbern St, Houston, TX 77002, USA","Houston","2022-11-07 21:11:14.0000000"
"MENU_002248","REST_00183","Stir Fried Noodle w/ Vegetable","Vegetarian Diet, Lo Mein with Broccoli, Seafood Mushroom, Cabbage, Carrot, Celery Mung Bean Sprout, Baby Corn, Onion","4.65195322036743","","","Fried Rice or Noodle","$13.00","Spicy Girl","Chinese, Chicken, Seafood, Fried Rice, Noodles","917 Winbern St, Houston, TX 77002, USA","Houston","2022-11-07 21:11:14.0000000"
"MENU_002249","REST_00183","Tomato & Egg","Stir Fried, Tomato, Eggs","4.65195322036743","","","Vegetables","$13.00","Spicy Girl","Chinese, Chicken, Seafood, Fried Rice, Noodles","917 Winbern St, Houston, TX 77002, USA","Houston","2022-11-07 21:11:14.0000000"
"MENU_002250","REST_00183","Vegetable Dry Pot","Very Spicy, Stir-Fried, Snow Beas, Lotus, Cauliflower, Potato, Bell Pepper, Onion,Green Bean, No Sauce","4.65195322036743","","","Vegetables","$17.00","Spicy Girl","Chinese, Chicken, Seafood, Fried Rice, Noodles","917 Winbern St, Houston, TX 77002, USA","Houston","2022-11-07 21:11:14.0000000"
"MENU_002251","REST_00183","Walnut Shrimp","8 pcs, Fried Shrimps with Batter, Mayo Sauce, Fried Sweet Walnut","4.65195322036743","","","Seafood","$17.00","Spicy Girl","Chinese, Chicken, Seafood, Fried Rice, Noodles","917 Winbern St, Houston, TX 77002, USA","Houston","2022-11-07 21:11:14.0000000"
"MENU_002252","REST_00183","Wonton Soup","6 pcs, Pork","4.65195322036743","","","Soup","$10.00","Spicy Girl","Chinese, Chicken, Seafood, Fried Rice, Noodles","917 Winbern St, Houston, TX 77002, USA","Houston","2022-11-07 21:11:14.0000000"
"MENU_002253","REST_00183","Yu Shan Eggplant","Yu Shan Flavor, Vegetarian Diet","4.65195322036743","","","Vegetables","$13.00","Spicy Girl","Chinese, Chicken, Seafood, Fried Rice, Noodles","917 Winbern St, Houston, TX 77002, USA","Houston","2022-11-07 21:11:14.0000000"
"MENU_002254","REST_00184","Miss Piggie","Freshly Ground Bacon and Beef Patty (Will Always be Pink), House Candied Bacon, Hash Brown, Cheddar, Lettuce, and Tomatoes.","4.81660079956055","","","The Burgers (1/2lb.)","$12.50","Stanton's City Bites","Burgers, Dinner, Bar and Grill","1420 Edwards St, Houston, TX 77007, USA","Houston","2022-10-30 15:16:07.0000000"
"MENU_002255","REST_00184","Philly Grilled Cheese Surprise","Grilled Fresh Jalapenos, Cheddar, and Philadelphia Cream Cheese on Texas Toast.","4.81660079956055","","","The Meat-Free","$7.00","Stanton's City Bites","Burgers, Dinner, Bar and Grill","1420 Edwards St, Houston, TX 77007, USA","Houston","2022-10-30 15:16:07.0000000"
"MENU_002256","REST_00185","Brownies","","4.72893619537354","","","Desserts","$3.75","Star Pizza 2","Pizza, Salad, Italian","77 Harvard Street, Houston, TX 77007, USA","Houston","2022-11-07 21:21:01.0000000"
"MENU_002257","REST_00186","Caffè Latte","Our dark, rich espresso balanced with steamed milk and a light layer of foam. A perfect milk-forward warm-up.","4.58823490142822","","","Hot Coffees","$4.95","Starbucks","Coffee & Tea, Breakfast, Lunch, and Sweets","2101 Smith St #101, Houston, TX 77002, USA","Houston","2022-11-07 21:16:39.0000000"
"MENU_002258","REST_00186","Cappuccino","Dark, rich espresso lies in wait under a smoothed and stretched layer of thick milk foam. An alchemy of barista artistry and craft.","4.58823490142822","","","Hot Coffees","$4.95","Starbucks","Coffee & Tea, Breakfast, Lunch, and Sweets","2101 Smith St #101, Houston, TX 77002, USA","Houston","2022-11-07 21:16:39.0000000"
"MENU_002259","REST_00186","Caramel Brulée Crème","Steamed milk and rich caramel brulée sauce deliciously finished with whipped cream and a caramel brulée topping—an ode to holiday sweetness.","4.58823490142822","","","Hot Drinks","$3.95","Starbucks","Coffee & Tea, Breakfast, Lunch, and Sweets","2101 Smith St #101, Houston, TX 77002, USA","Houston","2022-11-07 21:16:39.0000000"
"MENU_002260","REST_00186","Caramel Brulée Crème Frappuccino® Blended Beverage","A combination of rich caramel brulée sauce blended with milk and ice, topped with whipped cream and our crunchy caramel brulée bits for an extra-tasty holi-yay treat.","4.58823490142822","","","Frappuccino® Blended Beverages","$6.15","Starbucks","Coffee & Tea, Breakfast, Lunch, and Sweets","2101 Smith St #101, Houston, TX 77002, USA","Houston","2022-11-07 21:16:39.0000000"
"MENU_002261","REST_00186","Caramel Brulée Frappuccino® Blended Beverage","Frappuccino® Roast coffee, milk and ice blended with rich caramel brulée sauce, and then topped with whipped cream and our crunchy caramel brulée bits for extra-gooey goodness.","4.58823490142822","","","Frappuccino® Blended Beverages","$6.15","Starbucks","Coffee & Tea, Breakfast, Lunch, and Sweets","2101 Smith St #101, Houston, TX 77002, USA","Houston","2022-11-07 21:16:39.0000000"
"MENU_002262","REST_00186","Caramel Brulée Latte","Our signature espresso, steamed milk and rich caramel brulée sauce finished with whipped cream and a supreme topping of even more caramel brulée bits.","4.58823490142822","","","Hot Coffees","$6.25","Starbucks","Coffee & Tea, Breakfast, Lunch, and Sweets","2101 Smith St #101, Houston, TX 77002, USA","Houston","2022-11-07 21:16:39.0000000"
"MENU_002263","REST_00186","Chai Tea Latte","Black tea infused with cinnamon, clove and other warming spices is combined with steamed milk and topped with foam for the perfect balance of sweet and spicy. An iconic chai cup.","4.58823490142822","","","Hot Teas","$4.95","Starbucks","Coffee & Tea, Breakfast, Lunch, and Sweets","2101 Smith St #101, Houston, TX 77002, USA","Houston","2022-11-07 21:16:39.0000000"
"MENU_002264","REST_00186","Chestnut Praline Crème","Steamed milk and flavors of caramelized chestnuts and spices—topped with whipped cream and spiced praline crumbs—come together for this festive moment.","4.58823490142822","","","Hot Drinks","$3.95","Starbucks","Coffee & Tea, Breakfast, Lunch, and Sweets","2101 Smith St #101, Houston, TX 77002, USA","Houston","2022-11-07 21:16:39.0000000"
"MENU_002265","REST_00186","Chestnut Praline Crème Frappuccino® Blended Beverage","A joyful world of deliciousness: holiday flavors of caramelized chestnuts and spices blended with milk and ice, and topped with whipped cream and spiced praline crumbs.","4.58823490142822","","","Frappuccino® Blended Beverages","$6.15","Starbucks","Coffee & Tea, Breakfast, Lunch, and Sweets","2101 Smith St #101, Houston, TX 77002, USA","Houston","2022-11-07 21:16:39.0000000"
"MENU_002266","REST_00186","Chestnut Praline Frappuccino® Blended Beverage","A blissful world of deliciousness: festive flavors of caramelized chestnuts and spices blended with Frappuccino® Roast coffee, milk and ice, and topped with whipped cream and spiced praline crumbs.","4.58823490142822","","","Frappuccino® Blended Beverages","$6.15","Starbucks","Coffee & Tea, Breakfast, Lunch, and Sweets","2101 Smith St #101, Houston, TX 77002, USA","Houston","2022-11-07 21:16:39.0000000"
"MENU_002267","REST_00186","Chestnut Praline Latte","First we begin with our signature espresso and velvety steamed milk, and then add flavors of caramelized chestnuts and spices—all topped with a holiday finale of whipped cream and specially spiced praline crumbs.","4.58823490142822","","","Hot Coffees","$6.25","Starbucks","Coffee & Tea, Breakfast, Lunch, and Sweets","2101 Smith St #101, Houston, TX 77002, USA","Houston","2022-11-07 21:16:39.0000000"
"MENU_002268","REST_00186","Gingerbread Biscotti","This gingerbread biscotti makes a festively flavored, crunchy and dippable baked treat that perfectly complements your coffee.","4.58823490142822","","","Snacks & Sweets","$2.65","Starbucks","Coffee & Tea, Breakfast, Lunch, and Sweets","2101 Smith St #101, Houston, TX 77002, USA","Houston","2022-11-07 21:16:39.0000000"
"MENU_002269","REST_00186","Iced Brown Sugar Oatmilk Shaken Espresso","First we shake Starbucks® Blonde espresso, brown sugar and cinnamon together, and then top it off with oatmilk and ice for a cool lift to power you through your day.","4.58823490142822","","","Cold Coffees","$6.15","Starbucks","Coffee & Tea, Breakfast, Lunch, and Sweets","2101 Smith St #101, Houston, TX 77002, USA","Houston","2022-11-07 21:16:39.0000000"
"MENU_002270","REST_00186","Iced Caffè Latte","Our dark, rich espresso combined with milk and served over ice. A perfect milk-forward cooldown.","4.58823490142822","","","Cold Coffees","$4.95","Starbucks","Coffee & Tea, Breakfast, Lunch, and Sweets","2101 Smith St #101, Houston, TX 77002, USA","Houston","2022-11-07 21:16:39.0000000"
"MENU_002271","REST_00186","Iced Caramel Brulée Latte","Our signature espresso, milk, ice and rich caramel brulée sauce finished with whipped cream and a supreme topping of even more caramel brulée bits.","4.58823490142822","","","Cold Coffees","$6.45","Starbucks","Coffee & Tea, Breakfast, Lunch, and Sweets","2101 Smith St #101, Houston, TX 77002, USA","Houston","2022-11-07 21:16:39.0000000"
"MENU_002272","REST_00186","Iced Chai Tea Latte","Black tea infused with cinnamon, clove, and other warming spices are combined with milk and ice for the perfect balance of sweet and spicy.","4.58823490142822","","","Iced Teas","$4.95","Starbucks","Coffee & Tea, Breakfast, Lunch, and Sweets","2101 Smith St #101, Houston, TX 77002, USA","Houston","2022-11-07 21:16:39.0000000"
"MENU_002273","REST_00186","Iced Chestnut Praline Latte","First we begin with our signature espresso, ice and milk, and then add flavors of caramelized chestnuts and spices—all topped with a holiday finale of whipped cream and specially spiced praline crumbs.","4.58823490142822","","","Cold Coffees","$6.45","Starbucks","Coffee & Tea, Breakfast, Lunch, and Sweets","2101 Smith St #101, Houston, TX 77002, USA","Houston","2022-11-07 21:16:39.0000000"
"MENU_002274","REST_00186","Iced Lemon Loaf","Citrusy, buttery, moist lemon pound cake topped with a sweet icing.-VEGETARIAN","4.58823490142822","","","Bakery","$4.25","Starbucks","Coffee & Tea, Breakfast, Lunch, and Sweets","2101 Smith St #101, Houston, TX 77002, USA","Houston","2022-11-07 21:16:39.0000000"
"MENU_002275","REST_00186","Iced Peppermint Mocha","Our festive all-star Peppermint Mocha brightens the holidays: signature Espresso Roast combines with milk and ice, sweet mocha sauce and peppermint-flavored syrup, topped with whipped cream and dark-chocolate curls.","4.58823490142822","","","Cold Coffees","$6.45","Starbucks","Coffee & Tea, Breakfast, Lunch, and Sweets","2101 Smith St #101, Houston, TX 77002, USA","Houston","2022-11-07 21:16:39.0000000"
"MENU_002276","REST_00186","Iced Peppermint White Chocolate Mocha","Our signature espresso meets a trio of white chocolate sauce, peppermint-flavored syrup and milk, served over ice and topped with whipped cream and dark-chocolate curls—a sweet, oh-so-delightfully merry treat.","4.58823490142822","","","Cold Coffees","$6.45","Starbucks","Coffee & Tea, Breakfast, Lunch, and Sweets","2101 Smith St #101, Houston, TX 77002, USA","Houston","2022-11-07 21:16:39.0000000"
"MENU_002277","REST_00186","Iced Starbucks® Blonde Vanilla Latte","Seriously smooth and subtly sweet Starbucks® Blonde Espresso, milk, ice and vanilla syrup come together to create a delightful twist on a beloved espresso classic.","4.58823490142822","","","Cold Coffees","$5.95","Starbucks","Coffee & Tea, Breakfast, Lunch, and Sweets","2101 Smith St #101, Houston, TX 77002, USA","Houston","2022-11-07 21:16:39.0000000"
"MENU_002278","REST_00186","Iced Sugar Cookie Almondmilk Latte","Sugar cookie-flavored syrup combined with Starbucks® Blonde espresso and almondmilk over ice, topped with red and green sprinkles.","4.58823490142822","","","Cold Coffees","$6.45","Starbucks","Coffee & Tea, Breakfast, Lunch, and Sweets","2101 Smith St #101, Houston, TX 77002, USA","Houston","2022-11-07 21:16:39.0000000"
"MENU_002279","REST_00186","Iced Toasted Vanilla Oatmilk Shaken Espresso","Starbucks® Blonde espresso combined with notes of caramelized vanilla shaken together and topped with oatmilk for an energizing treat to boost your day.","4.58823490142822","","","Cold Coffees","$6.15","Starbucks","Coffee & Tea, Breakfast, Lunch, and Sweets","2101 Smith St #101, Houston, TX 77002, USA","Houston","2022-11-07 21:16:39.0000000"
"MENU_002280","REST_00186","Iced Toasted White Chocolate Mocha","Our signature espresso paired with flavors of caramelized white chocolate combined with milk, served over ice, and topped with whipped cream and festive holiday sugar sparkles and crispy white pearls—a sweet, oh-so-delightfully merry treat.","4.58823490142822","","","Cold Coffees","$6.45","Starbucks","Coffee & Tea, Breakfast, Lunch, and Sweets","2101 Smith St #101, Houston, TX 77002, USA","Houston","2022-11-07 21:16:39.0000000"
"MENU_002281","REST_00186","Iced White Chocolate Mocha","Our signature espresso meets white chocolate sauce, milk and ice, and then is finished off with sweetened whipped cream to create this supreme white chocolate delight.","4.54545497894287","","","Cold Coffees","$6.15","Starbucks","Coffee & Tea, Breakfast, Lunch, and Sweets","2101 Smith St #101, Houston, TX 77002, USA","Houston","2022-10-27 23:18:28.0000000"
"MENU_002282","REST_00186","Irish Cream Cold Brew","Everything and more that you ever wanted in a sippable, dreamy holiday drink: Starbucks® Cold Brew swirled with Irish cream syrup, and topped with a cloud of vanilla sweet cream cold foam and a hint of cocoa.","4.58823490142822","","","Cold Coffees","$5.65","Starbucks","Coffee & Tea, Breakfast, Lunch, and Sweets","2101 Smith St #101, Houston, TX 77002, USA","Houston","2022-11-07 21:16:39.0000000"
"MENU_002283","REST_00186","Peppermint Hot Chocolate","A big welcome back to our classic holiday hot chocolate—lovingly made with chocolaty mocha sauce, peppermint-flavored syrup and steamed milk and sweetly topped with whipped cream and dark-chocolate curls.","4.58823490142822","","","Hot Drinks","$3.95","Starbucks","Coffee & Tea, Breakfast, Lunch, and Sweets","2101 Smith St #101, Houston, TX 77002, USA","Houston","2022-11-07 21:16:39.0000000"
"MENU_002284","REST_00186","Peppermint Mocha","Our festive all-star Peppermint Mocha brightens the holidays: signature Espresso Roast combines with steamed milk, sweet mocha sauce and peppermint-flavored syrup, topped with whipped cream and dark-chocolate curls.","4.58823490142822","","","Hot Coffees","$6.25","Starbucks","Coffee & Tea, Breakfast, Lunch, and Sweets","2101 Smith St #101, Houston, TX 77002, USA","Houston","2022-11-07 21:16:39.0000000"
"MENU_002285","REST_00186","Peppermint Mocha Crème Frappuccino® Blended Beverage","This all-about-the-flavors sip delivers a delectable blend of chocolaty-pepperminty perfection—milk, ice, mocha sauce and peppermint-flavored syrup swirled together, topped with whipped cream and dark-chocolate curls.","4.58823490142822","","","Frappuccino® Blended Beverages","$6.15","Starbucks","Coffee & Tea, Breakfast, Lunch, and Sweets","2101 Smith St #101, Houston, TX 77002, USA","Houston","2022-11-07 21:16:39.0000000"
"MENU_002286","REST_00186","Peppermint Mocha Frappuccino® Blended Beverage","A delectable blend of chocolaty-pepperminty perfection in every cool sip—Frappuccino® Roast coffee, mocha sauce, peppermint-flavored syrup, milk and ice, topped with whipped cream and dark-chocolate curls.","4.58823490142822","","","Frappuccino® Blended Beverages","$6.15","Starbucks","Coffee & Tea, Breakfast, Lunch, and Sweets","2101 Smith St #101, Houston, TX 77002, USA","Houston","2022-11-07 21:16:39.0000000"
"MENU_002287","REST_00186","Peppermint White Chocolate Crème Frappuccino® Blended Beverage","This all-about-the-flavors sip delivers a delectable blend of white chocolaty-pepperminty perfection—milk, ice, white chocolate mocha sauce and peppermint-flavored syrup swirled together, topped with whipped cream and dark-chocolate curls.","4.58823490142822","","","Frappuccino® Blended Beverages","$6.15","Starbucks","Coffee & Tea, Breakfast, Lunch, and Sweets","2101 Smith St #101, Houston, TX 77002, USA","Houston","2022-11-07 21:16:39.0000000"
"MENU_002288","REST_00186","Peppermint White Chocolate Mocha","Rich espresso meets a trio of white chocolate sauce, peppermint-flavored syrup and steamed milk, topped with sweet whipped cream and dark-chocolate curls—an oh-so-delightfully merry treat.","4.58823490142822","","","Hot Coffees","$6.25","Starbucks","Coffee & Tea, Breakfast, Lunch, and Sweets","2101 Smith St #101, Houston, TX 77002, USA","Houston","2022-11-07 21:16:39.0000000"
"MENU_002289","REST_00186","Peppermint White Chocolate Mocha Frappuccino® Blended Beverage","A delectable blend of white chocolaty-pepperminty perfection in every cool sip—Frappuccino® Roast coffee, white chocolate mocha sauce, peppermint-flavored syrup, milk and ice, topped with whipped cream and dark-chocolate curls.","4.58823490142822","","","Frappuccino® Blended Beverages","$6.15","Starbucks","Coffee & Tea, Breakfast, Lunch, and Sweets","2101 Smith St #101, Houston, TX 77002, USA","Houston","2022-11-07 21:16:39.0000000"
"MENU_002290","REST_00186","Peppermint White Hot Chocolate","A sweet twist on holiday hot chocolate—white chocolate mocha sauce, peppermint-flavored syrup and steamed milk, topped with whipped cream and dark-chocolate curls.","4.58823490142822","","","Hot Drinks","$3.95","Starbucks","Coffee & Tea, Breakfast, Lunch, and Sweets","2101 Smith St #101, Houston, TX 77002, USA","Houston","2022-11-07 21:16:39.0000000"
"MENU_002291","REST_00186","Pink Drink Starbucks Refreshers® Beverage","Our crisp Strawberry Açaí Refreshers® beverage--with accents of passion fruit and combined with creamy coconutmilk--evokes a fruity and refreshing sip of spring, no matter what time of year.","4.54545497894287","","","Cold Drinks","$5.45","Starbucks","Coffee & Tea, Breakfast, Lunch, and Sweets","2101 Smith St #101, Houston, TX 77002, USA","Houston","2022-10-27 23:18:28.0000000"
"MENU_002292","REST_00186","Reindeer Cake Pop","Vanilla cake interior with chocolaty icing, finished with a festive red nose and antlers.","4.58823490142822","","","Bakery","$3.75","Starbucks","Coffee & Tea, Breakfast, Lunch, and Sweets","2101 Smith St #101, Houston, TX 77002, USA","Houston","2022-11-07 21:16:39.0000000"
"MENU_002293","REST_00186","Snowman Cookie","Buttery shortbread snowman cookie dressed up in white chocolaty icing.","4.58823490142822","","","Bakery","$3.55","Starbucks","Coffee & Tea, Breakfast, Lunch, and Sweets","2101 Smith St #101, Houston, TX 77002, USA","Houston","2022-11-07 21:16:39.0000000"
"MENU_002294","REST_00186","Starbucks® Blonde Vanilla Latte","Extra-smooth Starbucks® Blonde Espresso, velvety steamed milk and vanilla syrup come together to create a delightful new twist on a beloved espresso classic. An ideal cup for those who prefer a lighter-roasted coffee.","4.58823490142822","","","Hot Coffees","$5.75","Starbucks","Coffee & Tea, Breakfast, Lunch, and Sweets","2101 Smith St #101, Houston, TX 77002, USA","Houston","2022-11-07 21:16:39.0000000"
"MENU_002295","REST_00186","Strawberry Açaí Lemonade Starbucks Refreshers® Beverage","Sweet strawberry flavors, passion fruit and açaí notes balanced with the delightful zing of lemonade, served over ice with freeze-dried strawberry pieces. The ultimate pick-me-up your afternoon is calling for.","4.54545497894287","","","Cold Drinks","$5.45","Starbucks","Coffee & Tea, Breakfast, Lunch, and Sweets","2101 Smith St #101, Houston, TX 77002, USA","Houston","2022-10-27 23:18:28.0000000"
"MENU_002296","REST_00186","Strawberry Açaí Starbucks Refreshers® Beverage","Sweet strawberry flavors accented by passion fruit and açaí notes, shaken with ice and real strawberry pieces—a welcoming sweet spot of refreshment.","4.54545497894287","","","Cold Drinks","$4.65","Starbucks","Coffee & Tea, Breakfast, Lunch, and Sweets","2101 Smith St #101, Houston, TX 77002, USA","Houston","2022-10-27 23:18:28.0000000"
"MENU_002297","REST_00186","Sugar Cookie Almondmilk Crème Frappuccino® Blended Beverage","Sugar cookie-flavored syrup combined with almondmilk and blended with ice, topped with whipped cream and red and green sprinkles.","4.58823490142822","","","Frappuccino® Blended Beverages","$6.15","Starbucks","Coffee & Tea, Breakfast, Lunch, and Sweets","2101 Smith St #101, Houston, TX 77002, USA","Houston","2022-11-07 21:16:39.0000000"
"MENU_002298","REST_00186","Sugar Cookie Almondmilk Frappuccino® Blended Beverage","Sugar cookie-flavored syrup combined with Frappuccino® Roast coffee and almondmilk and blended with ice, topped with whipped cream and red and green sprinkles.","4.58823490142822","","","Frappuccino® Blended Beverages","$6.15","Starbucks","Coffee & Tea, Breakfast, Lunch, and Sweets","2101 Smith St #101, Houston, TX 77002, USA","Houston","2022-11-07 21:16:39.0000000"
"MENU_002299","REST_00186","Sugar Cookie Almondmilk Latte","Sugar cookie-flavored syrup combined with Starbucks® Blonde espresso and steamed almondmilk, topped with red and green sprinkles.","4.58823490142822","","","Hot Coffees","$6.25","Starbucks","Coffee & Tea, Breakfast, Lunch, and Sweets","2101 Smith St #101, Houston, TX 77002, USA","Houston","2022-11-07 21:16:39.0000000"
"MENU_002300","REST_00186","Sugar Plum Cheese Danish","Cream-cheese filling surrounded by a fluffy danish, topped with a spiced sugar-plum spread.","4.58823490142822","","","Bakery","$4.45","Starbucks","Coffee & Tea, Breakfast, Lunch, and Sweets","2101 Smith St #101, Houston, TX 77002, USA","Houston","2022-11-07 21:16:39.0000000"
"MENU_002301","REST_00186","Toasted White Chocolate Crème Frappuccino® Blended Beverage","A toasty holiday blend of wonder: milk, ice and flavors of caramelized white chocolate with a cheerful topping of whipped cream, festive holiday sugar sparkles and crispy white pearls.","4.58823490142822","","","Frappuccino® Blended Beverages","$6.15","Starbucks","Coffee & Tea, Breakfast, Lunch, and Sweets","2101 Smith St #101, Houston, TX 77002, USA","Houston","2022-11-07 21:16:39.0000000"
"MENU_002302","REST_00186","Toasted White Chocolate Mocha","Our signature espresso paired with flavors of caramelized white chocolate combined with steamed milk and topped with whipped cream and festive holiday sugar sparkles and crispy white pearls—a sweet, oh-so-delightfully merry treat.","4.58823490142822","","","Hot Coffees","$6.25","Starbucks","Coffee & Tea, Breakfast, Lunch, and Sweets","2101 Smith St #101, Houston, TX 77002, USA","Houston","2022-11-07 21:16:39.0000000"
"MENU_002303","REST_00186","Toasted White Chocolate Mocha Frappuccino® Blended Beverage","A toasty holiday blend of wonder: Frappuccino® Roast coffee, milk, ice and flavors of caramelized white chocolate with a cheerful topping of whipped cream, festive holiday sugar sparkles and crispy white pearls.","4.58823490142822","","","Frappuccino® Blended Beverages","$6.15","Starbucks","Coffee & Tea, Breakfast, Lunch, and Sweets","2101 Smith St #101, Houston, TX 77002, USA","Houston","2022-11-07 21:16:39.0000000"
"MENU_002304","REST_00186","Toasted White Hot Chocolate","Hot chocolate taken to a new level—flavors of caramelized white chocolate combined with steamed milk and finished with whipped cream, festive holiday sugar sparkles and crispy white pearls.","4.58823490142822","","","Hot Drinks","$3.95","Starbucks","Coffee & Tea, Breakfast, Lunch, and Sweets","2101 Smith St #101, Houston, TX 77002, USA","Houston","2022-11-07 21:16:39.0000000"
"MENU_002305","REST_00186","White Chocolate Crème Frappuccino® Blended Beverage","A smooth blend of white chocolate sauce, milk and ice topped with whipped cream for a remarkable flavor that surprisingly wows.","4.54545497894287","","","Frappuccino® Blended Beverages","$5.75","Starbucks","Coffee & Tea, Breakfast, Lunch, and Sweets","2101 Smith St #101, Houston, TX 77002, USA","Houston","2022-10-27 23:18:28.0000000"
"MENU_002306","REST_00186","White Chocolate Mocha","Our signature espresso meets white chocolate sauce and steamed milk, and then is finished off with sweetened whipped cream to create this supreme white chocolate delight.","4.54545497894287","","","Hot Coffees","$5.95","Starbucks","Coffee & Tea, Breakfast, Lunch, and Sweets","2101 Smith St #101, Houston, TX 77002, USA","Houston","2022-10-27 23:18:28.0000000"
"MENU_002307","REST_00186","White Chocolate Mocha Frappuccino® Blended Beverage","White chocolate Frappuccino® Roast coffee, milk and ice get together for what might be the best thing that happens to you all day. Oh, and there's whipped cream on top.","4.54545497894287","","","Frappuccino® Blended Beverages","$5.75","Starbucks","Coffee & Tea, Breakfast, Lunch, and Sweets","2101 Smith St #101, Houston, TX 77002, USA","Houston","2022-10-27 23:18:28.0000000"
"MENU_002308","REST_00186","White Hot Chocolate","A traditional hot chocolate beverage made with white chocolate sauce and steamed milk, topped with whipped cream.","4.54545497894287","","","Hot Drinks","$3.95","Starbucks","Coffee & Tea, Breakfast, Lunch, and Sweets","2101 Smith St #101, Houston, TX 77002, USA","Houston","2022-10-27 23:18:28.0000000"
"MENU_002309","REST_00187","Apple Crisp Oatmilk Macchiato","Layered flavors of apple, cinnamon, oats and brown sugar combine in harmony with Starbucks® Blonde Espresso, creamy oatmilk and spiced apple drizzle to create a delicious apple crisp you can sip. A nostalgic autumn pick-me-up.","4.67123317718506","","","Hot Coffees","$6.25","Starbucks","Coffee & Tea, Breakfast, Lunch, and Sweets","914 Dallas St, Houston, TX 77002, USA","Houston","2022-10-30 15:03:06.0000000"
"MENU_002310","REST_00187","Banana Walnut & Pecan Loaf","Bananas, walnuts and pecans mixed into a moist, nutty, classic banana bread. - VEGETARIAN","4.67123317718506","","","Bakery","$3.95","Starbucks","Coffee & Tea, Breakfast, Lunch, and Sweets","914 Dallas St, Houston, TX 77002, USA","Houston","2022-10-30 15:03:06.0000000"
"MENU_002311","REST_00187","Cheese Danish","Flaky, butter croissant dough with soft, warm cheese in the center. - VEGETARIAN","4.67123317718506","","","Bakery","$3.95","Starbucks","Coffee & Tea, Breakfast, Lunch, and Sweets","914 Dallas St, Houston, TX 77002, USA","Houston","2022-10-30 15:03:06.0000000"
"MENU_002312","REST_00187","Coffee Traveler - Dark Roast","A convenient carrier filled with 96 fl oz of brewed Starbucks® Dark Roast coffee.","4.67123317718506","","","Hot Coffees","$23.45","Starbucks","Coffee & Tea, Breakfast, Lunch, and Sweets","914 Dallas St, Houston, TX 77002, USA","Houston","2022-10-30 15:03:06.0000000"
"MENU_002313","REST_00187","Coffee Traveler - Pike Place® Roast","A convenient carrier filled with 96 fl oz of our featured brewed medium roast coffee (equivalent of twelve 8 fl oz cups)—a perfect pick-me-up for meetings, picnics or whatever occasion calls for coffee.","4.67123317718506","","","Hot Coffees","$23.45","Starbucks","Coffee & Tea, Breakfast, Lunch, and Sweets","914 Dallas St, Houston, TX 77002, USA","Houston","2022-10-30 15:03:06.0000000"
"MENU_002314","REST_00187","Coffee Traveler - Veranda Blend®","A convenient carrier filled with 96 fl oz of our brewed Starbucks® Blonde Veranda Blend® (equivalent to 12 8-fl-oz cups), perfect for meetings, picnic gatherings or any occasion that calls for coffee.","4.67123317718506","","","Hot Coffees","$23.45","Starbucks","Coffee & Tea, Breakfast, Lunch, and Sweets","914 Dallas St, Houston, TX 77002, USA","Houston","2022-10-30 15:03:06.0000000"
"MENU_002315","REST_00187","Iced Apple Crisp Oatmilk Macchiato","Layered flavors of apple, cinnamon, oats and brown sugar combine in harmony with Starbucks Blonde® Espresso, creamy oatmilk, ice and spiced apple drizzle to create a delicious apple crisp you can sip. A nostalgic autumn pick-me-up.","4.67123317718506","","","Cold Coffees","$6.45","Starbucks","Coffee & Tea, Breakfast, Lunch, and Sweets","914 Dallas St, Houston, TX 77002, USA","Houston","2022-10-30 15:03:06.0000000"
"MENU_002316","REST_00187","Iced Chocolate Almondmilk Shaken Espresso","Starbucks® Blonde espresso meets cocoa and notes of malt, shaken together and topped with almondmilk and ice for an invigorating treat to power you through your day.","4.67123317718506","","","Cold Coffees","$6.15","Starbucks","Coffee & Tea, Breakfast, Lunch, and Sweets","914 Dallas St, Houston, TX 77002, USA","Houston","2022-10-30 15:03:06.0000000"
"MENU_002317","REST_00187","Owl Cake Pop","Vanilla cake mixed with buttercream, dipped in purple-chocolaty icing and finished with an owl-face design.","4.67123317718506","","","Bakery","$3.75","Starbucks","Coffee & Tea, Breakfast, Lunch, and Sweets","914 Dallas St, Houston, TX 77002, USA","Houston","2022-10-30 15:03:06.0000000"
"MENU_002318","REST_00187","Pumpkin & Pepita Loaf","Gently spiced pumpkin bread topped with crunchy pepitas.- VEGETARIAN","4.67123317718506","","","Bakery","$3.95","Starbucks","Coffee & Tea, Breakfast, Lunch, and Sweets","914 Dallas St, Houston, TX 77002, USA","Houston","2022-10-30 15:03:06.0000000"
"MENU_002319","REST_00187","String Cheese","As a mess-free car snack or a quick add-on to round out their lunch box—this string cheese is always a fan favorite. Made with low-moisture part-skim mozzarella cheese.","4.67123317718506","","","Snacks & Sweets","$1.95","Starbucks","Coffee & Tea, Breakfast, Lunch, and Sweets","914 Dallas St, Houston, TX 77002, USA","Houston","2022-10-30 15:03:06.0000000"
"MENU_002320","REST_00188","Karaage over Rice","","4.681480884552","","","Over Rice","$12.87","Sticky's Chicken","Chicken, Chicken Wings","Sticky's Chicken, 2311 Edwards St Suite 190, Houston, TX 77007, USA","Houston","2022-10-30 15:15:28.0000000"
"MENU_002321","REST_00188","Karaage Sliders & Fries","","4.681480884552","","","Sliders & Fries","$11.55","Sticky's Chicken","Chicken, Chicken Wings","Sticky's Chicken, 2311 Edwards St Suite 190, Houston, TX 77007, USA","Houston","2022-10-30 15:15:28.0000000"
"MENU_002322","REST_00188","World Series Special","","4.681480884552","","","Catering Trays","$30.00","Sticky's Chicken","Chicken, Chicken Wings","Sticky's Chicken, 2311 Edwards St Suite 190, Houston, TX 77007, USA","Houston","2022-10-30 15:15:28.0000000"
"MENU_002323","REST_00188","WS Special Fries","","4.681480884552","","","World Series Special","$30.00","Sticky's Chicken","Chicken, Chicken Wings","Sticky's Chicken, 2311 Edwards St Suite 190, Houston, TX 77007, USA","Houston","2022-10-30 15:15:28.0000000"
"MENU_002324","REST_00188","WS Special Rice","","4.681480884552","","","World Series Special","$30.00","Sticky's Chicken","Chicken, Chicken Wings","Sticky's Chicken, 2311 Edwards St Suite 190, Houston, TX 77007, USA","Houston","2022-10-30 15:15:28.0000000"
"MENU_002325","REST_00189","Chicken Curry Puff","","4.79864883422852","","","Starters","$8.00","Street Food Thai Market","Asian, Thai, Takeout, Pickup, Laotian","1010 W Cavalcade St, Houston, TX 77009, USA","Houston","2022-11-07 21:14:06.0000000"
"MENU_002326","REST_00189","Pad Kana Moo Krob","Stir fried crispy pork belly with chinese broccoli and garlic sauce.","4.79864883422852","","","Street Menu","$20.00","Street Food Thai Market","Asian, Thai, Takeout, Pickup, Laotian","1010 W Cavalcade St, Houston, TX 77009, USA","Houston","2022-11-07 21:14:06.0000000"
"MENU_002327","REST_00189","Pad Kana with Beef","Fresh Chinese Broccoli Stir Fried with Garlic Sauce.","4.79864883422852","","","Street Menu","$18.00","Street Food Thai Market","Asian, Thai, Takeout, Pickup, Laotian","1010 W Cavalcade St, Houston, TX 77009, USA","Houston","2022-11-07 21:14:06.0000000"
"MENU_002328","REST_00189","Pad Kana with Chicken","Fresh Chinese Broccoli Stir Fried with Garlic Sauce.","4.79864883422852","","","Street Menu","$18.00","Street Food Thai Market","Asian, Thai, Takeout, Pickup, Laotian","1010 W Cavalcade St, Houston, TX 77009, USA","Houston","2022-11-07 21:14:06.0000000"
"MENU_002329","REST_00189","Pad Kana with Pork","Fresh Chinese Broccoli Stir Fried with Garlic Sauce.","4.79864883422852","","","Street Menu","$18.00","Street Food Thai Market","Asian, Thai, Takeout, Pickup, Laotian","1010 W Cavalcade St, Houston, TX 77009, USA","Houston","2022-11-07 21:14:06.0000000"
"MENU_002330","REST_00189","Pad Kana with Shrimp","Fresh Chinese Broccoli Stir Fried with Garlic Sauce.","4.79864883422852","","","Street Menu","$20.00","Street Food Thai Market","Asian, Thai, Takeout, Pickup, Laotian","1010 W Cavalcade St, Houston, TX 77009, USA","Houston","2022-11-07 21:14:06.0000000"
"MENU_002331","REST_00189","Pad Kana with Tofu","Fresh chinese broccoli stir fried with garlic sauce.","4.79864883422852","","","Street Menu","$18.00","Street Food Thai Market","Asian, Thai, Takeout, Pickup, Laotian","1010 W Cavalcade St, Houston, TX 77009, USA","Houston","2022-11-07 21:14:06.0000000"
"MENU_002332","REST_00189","Pad Woon Sen with Beef","Stir Fried Clear Noodle w/ Cabbage, Carrot, Tomato and Onion.","4.79863500595093","","","Street Menu","$18.00","Street Food Thai Market","Asian, Thai, Takeout, Pickup, Laotian","1010 W Cavalcade St, Houston, TX 77009, USA","Houston","2022-10-30 15:27:31.0000000"
"MENU_002333","REST_00189","Pad Woon Sen with Chicken","Stir Fried Clear Noodle w/ Cabbage, Carrot, Tomato and Onion.","4.79863500595093","","","Street Menu","$18.00","Street Food Thai Market","Asian, Thai, Takeout, Pickup, Laotian","1010 W Cavalcade St, Houston, TX 77009, USA","Houston","2022-10-30 15:27:31.0000000"
"MENU_002334","REST_00189","Pad Woon Sen with Crabmeat","","4.79863500595093","","","Street Menu","$25.00","Street Food Thai Market","Asian, Thai, Takeout, Pickup, Laotian","1010 W Cavalcade St, Houston, TX 77009, USA","Houston","2022-10-30 15:27:31.0000000"
"MENU_002335","REST_00189","Pad Woon Sen with Nam","","4.79863500595093","","","Street Menu","$25.00","Street Food Thai Market","Asian, Thai, Takeout, Pickup, Laotian","1010 W Cavalcade St, Houston, TX 77009, USA","Houston","2022-10-30 15:27:31.0000000"
"MENU_002336","REST_00189","Pad Woon Sen with Pork","Stir Fried Clear Noodle w/ Cabbage, Carrot, Tomato and Onion.","4.79863500595093","","","Street Menu","$18.00","Street Food Thai Market","Asian, Thai, Takeout, Pickup, Laotian","1010 W Cavalcade St, Houston, TX 77009, USA","Houston","2022-10-30 15:27:31.0000000"
"MENU_002337","REST_00189","Pad Woon Sen with Shrimp","Stir Fried Clear Noodle w/ Cabbage, Carrot, Tomato and Onion.","4.79863500595093","","","Street Menu","$20.00","Street Food Thai Market","Asian, Thai, Takeout, Pickup, Laotian","1010 W Cavalcade St, Houston, TX 77009, USA","Houston","2022-10-30 15:27:31.0000000"
"MENU_002338","REST_00189","Pad Woon Sen with Vegetable & Tofu","Stir Fried Clear Noodle w/ Cabbage, Carrot, Tomato and Onion.","4.79863500595093","","","Street Menu","$18.00","Street Food Thai Market","Asian, Thai, Takeout, Pickup, Laotian","1010 W Cavalcade St, Houston, TX 77009, USA","Houston","2022-10-30 15:27:31.0000000"
"MENU_002339","REST_00189","Pla Som Tod","Deep fried sour fish topped with crispy fried garlic and onion.","4.79863500595093","","","Esarn Classic","$26.00","Street Food Thai Market","Asian, Thai, Takeout, Pickup, Laotian","1010 W Cavalcade St, Houston, TX 77009, USA","Houston","2022-10-30 15:27:31.0000000"
"MENU_002340","REST_00189","Sweet Sticky Rice w/Mango","","4.79864883422852","","","Sweet & Beverages","$14.00","Street Food Thai Market","Asian, Thai, Takeout, Pickup, Laotian","1010 W Cavalcade St, Houston, TX 77009, USA","Houston","2022-11-07 21:14:06.0000000"
"MENU_002341","REST_00189","Sweet Sticky Rice with Mango","","4.79864883422852","","","Sweet & Beverages","$14.00","Street Food Thai Market","Asian, Thai, Takeout, Pickup, Laotian","1010 W Cavalcade St, Houston, TX 77009, USA","Houston","2022-11-07 21:14:06.0000000"
"MENU_002342","REST_00190","#1 The Philly","The classic cheesesteak stacked with juicy steak and a double helping of provolone toasted on Artisan Italian bread and topped with green peppers, red onions and mayo.","4.57420492172241","","","Subway® Series","$7.05","Subway","Sandwiches, Salads, Dessert, Snacks","2003 Pease St, Houston, TX 77003, USA","Houston","2022-10-30 15:02:55.0000000"
"MENU_002343","REST_00190","#10 All-American Club®","The American classic. Oven-roasted turkey, Black Forest ham, crisp bacon, and American cheese with lettuce, tomatoes, red onions, and mayo. Served toasted on Artisan Italian bread.","4.57420492172241","","","Subway® Series","$7.05","Subway","Sandwiches, Salads, Dessert, Snacks","2003 Pease St, Houston, TX 77003, USA","Houston","2022-10-30 15:02:55.0000000"
"MENU_002344","REST_00190","#11 Subway Club®","Oven-roasted turkey, Black Forest ham, USDA Choice Roast Beef, provolone cheese piled on Hearty Multigrain bread and topped with lettuce, tomatoes, red onions, and mayo. A club sandwich the Subway® style.","4.57420492172241","","","Subway® Series","$7.05","Subway","Sandwiches, Salads, Dessert, Snacks","2003 Pease St, Houston, TX 77003, USA","Houston","2022-10-30 15:02:55.0000000"
"MENU_002345","REST_00190","#12 Turkey Cali Club™","Eat fresh, California style. Oven-roasted turkey, crisp bacon, BelGioioso® Fresh Mozzarella, and smashed Hass avocado. Topped with spinach, tomatoes, red onions, and mayo toasted on Hearty Multigrain bread.","4.57420492172241","","","Subway® Series","$8.37","Subway","Sandwiches, Salads, Dessert, Snacks","2003 Pease St, Houston, TX 77003, USA","Houston","2022-10-30 15:02:55.0000000"
"MENU_002346","REST_00190","#2 The Outlaw™","Spicy, cheesy, smoky — this one’s got it all. Juicy steak meets double Pepper Jack cheese, with green peppers, red onions, and Baja Chipotle sauce toasted on Artisan Italian bread. Try not to fall head over heels.","4.57420492172241","","","Subway® Series","$7.05","Subway","Sandwiches, Salads, Dessert, Snacks","2003 Pease St, Houston, TX 77003, USA","Houston","2022-10-30 15:02:55.0000000"
"MENU_002347","REST_00190","#3 The Monster™","Got a monstrous appetite? We’re talking thick juicy steak, crisp bacon, a double helping of Monterey cheddar, green peppers and red onions piled high and served toasted on Artisan Italian bread and topped off with creamy Peppercorn Ranch.","4.57420492172241","","","Subway® Series","$7.77","Subway","Sandwiches, Salads, Dessert, Snacks","2003 Pease St, Houston, TX 77003, USA","Houston","2022-10-30 15:02:55.0000000"
"MENU_002348","REST_00190","#4 Supreme Meats","One sandwich reigns supreme. Black Forest ham, Genoa salami, pepperoni, and our capicola on fresh-baked Artisan Italian bread with provolone cheese, lettuce, tomatoes, red onions, and banana peppers…all topped off with our famous MVP Parmesan Vinaigrette®.","4.57420492172241","","","Subway® Series","$7.77","Subway","Sandwiches, Salads, Dessert, Snacks","2003 Pease St, Houston, TX 77003, USA","Houston","2022-10-30 15:02:55.0000000"
"MENU_002349","REST_00190","#5 Bella Mozza","Lotsa meat and lotsa mozzarella make this special. Thin-sliced Black Forest ham, our capicola, and BelGioioso® Fresh Mozzarella on fresh-baked Artisan Italian bread. Topped with spinach, tomatoes, red onions, and banana peppers and drizzled with our tangy MVP Parmesan Vinaigrette®.","4.57420492172241","","","Subway® Series","$7.05","Subway","Sandwiches, Salads, Dessert, Snacks","2003 Pease St, Houston, TX 77003, USA","Houston","2022-10-30 15:02:55.0000000"
"MENU_002350","REST_00190","#6 The Boss","It’s the mother of all meatball subs. Juicy meatballs drenched in marinara sauce with slices of pepperoni and BelGioioso® Fresh Mozzarella. Sprinkled with parmesan and served toasted on Italian Herbs & Cheese bread.","4.57420492172241","","","Subway® Series","$7.05","Subway","Sandwiches, Salads, Dessert, Snacks","2003 Pease St, Houston, TX 77003, USA","Houston","2022-10-30 15:02:55.0000000"
"MENU_002351","REST_00190","#7 The MexiCali","Head for the Southwest with juicy rotisserie-style chicken, smashed avocado, double Pepper Jack cheese, lettuce, tomatoes, and red onions topped with our smoky Baja Chipotle sauce and served toasted on Artisan Italian bread.","4.57420492172241","","","Subway® Series","$7.89","Subway","Sandwiches, Salads, Dessert, Snacks","2003 Pease St, Houston, TX 77003, USA","Houston","2022-10-30 15:02:55.0000000"
"MENU_002352","REST_00190","#8 The Great Garlic™","Our NEW creamy garlic sauce is the secret to this sub. We pile juicy rotisserie-style chicken, crispy bacon, provolone, lettuce, tomatoes, red onions served toasted on Artisan Italian bread…all topped off with our NEW creamy Roasted Garlic Aioli. Irresistible!","4.57420492172241","","","Subway® Series","$7.17","Subway","Sandwiches, Salads, Dessert, Snacks","2003 Pease St, Houston, TX 77003, USA","Houston","2022-10-30 15:02:55.0000000"
"MENU_002353","REST_00190","#9 The Champ™","Tender hand-pulled rotisserie-style chicken, a double helping of Monterey Cheddar, green peppers, and red onions. Topped off with creamy Peppercorn Ranch and served toasted on Artisan Italian bread. This one’s a winner!","4.57420492172241","","","Subway® Series","$7.05","Subway","Sandwiches, Salads, Dessert, Snacks","2003 Pease St, Houston, TX 77003, USA","Houston","2022-10-30 15:02:55.0000000"
"MENU_002354","REST_00190","1% Low Fat Milk (110 Cals)","As delicious as our sandwiches are, they are even better when paired with the perfect side and drink or even adding a little something extra. With such a variety to choose from, there's truly something for every taste.","4.57420492172241","","","Drinks","$2.19","Subway","Sandwiches, Salads, Dessert, Snacks","2003 Pease St, Houston, TX 77003, USA","Houston","2022-10-27 23:07:19.0000000"
"MENU_002355","REST_00190","B.L.T.","The sub that proves great things come in threes. In this case, those three things happen to be hickory smoked bacon, lettuce and juicy tomatoes. While there’s no scientific way of proving it, this B.L.T might be the most perfect sub in existence.","4.57420492172241","","","Classic Sandwiches","$6.49","Subway","Sandwiches, Salads, Dessert, Snacks","2003 Pease St, Houston, TX 77003, USA","Houston","2022-10-30 15:02:55.0000000"
"MENU_002356","REST_00190","Bacon, Egg & Cheese","Start your day in a sizzlin' way with  bacon, egg, and melty cheese on freshly toasted flatbread (or whatever you like). Pile on your favorite veggies and sauce. Start the day right. ","4.57420492172241","","","Breakfast","$4.89","Subway","Sandwiches, Salads, Dessert, Snacks","2003 Pease St, Houston, TX 77003, USA","Houston","2022-10-30 15:02:55.0000000"
"MENU_002357","REST_00190","Black Forest Ham","Our Black Forest Ham sandwich is a true classic. We add lettuce, baby spinach, cucumbers, green peppers and red onions to our delicious, thin-sliced ham and serve it on our Hearty Multigrain bread. Want cheese? Just ask.","4.57420492172241","","","Classic Sandwiches","$5.37","Subway","Sandwiches, Salads, Dessert, Snacks","2003 Pease St, Houston, TX 77003, USA","Houston","2022-10-30 15:02:55.0000000"
"MENU_002358","REST_00190","Black Forest Ham, Egg & Cheese","Enjoy savory Black Forest ham, melted cheese, and egg -  all on your favorite bread. Add your choice of veggies for a tasty way to start the day. Hello, delicious. ","4.57420492172241","","","Breakfast","$4.89","Subway","Sandwiches, Salads, Dessert, Snacks","2003 Pease St, Houston, TX 77003, USA","Houston","2022-10-30 15:02:55.0000000"
"MENU_002359","REST_00190","Buffalo Chicken","When you’re looking to spice things up, do it with Frank’s RedHot® and buffalo chicken. Our Buffalo Chicken Footlong is made with everyone’s favorite hot sauce – Frank’s RedHot® and topped with peppercorn ranch. Try it with lettuce, tomatoes and cucumbers! Frank’s RedHot® is a registered trademark of McCormick & Co. and used under license by Subway Franchisee Advertising Fund Trust Ltd.®/© Subway IP LLC 2021.","4.57420492172241","","","Classic Sandwiches","$6.29","Subway","Sandwiches, Salads, Dessert, Snacks","2003 Pease St, Houston, TX 77003, USA","Houston","2022-10-30 15:02:55.0000000"
"MENU_002360","REST_00190","Buffalo Chicken Melt","Packed with grilled chicken, plus just the right amount of Frank's RedHot® Buffalo sauce, a little peppercorn ranch to beat the heat and all the veggies you can fit in there. Frank’s RedHot® is a registered trademark of McCormick & Co. and used under license by Subway Franchisee Advertising Fund Trust Ltd. ®/© Subway IP LLC 2021.","4.57420492172241","","","Fresh Melts®","$6.89","Subway","Sandwiches, Salads, Dessert, Snacks","2003 Pease St, Houston, TX 77003, USA","Houston","2022-10-30 15:02:55.0000000"
"MENU_002361","REST_00190","Chicken & Bacon Ranch","What do you get when you mix juicy Rotisserie-Style Chicken, melty Monterey Cheddar Cheese, Hickory-Smoked Bacon, and our creamy Peppercorn Ranch? Your sandwich happy place.","4.57420492172241","","","Classic Sandwiches","$7.29","Subway","Sandwiches, Salads, Dessert, Snacks","2003 Pease St, Houston, TX 77003, USA","Houston","2022-10-30 15:02:55.0000000"
"MENU_002362","REST_00190","Chicken & Bacon Ranch Melt","How can you improve Rotisserie-Style Chicken, Hickory-Smoked Bacon, and Peppercorn Ranch? With a whole lot of gooey Provolone Cheese and veggies.","4.57420492172241","","","Fresh Melts®","$7.69","Subway","Sandwiches, Salads, Dessert, Snacks","2003 Pease St, Houston, TX 77003, USA","Houston","2022-10-30 15:02:55.0000000"
"MENU_002363","REST_00190","Cold Cut Combo®","The Cold Cut Combo® sandwich with ham, salami, and bologna (all turkey based) is a long-time Subway® favorite. Yeah. It's that good.","4.57420492172241","","","Classic Sandwiches","$5.49","Subway","Sandwiches, Salads, Dessert, Snacks","2003 Pease St, Houston, TX 77003, USA","Houston","2022-10-30 15:02:55.0000000"
"MENU_002364","REST_00190","Egg & Cheese","A classic for a reason. Our Egg and Cheese is simply delicious. Enjoy a fluffy egg with melted cheese. Try it toasted - It's unbeatable.","4.57420492172241","","","Breakfast","$4.89","Subway","Sandwiches, Salads, Dessert, Snacks","2003 Pease St, Houston, TX 77003, USA","Houston","2022-10-30 15:02:55.0000000"
"MENU_002365","REST_00190","Ham & Cheese Melt","Your cravings called, and we answered with melty goodness and fresh veggies, too. The Ham & Cheese Melt combines Black Forest ham, fresh tomato and American cheese and grills them all up to create an indulgent choice that’s freshly made, too.","4.57420492172241","","","Fresh Melts®","$5.69","Subway","Sandwiches, Salads, Dessert, Snacks","2003 Pease St, Houston, TX 77003, USA","Houston","2022-10-30 15:02:55.0000000"
"MENU_002366","REST_00190","Italian B.M.T.®","The Italian B.M.T.® sandwich is filled with Genoa salami, spicy pepperoni, and Black Forest Ham. Big. Meaty. Tasty. Get it. ","4.57420492172241","","","Classic Sandwiches","$6.19","Subway","Sandwiches, Salads, Dessert, Snacks","2003 Pease St, Houston, TX 77003, USA","Houston","2022-10-30 15:02:55.0000000"
"MENU_002367","REST_00190","Italian B.M.T.® Melt","Three craveable meats, melty cheese and fresh veggies. It’s not too good to be true, it’s the Italian B.M.T.® Melt. Now you can get the flavors you crave along with the goodness of fresh tomatoes, peppers and onions, that’s a win-win.","4.57420492172241","","","Fresh Melts®","$6.49","Subway","Sandwiches, Salads, Dessert, Snacks","2003 Pease St, Houston, TX 77003, USA","Houston","2022-10-30 15:02:55.0000000"
"MENU_002368","REST_00190","Meatball Marinara","The Meatball Marinara sandwich is drenched in irresistible marinara sauce, sprinkled with Parmesan cheese,  topped with whatever you want (no judgement) and perfectly toasted just for you.","4.57420492172241","","","Classic Sandwiches","$5.49","Subway","Sandwiches, Salads, Dessert, Snacks","2003 Pease St, Houston, TX 77003, USA","Houston","2022-10-30 15:02:55.0000000"
"MENU_002369","REST_00190","Meatball Marinara Melt","Add some melty goodness to your Meatball Marinara sub. Make it a Fresh Melt™ and get craveable meatballs and tangy marinara sauce topped with American and parmesan, all grilled to cheesy perfection. Freshly made in front of you.","4.57420492172241","","","Fresh Melts®","$5.99","Subway","Sandwiches, Salads, Dessert, Snacks","2003 Pease St, Houston, TX 77003, USA","Houston","2022-10-30 15:02:55.0000000"
"MENU_002370","REST_00190","Oven Roasted Turkey","If a classic is what you crave, our thin-sliced Oven Roasted Turkey is the sandwich for you. It’s full of flavor and made to order with your choice of crisp veggies, served on our freshly baked, Hearty Multigrain bread.","4.57420492172241","","","Classic Sandwiches","$6.19","Subway","Sandwiches, Salads, Dessert, Snacks","2003 Pease St, Houston, TX 77003, USA","Houston","2022-10-30 15:02:55.0000000"
"MENU_002371","REST_00190","Oven Roasted Turkey & Ham","Enjoy the flavor of tender, thin-sliced oven roasted turkey and Black Forest Ham with your favorite veggies, from juicy tomatoes to sweet red onions, all served on freshly baked, Hearty Multigrain bread.","4.57420492172241","","","Classic Sandwiches","$6.19","Subway","Sandwiches, Salads, Dessert, Snacks","2003 Pease St, Houston, TX 77003, USA","Houston","2022-10-30 15:02:55.0000000"
"MENU_002372","REST_00190","Oven Roasted Turkey Melt","The Oven Roasted Turkey Melt is loaded with fresh veggies like tomatoes, peppers and onions, and grilled on our Hearty Multigrain bread until the American cheese is as melty and cheesy as you want it. Cravings, covered.","4.57420492172241","","","Fresh Melts®","$6.49","Subway","Sandwiches, Salads, Dessert, Snacks","2003 Pease St, Houston, TX 77003, USA","Houston","2022-10-30 15:02:55.0000000"
"MENU_002373","REST_00190","Roast Beef","Choice Angus Roast Beef, Hearty Multigrain Bread, and plenty of fresh veggies make this lunchtime classic one to remember.","4.57420492172241","","","Classic Sandwiches","$7.41","Subway","Sandwiches, Salads, Dessert, Snacks","2003 Pease St, Houston, TX 77003, USA","Houston","2022-10-30 15:02:55.0000000"
"MENU_002374","REST_00190","Rotisserie-Style Chicken","Who doesn’t love tender, juicy rotisserie-style chicken? Especially when it’s served on our Hearty Multigrain bread with your choice of veggies. We like lettuce, tomatoes, red onions, and peppers, but hey, it’s your sandwich, do what you like.","4.57420492172241","","","Classic Sandwiches","$6.45","Subway","Sandwiches, Salads, Dessert, Snacks","2003 Pease St, Houston, TX 77003, USA","Houston","2022-10-30 15:02:55.0000000"
"MENU_002375","REST_00190","Spicy Italian","Our Spicy Italian sandwich is a combo of pepperoni and Genoa salami. Pile on cheese, crunchy veggies, and finish it with your favorite sauce. Or don't. Your call. ","4.57420492172241","","","Classic Sandwiches","$5.73","Subway","Sandwiches, Salads, Dessert, Snacks","2003 Pease St, Houston, TX 77003, USA","Houston","2022-10-30 15:02:55.0000000"
"MENU_002376","REST_00190","Spicy Italian Melt","Spicy Italian Melt combines the mouth-watering flavor of pepperoni, salami and cheese grilled to melty perfection with the feel-good flavor of spinach, tomatoes and peppers. Guess you can have it all.","4.57420492172241","","","Fresh Melts®","$5.69","Subway","Sandwiches, Salads, Dessert, Snacks","2003 Pease St, Houston, TX 77003, USA","Houston","2022-10-30 15:02:55.0000000"
"MENU_002377","REST_00190","Steak & Cheese","Our Steak & Cheese sandwich is where warm, delicious steak gets topped with melty cheesiness. Get crazy with veggies and sauces to make it what you want.","4.57420492172241","","","Classic Sandwiches","$6.81","Subway","Sandwiches, Salads, Dessert, Snacks","2003 Pease St, Houston, TX 77003, USA","Houston","2022-10-30 15:02:55.0000000"
"MENU_002378","REST_00190","Steak & Cheese Melt","Grilled, melty and cheesy but also loaded with fresh vegetables? The Steak & Cheese Melt is just that, freshly made with onions and peppers and perfectly grilled to cover all your cravings.","4.57420492172241","","","Fresh Melts®","$6.89","Subway","Sandwiches, Salads, Dessert, Snacks","2003 Pease St, Houston, TX 77003, USA","Houston","2022-10-30 15:02:55.0000000"
"MENU_002379","REST_00190","Steak, Egg & Cheese","No matter what side of the bed you wake up on, you’ll love this. Yummy egg  with tender and delicious steak covered in melty cheese. That's one beautiful breakfast.","4.57420492172241","","","Breakfast","$4.89","Subway","Sandwiches, Salads, Dessert, Snacks","2003 Pease St, Houston, TX 77003, USA","Houston","2022-10-30 15:02:55.0000000"
"MENU_002380","REST_00190","Sweet Onion Chicken Teriyaki","The Sweet Onion Chicken Teriyaki sub is one sah-weeet sub. It starts with Hearty Multigrain bread, add perfectly cooked grilled chicken strips, marinated in our NEW Sweet Onion Teriyaki Sauce, then pile on the crunch with lettuce, spinach, tomatoes, cucumbers, green peppers, red onions and top with another pass of our NEW Sweet Onion Teriyaki sauce.","4.57420492172241","","","Classic Sandwiches","$6.29","Subway","Sandwiches, Salads, Dessert, Snacks","2003 Pease St, Houston, TX 77003, USA","Houston","2022-10-30 15:02:55.0000000"
"MENU_002381","REST_00190","Tuna","You’ll love every bite of our classic tuna sandwich. 100% wild caught tuna blended with creamy mayo then topped with your choice of crisp, fresh veggies. 100% delicious.","4.57420492172241","","","Classic Sandwiches","$6.19","Subway","Sandwiches, Salads, Dessert, Snacks","2003 Pease St, Houston, TX 77003, USA","Houston","2022-10-30 15:02:55.0000000"
"MENU_002382","REST_00190","Tuna Melt","100% wild-caught tuna with mayo. Fresh onion. Melty provolone. We brought the best ingredients together for something that satisfies your cravings for both fresh and savory. It’s not just a tuna melt, it’s a Fresh Melt™. Freshly made in front of you.","4.57420492172241","","","Fresh Melts®","$6.49","Subway","Sandwiches, Salads, Dessert, Snacks","2003 Pease St, Houston, TX 77003, USA","Houston","2022-10-30 15:02:55.0000000"
"MENU_002383","REST_00190","Veggie Delite®","The Veggie Delite® sandwich is crispy, crunchy, vegetarian perfection. With lettuce, baby spinach, tomatoes, cucumbers, green peppers and red onions, all on our Hearty Multigrain bread.","4.57420492172241","","","Classic Sandwiches","$5.25","Subway","Sandwiches, Salads, Dessert, Snacks","2003 Pease St, Houston, TX 77003, USA","Houston","2022-10-30 15:02:55.0000000"
"MENU_002384","REST_00190","Veggie Patty","Delicious vegan patties with lettuce, tomatoes, cucumbers, green peppers and red onions, all served on our freshly baked Hearty Multigrain bread.","4.57420492172241","","","Classic Sandwiches","$5.89","Subway","Sandwiches, Salads, Dessert, Snacks","2003 Pease St, Houston, TX 77003, USA","Houston","2022-10-30 15:02:55.0000000"
"MENU_002385","REST_00191","#1 The Philly","The classic cheesesteak stacked with juicy steak and a double helping of provolone toasted on Artisan Italian bread and topped with green peppers, red onions and mayo.","4.2142858505249","","","Subway® Series","$7.19","Subway","Sandwiches, Salads, Dessert, Snacks","Enterprise Plaza, 1100 Louisiana St, Houston, TX 77002, USA","Houston","2022-11-07 21:16:34.0000000"
"MENU_002386","REST_00191","#10 All-American Club®","The American classic. Oven-roasted turkey, Black Forest ham, crisp bacon, and American cheese with lettuce, tomatoes, red onions, and mayo. Served toasted on Artisan Italian bread.","4.2142858505249","","","Subway® Series","$7.07","Subway","Sandwiches, Salads, Dessert, Snacks","Enterprise Plaza, 1100 Louisiana St, Houston, TX 77002, USA","Houston","2022-11-07 21:16:34.0000000"
"MENU_002387","REST_00191","#11 Subway Club®","Oven-roasted turkey, Black Forest ham, USDA Choice Roast Beef, provolone cheese piled on Hearty Multigrain bread and topped with lettuce, tomatoes, red onions, and mayo. A club sandwich the Subway® style.","4.2142858505249","","","Subway® Series","$7.06","Subway","Sandwiches, Salads, Dessert, Snacks","Enterprise Plaza, 1100 Louisiana St, Houston, TX 77002, USA","Houston","2022-11-07 21:16:34.0000000"
"MENU_002388","REST_00191","#12 Turkey Cali Club™","Eat fresh, California style. Oven-roasted turkey, crisp bacon, BelGioioso® Fresh Mozzarella, and smashed Hass avocado. Topped with spinach, tomatoes, red onions, and mayo toasted on Hearty Multigrain bread.","4.2142858505249","","","Subway® Series","$8.63","Subway","Sandwiches, Salads, Dessert, Snacks","Enterprise Plaza, 1100 Louisiana St, Houston, TX 77002, USA","Houston","2022-11-07 21:16:34.0000000"
"MENU_002389","REST_00191","#2 The Outlaw™","Spicy, cheesy, smoky — this one’s got it all. Juicy steak meets double Pepper Jack cheese, with green peppers, red onions, and Baja Chipotle sauce toasted on Artisan Italian bread. Try not to fall head over heels.","4.2142858505249","","","Subway® Series","$7.19","Subway","Sandwiches, Salads, Dessert, Snacks","Enterprise Plaza, 1100 Louisiana St, Houston, TX 77002, USA","Houston","2022-11-07 21:16:34.0000000"
"MENU_002390","REST_00191","#3 The Monster™","Got a monstrous appetite? We’re talking thick juicy steak, crisp bacon, a double helping of Monterey cheddar, green peppers and red onions piled high and served toasted on Artisan Italian bread and topped off with creamy Peppercorn Ranch.","4.2142858505249","","","Subway® Series","$7.89","Subway","Sandwiches, Salads, Dessert, Snacks","Enterprise Plaza, 1100 Louisiana St, Houston, TX 77002, USA","Houston","2022-11-07 21:16:34.0000000"
"MENU_002391","REST_00191","#4 Supreme Meats","One sandwich reigns supreme. Black Forest ham, Genoa salami, pepperoni, and our capicola on fresh-baked Artisan Italian bread with provolone cheese, lettuce, tomatoes, red onions, and banana peppers…all topped off with our famous MVP Parmesan Vinaigrette®.","4.2142858505249","","","Subway® Series","$7.06","Subway","Sandwiches, Salads, Dessert, Snacks","Enterprise Plaza, 1100 Louisiana St, Houston, TX 77002, USA","Houston","2022-11-07 21:16:34.0000000"
"MENU_002392","REST_00191","#5 Bella Mozza","Lotsa meat and lotsa mozzarella make this special. Thin-sliced Black Forest ham, our capicola, and BelGioioso® Fresh Mozzarella on fresh-baked Artisan Italian bread. Topped with spinach, tomatoes, red onions, and banana peppers and drizzled with our tangy MVP Parmesan Vinaigrette®.","4.2142858505249","","","Subway® Series","$7.19","Subway","Sandwiches, Salads, Dessert, Snacks","Enterprise Plaza, 1100 Louisiana St, Houston, TX 77002, USA","Houston","2022-11-07 21:16:34.0000000"
"MENU_002393","REST_00191","#6 The Boss","It’s the mother of all meatball subs. Juicy meatballs drenched in marinara sauce with slices of pepperoni and BelGioioso® Fresh Mozzarella. Sprinkled with parmesan and served toasted on Italian Herbs & Cheese bread.","4.2142858505249","","","Subway® Series","$6.95","Subway","Sandwiches, Salads, Dessert, Snacks","Enterprise Plaza, 1100 Louisiana St, Houston, TX 77002, USA","Houston","2022-11-07 21:16:34.0000000"
"MENU_002394","REST_00191","#7 The MexiCali","Head for the Southwest with juicy rotisserie-style chicken, smashed avocado, double Pepper Jack cheese, lettuce, tomatoes, and red onions topped with our smoky Baja Chipotle sauce and served toasted on Artisan Italian bread.","4.2142858505249","","","Subway® Series","$7.91","Subway","Sandwiches, Salads, Dessert, Snacks","Enterprise Plaza, 1100 Louisiana St, Houston, TX 77002, USA","Houston","2022-11-07 21:16:34.0000000"
"MENU_002395","REST_00191","#8 The Great Garlic™","Our NEW creamy garlic sauce is the secret to this sub. We pile juicy rotisserie-style chicken, crispy bacon, provolone, lettuce, tomatoes, red onions served toasted on Artisan Italian bread…all topped off with our NEW creamy Roasted Garlic Aioli. Irresistible!","4.2142858505249","","","Subway® Series","$7.55","Subway","Sandwiches, Salads, Dessert, Snacks","Enterprise Plaza, 1100 Louisiana St, Houston, TX 77002, USA","Houston","2022-11-07 21:16:34.0000000"
"MENU_002396","REST_00191","#9 The Champ™","Tender hand-pulled rotisserie-style chicken, a double helping of Monterey Cheddar, green peppers, and red onions. Topped off with creamy Peppercorn Ranch and served toasted on Artisan Italian bread. This one’s a winner!","4.2142858505249","","","Subway® Series","$7.19","Subway","Sandwiches, Salads, Dessert, Snacks","Enterprise Plaza, 1100 Louisiana St, Houston, TX 77002, USA","Houston","2022-11-07 21:16:34.0000000"
"MENU_002397","REST_00191","12 Pack Cookie Box (0 Cals)","12 cookies. 1 delicious order. That’s what our new 12 Cookie Box is all about. You get a dozen of 1 of our 5 delectable fresh-baked cookies and a one-way ticket to sweet treats that you can share with friends, family or co-workers. With so many choices, there’s a cookie for everyone.","4.2142858505249","","","Shareable Desserts","$8.89","Subway","Sandwiches, Salads, Dessert, Snacks","Enterprise Plaza, 1100 Louisiana St, Houston, TX 77002, USA","Houston","2022-11-07 21:16:34.0000000"
"MENU_002398","REST_00191","6 Pack Cookie Box (0 Cals)","Our New 6 Pack Cookie Box is the most delicious out-of-the-box thinking. That’s because you can get 1 of our 5 delectable fresh-baked cookies in one place. One for you, one for him, one for her and even more to keep sharing…or not! Get the New 6 Pack Cookie Box today and get that sweet treat you’re craving.","4.2142858505249","","","Shareable Desserts","$4.54","Subway","Sandwiches, Salads, Dessert, Snacks","Enterprise Plaza, 1100 Louisiana St, Houston, TX 77002, USA","Houston","2022-11-07 21:16:34.0000000"
"MENU_002399","REST_00191","Bacon, Egg & Cheese","Start your day in a sizzlin' way with  bacon, egg, and melty cheese on freshly toasted flatbread (or whatever you like). Pile on your favorite veggies and sauce. Start the day right. ","4.2142858505249","","","Breakfast","$5.15","Subway","Sandwiches, Salads, Dessert, Snacks","Enterprise Plaza, 1100 Louisiana St, Houston, TX 77002, USA","Houston","2022-11-07 21:16:34.0000000"
"MENU_002400","REST_00191","Black Forest Ham","Our Black Forest Ham sandwich is a true classic. We add lettuce, baby spinach, cucumbers, green peppers and red onions to our delicious, thin-sliced ham and serve it on our Hearty Multigrain bread. Want cheese? Just ask.","4.2142858505249","","","Classic Sandwiches","$5.62","Subway","Sandwiches, Salads, Dessert, Snacks","Enterprise Plaza, 1100 Louisiana St, Houston, TX 77002, USA","Houston","2022-11-07 21:16:34.0000000"
"MENU_002401","REST_00191","Black Forest Ham, Egg & Cheese","Enjoy savory Black Forest ham, melted cheese, and egg -  all on your favorite bread. Add your choice of veggies for a tasty way to start the day. Hello, delicious. ","4.2142858505249","","","Breakfast","$5.15","Subway","Sandwiches, Salads, Dessert, Snacks","Enterprise Plaza, 1100 Louisiana St, Houston, TX 77002, USA","Houston","2022-11-07 21:16:34.0000000"
"MENU_002402","REST_00191","Buffalo Chicken","When you’re looking to spice things up, do it with Frank’s RedHot® and buffalo chicken. Our Buffalo Chicken Footlong is made with everyone’s favorite hot sauce – Frank’s RedHot® and topped with peppercorn ranch. Try it with lettuce, tomatoes and cucumbers! Frank’s RedHot® is a registered trademark of McCormick & Co. and used under license by Subway Franchisee Advertising Fund Trust Ltd.®/© Subway IP LLC 2021.","4.2142858505249","","","Classic Sandwiches","$6.71","Subway","Sandwiches, Salads, Dessert, Snacks","Enterprise Plaza, 1100 Louisiana St, Houston, TX 77002, USA","Houston","2022-11-07 21:16:34.0000000"
"MENU_002403","REST_00191","Buffalo Chicken Melt","Packed with grilled chicken, plus just the right amount of Frank's RedHot® Buffalo sauce, a little peppercorn ranch to beat the heat and all the veggies you can fit in there. Frank’s RedHot® is a registered trademark of McCormick & Co. and used under license by Subway Franchisee Advertising Fund Trust Ltd. ®/© Subway IP LLC 2021.","4.2142858505249","","","Fresh Melts®","$7.90","Subway","Sandwiches, Salads, Dessert, Snacks","Enterprise Plaza, 1100 Louisiana St, Houston, TX 77002, USA","Houston","2022-11-07 21:16:34.0000000"
"MENU_002404","REST_00191","Chicken & Bacon Ranch","What do you get when you mix juicy Rotisserie-Style Chicken, melty Monterey Cheddar Cheese, Hickory-Smoked Bacon, and our creamy Peppercorn Ranch? Your sandwich happy place.","4.2142858505249","","","Classic Sandwiches","$7.67","Subway","Sandwiches, Salads, Dessert, Snacks","Enterprise Plaza, 1100 Louisiana St, Houston, TX 77002, USA","Houston","2022-11-07 21:16:34.0000000"
"MENU_002405","REST_00191","Chicken & Bacon Ranch Melt","How can you improve Rotisserie-Style Chicken, Hickory-Smoked Bacon, and Peppercorn Ranch? With a whole lot of gooey Provolone Cheese and veggies.","4.2142858505249","","","Fresh Melts®","$8.87","Subway","Sandwiches, Salads, Dessert, Snacks","Enterprise Plaza, 1100 Louisiana St, Houston, TX 77002, USA","Houston","2022-11-07 21:16:34.0000000"
"MENU_002406","REST_00191","Cold Cut Combo®","The Cold Cut Combo® sandwich with ham, salami, and bologna (all turkey based) is a long-time Subway® favorite. Yeah. It's that good.","4.2142858505249","","","Classic Sandwiches","$5.42","Subway","Sandwiches, Salads, Dessert, Snacks","Enterprise Plaza, 1100 Louisiana St, Houston, TX 77002, USA","Houston","2022-11-07 21:16:34.0000000"
"MENU_002407","REST_00191","Double Chocolate (210 Cals)","It starts with rich cocoa cookie dough sprinkled end to end with semi-sweet chocolate chips and sweet white chips, baked fresh to be crispy outside, soft inside.  Try our most chocolatey cookie ever and be doubly happy.","4.2142858505249","","","Sides","$0.83","Subway","Sandwiches, Salads, Dessert, Snacks","Enterprise Plaza, 1100 Louisiana St, Houston, TX 77002, USA","Houston","2022-11-07 21:16:34.0000000"
"MENU_002408","REST_00191","Egg & Cheese","A classic for a reason. Our Egg and Cheese is simply delicious. Enjoy a fluffy egg with melted cheese. Try it toasted - It's unbeatable.","4.2142858505249","","","Breakfast","$5.15","Subway","Sandwiches, Salads, Dessert, Snacks","Enterprise Plaza, 1100 Louisiana St, Houston, TX 77002, USA","Houston","2022-11-07 21:16:34.0000000"
"MENU_002409","REST_00191","Grilled Chicken ","Tender grilled chicken loaded on our Hearty Multigrain bread with your choice of veggies. A little lettuce, tomatoes, onions and baby spinach, and you can’t go wrong.","4.2142858505249","","","Classic Sandwiches","$6.71","Subway","Sandwiches, Salads, Dessert, Snacks","Enterprise Plaza, 1100 Louisiana St, Houston, TX 77002, USA","Houston","2022-11-07 21:16:34.0000000"
"MENU_002410","REST_00191","Ham & Cheese Melt","Your cravings called, and we answered with melty goodness and fresh veggies, too. The Ham & Cheese Melt combines Black Forest ham, fresh tomato and American cheese and grills them all up to create an indulgent choice that’s freshly made, too.","4.2142858505249","","","Fresh Melts®","$6.83","Subway","Sandwiches, Salads, Dessert, Snacks","Enterprise Plaza, 1100 Louisiana St, Houston, TX 77002, USA","Houston","2022-11-07 21:16:34.0000000"
"MENU_002411","REST_00191","Italian B.M.T.®","The Italian B.M.T.® sandwich is filled with Genoa salami, spicy pepperoni, and Black Forest Ham. Big. Meaty. Tasty. Get it. ","4.2142858505249","","","Classic Sandwiches","$6.23","Subway","Sandwiches, Salads, Dessert, Snacks","Enterprise Plaza, 1100 Louisiana St, Houston, TX 77002, USA","Houston","2022-11-07 21:16:34.0000000"
"MENU_002412","REST_00191","Italian B.M.T.® Melt","Three craveable meats, melty cheese and fresh veggies. It’s not too good to be true, it’s the Italian B.M.T.® Melt. Now you can get the flavors you crave along with the goodness of fresh tomatoes, peppers and onions, that’s a win-win.","4.2142858505249","","","Fresh Melts®","$6.49","Subway","Sandwiches, Salads, Dessert, Snacks","Enterprise Plaza, 1100 Louisiana St, Houston, TX 77002, USA","Houston","2022-11-07 21:16:34.0000000"
"MENU_002413","REST_00191","Lay's® Dill Pickle (230 Cals)","It all starts with farm-grown potatoes, cooked and seasoned to perfection. Then we add the flavor of dill pickle. So every LAY'S® potato chip is perfectly crispy and delicious.","4.2142858505249","","","Sides","$1.67","Subway","Sandwiches, Salads, Dessert, Snacks","Enterprise Plaza, 1100 Louisiana St, Houston, TX 77002, USA","Houston","2022-11-07 21:16:34.0000000"
"MENU_002414","REST_00191","Meatball Marinara","The Meatball Marinara sandwich is drenched in irresistible marinara sauce, sprinkled with Parmesan cheese,  topped with whatever you want (no judgement) and perfectly toasted just for you.","4.2142858505249","","","Classic Sandwiches","$5.42","Subway","Sandwiches, Salads, Dessert, Snacks","Enterprise Plaza, 1100 Louisiana St, Houston, TX 77002, USA","Houston","2022-11-07 21:16:34.0000000"
"MENU_002415","REST_00191","Meatball Marinara Melt","Add some melty goodness to your Meatball Marinara sub. Make it a Fresh Melt™ and get craveable meatballs and tangy marinara sauce topped with American and parmesan, all grilled to cheesy perfection. Freshly made in front of you.","4.2142858505249","","","Fresh Melts®","$6.71","Subway","Sandwiches, Salads, Dessert, Snacks","Enterprise Plaza, 1100 Louisiana St, Houston, TX 77002, USA","Houston","2022-11-07 21:16:34.0000000"
"MENU_002416","REST_00191","Oven Roasted Turkey","If a classic is what you crave, our thin-sliced Oven Roasted Turkey is the sandwich for you. It’s full of flavor and made to order with your choice of crisp veggies, served on our freshly baked, Hearty Multigrain bread.","4.2142858505249","","","Classic Sandwiches","$6.23","Subway","Sandwiches, Salads, Dessert, Snacks","Enterprise Plaza, 1100 Louisiana St, Houston, TX 77002, USA","Houston","2022-11-07 21:16:34.0000000"
"MENU_002417","REST_00191","Oven Roasted Turkey & Ham","Enjoy the flavor of tender, thin-sliced oven roasted turkey and Black Forest Ham with your favorite veggies, from juicy tomatoes to sweet red onions, all served on freshly baked, Hearty Multigrain bread.","4.2142858505249","","","Classic Sandwiches","$6.22","Subway","Sandwiches, Salads, Dessert, Snacks","Enterprise Plaza, 1100 Louisiana St, Houston, TX 77002, USA","Houston","2022-11-07 21:16:34.0000000"
"MENU_002418","REST_00191","Oven Roasted Turkey Melt","The Oven Roasted Turkey Melt is loaded with fresh veggies like tomatoes, peppers and onions, and grilled on our Hearty Multigrain bread until the American cheese is as melty and cheesy as you want it. Cravings, covered.","4.2142858505249","","","Fresh Melts®","$7.43","Subway","Sandwiches, Salads, Dessert, Snacks","Enterprise Plaza, 1100 Louisiana St, Houston, TX 77002, USA","Houston","2022-11-07 21:16:34.0000000"
"MENU_002419","REST_00191","Roast Beef","Choice Angus Roast Beef, Hearty Multigrain Bread, and plenty of fresh veggies make this lunchtime classic one to remember.","4.2142858505249","","","Classic Sandwiches","$7.55","Subway","Sandwiches, Salads, Dessert, Snacks","Enterprise Plaza, 1100 Louisiana St, Houston, TX 77002, USA","Houston","2022-11-07 21:16:34.0000000"
"MENU_002420","REST_00191","Rotisserie-Style Chicken","Who doesn’t love tender, juicy rotisserie-style chicken? Especially when it’s served on our Hearty Multigrain bread with your choice of veggies. We like lettuce, tomatoes, red onions, and peppers, but hey, it’s your sandwich, do what you like.","4.2142858505249","","","Classic Sandwiches","$6.83","Subway","Sandwiches, Salads, Dessert, Snacks","Enterprise Plaza, 1100 Louisiana St, Houston, TX 77002, USA","Houston","2022-11-07 21:16:34.0000000"
"MENU_002421","REST_00191","Spicy Italian","Our Spicy Italian sandwich is a combo of pepperoni and Genoa salami. Pile on cheese, crunchy veggies, and finish it with your favorite sauce. Or don't. Your call. ","4.2142858505249","","","Classic Sandwiches","$5.75","Subway","Sandwiches, Salads, Dessert, Snacks","Enterprise Plaza, 1100 Louisiana St, Houston, TX 77002, USA","Houston","2022-11-07 21:16:34.0000000"
"MENU_002422","REST_00191","Spicy Italian Melt","Spicy Italian Melt combines the mouth-watering flavor of pepperoni, salami and cheese grilled to melty perfection with the feel-good flavor of spinach, tomatoes and peppers. Guess you can have it all.","4.2142858505249","","","Fresh Melts®","$6.95","Subway","Sandwiches, Salads, Dessert, Snacks","Enterprise Plaza, 1100 Louisiana St, Houston, TX 77002, USA","Houston","2022-11-07 21:16:34.0000000"
"MENU_002423","REST_00191","Steak & Cheese","Our Steak & Cheese sandwich is where warm, delicious steak gets topped with melty cheesiness. Get crazy with veggies and sauces to make it what you want.","4.2142858505249","","","Classic Sandwiches","$7.78","Subway","Sandwiches, Salads, Dessert, Snacks","Enterprise Plaza, 1100 Louisiana St, Houston, TX 77002, USA","Houston","2022-11-07 21:16:34.0000000"
"MENU_002424","REST_00191","Steak & Cheese Melt","Grilled, melty and cheesy but also loaded with fresh vegetables? The Steak & Cheese Melt is just that, freshly made with onions and peppers and perfectly grilled to cover all your cravings.","4.2142858505249","","","Fresh Melts®","$7.90","Subway","Sandwiches, Salads, Dessert, Snacks","Enterprise Plaza, 1100 Louisiana St, Houston, TX 77002, USA","Houston","2022-11-07 21:16:34.0000000"
"MENU_002425","REST_00191","Steak, Egg & Cheese","No matter what side of the bed you wake up on, you’ll love this. Yummy egg  with tender and delicious steak covered in melty cheese. That's one beautiful breakfast.","4.2142858505249","","","Breakfast","$5.27","Subway","Sandwiches, Salads, Dessert, Snacks","Enterprise Plaza, 1100 Louisiana St, Houston, TX 77002, USA","Houston","2022-11-07 21:16:34.0000000"
"MENU_002426","REST_00191","Tuna","You’ll love every bite of our classic tuna sandwich. 100% wild caught tuna blended with creamy mayo then topped with your choice of crisp, fresh veggies. 100% delicious.","4.2142858505249","","","Classic Sandwiches","$6.22","Subway","Sandwiches, Salads, Dessert, Snacks","Enterprise Plaza, 1100 Louisiana St, Houston, TX 77002, USA","Houston","2022-11-07 21:16:34.0000000"
"MENU_002427","REST_00191","Tuna Melt","100% wild-caught tuna with mayo. Fresh onion. Melty provolone. We brought the best ingredients together for something that satisfies your cravings for both fresh and savory. It’s not just a tuna melt, it’s a Fresh Melt™. Freshly made in front of you.","4.2142858505249","","","Fresh Melts®","$7.43","Subway","Sandwiches, Salads, Dessert, Snacks","Enterprise Plaza, 1100 Louisiana St, Houston, TX 77002, USA","Houston","2022-11-07 21:16:34.0000000"
"MENU_002428","REST_00191","Veggie Delite®","The Veggie Delite® sandwich is crispy, crunchy, vegetarian perfection. With lettuce, baby spinach, tomatoes, cucumbers, green peppers and red onions, all on our Hearty Multigrain bread.","4.2142858505249","","","Classic Sandwiches","$5.27","Subway","Sandwiches, Salads, Dessert, Snacks","Enterprise Plaza, 1100 Louisiana St, Houston, TX 77002, USA","Houston","2022-11-07 21:16:34.0000000"
"MENU_002429","REST_00191","Veggie Patty","Delicious vegan patties with lettuce, tomatoes, cucumbers, green peppers and red onions, all served on our freshly baked Hearty Multigrain bread.","4.2142858505249","","","Classic Sandwiches","$6.59","Subway","Sandwiches, Salads, Dessert, Snacks","Enterprise Plaza, 1100 Louisiana St, Houston, TX 77002, USA","Houston","2022-11-07 21:16:34.0000000"
"MENU_002430","REST_00192","The Impossible Potsticker","Gluten-free potstickers filled with Impossible Beef, fresh garlic, and fresh ginger. Pan fried and served with our house-made ginger garlic sauce. 5 per order. (Gluten-Free & Vegan)","4.35428619384766","","","Side Dishes","$12.00","Summer Shop (Healthy Thai Bowls)","Feel-good bowls, inspired by Southeast Asia with a focus on creative plant-based, gluten-free, and flavor-packed ingredients","2616 Blodgett St, Houston, TX 77004, USA","Houston","2022-10-30 15:33:19.0000000"
"MENU_002431","REST_00193","Crispy Rice Treat","Crispy organic brown rice, quinoa, and puffed millet—naturally sweetened with honey date caramel and just 6g of sugar.*This product is gluten-free but contains common allergens, including dairy and tree nuts. More info at sweetgreen.com/menu","4.84219408035278","","","Dessert","$2.95","sweetgreen","Health Food Restaurant","1303 Westheimer Rd, Houston, TX 77006, USA","Houston","2022-11-07 21:11:32.0000000"
"MENU_002432","REST_00194","Large Chicken Fajita Meat Only + 12 Flour tortillas","(1 lb chicken fajita meat and 12 flour tortillas)","4.20351505279541","","","Family/Group Meals","$24.19","Taco Cabana","Mexican, Tacos, Burritos, Quesadillas, Nachos, Tex-Mex, Breakfast, Breakfast Burrito, Margarita, Enchiladas, Family Meals, Salads","167 Yale St, Houston, TX 77007, USA","Houston","2022-11-07 21:11:32.0000000"
"MENU_002433","REST_00194","Large Order Chicken Fajita Meal ","Large chicken fajitas served with a blend of grilled peppers and onions, 16 oz rice, 16 oz choice of beans, 12 flour tortillas, shredded lettuce, shredded cheese, pico de gallo, sour cream and guacamole.  ","4.20351505279541","","","Family/Group Meals","$32.29","Taco Cabana","Mexican, Tacos, Burritos, Quesadillas, Nachos, Tex-Mex, Breakfast, Breakfast Burrito, Margarita, Enchiladas, Family Meals, Salads","167 Yale St, Houston, TX 77007, USA","Houston","2022-11-07 21:11:32.0000000"
"MENU_002434","REST_00194","Large Order Mixed Fajita Meal","Large mixed steak and chicken fajitas served with a blend of grilled peppers and onions, 16 oz rice, 16 oz choice of beans, 12 flour tortillas, shredded lettuce, shredded cheese, pico de gallo, sour cream and guacamole.  ","4.20351505279541","","","Family/Group Meals","$40.99","Taco Cabana","Mexican, Tacos, Burritos, Quesadillas, Nachos, Tex-Mex, Breakfast, Breakfast Burrito, Margarita, Enchiladas, Family Meals, Salads","167 Yale St, Houston, TX 77007, USA","Houston","2022-11-07 21:11:32.0000000"
"MENU_002435","REST_00194","Large Order Mixed Steak and Chicken Fajita Meat Only + 12 flour tortillas","(1/2 lb steak fajita and 1/2 lb chicken fajita and 12 flour tortillas)","4.20351505279541","","","Family/Group Meals","$27.29","Taco Cabana","Mexican, Tacos, Burritos, Quesadillas, Nachos, Tex-Mex, Breakfast, Breakfast Burrito, Margarita, Enchiladas, Family Meals, Salads","167 Yale St, Houston, TX 77007, USA","Houston","2022-11-07 21:11:32.0000000"
"MENU_002436","REST_00194","Large Order Steak Fajita Meal","Large steak fajitas served with a blend of grilled peppers and onions, 16 oz rice, 16 oz choice of beans, 12 flour tortillas, shredded lettuce, shredded cheese, pico de gallo, sour cream and guacamole.  ","4.20351505279541","","","Family/Group Meals","$49.59","Taco Cabana","Mexican, Tacos, Burritos, Quesadillas, Nachos, Tex-Mex, Breakfast, Breakfast Burrito, Margarita, Enchiladas, Family Meals, Salads","167 Yale St, Houston, TX 77007, USA","Houston","2022-11-07 21:11:32.0000000"
"MENU_002437","REST_00194","Large Order Steak Fajita Meat Only + 12 flour tortillas","(1 lb steak fajita meat and 12 flour tortillas)","4.20351505279541","","","Family/Group Meals","$37.19","Taco Cabana","Mexican, Tacos, Burritos, Quesadillas, Nachos, Tex-Mex, Breakfast, Breakfast Burrito, Margarita, Enchiladas, Family Meals, Salads","167 Yale St, Houston, TX 77007, USA","Houston","2022-11-07 21:11:32.0000000"
"MENU_002438","REST_00194","Personal Order Chicken Fajita Meal","Personal order chicken fajitas served with a blend of grilled peppers and onions, 8 oz rice, 8 oz choice of beans, 6 flour tortillas, shredded lettuce, shredded cheese, pico de gallo, sour cream and guacamole.  ","4.20351505279541","","","Family/Group Meals","$14.89","Taco Cabana","Mexican, Tacos, Burritos, Quesadillas, Nachos, Tex-Mex, Breakfast, Breakfast Burrito, Margarita, Enchiladas, Family Meals, Salads","167 Yale St, Houston, TX 77007, USA","Houston","2022-11-07 21:11:32.0000000"
"MENU_002439","REST_00194","Personal Order Mixed Fajita Meal","Personal steak and chicken fajitas served with a blend of grilled peppers and onions, 8 oz rice, 8 oz choice of beans, 6 flour tortillas, shredded lettuce, shredded cheese, pico de gallo, sour cream and guacamole.","4.20351505279541","","","Family/Group Meals","$18.59","Taco Cabana","Mexican, Tacos, Burritos, Quesadillas, Nachos, Tex-Mex, Breakfast, Breakfast Burrito, Margarita, Enchiladas, Family Meals, Salads","167 Yale St, Houston, TX 77007, USA","Houston","2022-11-07 21:11:32.0000000"
"MENU_002440","REST_00194","Personal Order Steak Fajita Meal","Personal order steak fajitas served with a blend of grilled peppers and onions, 8 oz rice, 8 oz choice of beans, 6 flour tortillas, shredded lettuce, shredded cheese, pico de gallo, sour cream and guacamole.","4.20351505279541","","","Family/Group Meals","$22.39","Taco Cabana","Mexican, Tacos, Burritos, Quesadillas, Nachos, Tex-Mex, Breakfast, Breakfast Burrito, Margarita, Enchiladas, Family Meals, Salads","167 Yale St, Houston, TX 77007, USA","Houston","2022-11-07 21:11:32.0000000"
"MENU_002441","REST_00195","Akaushi Picadillo","seasoned HeartBrand Ranch Akaushi ground beef, jack cheese glaze, cilantro, onion","4.77699613571167","","","Beef Tacos","$6.05","Tacodeli","Vegetarian, Tacos, Lunch, Breakfast, Mexican","1902 Washington Ave, Houston, TX 77007, USA","Houston","2022-11-07 21:17:15.0000000"
"MENU_002442","REST_00195","Cowboy","dry rubbed beef tenderloin, grilled corn, caramelized onions, roasted peppers, guacamole, queso fresco","4.77699613571167","","","Beef Tacos","$6.05","Tacodeli","Vegetarian, Tacos, Lunch, Breakfast, Mexican","1902 Washington Ave, Houston, TX 77007, USA","Houston","2022-11-07 21:17:15.0000000"
"MENU_002443","REST_00195","Delibelly","organic pork belly, goodflow honey tomatillo-serrano salsa, avocado, cilantro, onion","4.77699613571167","","","Pork Tacos","$6.05","Tacodeli","Vegetarian, Tacos, Lunch, Breakfast, Mexican","1902 Washington Ave, Houston, TX 77007, USA","Houston","2022-11-07 21:17:15.0000000"
"MENU_002444","REST_00195","El Picosito","grilled beef tenderloin, chipotle sesame sauce, avocado, queso fresco","4.77699613571167","","","Beef Tacos","$6.05","Tacodeli","Vegetarian, Tacos, Lunch, Breakfast, Mexican","1902 Washington Ave, Houston, TX 77007, USA","Houston","2022-11-07 21:17:15.0000000"
"MENU_002445","REST_00195","El Shrimposito","grilled Texas Gulf shrimp, chipotle sesame adobo, avocado, queso fresco","4.77699613571167","","","Seafood Tacos","$6.05","Tacodeli","Vegetarian, Tacos, Lunch, Breakfast, Mexican","1902 Washington Ave, Houston, TX 77007, USA","Houston","2022-11-07 21:17:15.0000000"
"MENU_002446","REST_00195","Ensalada Aguacate","romaine, avocado, pico de gallo, sour cream, onion, tomato, guacamole, serrano-lime dressing, queso fresco","4.77699613571167","","","Salads, Bowls, & Soup","$11.50","Tacodeli","Vegetarian, Tacos, Lunch, Breakfast, Mexican","1902 Washington Ave, Houston, TX 77007, USA","Houston","2022-11-07 21:17:15.0000000"
"MENU_002447","REST_00195","Family Meal - Fundido Chicken","Serves a family of four and includes one pound of our famous Frontera Fundido Chicken (jack cheese glaze with sautéed poblano-onion rajas)! Comes with 12oz organic black beans (choose whole or refried), veggie white rice, 10 tortillas (choose flour, corn or whole wheat), tortilla chips, and 8oz of salsa (or 2x 4oz) Dona, Roja, Verde.","4.77699613571167","","","Family Packs","$48.30","Tacodeli","Vegetarian, Tacos, Lunch, Breakfast, Mexican","1902 Washington Ave, Houston, TX 77007, USA","Houston","2022-11-07 21:17:15.0000000"
"MENU_002448","REST_00195","Family Meal - Fundido Shrimp","Serves a family of four and includes one pound of our famous Frontera Fundido Sirloin (jack cheese glaze with sautéed poblano-onion rajas)! Comes with 12oz organic black beans (choose whole or refried), veggie white rice, 10 tortillas (choose flour, corn or whole wheat), tortilla chips, and 8oz of salsa (or 2x 4oz) Dona, Roja, Verde.","4.77699613571167","","","Family Packs","$52.90","Tacodeli","Vegetarian, Tacos, Lunch, Breakfast, Mexican","1902 Washington Ave, Houston, TX 77007, USA","Houston","2022-11-07 21:17:15.0000000"
"MENU_002449","REST_00195","Family Meal - Fundido Sirloin","Serves a family of four and includes one pound of our famous Frontera Fundido Sirloin (jack cheese glaze with sauteed poblano-onion rajas)! Comes with 12oz organic black beans (choose whole or refried), veggie white rice, 10 tortillas (choose flour, corn or whole wheat), tortilla chips, and 8oz of salsa (or 2x 4oz) Dona, Roja, Verde.","4.77699613571167","","","Family Packs","$52.90","Tacodeli","Vegetarian, Tacos, Lunch, Breakfast, Mexican","1902 Washington Ave, Houston, TX 77007, USA","Houston","2022-11-07 21:17:15.0000000"
"MENU_002450","REST_00195","Family Meal Combo","Serves 4!  Select your choice of 1lb Fundido taco filling (choose 1 or 2 half/half) Chicken, Sirloin or Shrimp.  Also includes 12oz organic black beans (choose whole or refried) and rice, 10 tortillas (choose flour, corn or whole wheat), toritlla chips.  Choose 8oz of salsa (or 2x 4oz) Dona, Roja, Verde.","4.77699613571167","","","Family Packs","$50.60","Tacodeli","Vegetarian, Tacos, Lunch, Breakfast, Mexican","1902 Washington Ave, Houston, TX 77007, USA","Houston","2022-11-07 21:17:15.0000000"
"MENU_002451","REST_00195","Freakin Vegan","organic refried black beans, avocado, pico de gallo","4.77699613571167","","","Vegetarian Tacos","$4.35","Tacodeli","Vegetarian, Tacos, Lunch, Breakfast, Mexican","1902 Washington Ave, Houston, TX 77007, USA","Houston","2022-11-07 21:17:15.0000000"
"MENU_002452","REST_00195","Frontera Fundido Caulibella","Roasted baby portabella mushrooms, jack cheese glaze, roasted cauliflower, sauteed poblano-onion rajas","4.77699613571167","","","Vegetarian Tacos","$5.20","Tacodeli","Vegetarian, Tacos, Lunch, Breakfast, Mexican","1902 Washington Ave, Houston, TX 77007, USA","Houston","2022-11-07 21:17:15.0000000"
"MENU_002453","REST_00195","Frontera Fundido Chicken","grilled chicken breast, jack cheese glaze, sauteed poblano-onion rajas","4.77699613571167","","","Chicken Tacos","$5.20","Tacodeli","Vegetarian, Tacos, Lunch, Breakfast, Mexican","1902 Washington Ave, Houston, TX 77007, USA","Houston","2022-11-07 21:17:15.0000000"
"MENU_002454","REST_00195","Frontera Fundido Shrimp","grilled Texas gulf shrimp, jack cheese glaze, sauteed poblano-onion rajas","4.77699613571167","","","Seafood Tacos","$6.05","Tacodeli","Vegetarian, Tacos, Lunch, Breakfast, Mexican","1902 Washington Ave, Houston, TX 77007, USA","Houston","2022-11-07 21:17:15.0000000"
"MENU_002455","REST_00195","Frontera Fundido Sirloin","grilled sirloin, jack cheese glaze, sauteed poblano-onion rajas","4.77699613571167","","","Beef Tacos","$6.05","Tacodeli","Vegetarian, Tacos, Lunch, Breakfast, Mexican","1902 Washington Ave, Houston, TX 77007, USA","Houston","2022-11-07 21:17:15.0000000"
"MENU_002456","REST_00195","Happy Taco","Shredded chicken, sautéed mushroom, jack cheese glaze, cilantro and onion","4.77699613571167","","","Chicken Tacos","$5.20","Tacodeli","Vegetarian, Tacos, Lunch, Breakfast, Mexican","1902 Washington Ave, Houston, TX 77007, USA","Houston","2022-11-07 21:17:15.0000000"
"MENU_002457","REST_00195","Mexico City Chicken","grilled chicken breast, cilantro, onion","4.77699613571167","","","Chicken Tacos","$5.05","Tacodeli","Vegetarian, Tacos, Lunch, Breakfast, Mexican","1902 Washington Ave, Houston, TX 77007, USA","Houston","2022-11-07 21:17:15.0000000"
"MENU_002458","REST_00195","Mexico City Sirloin","grilled sirloin, diced onion, cilantro","4.77699613571167","","","Beef Tacos","$5.75","Tacodeli","Vegetarian, Tacos, Lunch, Breakfast, Mexican","1902 Washington Ave, Houston, TX 77007, USA","Houston","2022-11-07 21:17:15.0000000"
"MENU_002459","REST_00195","Mojo Salmon","grilled atlantic salmon, mojo-garlic sauce, guacamole, pico de gallo.","4.77699613571167","","","Seafood Tacos","$6.35","Tacodeli","Vegetarian, Tacos, Lunch, Breakfast, Mexican","1902 Washington Ave, Houston, TX 77007, USA","Houston","2022-11-07 21:17:15.0000000"
"MENU_002460","REST_00195","Papadulce","roasted sweet potato, grilled corn, roasted pepper, caramelized onion, toasted pepitas, chipotle-camote sauce ","4.77699613571167","","","Vegetarian Tacos","$4.90","Tacodeli","Vegetarian, Tacos, Lunch, Breakfast, Mexican","1902 Washington Ave, Houston, TX 77007, USA","Houston","2022-11-07 21:17:15.0000000"
"MENU_002461","REST_00195","Pollo en Mole","Shredded chicken, housemade mole, queso fresco, cilantro, onion *Contains Nuts","4.77699613571167","","","Chicken Tacos","$5.20","Tacodeli","Vegetarian, Tacos, Lunch, Breakfast, Mexican","1902 Washington Ave, Houston, TX 77007, USA","Houston","2022-11-07 21:17:15.0000000"
"MENU_002462","REST_00195","Pollo Fantastico","shredded chicken, roasted green chile sauce, crema mexicana, green onion","4.77699613571167","","","Chicken Tacos","$5.20","Tacodeli","Vegetarian, Tacos, Lunch, Breakfast, Mexican","1902 Washington Ave, Houston, TX 77007, USA","Houston","2022-11-07 21:17:15.0000000"
"MENU_002463","REST_00195","Puerco Verde","organic pork shoulder in salsa verde, queso fresco, cilantro, onion","4.77699613571167","","","Pork Tacos","$5.50","Tacodeli","Vegetarian, Tacos, Lunch, Breakfast, Mexican","1902 Washington Ave, Houston, TX 77007, USA","Houston","2022-11-07 21:17:15.0000000"
"MENU_002464","REST_00195","Sopa De Pollo","housemade chicken broth, shredded free range chicken, onions, tomatoes, jalapenos, cilantro, avocado, tortilla chips","4.77699613571167","","","Salads, Bowls, & Soup","$4.55","Tacodeli","Vegetarian, Tacos, Lunch, Breakfast, Mexican","1902 Washington Ave, Houston, TX 77007, USA","Houston","2022-11-07 21:17:15.0000000"
"MENU_002465","REST_00195","Space Cowboy","roasted baby portabella mushrooms, grilled corn, roasted peppers, caramelized onion, guacamole, queso fresco","4.77699613571167","","","Vegetarian Tacos","$5.20","Tacodeli","Vegetarian, Tacos, Lunch, Breakfast, Mexican","1902 Washington Ave, Houston, TX 77007, USA","Houston","2022-11-07 21:17:15.0000000"
"MENU_002466","REST_00195","The Heather","Texas Cheesemakers grilled queso fresco, organic refried black beans, guacamole, lettuce, tomato","4.77699613571167","","","Vegetarian Tacos","$4.90","Tacodeli","Vegetarian, Tacos, Lunch, Breakfast, Mexican","1902 Washington Ave, Houston, TX 77007, USA","Houston","2022-11-07 21:17:15.0000000"
"MENU_002467","REST_00196","balsamic dressing-side","","4.68452405929565","","","Sides!!!","$1.50","Tacos A Go Go","Mexican","3704 Main St, Houston, TX 77002, USA","Houston","2022-11-07 21:17:47.0000000"
"MENU_002468","REST_00196","black beans-side","","4.68452405929565","","","Sides!!!","$3.50","Tacos A Go Go","Mexican","3704 Main St, Houston, TX 77002, USA","Houston","2022-11-07 21:17:47.0000000"
"MENU_002469","REST_00196","Breakfast Taco","","4.68452405929565","","","Breakfast!!!","$4.25","Tacos A Go Go","Mexican","3704 Main St, Houston, TX 77002, USA","Houston","2022-11-07 21:17:47.0000000"
"MENU_002470","REST_00196","corn tortillas (3)","","4.68452405929565","","","Sides!!!","$1.25","Tacos A Go Go","Mexican","3704 Main St, Houston, TX 77002, USA","Houston","2022-11-07 21:17:47.0000000"
"MENU_002471","REST_00196","flour tortillas (3)","","4.68452405929565","","","Sides!!!","$1.25","Tacos A Go Go","Mexican","3704 Main St, Houston, TX 77002, USA","Houston","2022-11-07 21:17:47.0000000"
"MENU_002472","REST_00196","fresh jalapeno-side","","4.68452405929565","","","Sides!!!","$1.50","Tacos A Go Go","Mexican","3704 Main St, Houston, TX 77002, USA","Houston","2022-11-07 21:17:47.0000000"
"MENU_002473","REST_00196","jalapeno ranch-side","","4.68452405929565","","","Sides!!!","$1.50","Tacos A Go Go","Mexican","3704 Main St, Houston, TX 77002, USA","Houston","2022-11-07 21:17:47.0000000"
"MENU_002474","REST_00196","Migas Plate","","4.68452405929565","","","Breakfast!!!","$11.25","Tacos A Go Go","Mexican","3704 Main St, Houston, TX 77002, USA","Houston","2022-11-07 21:17:47.0000000"
"MENU_002475","REST_00196","Migas Taco","","4.68452405929565","","","Breakfast!!!","$4.25","Tacos A Go Go","Mexican","3704 Main St, Houston, TX 77002, USA","Houston","2022-11-07 21:17:47.0000000"
"MENU_002476","REST_00196","monterey jack-side","","4.68452405929565","","","Sides!!!","$1.50","Tacos A Go Go","Mexican","3704 Main St, Houston, TX 77002, USA","Houston","2022-11-07 21:17:47.0000000"
"MENU_002477","REST_00196","pickled jalapeno-side","","4.68452405929565","","","Sides!!!","$1.50","Tacos A Go Go","Mexican","3704 Main St, Houston, TX 77002, USA","Houston","2022-11-07 21:17:47.0000000"
"MENU_002478","REST_00196","potato-side","","4.68452405929565","","","Sides!!!","$3.50","Tacos A Go Go","Mexican","3704 Main St, Houston, TX 77002, USA","Houston","2022-11-07 21:17:47.0000000"
"MENU_002479","REST_00196","queso fresco-side","","4.68452405929565","","","Sides!!!","$1.50","Tacos A Go Go","Mexican","3704 Main St, Houston, TX 77002, USA","Houston","2022-11-07 21:17:47.0000000"
"MENU_002480","REST_00196","refried beans-side","","4.68452405929565","","","Sides!!!","$3.50","Tacos A Go Go","Mexican","3704 Main St, Houston, TX 77002, USA","Houston","2022-11-07 21:17:47.0000000"
"MENU_002481","REST_00196","rice-side","","4.68452405929565","","","Sides!!!","$3.50","Tacos A Go Go","Mexican","3704 Main St, Houston, TX 77002, USA","Houston","2022-11-07 21:17:47.0000000"
"MENU_002482","REST_00196","Salsa Roja 6oz","","4.68452405929565","","","Sides!!!","$3.00","Tacos A Go Go","Mexican","3704 Main St, Houston, TX 77002, USA","Houston","2022-11-07 21:17:47.0000000"
"MENU_002483","REST_00196","Salsa Verde 6oz","","4.68452405929565","","","Sides!!!","$3.00","Tacos A Go Go","Mexican","3704 Main St, Houston, TX 77002, USA","Houston","2022-11-07 21:17:47.0000000"
"MENU_002484","REST_00196","Side Chipotle Crema","","4.68452405929565","","","Sides!!!","$1.50","Tacos A Go Go","Mexican","3704 Main St, Houston, TX 77002, USA","Houston","2022-11-07 21:17:47.0000000"
"MENU_002485","REST_00196","Side Habernero Sauce","","4.68452405929565","","","Sides!!!","$1.50","Tacos A Go Go","Mexican","3704 Main St, Houston, TX 77002, USA","Houston","2022-11-07 21:17:47.0000000"
"MENU_002486","REST_00196","Side Pico de Gallo","","4.68452405929565","","","Sides!!!","$1.50","Tacos A Go Go","Mexican","3704 Main St, Houston, TX 77002, USA","Houston","2022-11-07 21:17:47.0000000"
"MENU_002487","REST_00196","tater tots-side","","4.68452405929565","","","Sides!!!","$3.75","Tacos A Go Go","Mexican","3704 Main St, Houston, TX 77002, USA","Houston","2022-11-07 21:17:47.0000000"
"MENU_002488","REST_00196","Veggie Lovers & Egg Taco","","4.68452405929565","","","Breakfast!!!","$4.25","Tacos A Go Go","Mexican","3704 Main St, Houston, TX 77002, USA","Houston","2022-11-07 21:17:47.0000000"
"MENU_002489","REST_00197","Can Soda","","4.05000019073486","","","Beverages","$1.99","taqueria tikal","taqueria tikal","2350 Pease St, Houston, TX 77003, USA","Houston","2022-11-07 21:17:25.0000000"
"MENU_002490","REST_00197","Huarache","","4.05000019073486","","","Featured Items","$7.50","taqueria tikal","taqueria tikal","2350 Pease St, Houston, TX 77003, USA","Houston","2022-11-07 21:17:25.0000000"
"MENU_002491","REST_00197","Loaded cheese fries ","","4.05000019073486","","","Featured Items","$8.99","taqueria tikal","taqueria tikal","2350 Pease St, Houston, TX 77003, USA","Houston","2022-11-07 21:17:25.0000000"
"MENU_002492","REST_00197","Mexican Coca-cola","","4.05000019073486","","","Beverages","$3.99","taqueria tikal","taqueria tikal","2350 Pease St, Houston, TX 77003, USA","Houston","2022-11-07 21:17:25.0000000"
"MENU_002493","REST_00197","Torta birria ","Beans, cheese and birria meat and consomé on the side ","4.05000019073486","","","Featured Items","$10.99","taqueria tikal","taqueria tikal","2350 Pease St, Houston, TX 77003, USA","Houston","2022-11-07 21:17:25.0000000"
"MENU_002494","REST_00198","Death Wish Americano (Hot)","Unsweetened.","4.79312086105347","","","Organic Coffee","$4.59","Teapresso Bar","Coffee, Pickup, Takeout, Boba, Bubble Tea","718 W 18th St, Houston, TX 77008, USA","Houston","2022-11-07 21:14:40.0000000"
"MENU_002495","REST_00198","Decaf Organic Americano (Hot)","Unsweetened.","4.79312086105347","","","Organic Coffee","$3.59","Teapresso Bar","Coffee, Pickup, Takeout, Boba, Bubble Tea","718 W 18th St, Houston, TX 77008, USA","Houston","2022-11-07 21:14:40.0000000"
"MENU_002496","REST_00198","Fruity Lychee","Fruity tea, lychee.","4.79312086105347","","","Signature Tea","$6.15","Teapresso Bar","Coffee, Pickup, Takeout, Boba, Bubble Tea","718 W 18th St, Houston, TX 77008, USA","Houston","2022-11-07 21:14:40.0000000"
"MENU_002497","REST_00198","Fruity Red","Fruity tea, strawberry, kumquat.","4.79312086105347","","","Signature Tea","$6.15","Teapresso Bar","Coffee, Pickup, Takeout, Boba, Bubble Tea","718 W 18th St, Houston, TX 77008, USA","Houston","2022-11-07 21:14:40.0000000"
"MENU_002498","REST_00198","Organic Americano (Hot)","Unsweetened.","4.79312086105347","","","Organic Coffee","$3.59","Teapresso Bar","Coffee, Pickup, Takeout, Boba, Bubble Tea","718 W 18th St, Houston, TX 77008, USA","Houston","2022-11-07 21:14:40.0000000"
"MENU_002499","REST_00198","Pumpkin Spice Frappe","","4.79312086105347","","","Frappe","$5.99","Teapresso Bar","Coffee, Pickup, Takeout, Boba, Bubble Tea","718 W 18th St, Houston, TX 77008, USA","Houston","2022-11-07 21:14:40.0000000"
"MENU_002500","REST_00199","C18. Chili Chicken","Hot & Spicy.","4.28089904785156","","","Chicken (Pollo)","$15.80","Texas Super Chicken and Rice","American, Chinese, Chicken, Seafood, Fried Rice","6844 Navigation Blvd, Houston, TX 77011, USA","Houston","2022-10-30 15:12:54.0000000"
"MENU_002501","REST_00199","Vegetable Delight","","4.28089904785156","","","Vegetable","$10.46","Texas Super Chicken and Rice","American, Chinese, Chicken, Seafood, Fried Rice","6844 Navigation Blvd, Houston, TX 77011, USA","Houston","2022-10-30 15:12:54.0000000"
"MENU_002502","REST_00200","Mango Sweet Rice (Seasonal)","","4.78250598907471","","","Dessert","$7.95","Thai Cafe (Franklin St)","Noodles, Lunch, Asian, Takeout, Pickup, Thai","Thai Cafe, 917 Franklin St #101, Houston, TX 77002, USA","Houston","2022-10-30 15:39:04.0000000"
"MENU_002503","REST_00201","N-4 Bangkok Chicken Noodle","Finely chopped chicken breast sautéed with yellow curry powder, fresh garlic, yellow onions, green onions and tomatoes; served over pan-fried flat rice noodles and lettuce.","4.67515087127686","","","Noodles","$16.95","Thai Pepper","Exquisite Thai Cuisine","2049 W Alabama St, Houston, TX 77098, USA","Houston","2022-10-30 15:27:34.0000000"
"MENU_002504","REST_00202","Pumpkin Spice Shake","","4.61388111114502","","","Shakes","$8.04","The Burger Joint","Burger Restaurant","2703 Montrose Blvd, Houston, TX 77006, USA","Houston","2022-11-07 21:13:47.0000000"
"MENU_002505","REST_00202","Turkey Burger","Turkey patty, bacon, provolone cheese, crispy cornbread stuffing bites, red onions, baby arugula, herb aioli, & cranberry habanero jam.","4.61388111114502","","","Burgers","$13.79","The Burger Joint","Burger Restaurant","2703 Montrose Blvd, Houston, TX 77006, USA","Houston","2022-11-07 21:13:47.0000000"
"MENU_002506","REST_00203","Almonds","A bag of mixed milk and dark chocolate covered almonds.","4.78878402709961","","","Hand Packaged Chocolates","$10.95","The Chocolate Bar","Pickup, Takeout, Ice Cream, Dessert, Chocolatiers & Shops, Coffee","2521 University Blvd, Houston, TX 77005, USA","Houston","2022-11-07 21:21:02.0000000"
"MENU_002507","REST_00203","Texas Frito Brittle","A Chocolate Bar classic! Fritos, pretzels, and pecan drizzled in our smooth milk chocolate. ","4.78878402709961","","","Specialty","$15.35","The Chocolate Bar","Pickup, Takeout, Ice Cream, Dessert, Chocolatiers & Shops, Coffee","2521 University Blvd, Houston, TX 77005, USA","Houston","2022-11-07 21:21:02.0000000"
"MENU_002508","REST_00204","Austin Eastciders Cider","","4.67408514022827","","","Beer (Easy Drinkers)","$8.99","The Federal American Grill","American (Traditional), Steakhouses","510 Shepherd Drive, Houston, TX 77007, USA","Houston","2022-11-07 21:15:18.0000000"
"MENU_002509","REST_00204","Bill Withers Fried Oyster","Chopped iceberg, chicken fried oysters, bleu cheese crumbles, bacon, cherry tomatoes, ranch dressing.","4.67408514022827","","","Dinner Salads","$17.99","The Federal American Grill","American (Traditional), Steakhouses","510 Shepherd Drive, Houston, TX 77007, USA","Houston","2022-11-07 21:15:18.0000000"
"MENU_002510","REST_00204","Chiarlo Nivole Moscato d`Asti | Italy (375ml)","","4.67408514022827","","","Wine (Other Whites & Rose)","$28.99","The Federal American Grill","American (Traditional), Steakhouses","510 Shepherd Drive, Houston, TX 77007, USA","Houston","2022-11-07 21:15:18.0000000"
"MENU_002511","REST_00204","No Label Cali Boy","","4.67408514022827","","","Beer (IPAs)","$8.99","The Federal American Grill","American (Traditional), Steakhouses","510 Shepherd Drive, Houston, TX 77007, USA","Houston","2022-11-07 21:15:18.0000000"
"MENU_002512","REST_00204","Session","","4.67408514022827","","","Beer (Lagers)","$6.99","The Federal American Grill","American (Traditional), Steakhouses","510 Shepherd Drive, Houston, TX 77007, USA","Houston","2022-11-07 21:15:18.0000000"
"MENU_002513","REST_00204","Spicy Buffalo Chicken","Fried chicken breast tossed in wing sauce, ranch, bleu cheese crumbles, lettuce, tomato, pickles, jalapeño-cheddar bun.","4.67408514022827","","","Burgers & Sandwiches","$16.99","The Federal American Grill","American (Traditional), Steakhouses","510 Shepherd Drive, Houston, TX 77007, USA","Houston","2022-11-07 21:15:18.0000000"
"MENU_002514","REST_00205","Jala-Pena Roll","","4.66060876846313","","","Specialty Rolls","$12.00","The Fish","Seafood, Nigiri, Sashimi, Salads","309 Gray St #107, Houston, TX 77002, USA","Houston","2022-10-30 15:27:47.0000000"
"MENU_002515","REST_00205","Space City roll","","4.66060876846313","","","Specialty Rolls","$15.00","The Fish","Seafood, Nigiri, Sashimi, Salads","309 Gray St #107, Houston, TX 77002, USA","Houston","2022-10-30 15:27:47.0000000"
"MENU_002516","REST_00206","Bacon Cheeseburger","Our fresh cut fries topped with seasoned ground beef, crispy bacon pieces, Cheddar cheese and our famous smokey aioli sauce.","4.38983106613159","","","Fries","$13.99","The Fry Guys","New York Fries, Chicken, Fries","310 North St, Houston, TX 77009, USA","Houston","2022-10-30 15:05:13.0000000"
"MENU_002517","REST_00206","Carolina Fries","Our fresh cut fries topped with slow smoked pulled pork crispy fries onions pickles and Carolina sauce.","4.38983106613159","","","Fries","$14.99","The Fry Guys","New York Fries, Chicken, Fries","310 North St, Houston, TX 77009, USA","Houston","2022-10-27 23:29:23.0000000"
"MENU_002518","REST_00206","Nashville Hot Fries","Hot. Our fresh cut fries topped with crispy chicken fingers tossed in our house-made Nashville hot sauce, fresh jalapenos, and pickles.","4.38983106613159","","","Fries","$14.99","The Fry Guys","New York Fries, Chicken, Fries","310 North St, Houston, TX 77009, USA","Houston","2022-10-27 23:29:23.0000000"
"MENU_002519","REST_00206","Philly Fries","Our fresh cut fries topped with fresh thin sliced ribeye, peppers, onions, provolone cheese and our famous Fry sauce.","4.38983106613159","","","Fries","$14.99","The Fry Guys","New York Fries, Chicken, Fries","310 North St, Houston, TX 77009, USA","Houston","2022-10-27 23:29:23.0000000"
"MENU_002520","REST_00206","Texas Fries","Our fresh cut fries topped with our slow-smoked chopped brisket, onions, chives, sour cream, Cheddar cheese and our house-made BBQ sauce.","4.38983106613159","","","Fries","$14.99","The Fry Guys","New York Fries, Chicken, Fries","310 North St, Houston, TX 77009, USA","Houston","2022-10-27 23:29:23.0000000"
"MENU_002521","REST_00207","Beef Gyro & Falafel Platter","Platters served with combo of falafel and beef gyro. Small platters are served with one white sauce and one red sauce. Regular platters are served with two white sauces and one red sauce.","4.70963716506958","","","Platters","$12.79","The Halal Guys","Takeout, Gyro, Sandwiches, Halal, Pickup, Dessert","609 Main St, Houston, TX 77002, USA","Houston","2022-10-30 15:10:22.0000000"
"MENU_002522","REST_00207","Beef Gyro Platter","Platters are served with one white sauce and one red sauce. Regular platters are served with two white sauces and one red sauce.","4.70963716506958","","","Platters","$12.79","The Halal Guys","Takeout, Gyro, Sandwiches, Halal, Pickup, Dessert","609 Main St, Houston, TX 77002, USA","Houston","2022-10-30 15:10:22.0000000"
"MENU_002523","REST_00207","Chicken & Beef Gyro Platter","Platters served with combo of chicken and beef gyro. Small platters are served with one white sauce and one red sauce. Regular platters are served with two white sauces and one red sauce.","4.70963716506958","","","Platters","$12.79","The Halal Guys","Takeout, Gyro, Sandwiches, Halal, Pickup, Dessert","609 Main St, Houston, TX 77002, USA","Houston","2022-10-30 15:10:22.0000000"
"MENU_002524","REST_00207","Chicken & Falafel Platter","Platters served with combo of chicken and falafel. Small platters are served with one white sauce and one red sauce. Regular platters are served with two white sauces and one red sauce.","4.70963716506958","","","Platters","$12.79","The Halal Guys","Takeout, Gyro, Sandwiches, Halal, Pickup, Dessert","609 Main St, Houston, TX 77002, USA","Houston","2022-10-30 15:10:22.0000000"
"MENU_002525","REST_00207","Chicken Platter","Platters are served with one white sauce and one red sauce. Regular platters are served with two white sauces and one red sauce.","4.70963716506958","","","Platters","$12.79","The Halal Guys","Takeout, Gyro, Sandwiches, Halal, Pickup, Dessert","609 Main St, Houston, TX 77002, USA","Houston","2022-10-30 15:10:22.0000000"
"MENU_002526","REST_00207","Falafel Platter","Platters are served with one white sauce and one red sauce. Regular platters are served with two white sauces and one red sauce.","4.70963716506958","","","Platters","$12.79","The Halal Guys","Takeout, Gyro, Sandwiches, Halal, Pickup, Dessert","609 Main St, Houston, TX 77002, USA","Houston","2022-10-30 15:10:22.0000000"
"MENU_002527","REST_00207","Jalapeño Hummus","Fiery jalapeños blended with our deliciously creamy hummus.","4.70963716506958","","","Limited Time Offer","$4.99","The Halal Guys","Takeout, Gyro, Sandwiches, Halal, Pickup, Dessert","609 Main St, Houston, TX 77002, USA","Houston","2022-10-30 15:10:22.0000000"
"MENU_002528","REST_00207","Savory Herb Beef & Chicken Platter","Tender, seared sirloin marinated in a Savory spice blend with grilled chicken atop a bed of basmati rice and served with lettuce, tomato, and pita","4.70963716506958","","","Limited Time Offer","$14.49","The Halal Guys","Takeout, Gyro, Sandwiches, Halal, Pickup, Dessert","609 Main St, Houston, TX 77002, USA","Houston","2022-10-30 15:10:22.0000000"
"MENU_002529","REST_00207","Savory Herb Beef & Falafel Platter","","4.70963716506958","","","Limited Time Offer","$14.49","The Halal Guys","Takeout, Gyro, Sandwiches, Halal, Pickup, Dessert","609 Main St, Houston, TX 77002, USA","Houston","2022-10-30 15:10:22.0000000"
"MENU_002530","REST_00207","Savory Herb Beef & Gyro Platter","Tender, seared sirloin marinated in a Savory spice blend with savory beef gyro atop a bed of basmati rice and served with lettuce, tomato, and pita","4.70963716506958","","","Limited Time Offer","$14.49","The Halal Guys","Takeout, Gyro, Sandwiches, Halal, Pickup, Dessert","609 Main St, Houston, TX 77002, USA","Houston","2022-10-30 15:10:22.0000000"
"MENU_002531","REST_00207","Savory Herb Beef Platter","Tender, seared sirloin marinated in a Savory spice blend atop a bed of basmati rice and served with lettuce, tomato, and pita.","4.70963716506958","","","Limited Time Offer","$14.49","The Halal Guys","Takeout, Gyro, Sandwiches, Halal, Pickup, Dessert","609 Main St, Houston, TX 77002, USA","Houston","2022-10-30 15:10:22.0000000"
"MENU_002532","REST_00208","Banana Chia Pudding","Chia seeds soaked overnight in oat milk and sweetened with raw cane sugar. (Gluten-free, vegan)","4.57142877578735","","","Desserts","$6.50","The Picky Vegan","Vegan Bowls and Salads","2616 Blodgett St, Houston, TX 77004, USA","Houston","2022-10-30 15:28:56.0000000"
"MENU_002533","REST_00208","Sweet Loren's Chocolate Chunk Edible Cookie Dough","Creamy, smooth and scoop-able gluten-free cookie dough. Delicious taste from only clean ingredients. Spoon under lid (3.6 oz). (Gluten-free, vegan)","4.57142877578735","","","Desserts","$7.75","The Picky Vegan","Vegan Bowls and Salads","2616 Blodgett St, Houston, TX 77004, USA","Houston","2022-10-30 15:28:56.0000000"
"MENU_002534","REST_00209","THE DRUNK CHICK","beer can game hen, jalapeño spoon bread,chile-lime butter","4.41281080245972","","","ENTRÉE","$25.24","The Rustic","Southern","1836 Polk St, Houston, TX 77010, USA","Houston","2022-10-27 23:27:40.0000000"
"MENU_002535","REST_00209","WOOD GRILLED SALMON CAESAR","whole-leaf romaine, parmigiano reggiano, crushed croutons","4.41281080245972","","","SOUPS & SALADS","$19.74","The Rustic","Southern","1836 Polk St, Houston, TX 77010, USA","Houston","2022-10-27 23:27:40.0000000"
"MENU_002536","REST_00210","HH CHICKEN SLIDER (1)","","2","","","Food","$4.00","The Savoy Icehouse","The Savoy Icehouse","4402 Emancipation Ave, Houston, TX 77004, USA","Houston","2022-10-27 23:29:38.0000000"
"MENU_002537","REST_00210","HH FRIES","","2","","","Food","$5.00","The Savoy Icehouse","The Savoy Icehouse","4402 Emancipation Ave, Houston, TX 77004, USA","Houston","2022-10-27 23:29:38.0000000"
"MENU_002538","REST_00210","HH Full QUESADILLA & WINE","","2","","","Food","$22.00","The Savoy Icehouse","The Savoy Icehouse","4402 Emancipation Ave, Houston, TX 77004, USA","Houston","2022-10-27 23:29:38.0000000"
"MENU_002539","REST_00210","HH HOT CHICKEN DONUT  (1)","","2","","","Food","$6.50","The Savoy Icehouse","The Savoy Icehouse","4402 Emancipation Ave, Houston, TX 77004, USA","Houston","2022-10-27 23:29:38.0000000"
"MENU_002540","REST_00210","HH SAVOY SLIDER (1)","","2","","","Food","$5.00","The Savoy Icehouse","The Savoy Icehouse","4402 Emancipation Ave, Houston, TX 77004, USA","Houston","2022-10-27 23:29:38.0000000"
"MENU_002541","REST_00210","VEGAN CHEESE","","2","","","Food","$3.00","The Savoy Icehouse","The Savoy Icehouse","4402 Emancipation Ave, Houston, TX 77004, USA","Houston","2022-10-27 23:29:38.0000000"
"MENU_002542","REST_00211","Chocoflan","","4.65332221984863","","","Dessert","$5.74","The Taco Stand","Tacos, Local, Tex-Mex, Mexican, Mexican Food","2018 N Shepherd Dr, Houston, TX 77008, USA","Houston","2022-10-30 15:09:55.0000000"
"MENU_002543","REST_00212","Banana Pudding","","4.0580267906189","","","Desserts","$2.50","This Is It Soul Food","Soul Food, Dessert, Barbecue","2712 Blodgett St, Houston, TX 77004, USA","Houston","2022-10-30 15:15:28.0000000"
"MENU_002544","REST_00212","Meat Loaf Plate","Comes with three sides and two pieces of cornbread. ","4.0580267906189","","","Thursday Plates","$16.95","This Is It Soul Food","Soul Food, Dessert, Barbecue","2712 Blodgett St, Houston, TX 77004, USA","Houston","2022-10-30 15:15:28.0000000"
"MENU_002545","REST_00212","Peach Cobbler","","4.0580267906189","","","Desserts","$3.75","This Is It Soul Food","Soul Food, Dessert, Barbecue","2712 Blodgett St, Houston, TX 77004, USA","Houston","2022-10-30 15:15:28.0000000"
"MENU_002546","REST_00212","Sweet Potato Pie","","4.0580267906189","","","Desserts","$3.50","This Is It Soul Food","Soul Food, Dessert, Barbecue","2712 Blodgett St, Houston, TX 77004, USA","Houston","2022-10-30 15:15:28.0000000"
"MENU_002547","REST_00213","Detox","Toxin Removal. Green AppleGingerLemonHoneyCayenne","4.86301422119141","","","Shots","$4.00","Thrive Juices","Toast, Acai Bowls, Healthy Smoothies, Healthy, Juice, Juice Bar, Juice & Smoothie","401 Franklin St, Houston, TX 77201, USA","Houston","2022-11-07 21:20:40.0000000"
"MENU_002548","REST_00213","Flavored Gel","Apple & Spirilina or Watermelon ","4.86301422119141","","","Seamoss","$30.00","Thrive Juices","Toast, Acai Bowls, Healthy Smoothies, Healthy, Juice, Juice Bar, Juice & Smoothie","401 Franklin St, Houston, TX 77201, USA","Houston","2022-11-07 21:20:40.0000000"
"MENU_002549","REST_00213","Fountain of Youth","Anti-aging. Bone healthh. Skin healt. Apple, thyme, carrots, tomatoes.","4.86301422119141","","","Juices","$8.00","Thrive Juices","Toast, Acai Bowls, Healthy Smoothies, Healthy, Juice, Juice Bar, Juice & Smoothie","401 Franklin St, Houston, TX 77201, USA","Houston","2022-11-07 21:20:40.0000000"
"MENU_002550","REST_00213","Ginger Turmeric","","4.86301422119141","","","Shots","$4.00","Thrive Juices","Toast, Acai Bowls, Healthy Smoothies, Healthy, Juice, Juice Bar, Juice & Smoothie","401 Franklin St, Houston, TX 77201, USA","Houston","2022-11-07 21:20:40.0000000"
"MENU_002551","REST_00213","Vaccine","Immunity. CeleryCarrotGarlicGreen AppleGingerLemon","4.86301422119141","","","Shots","$4.00","Thrive Juices","Toast, Acai Bowls, Healthy Smoothies, Healthy, Juice, Juice Bar, Juice & Smoothie","401 Franklin St, Houston, TX 77201, USA","Houston","2022-11-07 21:20:40.0000000"
"MENU_002552","REST_00214","Sweet Loren's Chocolate Chunk Edible Cookie Dough","Creamy, smooth and scoop-able gluten-free cookie dough. Delicious taste from only clean ingredients. Spoon under lid (3.6 oz). (Gluten-free, vegan)","4.01298713684082","","","Desserts","$7.75","Thrive Kitchen","Low Cal Bowls & Pizzas","2616 Blodgett St, Houston, TX 77004, USA","Houston","2022-10-30 15:38:58.0000000"
"MENU_002553","REST_00215","Banana Chia Pudding","Chia seeds soaked overnight in oat milk and sweetened with raw cane sugar. (Gluten-free, vegan)","2","","","Desserts","$6.00","Thrive Lettuce Wraps","Salads, Wraps, Dessert, Vegan, Vegetarian","2616 Blodgett St, Houston, TX 77004, USA","Houston","2022-10-30 15:35:28.0000000"
"MENU_002554","REST_00215","Sweet Loren's Chocolate Chunk Edible Cookie Dough","Creamy, smooth and scoopable gluten-free cookie dough. Delicious taste from only clean ingredients. Spoon under lid (3.6 oz). (Gluten-free, vegan)","2","","","Desserts","$7.00","Thrive Lettuce Wraps","Salads, Wraps, Dessert, Vegan, Vegetarian","2616 Blodgett St, Houston, TX 77004, USA","Houston","2022-10-30 15:35:28.0000000"
"MENU_002555","REST_00216","Airstream Salad","Romaine, arugula & picked mint topped with avocado slices, pico de gallo, corn, cotija cheese, peppadew peppers, & pistachios.  Served with a drizzle of chipotle ranch & a side of champagne vinaigrette. Dairy, Egg, Avocado, Tree Nuts (no protein). *With chicken: +soy, gluten; with salmon: +soy, fish, gluten","4.6232762336731","","","Not a Taco","$10.65","Torchy's Tacos","Tacos","2411 S Shepherd Dr, 2411 South Shepherd Drive, Houston, TX 77019, USA","Houston","2022-10-30 15:02:44.0000000"
"MENU_002556","REST_00216","Smartwater","20oz Smartwater","4.62323999404907","","","Drinks","$3.20","Torchy's Tacos","Tacos","2411 S Shepherd Dr, 2411 South Shepherd Drive, Houston, TX 77019, USA","Houston","2022-11-07 21:11:44.0000000"
"MENU_002557","REST_00216","Tipsy Chick","Marinated and grilled chicken, spinach, grilled corn, green chiles & cheddar cheese with chipotle sauce on a flour tortilla served with a side of bacon bourbon marmalade. Dairy, Soy, Gluten, Eggs.","4.6232762336731","","","Damn Good Tacos","$7.05","Torchy's Tacos","Tacos","2411 S Shepherd Dr, 2411 South Shepherd Drive, Houston, TX 77019, USA","Houston","2022-10-30 15:02:44.0000000"
"MENU_002558","REST_00216","Washingtonian","Smoked Pulled Pork, Grilled Onions, Jack Cheese, Pickles, Sour Cream and Fresh Avocado with Chipotle BBQ sauce served on a flour tortilla. Contains: Dairy, Gluten, and Soy","4.62323999404907","","","Taco of the Month","$6.90","Torchy's Tacos","Tacos","2411 S Shepherd Dr, 2411 South Shepherd Drive, Houston, TX 77019, USA","Houston","2022-11-07 21:11:44.0000000"
"MENU_002559","REST_00217","Amazing Spicy Fish","Spicy Crispy Flounder Fillet","4.67702722549438","","","Seafood","$17.50","Trendy Dumpling","Asian, Chinese, Szechuan, Pickup, Asian Food, Takeout","3285 Southwest Fwy, Houston, TX 77027, USA","Houston","2022-11-07 21:19:46.0000000"
"MENU_002560","REST_00217","Amazing Spicy Shrimp"," Spicy Fried Shrimp","4.67702722549438","","","Seafood","$17.50","Trendy Dumpling","Asian, Chinese, Szechuan, Pickup, Asian Food, Takeout","3285 Southwest Fwy, Houston, TX 77027, USA","Houston","2022-11-07 21:19:46.0000000"
"MENU_002561","REST_00217","Basil Chicken ","","4.67702722549438","","","Chicken","$14.50","Trendy Dumpling","Asian, Chinese, Szechuan, Pickup, Asian Food, Takeout","3285 Southwest Fwy, Houston, TX 77027, USA","Houston","2022-11-07 21:19:46.0000000"
"MENU_002562","REST_00217","Basil Pork","Pork Tenderloin Basil Bell Pepper Onion","4.67702722549438","","","Pork","$15.50","Trendy Dumpling","Asian, Chinese, Szechuan, Pickup, Asian Food, Takeout","3285 Southwest Fwy, Houston, TX 77027, USA","Houston","2022-11-07 21:19:46.0000000"
"MENU_002563","REST_00217","Beef Broccoli","","4.67702722549438","","","Beef","$17.50","Trendy Dumpling","Asian, Chinese, Szechuan, Pickup, Asian Food, Takeout","3285 Southwest Fwy, Houston, TX 77027, USA","Houston","2022-11-07 21:19:46.0000000"
"MENU_002564","REST_00217","Beef Dry Pot ","spicy with peppercron in beed and mix vegetable","4.67702722549438","","","Beef","$18.50","Trendy Dumpling","Asian, Chinese, Szechuan, Pickup, Asian Food, Takeout","3285 Southwest Fwy, Houston, TX 77027, USA","Houston","2022-11-07 21:19:46.0000000"
"MENU_002565","REST_00217","Beijing Duck (40 mins wait time)","Grilled Duck with Pancake and sauteed Duck with onion.it is our signature dish.","4.67702722549438","","","Chef's Special","$48.00","Trendy Dumpling","Asian, Chinese, Szechuan, Pickup, Asian Food, Takeout","3285 Southwest Fwy, Houston, TX 77027, USA","Houston","2022-11-07 21:19:46.0000000"
"MENU_002566","REST_00217","BeiJing style Pork","comes with Bao","4.67702722549438","","","Pork","$15.50","Trendy Dumpling","Asian, Chinese, Szechuan, Pickup, Asian Food, Takeout","3285 Southwest Fwy, Houston, TX 77027, USA","Houston","2022-11-07 21:19:46.0000000"
"MENU_002567","REST_00217","Cabbage & Clear Noodle","","4.67702722549438","","","Vegetable","$12.50","Trendy Dumpling","Asian, Chinese, Szechuan, Pickup, Asian Food, Takeout","3285 Southwest Fwy, Houston, TX 77027, USA","Houston","2022-11-07 21:19:46.0000000"
"MENU_002568","REST_00217","chicken dry pot","spicy with peppercron in chicken and mix vegetable","4.67702722549438","","","Chicken","$16.50","Trendy Dumpling","Asian, Chinese, Szechuan, Pickup, Asian Food, Takeout","3285 Southwest Fwy, Houston, TX 77027, USA","Houston","2022-11-07 21:19:46.0000000"
"MENU_002569","REST_00217","Couple's Tendon","Cold Spicy Beef Shank and tendon","4.67702722549438","","","Appetizers & Cold Dish","$10.50","Trendy Dumpling","Asian, Chinese, Szechuan, Pickup, Asian Food, Takeout","3285 Southwest Fwy, Houston, TX 77027, USA","Houston","2022-11-07 21:19:46.0000000"
"MENU_002570","REST_00217","Cumin Beef","Spicy Beef Cumin Onion Bell Pepper Coriander","4.67702722549438","","","Beef","$17.50","Trendy Dumpling","Asian, Chinese, Szechuan, Pickup, Asian Food, Takeout","3285 Southwest Fwy, Houston, TX 77027, USA","Houston","2022-11-07 21:19:46.0000000"
"MENU_002571","REST_00217","Cumin Lamb","Spicy Lamb Cumin Onion Bell Pepper Coriander","4.67702722549438","","","Lamb","$17.50","Trendy Dumpling","Asian, Chinese, Szechuan, Pickup, Asian Food, Takeout","3285 Southwest Fwy, Houston, TX 77027, USA","Houston","2022-11-07 21:19:46.0000000"
"MENU_002572","REST_00217","Dan Dan Noodle","Spicy Peanut Minced Pork","4.67702722549438","","","Dumpling & Noodle","$9.00","Trendy Dumpling","Asian, Chinese, Szechuan, Pickup, Asian Food, Takeout","3285 Southwest Fwy, Houston, TX 77027, USA","Houston","2022-11-07 21:19:46.0000000"
"MENU_002573","REST_00217","Double Cooked Pork","Spicy Pork Belly Bell Pepper Chili Oil ","4.67702722549438","","","Pork","$15.50","Trendy Dumpling","Asian, Chinese, Szechuan, Pickup, Asian Food, Takeout","3285 Southwest Fwy, Houston, TX 77027, USA","Houston","2022-11-07 21:19:46.0000000"
"MENU_002574","REST_00217","Eggplant in Garlic Sauce","Spicy","4.67702722549438","","","Vegetable","$12.50","Trendy Dumpling","Asian, Chinese, Szechuan, Pickup, Asian Food, Takeout","3285 Southwest Fwy, Houston, TX 77027, USA","Houston","2022-11-07 21:19:46.0000000"
"MENU_002575","REST_00217","Eggplant Love Green Bean","","4.67702722549438","","","Vegetable","$12.50","Trendy Dumpling","Asian, Chinese, Szechuan, Pickup, Asian Food, Takeout","3285 Southwest Fwy, Houston, TX 77027, USA","Houston","2022-11-07 21:19:46.0000000"
"MENU_002576","REST_00217","Fish in Garlic Sauce","鱼香鱼片","4.67702722549438","","","Seafood","$17.50","Trendy Dumpling","Asian, Chinese, Szechuan, Pickup, Asian Food, Takeout","3285 Southwest Fwy, Houston, TX 77027, USA","Houston","2022-11-07 21:19:46.0000000"
"MENU_002577","REST_00217","Fish with Pickle","Spicy Sour Flounder Fillet Pickle  Bean Jelly noodle","4.67702722549438","","","Seafood","$17.50","Trendy Dumpling","Asian, Chinese, Szechuan, Pickup, Asian Food, Takeout","3285 Southwest Fwy, Houston, TX 77027, USA","Houston","2022-11-07 21:19:46.0000000"
"MENU_002578","REST_00217","Garlic Cucumber Salad","Cold Garlic cucumber","4.67702722549438","","","Appetizers & Cold Dish","$8.50","Trendy Dumpling","Asian, Chinese, Szechuan, Pickup, Asian Food, Takeout","3285 Southwest Fwy, Houston, TX 77027, USA","Houston","2022-11-07 21:19:46.0000000"
"MENU_002579","REST_00217","General Tso's Tofu","vagen tofu","4.67702722549438","","","Vegetable","$12.50","Trendy Dumpling","Asian, Chinese, Szechuan, Pickup, Asian Food, Takeout","3285 Southwest Fwy, Houston, TX 77027, USA","Houston","2022-11-07 21:19:46.0000000"
"MENU_002580","REST_00217","Hunan Beef ","","4.67702722549438","","","Beef","$17.50","Trendy Dumpling","Asian, Chinese, Szechuan, Pickup, Asian Food, Takeout","3285 Southwest Fwy, Houston, TX 77027, USA","Houston","2022-11-07 21:19:46.0000000"
"MENU_002581","REST_00217","Kung Pao Shrimp","12 pcs Spicy Shrimp Peanut Kung Pao Sauce","4.67702722549438","","","Seafood","$17.50","Trendy Dumpling","Asian, Chinese, Szechuan, Pickup, Asian Food, Takeout","3285 Southwest Fwy, Houston, TX 77027, USA","Houston","2022-11-07 21:19:46.0000000"
"MENU_002582","REST_00217","Mapo Tofu","Hot and Spicy with peppercron ","4.67702722549438","","","Vegetable","$12.50","Trendy Dumpling","Asian, Chinese, Szechuan, Pickup, Asian Food, Takeout","3285 Southwest Fwy, Houston, TX 77027, USA","Houston","2022-11-07 21:19:46.0000000"
"MENU_002583","REST_00217","Mapo Tofu & Fish","Hot and Spicy Tofu Flounder fillet","4.67702722549438","","","Seafood","$17.50","Trendy Dumpling","Asian, Chinese, Szechuan, Pickup, Asian Food, Takeout","3285 Southwest Fwy, Houston, TX 77027, USA","Houston","2022-11-07 21:19:46.0000000"
"MENU_002584","REST_00217","Mongolian Beef","","4.67702722549438","","","Beef","$17.50","Trendy Dumpling","Asian, Chinese, Szechuan, Pickup, Asian Food, Takeout","3285 Southwest Fwy, Houston, TX 77027, USA","Houston","2022-11-07 21:19:46.0000000"
"MENU_002585","REST_00217","Mongolian Lamb","Lamb Onion Green Onion","4.67702722549438","","","Lamb","$17.50","Trendy Dumpling","Asian, Chinese, Szechuan, Pickup, Asian Food, Takeout","3285 Southwest Fwy, Houston, TX 77027, USA","Houston","2022-11-07 21:19:46.0000000"
"MENU_002586","REST_00217","Mouthwatering Chicken","Cold peppercron spicy boneless chicken.","4.67702722549438","","","Appetizers & Cold Dish","$10.50","Trendy Dumpling","Asian, Chinese, Szechuan, Pickup, Asian Food, Takeout","3285 Southwest Fwy, Houston, TX 77027, USA","Houston","2022-11-07 21:19:46.0000000"
"MENU_002587","REST_00217","Mushroom & Pork","Pork Tenderloin King Mushroom Bell Pepper","4.67702722549438","","","Pork","$15.50","Trendy Dumpling","Asian, Chinese, Szechuan, Pickup, Asian Food, Takeout","3285 Southwest Fwy, Houston, TX 77027, USA","Houston","2022-11-07 21:19:46.0000000"
"MENU_002588","REST_00217","mushroom chicken ","","4.67702722549438","","","Chicken","$14.50","Trendy Dumpling","Asian, Chinese, Szechuan, Pickup, Asian Food, Takeout","3285 Southwest Fwy, Houston, TX 77027, USA","Houston","2022-11-07 21:19:46.0000000"
"MENU_002589","REST_00217","Pork with Garlic Sauce","","4.67702722549438","","","Pork","$15.50","Trendy Dumpling","Asian, Chinese, Szechuan, Pickup, Asian Food, Takeout","3285 Southwest Fwy, Houston, TX 77027, USA","Houston","2022-11-07 21:19:46.0000000"
"MENU_002590","REST_00217","Potato Silk in Vinegar","with vinegar ","4.67702722549438","","","Vegetable","$13.00","Trendy Dumpling","Asian, Chinese, Szechuan, Pickup, Asian Food, Takeout","3285 Southwest Fwy, Houston, TX 77027, USA","Houston","2022-11-07 21:19:46.0000000"
"MENU_002591","REST_00217","Salt & Pepper Shrimp","12 pcs Shrimps Bell Pepper Onion Black Pepper","4.67702722549438","","","Seafood","$17.50","Trendy Dumpling","Asian, Chinese, Szechuan, Pickup, Asian Food, Takeout","3285 Southwest Fwy, Houston, TX 77027, USA","Houston","2022-11-07 21:19:46.0000000"
"MENU_002592","REST_00217","Sautéed Bok Choy","","4.67702722549438","","","Vegetable","$12.50","Trendy Dumpling","Asian, Chinese, Szechuan, Pickup, Asian Food, Takeout","3285 Southwest Fwy, Houston, TX 77027, USA","Houston","2022-11-07 21:19:46.0000000"
"MENU_002593","REST_00217","Sauteed Mixed Vegetable","Cauliflower Broccoli Carrot Celery Snow Been Baby Corn Ginkgo Nut Bamboo Shoot Black Ear Mushroom","4.67702722549438","","","Vegetable","$12.50","Trendy Dumpling","Asian, Chinese, Szechuan, Pickup, Asian Food, Takeout","3285 Southwest Fwy, Houston, TX 77027, USA","Houston","2022-11-07 21:19:46.0000000"
"MENU_002594","REST_00217","Sichuan Beef","Spicy Beef Frank Onion Celery Bell Pepper","4.67702722549438","","","Beef","$17.50","Trendy Dumpling","Asian, Chinese, Szechuan, Pickup, Asian Food, Takeout","3285 Southwest Fwy, Houston, TX 77027, USA","Houston","2022-11-07 21:19:46.0000000"
"MENU_002595","REST_00217","Sichuan Lamb","Spicy.","4.67702722549438","","","Lamb","$17.50","Trendy Dumpling","Asian, Chinese, Szechuan, Pickup, Asian Food, Takeout","3285 Southwest Fwy, Houston, TX 77027, USA","Houston","2022-11-07 21:19:46.0000000"
"MENU_002596","REST_00217","Spicy Boiled Beef","Spicy Beef Frank Celery Cabbage lotus root Black Mushroom","4.67702722549438","","","Beef","$17.50","Trendy Dumpling","Asian, Chinese, Szechuan, Pickup, Asian Food, Takeout","3285 Southwest Fwy, Houston, TX 77027, USA","Houston","2022-11-07 21:19:46.0000000"
"MENU_002597","REST_00217","Spicy Boiled Fish","Hot and Spicy Flounder Fillet Celery Cabbage Black Ear Mushroom","4.67702722549438","","","Seafood","$17.50","Trendy Dumpling","Asian, Chinese, Szechuan, Pickup, Asian Food, Takeout","3285 Southwest Fwy, Houston, TX 77027, USA","Houston","2022-11-07 21:19:46.0000000"
"MENU_002598","REST_00217","Spicy Garlic Shrimp","","4.67702722549438","","","Seafood","$17.50","Trendy Dumpling","Asian, Chinese, Szechuan, Pickup, Asian Food, Takeout","3285 Southwest Fwy, Houston, TX 77027, USA","Houston","2022-11-07 21:19:46.0000000"
"MENU_002599","REST_00217","Stir Fried Cabbage","Mild Spicy","4.67702722549438","","","Vegetable","$12.50","Trendy Dumpling","Asian, Chinese, Szechuan, Pickup, Asian Food, Takeout","3285 Southwest Fwy, Houston, TX 77027, USA","Houston","2022-11-07 21:19:46.0000000"
"MENU_002600","REST_00217","Stir-Fried Green Bean","","4.67702722549438","","","Vegetable","$12.50","Trendy Dumpling","Asian, Chinese, Szechuan, Pickup, Asian Food, Takeout","3285 Southwest Fwy, Houston, TX 77027, USA","Houston","2022-11-07 21:19:46.0000000"
"MENU_002601","REST_00217","Walnut Shrimp","Shrimp w sweet Mayo Sauce ","4.67702722549438","","","Seafood","$17.50","Trendy Dumpling","Asian, Chinese, Szechuan, Pickup, Asian Food, Takeout","3285 Southwest Fwy, Houston, TX 77027, USA","Houston","2022-11-07 21:19:46.0000000"
"MENU_002602","REST_00218","ACAI BERRY BOOST™","acai, pomegranate, banana, blueberries & strawberries ","4.76699018478394","","","BALANCED FUSION SMOOTHIES","$8.99","Tropical Smoothie Cafe","Smoothies, Sandwiches, Wraps, Salads, Chicken, Cafe","920 Studemont St, Houston, TX 77007, USA","Houston","2022-11-07 21:13:25.0000000"
"MENU_002603","REST_00218","AVOCOLADA™","avocado, pineapple, spinach, kale, coconut & lime","4.76699018478394","","","SUPER VEGGIE SMOOTHIES","$8.99","Tropical Smoothie Cafe","Smoothies, Sandwiches, Wraps, Salads, Chicken, Cafe","920 Studemont St, Houston, TX 77007, USA","Houston","2022-11-07 21:13:25.0000000"
"MENU_002604","REST_00218","BEACH BUM™","strawberries, banana & chocolate","4.76699018478394","","","TROPICAL TREAT SMOOTHIES","$8.99","Tropical Smoothie Cafe","Smoothies, Sandwiches, Wraps, Salads, Chicken, Cafe","920 Studemont St, Houston, TX 77007, USA","Houston","2022-11-07 21:13:25.0000000"
"MENU_002605","REST_00218","BLIMEY LIMEY™","strawberries, pineapple, orange juice & lime ","4.76699018478394","","","FRUIT BLEND SMOOTHIES","$8.09","Tropical Smoothie Cafe","Smoothies, Sandwiches, Wraps, Salads, Chicken, Cafe","920 Studemont St, Houston, TX 77007, USA","Houston","2022-11-07 21:13:25.0000000"
"MENU_002606","REST_00218","CHIA BANANA BOOST®","banana, chia seeds, almonds, whole-grain oats, cinnamon, dates & coconut with choice of peanut butter or strawberries","4.76699018478394","","","BALANCED FUSION SMOOTHIES","$8.99","Tropical Smoothie Cafe","Smoothies, Sandwiches, Wraps, Salads, Chicken, Cafe","920 Studemont St, Houston, TX 77007, USA","Houston","2022-11-07 21:13:25.0000000"
"MENU_002607","REST_00218","JETTY PUNCH™","strawberries & banana","4.76699018478394","","","FRUIT BLEND SMOOTHIES","$8.09","Tropical Smoothie Cafe","Smoothies, Sandwiches, Wraps, Salads, Chicken, Cafe","920 Studemont St, Houston, TX 77007, USA","Houston","2022-11-07 21:13:25.0000000"
"MENU_002608","REST_00218","KIWI QUENCHER®","kiwi, strawberries & non-fat yogurt","4.76699018478394","","","FRUIT BLEND SMOOTHIES","$8.09","Tropical Smoothie Cafe","Smoothies, Sandwiches, Wraps, Salads, Chicken, Cafe","920 Studemont St, Houston, TX 77007, USA","Houston","2022-11-07 21:13:25.0000000"
"MENU_002609","REST_00218","LEAN MACHINE™","strawberries, banana, fat burner & energizer","4.76699018478394","","","BALANCED FUSION SMOOTHIES","$8.99","Tropical Smoothie Cafe","Smoothies, Sandwiches, Wraps, Salads, Chicken, Cafe","920 Studemont St, Houston, TX 77007, USA","Houston","2022-11-07 21:13:25.0000000"
"MENU_002610","REST_00218","MANGO MAGIC™","mango, pineapple & non-fat yogurt ","4.76699018478394","","","FRUIT BLEND SMOOTHIES","$8.09","Tropical Smoothie Cafe","Smoothies, Sandwiches, Wraps, Salads, Chicken, Cafe","920 Studemont St, Houston, TX 77007, USA","Houston","2022-11-07 21:13:25.0000000"
"MENU_002611","REST_00218","MOCHA MADNESS™ ","chocolate, coffee, cappuccino & non-fat yogurt","4.76699018478394","","","TROPICAL TREAT SMOOTHIES","$8.99","Tropical Smoothie Cafe","Smoothies, Sandwiches, Wraps, Salads, Chicken, Cafe","920 Studemont St, Houston, TX 77007, USA","Houston","2022-11-07 21:13:25.0000000"
"MENU_002612","REST_00218","PARADISE POINT™","strawberries, banana & pineapple","4.76699018478394","","","FRUIT BLEND SMOOTHIES","$8.09","Tropical Smoothie Cafe","Smoothies, Sandwiches, Wraps, Salads, Chicken, Cafe","920 Studemont St, Houston, TX 77007, USA","Houston","2022-11-07 21:13:25.0000000"
"MENU_002613","REST_00218","PEANUT BUTTER CUP™","peanut butter, banana & chocolate ","4.76699018478394","","","TROPICAL TREAT SMOOTHIES","$8.99","Tropical Smoothie Cafe","Smoothies, Sandwiches, Wraps, Salads, Chicken, Cafe","920 Studemont St, Houston, TX 77007, USA","Houston","2022-11-07 21:13:25.0000000"
"MENU_002614","REST_00218","PEANUT PARADISE™","peanut butter, banana, non-fat yogurt & choice of protein","4.76699018478394","","","BALANCED FUSION SMOOTHIES","$8.99","Tropical Smoothie Cafe","Smoothies, Sandwiches, Wraps, Salads, Chicken, Cafe","920 Studemont St, Houston, TX 77007, USA","Houston","2022-11-07 21:13:25.0000000"
"MENU_002615","REST_00218","POMEGRANATE PLUNGE™","pomegranate, banana, cranberry & strawberries","4.76699018478394","","","FRUIT BLEND SMOOTHIES","$8.09","Tropical Smoothie Cafe","Smoothies, Sandwiches, Wraps, Salads, Chicken, Cafe","920 Studemont St, Houston, TX 77007, USA","Houston","2022-11-07 21:13:25.0000000"
"MENU_002616","REST_00218","SUNRISE SUNSET™","strawberries, pineapple, mango & orange juice","4.76699018478394","","","FRUIT BLEND SMOOTHIES","$8.09","Tropical Smoothie Cafe","Smoothies, Sandwiches, Wraps, Salads, Chicken, Cafe","920 Studemont St, Houston, TX 77007, USA","Houston","2022-11-07 21:13:25.0000000"
"MENU_002617","REST_00218","TRIPLE BERRY OAT™","strawberries, blueberries, cranberry, multivitamin, ground flaxseed, whole-grain oats, whey protein & Splenda® ","4.76699018478394","","","BALANCED FUSION SMOOTHIES","$8.99","Tropical Smoothie Cafe","Smoothies, Sandwiches, Wraps, Salads, Chicken, Cafe","920 Studemont St, Houston, TX 77007, USA","Houston","2022-11-07 21:13:25.0000000"
"MENU_002618","REST_00219","Egg & Bacon Pancakes","Egg bacon pancakes","4.18518495559692","","","TruuLove Pancakes","$15.50","TruuLove Cafe","TruuLove Cafe","4102 Almeda Rd, Houston, TX 77004, USA","Houston","2022-10-30 15:12:47.0000000"
"MENU_002619","REST_00220","Pork and Vegetable Bun (Banh Bao)","","4.66666698455811","","","Snacks","$4.50","T's Time","T's Time","2616 Blodgett St, Houston, TX 77004, USA","Houston","2022-10-30 15:39:03.0000000"
"MENU_002620","REST_00221","Mac & Cheese Balls ","3 delicious hand-breaded mac & cheese balls.","4.65250015258789","","","Appetizers","$8.49","Twisted Grilled Cheese","Twisted Grilled Cheese","5555 Washington Ave, Houston, TX 77007, USA","Houston","2022-11-07 21:20:09.0000000"
"MENU_002621","REST_00222","Beyond Taco","Beyond, cotija cheese and southwest pico atop a bed of guacamole drizzled with tomatillo salsa on two corn tortillas.","4.58833312988281","","","Ten Tasty Tacos","$6.19","Uberrito Fresh Mex","Mexican Grill","1609 Durham Drive, Houston, TX 77007, USA","Houston","2022-11-07 21:12:12.0000000"
"MENU_002622","REST_00222","Bottle Mexican Coke","","4.58833312988281","","","Beverages","$4.39","Uberrito Fresh Mex","Mexican Grill","1609 Durham Drive, Houston, TX 77007, USA","Houston","2022-11-07 21:12:12.0000000"
"MENU_002623","REST_00222","Bottled Texas Tea","","4.58833312988281","","","Beverages","$4.39","Uberrito Fresh Mex","Mexican Grill","1609 Durham Drive, Houston, TX 77007, USA","Houston","2022-11-07 21:12:12.0000000"
"MENU_002624","REST_00222","Bottled Water","","4.58833312988281","","","Beverages","$3.49","Uberrito Fresh Mex","Mexican Grill","1609 Durham Drive, Houston, TX 77007, USA","Houston","2022-11-07 21:12:12.0000000"
"MENU_002625","REST_00222","Bowl:  Red Chile Shredded Pork Carnitas","","4.58833312988281","","","New Red Chile Shredded Pork Carnitas","$11.59","Uberrito Fresh Mex","Mexican Grill","1609 Durham Drive, Houston, TX 77007, USA","Houston","2022-11-07 21:12:12.0000000"
"MENU_002626","REST_00222","Bowls","","4.58833312988281","","","Bowls","$9.99","Uberrito Fresh Mex","Mexican Grill","1609 Durham Drive, Houston, TX 77007, USA","Houston","2022-11-07 21:12:12.0000000"
"MENU_002627","REST_00222","Burrito","","4.58833312988281","","","Burritos","$9.99","Uberrito Fresh Mex","Mexican Grill","1609 Durham Drive, Houston, TX 77007, USA","Houston","2022-11-07 21:12:12.0000000"
"MENU_002628","REST_00222","Burrito:  Red Chile Shredded Pork Carnitas","","4.58833312988281","","","New Red Chile Shredded Pork Carnitas","$11.59","Uberrito Fresh Mex","Mexican Grill","1609 Durham Drive, Houston, TX 77007, USA","Houston","2022-11-07 21:12:12.0000000"
"MENU_002629","REST_00222","CBR (Chicken-Bacon-Ranch)","Grilled chicken on a flour tortilla, bacon, tomatoes, serrano-cilantro ranch, lettuce, mixed cheeses & tortilla crouton strips.","4.58833312988281","","","Ten Tasty Tacos","$5.69","Uberrito Fresh Mex","Mexican Grill","1609 Durham Drive, Houston, TX 77007, USA","Houston","2022-11-07 21:12:12.0000000"
"MENU_002630","REST_00222","Chicken Cheesy","Grilled chicken on a flour tortilla, queso, fresh jalapeño, dash of habanero salsa, tomatoes, tortilla crouton strips, & mixed cheeses.","4.58833312988281","","","Ten Tasty Tacos","$5.69","Uberrito Fresh Mex","Mexican Grill","1609 Durham Drive, Houston, TX 77007, USA","Houston","2022-11-07 21:12:12.0000000"
"MENU_002631","REST_00222","Chicken Nuggets","Served with chips, kid's drink, and animal crackers. (12 and under).","4.58833312988281","","","Kid's Menu","$6.99","Uberrito Fresh Mex","Mexican Grill","1609 Durham Drive, Houston, TX 77007, USA","Houston","2022-11-07 21:12:12.0000000"
"MENU_002632","REST_00222","Chips & Queso","","4.58833312988281","","","Sides and More","$7.99","Uberrito Fresh Mex","Mexican Grill","1609 Durham Drive, Houston, TX 77007, USA","Houston","2022-11-07 21:12:12.0000000"
"MENU_002633","REST_00222","Chips & Salsa","","4.58833312988281","","","Sides and More","$3.79","Uberrito Fresh Mex","Mexican Grill","1609 Durham Drive, Houston, TX 77007, USA","Houston","2022-11-07 21:12:12.0000000"
"MENU_002634","REST_00222","Chips and Guacamole","","4.58833312988281","","","Sides and More","$7.99","Uberrito Fresh Mex","Mexican Grill","1609 Durham Drive, Houston, TX 77007, USA","Houston","2022-11-07 21:12:12.0000000"
"MENU_002635","REST_00222","Crispy Tacos","Two ground beef and cheese crispy tacos served with chips, kid’s drink, and animal crackers. (12 and under).","4.58833312988281","","","Kid's Menu","$6.99","Uberrito Fresh Mex","Mexican Grill","1609 Durham Drive, Houston, TX 77007, USA","Houston","2022-11-07 21:12:12.0000000"
"MENU_002636","REST_00222","El Diablo","Sautéed shrimp or tilapia, onions, and jalapeños topped with shredded cheese, jicama slaw, and pickled jalapeños drizzled with zesty tomatillo salsa on two corn tortillas.","4.58833312988281","","","Ten Tasty Tacos","$6.19","Uberrito Fresh Mex","Mexican Grill","1609 Durham Drive, Houston, TX 77007, USA","Houston","2022-11-07 21:12:12.0000000"
"MENU_002637","REST_00222","Forked Pork","Shredded pork carnitas topped with Pico de gallo and shredded cheese drizzled with tomatillo tomato and spicy avocado salsas, and sour cream on two corn tortillas.","4.58833312988281","","","Ten Tasty Tacos","$5.89","Uberrito Fresh Mex","Mexican Grill","1609 Durham Drive, Houston, TX 77007, USA","Houston","2022-11-07 21:12:12.0000000"
"MENU_002638","REST_00222","Greenhorn","Fresh avocado slices topped with cotija cheese, roasted corn dressed with garlic aioli, and jicama slaw drizzled with serrano ranch on a flour tortilla.","4.58833312988281","","","Ten Tasty Tacos","$5.09","Uberrito Fresh Mex","Mexican Grill","1609 Durham Drive, Houston, TX 77007, USA","Houston","2022-11-07 21:12:12.0000000"
"MENU_002639","REST_00222","Kid's Bowl","Served with chips, kid's drink, and animal crackers. (12 and under).","4.58833312988281","","","Kid's Menu","$6.99","Uberrito Fresh Mex","Mexican Grill","1609 Durham Drive, Houston, TX 77007, USA","Houston","2022-11-07 21:12:12.0000000"
"MENU_002640","REST_00222","Kid's Burrito","Served with chips, kid’s drink, and animal crackers. (12 and under).","4.58833312988281","","","Kid's Menu","$6.99","Uberrito Fresh Mex","Mexican Grill","1609 Durham Drive, Houston, TX 77007, USA","Houston","2022-11-07 21:12:12.0000000"
"MENU_002641","REST_00222","Lemonade","","4.58833312988281","","","Beverages","$3.49","Uberrito Fresh Mex","Mexican Grill","1609 Durham Drive, Houston, TX 77007, USA","Houston","2022-11-07 21:12:12.0000000"
"MENU_002642","REST_00222","Make it a Combo","Add a giant cookie or chips and dip, and a drink to complement your entrée.","4.58833312988281","","","Sides and More","$4.29","Uberrito Fresh Mex","Mexican Grill","1609 Durham Drive, Houston, TX 77007, USA","Houston","2022-11-07 21:12:12.0000000"
"MENU_002643","REST_00222","Mexican Donuts","Six fried donuts dusted with cinnamon sugar and powdered sugar. Served with white chocolate sauce and bourbon flavored caramel sauce for dipping.","4.58833312988281","","","Sides and More","$7.89","Uberrito Fresh Mex","Mexican Grill","1609 Durham Drive, Houston, TX 77007, USA","Houston","2022-11-07 21:12:12.0000000"
"MENU_002644","REST_00222","Mini Bowl","","4.58833312988281","","","Bowls","$8.99","Uberrito Fresh Mex","Mexican Grill","1609 Durham Drive, Houston, TX 77007, USA","Houston","2022-11-07 21:12:12.0000000"
"MENU_002645","REST_00222","Mini Bowl: Red Chile Shredded Pork Carnitas","","4.58833312988281","","","New Red Chile Shredded Pork Carnitas","$10.59","Uberrito Fresh Mex","Mexican Grill","1609 Durham Drive, Houston, TX 77007, USA","Houston","2022-11-07 21:12:12.0000000"
"MENU_002646","REST_00222","Mini Burrito","","4.58833312988281","","","Burritos","$8.99","Uberrito Fresh Mex","Mexican Grill","1609 Durham Drive, Houston, TX 77007, USA","Houston","2022-11-07 21:12:12.0000000"
"MENU_002647","REST_00222","Mini Burrito: Red Chile Shredded Pork Carnitas","","4.58833312988281","","","New Red Chile Shredded Pork Carnitas","$10.59","Uberrito Fresh Mex","Mexican Grill","1609 Durham Drive, Houston, TX 77007, USA","Houston","2022-11-07 21:12:12.0000000"
"MENU_002648","REST_00222","Nachos","","4.58833312988281","","","Nachos","$10.99","Uberrito Fresh Mex","Mexican Grill","1609 Durham Drive, Houston, TX 77007, USA","Houston","2022-11-07 21:12:12.0000000"
"MENU_002649","REST_00222","Nachos:  Red Chile Shredded Pork Carnitas","","4.58833312988281","","","New Red Chile Shredded Pork Carnitas","$12.59","Uberrito Fresh Mex","Mexican Grill","1609 Durham Drive, Houston, TX 77007, USA","Houston","2022-11-07 21:12:12.0000000"
"MENU_002650","REST_00222","Off-The-Hook","Fried shrimp or tilapia, cabbage slaw and pico de gallo drizzled with chipotle aioli on two corn tortillas.","4.58833312988281","","","Ten Tasty Tacos","$6.19","Uberrito Fresh Mex","Mexican Grill","1609 Durham Drive, Houston, TX 77007, USA","Houston","2022-11-07 21:12:12.0000000"
"MENU_002651","REST_00222","Quesadilla","Served with chips, kid’s drink, and animal crackers. (12 and under).","4.58833312988281","","","Kid's Menu","$6.99","Uberrito Fresh Mex","Mexican Grill","1609 Durham Drive, Houston, TX 77007, USA","Houston","2022-11-07 21:12:12.0000000"
"MENU_002652","REST_00222","Salad: Red Chile Shredded Pork Carnitas","","4.58833312988281","","","New Red Chile Shredded Pork Carnitas","$11.09","Uberrito Fresh Mex","Mexican Grill","1609 Durham Drive, Houston, TX 77007, USA","Houston","2022-11-07 21:12:12.0000000"
"MENU_002653","REST_00222","Sloppy Cowboy","Shredded Pork, grilled red onions, & potatoes, chile de arbol salsa, serrano-cilantro ranch & mixed cheeses.","4.58833312988281","","","Ten Tasty Tacos","$5.89","Uberrito Fresh Mex","Mexican Grill","1609 Durham Drive, Houston, TX 77007, USA","Houston","2022-11-07 21:12:12.0000000"
"MENU_002654","REST_00222","Soda","","4.58833312988281","","","Beverages","$3.59","Uberrito Fresh Mex","Mexican Grill","1609 Durham Drive, Houston, TX 77007, USA","Houston","2022-11-07 21:12:12.0000000"
"MENU_002655","REST_00222","Tacos","","4.58833312988281","","","Build Your Own Tacos","$9.99","Uberrito Fresh Mex","Mexican Grill","1609 Durham Drive, Houston, TX 77007, USA","Houston","2022-11-07 21:12:12.0000000"
"MENU_002656","REST_00222","Tea","Unsweet, Black Tea","4.58833312988281","","","Beverages","$3.59","Uberrito Fresh Mex","Mexican Grill","1609 Durham Drive, Houston, TX 77007, USA","Houston","2022-11-07 21:12:12.0000000"
"MENU_002657","REST_00222","Texas Cheesesteak","Grilled fajita beef on a flour tortilla, mushrooms, jalapeños, red onions, serrano-cilantro ranch & melted mixed cheeses.","4.58833312988281","","","Ten Tasty Tacos","$5.89","Uberrito Fresh Mex","Mexican Grill","1609 Durham Drive, Houston, TX 77007, USA","Houston","2022-11-07 21:12:12.0000000"
"MENU_002658","REST_00222","Tortilla Soup","With diced chicken and pinto beans topped with shredded cheese, avocado, tortilla strips, and chopped cilantro served with a lime wedge","4.58833312988281","","","Sides and More","$7.39","Uberrito Fresh Mex","Mexican Grill","1609 Durham Drive, Houston, TX 77007, USA","Houston","2022-11-07 21:12:12.0000000"
"MENU_002659","REST_00222","Two Timer","Seasoned ground beef, lettuce, tomatoes, and shredded cheese drizzled with sour cream in a crispy taco shell wrapped in a flour tortilla spread with refried beans.","4.58833312988281","","","Ten Tasty Tacos","$5.29","Uberrito Fresh Mex","Mexican Grill","1609 Durham Drive, Houston, TX 77007, USA","Houston","2022-11-07 21:12:12.0000000"
"MENU_002660","REST_00222","U Pick 2 Meats Bowl","","4.58833312988281","","","Bowls","$13.89","Uberrito Fresh Mex","Mexican Grill","1609 Durham Drive, Houston, TX 77007, USA","Houston","2022-11-07 21:12:12.0000000"
"MENU_002661","REST_00222","U Pick 2 Meats Burrtio","","4.58833312988281","","","Burritos","$13.89","Uberrito Fresh Mex","Mexican Grill","1609 Durham Drive, Houston, TX 77007, USA","Houston","2022-11-07 21:12:12.0000000"
"MENU_002662","REST_00223","Oeuf de Monde (Society Egg)","Gluten-free. Creamy truffled basil egg salad stuffed deviled eggs, bacon, and balsamic.","4.73094701766968","","","Feast","$10.00","Urban Eats","Cafe barista, fast-casual eatery, and gourmand market all in one.","3414 Washington Avenue, Houston, TX 77007, USA","Houston","2022-10-27 23:09:47.0000000"
"MENU_002663","REST_00224","#2 Rotisserie Chicken ","Rotisserie chicken, queso blanco, roasted corn pico, charred tomato poblano salsa, cilantro, corn tortilla","4.7348837852478","","","Chick","$6.30","Velvet Taco","Taco Restaurant","907 Westheimer Rd, Houston, TX 77006, USA","Houston","2022-11-07 21:16:48.0000000"
"MENU_002664","REST_00224","#3.5 Picnic Chicken","Picnic chicken, rotisserie chicken, avocado crema, warm honey-dijon potato salad, crispy chicken skin, cilantro, flour tortilla","4.7348837852478","","","Chick","$6.30","Velvet Taco","Taco Restaurant","907 Westheimer Rd, Houston, TX 77006, USA","Houston","2022-11-07 21:16:48.0000000"
"MENU_002665","REST_00224","Barbacoa Brisket Nachos","blue corn chips, barbacoa-style brisket, white queso blanco, roasted corn pico, mayo crema, salsa verde, queso fresco, micro cilantro","4.7348837852478","","","Sides","$7.15","Velvet Taco","Taco Restaurant","907 Westheimer Rd, Houston, TX 77006, USA","Houston","2022-11-07 21:16:48.0000000"
"MENU_002666","REST_00224","Bottled Water","","4.7348837852478","","","Beverages","$1.80","Velvet Taco","Taco Restaurant","907 Westheimer Rd, Houston, TX 77006, USA","Houston","2022-11-07 21:16:48.0000000"
"MENU_002667","REST_00224","Chicken Fried Steak","breaded steak, caramelized onion & bacon mash, green beans, pepper corn gravy, flour tortilla","4.7348837852478","","","Weekly Taco Feature (WTF)","$6.60","Velvet Taco","Taco Restaurant","907 Westheimer Rd, Houston, TX 77006, USA","Houston","2022-11-07 21:16:48.0000000"
"MENU_002668","REST_00224","GF #2 Rotisserie Chicken","rotisserie chicken, queso blanco, roasted corn pico, charred tomato poblano salsa, cilantro, corn tortilla","4.7348837852478","","","Gluten Free","$6.30","Velvet Taco","Taco Restaurant","907 Westheimer Rd, Houston, TX 77006, USA","Houston","2022-11-07 21:16:48.0000000"
"MENU_002669","REST_00224","GF #3 Roasted Tikka Chicken","rotisserie chicken, spicy tikka sauce, buttered cilantro basmati rice, raita crema, Thai basil, corn tortilla","4.7348837852478","","","Gluten Free","$5.95","Velvet Taco","Taco Restaurant","907 Westheimer Rd, Houston, TX 77006, USA","Houston","2022-11-07 21:16:48.0000000"
"MENU_002670","REST_00224","Kid's Chicken Quesadilla","rotisserie chicken quesadilla served with lime crema | 570 cal.","4.7348837852478","","","Kid's Menu","$5.10","Velvet Taco","Taco Restaurant","907 Westheimer Rd, Houston, TX 77006, USA","Houston","2022-11-07 21:16:48.0000000"
"MENU_002671","REST_00224","Kid's Chicken Taco","rotisserie chicken, white queso, flour tortilla | 280 cal.","4.7348837852478","","","Kid's Menu","$5.10","Velvet Taco","Taco Restaurant","907 Westheimer Rd, Houston, TX 77006, USA","Houston","2022-11-07 21:16:48.0000000"
"MENU_002672","REST_00224","Large Frozen Margarita","Lunazul premium blanco tequila, orange liqueur, fresh limejuice, agave nectar","4.7348837852478","","","Boozy Libations","$13.80","Velvet Taco","Taco Restaurant","907 Westheimer Rd, Houston, TX 77006, USA","Houston","2022-11-07 21:16:48.0000000"
"MENU_002673","REST_00224","Large Rocks Margarita","Lunazul premium blanco tequila, orange liqueur, fresh limejuice, agave nectar","4.7348837852478","","","Boozy Libations","$13.80","Velvet Taco","Taco Restaurant","907 Westheimer Rd, Houston, TX 77006, USA","Houston","2022-11-07 21:16:48.0000000"
"MENU_002674","REST_00224","Paloma (Large)","Lunazul premium blanco tequila, Jarritos grapefruit soda, lime juice, agave nectar, grapefruit","4.7348837852478","","","Boozy Libations","$13.80","Velvet Taco","Taco Restaurant","907 Westheimer Rd, Houston, TX 77006, USA","Houston","2022-11-07 21:16:48.0000000"
"MENU_002675","REST_00224","Paloma (Regular)","Lunazul premium blanco tequila, Jarritos grapefruit soda, lime juice, agave nectar, grapefruit","4.7348837852478","","","Boozy Libations","$10.20","Velvet Taco","Taco Restaurant","907 Westheimer Rd, Houston, TX 77006, USA","Houston","2022-11-07 21:16:48.0000000"
"MENU_002676","REST_00224","Ranch Water","Lunazul premium blanco tequila, lime juice, agave nectarSELECT YOUR FLAVOR: Topo Chico regular, lime or grapefruit","4.7348837852478","","","Boozy Libations","$10.20","Velvet Taco","Taco Restaurant","907 Westheimer Rd, Houston, TX 77006, USA","Houston","2022-11-07 21:16:48.0000000"
"MENU_002677","REST_00224","Regular Frozen Margarita","Lunazul premium blanco tequila, orange liqueur, fresh limejuice, agave nectar","4.7348837852478","","","Boozy Libations","$10.20","Velvet Taco","Taco Restaurant","907 Westheimer Rd, Houston, TX 77006, USA","Houston","2022-11-07 21:16:48.0000000"
"MENU_002678","REST_00224","Regular Rocks Margarita","Lunazul premium blanco tequila, orange liqueur, fresh limejuice, agave nectar","4.7348837852478","","","Boozy Libations","$10.20","Velvet Taco","Taco Restaurant","907 Westheimer Rd, Houston, TX 77006, USA","Houston","2022-11-07 21:16:48.0000000"
"MENU_002679","REST_00224","Topo Chico","","4.7348837852478","","","Beverages","$4.50","Velvet Taco","Taco Restaurant","907 Westheimer Rd, Houston, TX 77006, USA","Houston","2022-11-07 21:16:48.0000000"
"MENU_002680","REST_00225","French Fries","","4.28205108642578","","","Sides","$2.45","Whataburger","Breakfast, Fast Food, Burgers","3636 N Main St, Houston, TX 77009, USA","Houston","2022-10-30 15:02:54.0000000"
"MENU_002681","REST_00226","Nitro Cold Brew","Brewed for 28hrs using our exclusive, single-origin coffee!","4.74509811401367","","","Coffee","$6.00","Wild","Oatmeal, Tacos, Muffin, Breakfast, Coffee, Cafe","2121 N Shepherd Dr b, Houston, TX 77008, USA","Houston","2022-11-07 21:20:42.0000000"
"MENU_002682","REST_00227","#1 Ham","Black Forest Smoked Ham","4.78461503982544","","","Sandwiches","$11.59","World of Sourdough","American, Sandwiches, Salads, Soup, Cookies","2799 Katy Fwy Suite 120, Houston, TX 77007, USA","Houston","2022-11-07 21:14:53.0000000"
"MENU_002683","REST_00227","#10 Veggie","Garden Fresh Lettuce, Tomatoes, Cucumbers, Carrots, Bell Peppers and Avocado","4.78461503982544","","","Sandwiches","$11.59","World of Sourdough","American, Sandwiches, Salads, Soup, Cookies","2799 Katy Fwy Suite 120, Houston, TX 77007, USA","Houston","2022-11-07 21:14:53.0000000"
"MENU_002684","REST_00227","#11 Chicken Salad","Chicken Breast, Celery, Cranberries, Red Grapes and Pecans","4.78461503982544","","","Sandwiches","$11.59","World of Sourdough","American, Sandwiches, Salads, Soup, Cookies","2799 Katy Fwy Suite 120, Houston, TX 77007, USA","Houston","2022-11-07 21:14:53.0000000"
"MENU_002685","REST_00227","#12 Tuna Salad","Albacore Tuna Salad","4.78461503982544","","","Sandwiches","$11.59","World of Sourdough","American, Sandwiches, Salads, Soup, Cookies","2799 Katy Fwy Suite 120, Houston, TX 77007, USA","Houston","2022-11-07 21:14:53.0000000"
"MENU_002686","REST_00227","#13 Garlic Pesto","Gourmet Turkey Breast with Pesto Aioli Spread","4.78461503982544","","","Sandwiches","$11.59","World of Sourdough","American, Sandwiches, Salads, Soup, Cookies","2799 Katy Fwy Suite 120, Houston, TX 77007, USA","Houston","2022-11-07 21:14:53.0000000"
"MENU_002687","REST_00227","#14 Italian","Dry Salami, Thinly Sliced Pepperoni, Mozzarella Cheese, Balsamic Vinegar and Olive Oil","4.78461503982544","","","Sandwiches","$11.59","World of Sourdough","American, Sandwiches, Salads, Soup, Cookies","2799 Katy Fwy Suite 120, Houston, TX 77007, USA","Houston","2022-11-07 21:14:53.0000000"
"MENU_002688","REST_00227","#2 Roast Beef","Top Round London Broil, Thinly Sliced","4.78461503982544","","","Sandwiches","$11.59","World of Sourdough","American, Sandwiches, Salads, Soup, Cookies","2799 Katy Fwy Suite 120, Houston, TX 77007, USA","Houston","2022-11-07 21:14:53.0000000"
"MENU_002689","REST_00227","#3 Turkey","Gourmet Turkey Breast","4.78461503982544","","","Sandwiches","$11.59","World of Sourdough","American, Sandwiches, Salads, Soup, Cookies","2799 Katy Fwy Suite 120, Houston, TX 77007, USA","Houston","2022-11-07 21:14:53.0000000"
"MENU_002690","REST_00227","#4 Ham & Turkey","Black Forest Smoked Ham, Gourmet Turkey Breast","4.78461503982544","","","Sandwiches","$11.59","World of Sourdough","American, Sandwiches, Salads, Soup, Cookies","2799 Katy Fwy Suite 120, Houston, TX 77007, USA","Houston","2022-11-07 21:14:53.0000000"
"MENU_002691","REST_00227","#5 Turkey & Salami","Gourmet Turkey Breast, Genoa Salami","4.78461503982544","","","Sandwiches","$11.59","World of Sourdough","American, Sandwiches, Salads, Soup, Cookies","2799 Katy Fwy Suite 120, Houston, TX 77007, USA","Houston","2022-11-07 21:14:53.0000000"
"MENU_002692","REST_00227","#6 Pastrami","Thinly Sliced Lean Pastrami, Served Hot","4.78461503982544","","","Sandwiches","$11.59","World of Sourdough","American, Sandwiches, Salads, Soup, Cookies","2799 Katy Fwy Suite 120, Houston, TX 77007, USA","Houston","2022-11-07 21:14:53.0000000"
"MENU_002693","REST_00227","#7 Pastrami Reuben with Sauerkraut ","Lean Pastrami, Sauerkraut, Swiss Cheese, Served Hot","4.78461503982544","","","Sandwiches","$11.59","World of Sourdough","American, Sandwiches, Salads, Soup, Cookies","2799 Katy Fwy Suite 120, Houston, TX 77007, USA","Houston","2022-11-07 21:14:53.0000000"
"MENU_002694","REST_00227","#8 Pastrami & Turkey","Thinly Sliced Lean Pastrami, Gourmet Turkey Breast","4.78461503982544","","","Sandwiches","$11.59","World of Sourdough","American, Sandwiches, Salads, Soup, Cookies","2799 Katy Fwy Suite 120, Houston, TX 77007, USA","Houston","2022-11-07 21:14:53.0000000"
"MENU_002695","REST_00227","#9 Cracked Pepper Turkey","Black Pepper Turkey Breast","4.78461503982544","","","Sandwiches","$11.59","World of Sourdough","American, Sandwiches, Salads, Soup, Cookies","2799 Katy Fwy Suite 120, Houston, TX 77007, USA","Houston","2022-11-07 21:14:53.0000000"
"MENU_002696","REST_00227","Caprese (6\ Specialty Sandwich)""","Fresh Mozzarella Cheese, Pesto Aioli, Lettuce, Tomato & Balsamic Glaze, Served Melted or Cold","4.78461503982544","","","Sandwiches","$14.39","World of Sourdough","American, Sandwiches, Salads, Soup, Cookies","2799 Katy Fwy Suite 120, Houston, TX 77007, USA","Houston","2022-11-07 21:14:53.0000000"
"MENU_002697","REST_00227","Chips","Assorted chips for you to choose from.","4.78461503982544","","","Beverages, Chips","$2.50","World of Sourdough","American, Sandwiches, Salads, Soup, Cookies","2799 Katy Fwy Suite 120, Houston, TX 77007, USA","Houston","2022-11-07 21:14:53.0000000"
"MENU_002698","REST_00227","Kids Meal - Mac & Cheese","Mac & Cheese, Applesauce, Milk or Bottled Water (Milk brand my vary from store to store)","4.78461503982544","","","Sandwiches","$11.59","World of Sourdough","American, Sandwiches, Salads, Soup, Cookies","2799 Katy Fwy Suite 120, Houston, TX 77007, USA","Houston","2022-11-07 21:14:53.0000000"
"MENU_002699","REST_00227","Kids Meal - Sandwich","Half Sandwich Served on sliced Honey Wheat Bread, Applesauce, Milk or Bottled Water","4.78461503982544","","","Sandwiches","$11.59","World of Sourdough","American, Sandwiches, Salads, Soup, Cookies","2799 Katy Fwy Suite 120, Houston, TX 77007, USA","Houston","2022-11-07 21:14:53.0000000"
"MENU_002700","REST_00227","Par Baked Baguette","Our San Francisco Sourdough Baguette partially baked, ready to bake at home for that just out of the oven flavor.","4.78461503982544","","","Retail","$5.25","World of Sourdough","American, Sandwiches, Salads, Soup, Cookies","2799 Katy Fwy Suite 120, Houston, TX 77007, USA","Houston","2022-11-07 21:14:53.0000000"
"MENU_002701","REST_00227","Smoked Brisket (6\ Specialty Sandwich)""","SAVORY SMOKED BRISKET, HOUSE SPREAD, TOMATOES, GREEN CHILI COLESLAW, BARBECUE SAUCE, CHEDDAR CHEESE, PREPARED HOT","4.78461503982544","","","Sandwiches","$14.39","World of Sourdough","American, Sandwiches, Salads, Soup, Cookies","2799 Katy Fwy Suite 120, Houston, TX 77007, USA","Houston","2022-11-07 21:14:53.0000000"
"MENU_002702","REST_00227","The French Dip (6\ Specialty Sandwich)""","Served with House Spread, Swiss Cheese, Au Jus, Served Hot","4.78461503982544","","","Sandwiches","$14.39","World of Sourdough","American, Sandwiches, Salads, Soup, Cookies","2799 Katy Fwy Suite 120, Houston, TX 77007, USA","Houston","2022-11-07 21:14:53.0000000"
"MENU_002703","REST_00227","White Chocolate Macadamia","White Chocolate Macadamia","4.78461503982544","","","Fresh Baked Cookies","$2.50","World of Sourdough","American, Sandwiches, Salads, Soup, Cookies","2799 Katy Fwy Suite 120, Houston, TX 77007, USA","Houston","2022-11-07 21:14:53.0000000"
"MENU_002704","REST_00228","Loaded Mac and Cheese","Waffle fries topped with chicken bites and mac&cheese","4.66253900527954","","","Main","$17.99","Yummy's Hot Chicken","Yummy's bite","1001 Westheimer Rd, Houston, TX 77042, USA","Houston","2022-10-30 15:12:47.0000000"
"MENU_002705","REST_00229","12\ Buffalo Chicken""","Frank's hot sauce reduction, chicken, chives, and blue cheese ranch.","4.66852378845215","","","12\ Medium""","$19.59","Zalat Pizza","Pizza Restaurant","510 Gray St b2, Houston, TX 77002, USA","Houston","2022-11-07 21:12:43.0000000"
"MENU_002706","REST_00229","12\ Cheese""","Housemade crust, housemade marinara, and cheese.","4.66852378845215","","","12\ Medium""","$13.79","Zalat Pizza","Pizza Restaurant","510 Gray St b2, Houston, TX 77002, USA","Houston","2022-11-07 21:12:43.0000000"
"MENU_002707","REST_00229","12\ Chicken Teriyaki""","Chicken, red onions, sweet teriyaki sauce base with a little sesame seed and swirl, and cilantro garnish.","4.66852378845215","","","12\ Medium""","$19.59","Zalat Pizza","Pizza Restaurant","510 Gray St b2, Houston, TX 77002, USA","Houston","2022-11-07 21:12:43.0000000"
"MENU_002708","REST_00229","12\ Crave""","All-beef pepperoni, salami, cracked black pepper, and red onions.","4.66852378845215","","","12\ Medium""","$18.39","Zalat Pizza","Pizza Restaurant","510 Gray St b2, Houston, TX 77002, USA","Houston","2022-11-07 21:12:43.0000000"
"MENU_002709","REST_00229","12\ Elote""","SriRANCHa™ base, corn, lemon pepper, Parmesan, cilantro garnish, and Valentina swirl.","4.66852378845215","","","12\ Medium""","$18.39","Zalat Pizza","Pizza Restaurant","510 Gray St b2, Houston, TX 77002, USA","Houston","2022-11-07 21:12:43.0000000"
"MENU_002710","REST_00229","12\ Hottie""","All-beef pepperoni, crushed red pepper, jalapeños, Tabasco, and Sriracha.","4.66852378845215","","","12\ Medium""","$17.29","Zalat Pizza","Pizza Restaurant","510 Gray St b2, Houston, TX 77002, USA","Houston","2022-11-07 21:12:43.0000000"
"MENU_002711","REST_00229","12\ Loaded Notato""","Bacon, cheddar, jalapenos, chives, blue cheese ranch and SriRANCHa™.","4.66852378845215","","","12\ Medium""","$19.59","Zalat Pizza","Pizza Restaurant","510 Gray St b2, Houston, TX 77002, USA","Houston","2022-11-07 21:12:43.0000000"
"MENU_002712","REST_00229","12\ Margherita""","Sliced Roma tomatoes, roasted grape tomatoes, fresh mozzarella, basil, and balsamic glaze.","4.66852378845215","","","12\ Medium""","$19.59","Zalat Pizza","Pizza Restaurant","510 Gray St b2, Houston, TX 77002, USA","Houston","2022-11-07 21:12:43.0000000"
"MENU_002713","REST_00229","12\ Meatza""","All-beef pepperoni, sausage, salami, and bacon.","4.66852378845215","","","12\ Medium""","$19.59","Zalat Pizza","Pizza Restaurant","510 Gray St b2, Houston, TX 77002, USA","Houston","2022-11-07 21:12:43.0000000"
"MENU_002714","REST_00229","12\ Nashville Hot Chicken & Pickles""","Texas meets Nashville! Crunchy pickles slathered with sweet and spicy Nashville Hot sauce, SriRANCHa™, chicken, and red onions. Crushed red pepper and black pepper add a little kick.","4.66852378845215","","","12\ Medium""","$19.59","Zalat Pizza","Pizza Restaurant","510 Gray St b2, Houston, TX 77002, USA","Houston","2022-11-07 21:12:43.0000000"
"MENU_002715","REST_00229","12\ NYC""","New York-style pizza, slightly greasy, with extra oregano. Choose between Cheese, Pepperoni, Sausage, or Half Pepperoni / Half Sausage.","4.66852378845215","","","12\ Medium""","$13.79","Zalat Pizza","Pizza Restaurant","510 Gray St b2, Houston, TX 77002, USA","Houston","2022-11-07 21:12:43.0000000"
"MENU_002716","REST_00229","12\ OG""","All-beef pepperoni, salami, cracked black pepper, and pickled giardiniera.","4.66852378845215","","","12\ Medium""","$18.39","Zalat Pizza","Pizza Restaurant","510 Gray St b2, Houston, TX 77002, USA","Houston","2022-11-07 21:12:43.0000000"
"MENU_002717","REST_00229","12\ Pepperoni Masterclass""","Zalat teaches a masterclass in the art of pepperoni pizza. We start with copious amounts of 100% all-beef pepperoni. Add a dash of oregano. A dash of cracked black pepper. And we anchor this greasy, savory, New York pizza deliciousness with crushed garlic.","4.66852378845215","","","12\ Medium""","$18.39","Zalat Pizza","Pizza Restaurant","510 Gray St b2, Houston, TX 77002, USA","Houston","2022-11-07 21:12:43.0000000"
"MENU_002718","REST_00229","12\ Pepperoni""","Housemade crust, housemade marinara, and cheese, with all-beef pepperoni.","4.66852378845215","","","12\ Medium""","$14.99","Zalat Pizza","Pizza Restaurant","510 Gray St b2, Houston, TX 77002, USA","Houston","2022-11-07 21:12:43.0000000"
"MENU_002719","REST_00229","12\ Pesto Veggie""","This pizza pie starts with a Tompesto sauce base, a concoction of our house made pizza sauce and pine nut-free basil pesto.  It’s topped with premium mozzarella, baby spinach, red bell peppers, caramelized onions, a house blend of spices, and garnished with chives and a balsamic reduction.  It’s veggie pizza - but bougie.","4.66852378845215","","","12\ Medium""","$18.39","Zalat Pizza","Pizza Restaurant","510 Gray St b2, Houston, TX 77002, USA","Houston","2022-11-07 21:12:43.0000000"
"MENU_002720","REST_00229","12\ Pho Shizzle""","Chicken, red bell peppers, caramelized onions, hoisin and sriracha swirl, topped with basil and cilantro garnish.","4.66852378845215","","","12\ Medium""","$19.59","Zalat Pizza","Pizza Restaurant","510 Gray St b2, Houston, TX 77002, USA","Houston","2022-11-07 21:12:43.0000000"
"MENU_002721","REST_00229","12\ Pineapple Express""","The Pineapple Express is sweet and heat perfection. Even people who hate pineapple on pizza LOVE our Pineapple Express! It has bacon, pineapple, crushed red pepper, jalapenos, teriyaki base with a little sesame seed and top swirl, and garnished with fresh cilantro post-bake. This may be our best pizza!","4.66852378845215","","","12\ Medium""","$18.39","Zalat Pizza","Pizza Restaurant","510 Gray St b2, Houston, TX 77002, USA","Houston","2022-11-07 21:12:43.0000000"
"MENU_002722","REST_00229","12\ Sausage""","Housemade crust, housemade marinara, and cheese, with sausage.","4.66852378845215","","","12\ Medium""","$14.99","Zalat Pizza","Pizza Restaurant","510 Gray St b2, Houston, TX 77002, USA","Houston","2022-11-07 21:12:43.0000000"
"MENU_002723","REST_00229","12\ Sausage+Pepperoni""","","4.66852378845215","","","12\ Medium""","$14.99","Zalat Pizza","Pizza Restaurant","510 Gray St b2, Houston, TX 77002, USA","Houston","2022-11-07 21:12:43.0000000"
"MENU_002724","REST_00229","12\ Simple Basil""","All-beef pepperoni, cracked black pepper, and fresh basil.","4.66852378845215","","","12\ Medium""","$18.39","Zalat Pizza","Pizza Restaurant","510 Gray St b2, Houston, TX 77002, USA","Houston","2022-11-07 21:12:43.0000000"
"MENU_002725","REST_00229","12\ Sweet Revenge""","Bacon onion jam with infinity swirls of house-made hot honey, mozzarella, salami, crushed red pepper, fresh basil, and a little extra basil on the side. This is likely the best pizza you have ever had in your life.","4.66852378845215","","","12\ Medium""","$20.69","Zalat Pizza","Pizza Restaurant","510 Gray St b2, Houston, TX 77002, USA","Houston","2022-11-07 21:12:43.0000000"
"MENU_002726","REST_00229","12\ Zealot (Our Supreme)""","All-beef pepperoni, sausage, salami, red onions, black olives, mushrooms, red bell peppers, and chives.","4.66852378845215","","","12\ Medium""","$19.59","Zalat Pizza","Pizza Restaurant","510 Gray St b2, Houston, TX 77002, USA","Houston","2022-11-07 21:12:43.0000000"
"MENU_002727","REST_00229","14\ Loaded Notato""","Bacon, cheddar, jalapenos, chives, blue cheese ranch and SriRANCHa™.","4.66852378845215","","","14” Large","$21.89","Zalat Pizza","Pizza Restaurant","510 Gray St b2, Houston, TX 77002, USA","Houston","2022-11-07 21:12:43.0000000"
"MENU_002728","REST_00229","18\ Loaded Notato""","Bacon, cheddar, jalapenos, chives, blue cheese ranch and SriRANCHa™.","4.66852378845215","","","18” GIANT","$26.49","Zalat Pizza","Pizza Restaurant","510 Gray St b2, Houston, TX 77002, USA","Houston","2022-11-07 21:12:43.0000000"
"MENU_002729","REST_00229","Cheesy App","Cheddar & mozzarella cheesy breadsticks with marinara, buffalo sauce and SriRANCHa™.","4.66852378845215","","","Appetizers","$11.50","Zalat Pizza","Pizza Restaurant","510 Gray St b2, Houston, TX 77002, USA","Houston","2022-11-07 21:12:43.0000000"
"MENU_002730","REST_00230","3-Meat Breakfast Bowl","Scrambled eggs, sausage, ham, and bacon mixed with pico de gallo, pepper jack cheese and potatoes. Served in a bowl and topped with cheddar cheese.","0","","","Breakfast Items","$7.49","Zelda's Teriyaki","Teriyaki, Chicken, Gluten-Free, Dessert","2616 Blodgett St, Houston, TX 77004, USA","Houston","2022-10-27 23:23:53.0000000"
"MENU_002731","REST_00230","3-Meat Monster Burrito","Eggs, cheddar cheese, diced sausage, cumbled bacon, chopped ham, and mexi fries, scrambled together and rolled in a zesty salsa tortilla.","0","","","Breakfast Items","$6.99","Zelda's Teriyaki","Teriyaki, Chicken, Gluten-Free, Dessert","2616 Blodgett St, Houston, TX 77004, USA","Houston","2022-10-27 23:23:53.0000000"
"MENU_002732","REST_00230","3-Meat Skillet","Country potatoes, bacon bits, diced sausage, diced ham, pico de gallo, and cheddar cheese served on a platter topped with two eggs (any style), and cheddar cheese served with your choice of two slices of toast (white or wheat).","0","","","Breakfast Items","$10.99","Zelda's Teriyaki","Teriyaki, Chicken, Gluten-Free, Dessert","2616 Blodgett St, Houston, TX 77004, USA","Houston","2022-10-27 23:23:53.0000000"
"MENU_002733","REST_00230","4-Piece Boneless Wings","Crispy, breaded, all-white chicken bites coated in buffalo, sweet and spicy, sweet BBQ, garlic Parmesan, mango habanero sauce, or teriyaki.","0","","","Kings Items","$6.29","Zelda's Teriyaki","Teriyaki, Chicken, Gluten-Free, Dessert","2616 Blodgett St, Houston, TX 77004, USA","Houston","2022-10-27 23:23:53.0000000"
"MENU_002734","REST_00230","8-Piece Boneless Wings","Crispy, breaded, all-white chicken bites coated in buffalo, sweet and spicy, sweet BBQ, garlic parmesan, mango habanero sauce or teriyaki.","0","","","Kings Items","$9.49","Zelda's Teriyaki","Teriyaki, Chicken, Gluten-Free, Dessert","2616 Blodgett St, Houston, TX 77004, USA","Houston","2022-10-27 23:23:53.0000000"
"MENU_002735","REST_00230","Amigos Famous Ranch Dressing","Amigos Famous Ranch Dressing made from scratch.","0","","","Sauces & Salsas","$0.50","Zelda's Teriyaki","Teriyaki, Chicken, Gluten-Free, Dessert","2616 Blodgett St, Houston, TX 77004, USA","Houston","2022-10-27 23:23:53.0000000"
"MENU_002736","REST_00230","Aztec Street Taco Platter","Shredded beef, grilled chicken or marinated steak folded into lightly grilled corn tortillas topped with onion, fresh cilantro, and a zesty lime wedge.","0","","","Amigos Items","$8.24","Zelda's Teriyaki","Teriyaki, Chicken, Gluten-Free, Dessert","2616 Blodgett St, Houston, TX 77004, USA","Houston","2022-10-27 23:23:53.0000000"
"MENU_002737","REST_00230","Aztec Street Tacos","Shredded beef, grilled chicken or marinated steak folded into lightly grilled corn tortillas topped with onion, fresh cilantro, and a zesty lime wedge.","0","","","Amigos Items","$3.99","Zelda's Teriyaki","Teriyaki, Chicken, Gluten-Free, Dessert","2616 Blodgett St, Houston, TX 77004, USA","Houston","2022-10-27 23:23:53.0000000"
"MENU_002738","REST_00230","Bacon Breakfast Burrito Fast Pack","Eight Breakfast Burritos served with 8 Spicy Salsas and 8 FREE Amigos Famous Ranch.","0","","","Fast Pack - 8 Pack Grab & Go","$32.49","Zelda's Teriyaki","Teriyaki, Chicken, Gluten-Free, Dessert","2616 Blodgett St, Houston, TX 77004, USA","Houston","2022-10-27 23:23:53.0000000"
"MENU_002739","REST_00230","Bacon Ranch Kingburger","Two all-beef patties topped with crisp bacon, tomato, lettuce, two slices of melted pepper jack cheese, and ranch dressing in a seeded bun.","0","","","Kings Items","$7.99","Zelda's Teriyaki","Teriyaki, Chicken, Gluten-Free, Dessert","2616 Blodgett St, Houston, TX 77004, USA","Houston","2022-10-27 23:23:53.0000000"
"MENU_002740","REST_00230","Bagel Bun Sandwich","Sausage patty or bacon, egg patty, American cheese and mayonnaise, all on a soft bagel bun.","0","","","Breakfast Items","$5.99","Zelda's Teriyaki","Teriyaki, Chicken, Gluten-Free, Dessert","2616 Blodgett St, Houston, TX 77004, USA","Houston","2022-10-27 23:23:53.0000000"
"MENU_002741","REST_00230","Bagel Bun Sandwich Combo Meal","Sausage patty or bacon, egg patty, American cheese and mayonnaise, all on a soft bagel bun.","0","","","Breakfast Combo Meals","$8.49","Zelda's Teriyaki","Teriyaki, Chicken, Gluten-Free, Dessert","2616 Blodgett St, Houston, TX 77004, USA","Houston","2022-10-27 23:23:53.0000000"
"MENU_002742","REST_00230","Banana Chia Pudding","Chia seeds soaked overnight in oat milk and sweetened with raw cane sugar. (Gluten-free, vegan)","0","","","Desserts","$6.00","Zelda's Teriyaki","Teriyaki, Chicken, Gluten-Free, Dessert","2616 Blodgett St, Houston, TX 77004, USA","Houston","2022-10-30 15:10:12.0000000"
"MENU_002743","REST_00230","BBQ Jack Burger","A seeded bun with an all-beef patty topped with pepper jack cheese, bacon, crunchy onion straws, and BBQ mayo sauce.","0","","","Kings Items","$6.99","Zelda's Teriyaki","Teriyaki, Chicken, Gluten-Free, Dessert","2616 Blodgett St, Houston, TX 77004, USA","Houston","2022-10-27 23:23:53.0000000"
"MENU_002744","REST_00230","Biscuit & Gravy","One golden buttermilk biscuit cut in half and covered with country-style sausage gravy.","0","","","Breakfast Items","$4.99","Zelda's Teriyaki","Teriyaki, Chicken, Gluten-Free, Dessert","2616 Blodgett St, Houston, TX 77004, USA","Houston","2022-10-27 23:23:53.0000000"
"MENU_002745","REST_00230","Biscuit n Gravy Burrito Combo ","Scramble eggs, diced sausage, crumbled buttermilk biscuit and country-style sausage gravy. Served in a warm homestyle tortilla.","0","","","Breakfast Combo Meals","$7.49","Zelda's Teriyaki","Teriyaki, Chicken, Gluten-Free, Dessert","2616 Blodgett St, Houston, TX 77004, USA","Houston","2022-10-27 23:23:53.0000000"
"MENU_002746","REST_00230","Biscuits & Gravy Combo Meal","One golden buttermilk biscuit cut in half and covered with country-style sausage gravy.","0","","","Breakfast Combo Meals","$7.99","Zelda's Teriyaki","Teriyaki, Chicken, Gluten-Free, Dessert","2616 Blodgett St, Houston, TX 77004, USA","Houston","2022-10-27 23:23:53.0000000"
"MENU_002747","REST_00230","Biscuits n Gravy Burrito","Scramble eggs, diced sausage, crumbled buttermilk biscuit and country-style sausage gravy. Served in a warm homestyle tortilla.","0","","","Breakfast Items","$4.69","Zelda's Teriyaki","Teriyaki, Chicken, Gluten-Free, Dessert","2616 Blodgett St, Houston, TX 77004, USA","Houston","2022-10-27 23:23:53.0000000"
"MENU_002748","REST_00230","Blended Frappe","Ice blend of Monin® syrup, Ghiradelli® sauces, milk, ice and espresso. Garnished with whipped cream.","0","","","Kopeli Coffee","$5.29","Zelda's Teriyaki","Teriyaki, Chicken, Gluten-Free, Dessert","2616 Blodgett St, Houston, TX 77004, USA","Houston","2022-10-27 23:23:53.0000000"
"MENU_002749","REST_00230","Bottled Water","","0","","","Drinks","$2.79","Zelda's Teriyaki","Teriyaki, Chicken, Gluten-Free, Dessert","2616 Blodgett St, Houston, TX 77004, USA","Houston","2022-10-27 23:23:53.0000000"
"MENU_002750","REST_00230","Breakfast Burrito","Diced sausage, crumbled bacon, chorizo sausage, or marinated steak with scrambled eggs, cheddar cheese, pico de gallo wrapped in a homestyle tortilla.","0","","","Breakfast Items","$4.99","Zelda's Teriyaki","Teriyaki, Chicken, Gluten-Free, Dessert","2616 Blodgett St, Houston, TX 77004, USA","Houston","2022-10-27 23:23:53.0000000"
"MENU_002751","REST_00230","Breakfast Burrito Combo Meal","Diced sausage, crumbled bacon, chorizo sausage, or marinated steak with scrambled eggs, cheddar cheese, pico de gallo wrapped in a homestyle tortilla.","0","","","Breakfast Combo Meals","$7.99","Zelda's Teriyaki","Teriyaki, Chicken, Gluten-Free, Dessert","2616 Blodgett St, Houston, TX 77004, USA","Houston","2022-10-27 23:23:53.0000000"
"MENU_002752","REST_00230","Breakfast Sandwich Combo Meal","Sausage or bacon topped with an egg patty and slice of American cheese served on an English muffin or buttermilk biscuit.","0","","","Breakfast Combo Meals","$7.79","Zelda's Teriyaki","Teriyaki, Chicken, Gluten-Free, Dessert","2616 Blodgett St, Houston, TX 77004, USA","Houston","2022-10-27 23:23:53.0000000"
"MENU_002753","REST_00230","Breakfast Taquito","Scrambled eggs, diced sausage, diced ham, crumbled bacon, spicy cheese sauce and crumbled mexi fries rolled in a corn/flour tortilla and fried crisp.","0","","","Breakfast Items","$2.99","Zelda's Teriyaki","Teriyaki, Chicken, Gluten-Free, Dessert","2616 Blodgett St, Houston, TX 77004, USA","Houston","2022-10-27 23:23:53.0000000"
"MENU_002754","REST_00230","Breakfast Taquitos Combo Meal","Includes two. Scrambled eggs, diced sausage, diced ham, crumbled bacon, spicy cheese sauce and crumbled mexi fries rolled in a corn/flour tortilla and fried crisp.","0","","","Breakfast Combo Meals","$7.49","Zelda's Teriyaki","Teriyaki, Chicken, Gluten-Free, Dessert","2616 Blodgett St, Houston, TX 77004, USA","Houston","2022-10-27 23:23:53.0000000"
"MENU_002755","REST_00230","Caramel Latte","Espresso with steamed milk. Served hot or iced.","0","","","Kopeli Coffee","$4.79","Zelda's Teriyaki","Teriyaki, Chicken, Gluten-Free, Dessert","2616 Blodgett St, Houston, TX 77004, USA","Houston","2022-10-27 23:23:53.0000000"
"MENU_002756","REST_00230","Cheese Enchilada","Monterey jack cheese and onion rolled in a flour tortilla, smothered with enchilada sauce and cheddar cheese.","0","","","Amigos Items","$6.99","Zelda's Teriyaki","Teriyaki, Chicken, Gluten-Free, Dessert","2616 Blodgett St, Houston, TX 77004, USA","Houston","2022-10-27 23:23:53.0000000"
"MENU_002757","REST_00230","Cheese Frenchee","Sandwich with American cheese and salad dressing that’s hand-dipped in egg batter and cracker crumbs and fried to a golden brown. Three triangle sections with two sliced pickles in an order.","0","","","Kings Items","$5.99","Zelda's Teriyaki","Teriyaki, Chicken, Gluten-Free, Dessert","2616 Blodgett St, Houston, TX 77004, USA","Houston","2022-10-27 23:23:53.0000000"
"MENU_002758","REST_00230","Cheese Frenchee Kids Meal","Sandwich with American cheese and salad dressing that’s hand-dipped in egg batter and cracker crumbs and fried to a golden brown. Three triangle sections with two sliced pickles in an order.","0","","","Kids’ Meals","$5.99","Zelda's Teriyaki","Teriyaki, Chicken, Gluten-Free, Dessert","2616 Blodgett St, Houston, TX 77004, USA","Houston","2022-10-27 23:23:53.0000000"
"MENU_002759","REST_00230","Cheeseburger","An all-beef patties topped with one slice of melted American cheese, diced onions, pickles, ketchup, and mustard in a seeded bun.","0","","","Kings Items","$4.29","Zelda's Teriyaki","Teriyaki, Chicken, Gluten-Free, Dessert","2616 Blodgett St, Houston, TX 77004, USA","Houston","2022-10-27 23:23:53.0000000"
"MENU_002760","REST_00230","Cheeseburger Kids Meal","An all-beef patty topped with one slice  of melted American cheese, pickles, ketchup, and mustard in a seeded bun.","0","","","Kids’ Meals","$5.99","Zelda's Teriyaki","Teriyaki, Chicken, Gluten-Free, Dessert","2616 Blodgett St, Houston, TX 77004, USA","Houston","2022-10-27 23:23:53.0000000"
"MENU_002761","REST_00230","Cheesy Burrito","Lots of melted cheddar cheese, and a thin layer of refritos rolled in a flour tortilla.","0","","","Amigos Items","$4.99","Zelda's Teriyaki","Teriyaki, Chicken, Gluten-Free, Dessert","2616 Blodgett St, Houston, TX 77004, USA","Houston","2022-10-27 23:23:53.0000000"
"MENU_002762","REST_00230","Cheesy Burrito Fast Packs","Eight Cheesy Burritos served with 8 Spicy Salsas and 8 FREE Amigos Famous Ranch.","0","","","Fast Pack - 8 Packs","$32.49","Zelda's Teriyaki","Teriyaki, Chicken, Gluten-Free, Dessert","2616 Blodgett St, Houston, TX 77004, USA","Houston","2022-10-27 23:23:53.0000000"
"MENU_002763","REST_00230","Cheesy Kids Meal","Lots of melted cheddar cheese, and a thin layer of refritos rolled in a flour tortilla.","0","","","Kids’ Meals","$5.99","Zelda's Teriyaki","Teriyaki, Chicken, Gluten-Free, Dessert","2616 Blodgett St, Houston, TX 77004, USA","Houston","2022-10-27 23:23:53.0000000"
"MENU_002764","REST_00230","Cheesy Ranch Party Dip","Refritos, Amigos Famous Ranch, Spicy Cheese Sauce, shredded cheddar cheese, sour cream, tomatoes, green onion and black olives.","0","","","Limited Time","$6.49","Zelda's Teriyaki","Teriyaki, Chicken, Gluten-Free, Dessert","2616 Blodgett St, Houston, TX 77004, USA","Houston","2022-10-27 23:23:53.0000000"
"MENU_002765","REST_00230","Chicken Bites","Tender white meat that is coated in batter and fried crisp.","0","","","Kings Items","$7.99","Zelda's Teriyaki","Teriyaki, Chicken, Gluten-Free, Dessert","2616 Blodgett St, Houston, TX 77004, USA","Houston","2022-10-27 23:23:53.0000000"
"MENU_002766","REST_00230","Chicken Bites Kids Meal","Tender white meat that is coated in batter and fried crisp.","0","","","Kids’ Meals","$6.49","Zelda's Teriyaki","Teriyaki, Chicken, Gluten-Free, Dessert","2616 Blodgett St, Houston, TX 77004, USA","Houston","2022-10-27 23:23:53.0000000"
"MENU_002767","REST_00230","Chicken Build It Burrito or Bowl","Starts with  sour cream, Pepper Jack Cheese and cilantro rice. Pick beans (pinto and black), veggies (corn relish, cilantro and onion, and fajita peppers), salsa (pico de gallo, diablo salsa, and salsa verde).","0","","","Build It Burritos and Bowls","$7.99","Zelda's Teriyaki","Teriyaki, Chicken, Gluten-Free, Dessert","2616 Blodgett St, Houston, TX 77004, USA","Houston","2022-10-27 23:23:53.0000000"
"MENU_002768","REST_00230","Chicken Soft Taco","Seasoned grilled chicken, cheddar cheese, sour cream, and lettuce in a soft flour tortilla.","0","","","Amigos Items","$5.49","Zelda's Teriyaki","Teriyaki, Chicken, Gluten-Free, Dessert","2616 Blodgett St, Houston, TX 77004, USA","Houston","2022-10-27 23:23:53.0000000"
"MENU_002769","REST_00230","Chicken Soft Taco Fast Pack","Eight Chicken Soft Tacos served with 8 Spicy Salsas and 8 FREE Amigos Famous Ranch.","0","","","Fast Pack - 8 Packs","$32.49","Zelda's Teriyaki","Teriyaki, Chicken, Gluten-Free, Dessert","2616 Blodgett St, Houston, TX 77004, USA","Houston","2022-10-27 23:23:53.0000000"
"MENU_002770","REST_00230","Chicken Street Taco Lime Crema","Marinated Chicken with fresh pico de gallo, homemade lime crema sauce and Cotija cheese crumbles, all wrapped in lightly grilled corn tortillas and served with a lime wedge.","0","","","Amigos Items","$3.69","Zelda's Teriyaki","Teriyaki, Chicken, Gluten-Free, Dessert","2616 Blodgett St, Houston, TX 77004, USA","Houston","2022-10-27 23:23:53.0000000"
"MENU_002771","REST_00230","Chicken Taco Salad","Lettuce blend, grilled chicken, cheddar cheese, black olives, green onions, and tomatoes served in fresh, crisp tortilla bowl topped with sour cream and tortilla strips.","0","","","Amigos Items","$9.99","Zelda's Teriyaki","Teriyaki, Chicken, Gluten-Free, Dessert","2616 Blodgett St, Houston, TX 77004, USA","Houston","2022-10-27 23:23:53.0000000"
"MENU_002772","REST_00230","Chips & Salsa","Tortilla chips served with a side of our made from scratch salsa","0","","","Sides","$3.74","Zelda's Teriyaki","Teriyaki, Chicken, Gluten-Free, Dessert","2616 Blodgett St, Houston, TX 77004, USA","Houston","2022-10-27 23:23:53.0000000"
"MENU_002773","REST_00230","Cinnamon Roll","A classic, glazed Cinnamon Roll.","0","","","Donut Holes & More","$3.11","Zelda's Teriyaki","Teriyaki, Chicken, Gluten-Free, Dessert","2616 Blodgett St, Houston, TX 77004, USA","Houston","2022-10-27 23:23:53.0000000"
"MENU_002774","REST_00230","Cold Brew with Salted Caramel Sweet Cream","Slow-steeped cold brew from Kopeli coffee beans mixed with ice and topped with salted cream cold foam. ","0","","","Kopeli Coffee","$4.29","Zelda's Teriyaki","Teriyaki, Chicken, Gluten-Free, Dessert","2616 Blodgett St, Houston, TX 77004, USA","Houston","2022-10-27 23:23:53.0000000"
"MENU_002775","REST_00230","Combo 1. Soft Taco","Seasoned ground beef, cheddar cheese, lettuce, and sour cream rolled in a soft flour tortilla.","0","","","Combo Meals","$10.29","Zelda's Teriyaki","Teriyaki, Chicken, Gluten-Free, Dessert","2616 Blodgett St, Houston, TX 77004, USA","Houston","2022-10-27 23:23:53.0000000"
"MENU_002776","REST_00230","Combo 10. BBQ Jack Burger","A seeded bun with an all-beef patty topped with pepper jack cheese, bacon, crunchy onion straws, and BBQ mayo sauce.","0","","","Combo Meals","$10.99","Zelda's Teriyaki","Teriyaki, Chicken, Gluten-Free, Dessert","2616 Blodgett St, Houston, TX 77004, USA","Houston","2022-10-27 23:23:53.0000000"
"MENU_002777","REST_00230","Combo 11. Double Cheeseburger","Two all-beef patties topped with two slices of melted American cheese, diced onions, pickles, ketchup, and mustard in a seeded bun.","0","","","Combo Meals","$11.49","Zelda's Teriyaki","Teriyaki, Chicken, Gluten-Free, Dessert","2616 Blodgett St, Houston, TX 77004, USA","Houston","2022-10-27 23:23:53.0000000"
"MENU_002778","REST_00230","Combo 12. Cheeseburger","An all-beef patties topped with one slice of melted American cheese, diced onions, pickles, ketchup, and mustard in a seeded bun.","0","","","Combo Meals","$9.29","Zelda's Teriyaki","Teriyaki, Chicken, Gluten-Free, Dessert","2616 Blodgett St, Houston, TX 77004, USA","Houston","2022-10-27 23:23:53.0000000"
"MENU_002779","REST_00230","Combo 13. Chicken Bites","Tender white meat that is coated in batter and fried crisp.","0","","","Combo Meals","$11.79","Zelda's Teriyaki","Teriyaki, Chicken, Gluten-Free, Dessert","2616 Blodgett St, Houston, TX 77004, USA","Houston","2022-10-27 23:23:53.0000000"
"MENU_002780","REST_00230","Combo 14. Cheese Frenchee","Sandwich with American cheese and salad dressing that’s hand-dipped in egg batter and cracker crumbs and fried to a golden brown. Three triangle sections with two sliced pickles in an order.","0","","","Combo Meals","$10.49","Zelda's Teriyaki","Teriyaki, Chicken, Gluten-Free, Dessert","2616 Blodgett St, Houston, TX 77004, USA","Houston","2022-10-27 23:23:53.0000000"
"MENU_002781","REST_00230","Combo 2. Crisp Chicken","Seasoned grilled chicken, cream cheese, green onions, and mild green chilies rolled in a crisp golden tortilla.","0","","","Combo Meals","$10.49","Zelda's Teriyaki","Teriyaki, Chicken, Gluten-Free, Dessert","2616 Blodgett St, Houston, TX 77004, USA","Houston","2022-10-27 23:23:53.0000000"
"MENU_002782","REST_00230","Combo 2. Crisp Meat","Seasoned ground beef and cheddar cheese rolled in a flour tortilla and fried crisp.","0","","","Combo Meals","$10.49","Zelda's Teriyaki","Teriyaki, Chicken, Gluten-Free, Dessert","2616 Blodgett St, Houston, TX 77004, USA","Houston","2022-10-27 23:23:53.0000000"
"MENU_002783","REST_00230","Combo 3. Two Crisp Tacos","Seasoned ground beef, cheddar cheese, and lettuce in a crisp corn shell.","0","","","Combo Meals","$9.49","Zelda's Teriyaki","Teriyaki, Chicken, Gluten-Free, Dessert","2616 Blodgett St, Houston, TX 77004, USA","Houston","2022-10-27 23:23:53.0000000"
"MENU_002784","REST_00230","Combo 4. Chicken Soft Taco","Seasoned grilled chicken, cheddar cheese, sour cream, and lettuce in a soft flour tortilla.","0","","","Combo Meals","$10.79","Zelda's Teriyaki","Teriyaki, Chicken, Gluten-Free, Dessert","2616 Blodgett St, Houston, TX 77004, USA","Houston","2022-10-27 23:23:53.0000000"
"MENU_002785","REST_00230","Combo 5. Cheesy Burrito","Lots of melted cheddar cheese, and a thin layer of refritos rolled in a flour tortilla.","0","","","Combo Meals","$10.29","Zelda's Teriyaki","Teriyaki, Chicken, Gluten-Free, Dessert","2616 Blodgett St, Houston, TX 77004, USA","Houston","2022-10-27 23:23:53.0000000"
"MENU_002786","REST_00230","Combo 6. Grilled Roll-Up","Grilled or southwest chicken, pepper jack cheese, pico de gallo, lettuce, and ranch dressing inside a grilled salsa tortilla.","0","","","Combo Meals","$12.49","Zelda's Teriyaki","Teriyaki, Chicken, Gluten-Free, Dessert","2616 Blodgett St, Houston, TX 77004, USA","Houston","2022-10-27 23:23:53.0000000"
"MENU_002787","REST_00230","Combo 7. Quesadilla Burrito","Marinated steak, grilled chicken, or southwest chicken, with bacon bits, cheddar cheese, and Pepper jack cheese, ranch dressing, and pico de gallo, all wrapped in a grilled flour tortilla.","0","","","Combo Meals","$10.99","Zelda's Teriyaki","Teriyaki, Chicken, Gluten-Free, Dessert","2616 Blodgett St, Houston, TX 77004, USA","Houston","2022-10-27 23:23:53.0000000"
"MENU_002788","REST_00230","Combo 8. Grilled Grande Burrito","Southwest chicken, steak, or taco meat with refritos, crumbled mexi fries, cheese sauce, and ranch all rolled in a homestyle tortilla that’s grilled.","0","","","Combo Meals","$10.99","Zelda's Teriyaki","Teriyaki, Chicken, Gluten-Free, Dessert","2616 Blodgett St, Houston, TX 77004, USA","Houston","2022-10-27 23:23:53.0000000"
"MENU_002789","REST_00230","Combo 9. Bacon Ranch Kingburger","Two all-beef patties topped with crisp bacon, tomato, lettuce, two slices of melted pepper jack cheese, and ranch dressing in a seeded bun.","0","","","Combo Meals","$12.49","Zelda's Teriyaki","Teriyaki, Chicken, Gluten-Free, Dessert","2616 Blodgett St, Houston, TX 77004, USA","Houston","2022-10-27 23:23:53.0000000"
"MENU_002790","REST_00230","Combo Burrito","Seasoned ground beef, refritos, cheese, enchilada sauce, and sour cream rolled in a soft flour tortilla.","0","","","Amigos Items","$4.99","Zelda's Teriyaki","Teriyaki, Chicken, Gluten-Free, Dessert","2616 Blodgett St, Houston, TX 77004, USA","Houston","2022-10-27 23:23:53.0000000"
"MENU_002791","REST_00230","Combo Burrito Fast Pack","Eight Combination Burritos served with 8 Spicy Salsas and 8 FREE Amigos Famous Ranch.","0","","","Fast Pack - 8 Packs","$32.49","Zelda's Teriyaki","Teriyaki, Chicken, Gluten-Free, Dessert","2616 Blodgett St, Houston, TX 77004, USA","Houston","2022-10-27 23:23:53.0000000"
"MENU_002792","REST_00230","Country Breakfast Bowl","Scrambled eggs, sausage, green peppers, and onion, cheddar cheese, and hash brown potatoes mixed in a bowl and topped with sausage gravy and cheese.","0","","","Breakfast Items","$7.49","Zelda's Teriyaki","Teriyaki, Chicken, Gluten-Free, Dessert","2616 Blodgett St, Houston, TX 77004, USA","Houston","2022-10-27 23:23:53.0000000"
"MENU_002793","REST_00230","Country Fried Steak Breakfast Bowl","Scrambled eggs, country fried steak, green peppers, and onion, cheddar cheese, and hash brown potatoes mixed in a bowl and topped with sausage gravy and cheese.","0","","","Breakfast Items","$7.49","Zelda's Teriyaki","Teriyaki, Chicken, Gluten-Free, Dessert","2616 Blodgett St, Houston, TX 77004, USA","Houston","2022-10-27 23:23:53.0000000"
"MENU_002794","REST_00230","Country Fried Steak Skillet","Country potatoes, diced country fried steak, onion/pepper mix, and cheddar cheese served on a platter topped with sausage gravy, two scrambled eggs and cheddar cheese served with your choice of two slices of toast (white or wheat).","0","","","Breakfast Items","$11.49","Zelda's Teriyaki","Teriyaki, Chicken, Gluten-Free, Dessert","2616 Blodgett St, Houston, TX 77004, USA","Houston","2022-10-27 23:23:53.0000000"
"MENU_002795","REST_00230","Country Skillet","Country potatoes, diced sausage, onion/pepper mix, and cheddar cheese served on a platter topped with sausage gravy, two scrambled eggs and cheddar cheese served with your choice of two slices of toast (white or wheat).","0","","","Breakfast Items","$10.99","Zelda's Teriyaki","Teriyaki, Chicken, Gluten-Free, Dessert","2616 Blodgett St, Houston, TX 77004, USA","Houston","2022-10-27 23:23:53.0000000"
"MENU_002796","REST_00230","Crisp Bacon Ranch Chicken Burrito","Seasoned grilled chicken, bacon, and Ranch dressing mixed with cream cheese all rolled inside a crispy flour tortilla.","0","","","Limited Time","$4.99","Zelda's Teriyaki","Teriyaki, Chicken, Gluten-Free, Dessert","2616 Blodgett St, Houston, TX 77004, USA","Houston","2022-10-27 23:23:53.0000000"
"MENU_002797","REST_00230","Crisp Bacon Ranch Chicken Burrito Combo Meal","Seasoned grilled chicken, bacon, and Ranch dressing mixed with cream cheese all rolled inside a crispy flour tortilla.","0","","","Limited Time","$9.99","Zelda's Teriyaki","Teriyaki, Chicken, Gluten-Free, Dessert","2616 Blodgett St, Houston, TX 77004, USA","Houston","2022-10-27 23:23:53.0000000"
"MENU_002798","REST_00230","Crisp Cheesy Burrito Combo Meal","Cream cheese, cheddar cheese, and Pepper Jack cheese rolled inside a crisp flour tortilla.","0","","","Limited Time","$9.99","Zelda's Teriyaki","Teriyaki, Chicken, Gluten-Free, Dessert","2616 Blodgett St, Houston, TX 77004, USA","Houston","2022-10-27 23:23:53.0000000"
"MENU_002799","REST_00230","Crisp Chicken Burrito","Seasoned grilled chicken, cream cheese, green onions, and mild green chilies rolled in a crisp golden tortilla.","0","","","Amigos Items","$4.99","Zelda's Teriyaki","Teriyaki, Chicken, Gluten-Free, Dessert","2616 Blodgett St, Houston, TX 77004, USA","Houston","2022-10-27 23:23:53.0000000"
"MENU_002800","REST_00230","Crisp Chicken Burrito Fast Pack","Eight Crisp Chicken Burritos served with 8 Spicy Salsas and 8 FREE Amigos Famous Ranch.","0","","","Fast Pack - 8 Packs","$32.49","Zelda's Teriyaki","Teriyaki, Chicken, Gluten-Free, Dessert","2616 Blodgett St, Houston, TX 77004, USA","Houston","2022-10-27 23:23:53.0000000"
"MENU_002801","REST_00230","Crisp Crab Rangoon Fast Pack","Eight Crisp Crab Rangoon Burritos served with 8 Spicy Salsas and 8 FREE Amigos Famous Ranch.","0","","","Fast Pack - 8 Packs","$29.99","Zelda's Teriyaki","Teriyaki, Chicken, Gluten-Free, Dessert","2616 Blodgett St, Houston, TX 77004, USA","Houston","2022-10-27 23:23:53.0000000"
"MENU_002802","REST_00230","Crisp Meat Burrito","Seasoned ground beef and cheddar cheese rolled in a flour tortilla and fried crisp.","0","","","Amigos Items","$4.99","Zelda's Teriyaki","Teriyaki, Chicken, Gluten-Free, Dessert","2616 Blodgett St, Houston, TX 77004, USA","Houston","2022-10-27 23:23:53.0000000"
"MENU_002803","REST_00230","Crisp Meat Burrito Fast Pack","Eight Crisp Meat Burritos served with 8 Spicy Salsas and 8 FREE Amigos Famous Ranch.","0","","","Fast Pack - 8 Packs","$32.49","Zelda's Teriyaki","Teriyaki, Chicken, Gluten-Free, Dessert","2616 Blodgett St, Houston, TX 77004, USA","Houston","2022-10-27 23:23:53.0000000"
"MENU_002804","REST_00230","Crisp Pinto Burrito","Refritos and cheese rolled in a fried flour tortilla.","0","","","Amigos Items","$2.99","Zelda's Teriyaki","Teriyaki, Chicken, Gluten-Free, Dessert","2616 Blodgett St, Houston, TX 77004, USA","Houston","2022-10-27 23:23:53.0000000"
"MENU_002805","REST_00230","Crispos","Chips sprinkled with cinnamon sugar.","0","","","Sides","$3.24","Zelda's Teriyaki","Teriyaki, Chicken, Gluten-Free, Dessert","2616 Blodgett St, Houston, TX 77004, USA","Houston","2022-10-27 23:23:53.0000000"
"MENU_002806","REST_00230","Crispy Cheesy Burrito","Cream cheese, cheddar cheese, and Pepper Jack cheese rolled inside a crisp flour tortilla.","0","","","Limited Time","$4.99","Zelda's Teriyaki","Teriyaki, Chicken, Gluten-Free, Dessert","2616 Blodgett St, Houston, TX 77004, USA","Houston","2022-10-27 23:23:53.0000000"
"MENU_002807","REST_00230","Double Cheeseburger","Two all-beef patties topped with two slices of melted American cheese, diced onions, pickles, ketchup, and mustard in a seeded bun.","0","","","Kings Items","$7.49","Zelda's Teriyaki","Teriyaki, Chicken, Gluten-Free, Dessert","2616 Blodgett St, Houston, TX 77004, USA","Houston","2022-10-27 23:23:53.0000000"
"MENU_002808","REST_00230","Double Crunch Chicken Taco","Get both a soft flour shell and crisp flour shell stuffed with refritos, marinated chicken, sour cream, cheddar cheese, lettuce and Chipotle Ranch.  Double good!!","0","","","Limited Time","$4.49","Zelda's Teriyaki","Teriyaki, Chicken, Gluten-Free, Dessert","2616 Blodgett St, Houston, TX 77004, USA","Houston","2022-10-27 23:23:53.0000000"
"MENU_002809","REST_00230","Double Crunch Taco Combo Meal","Your choice of Taco Meat or Chicken in both a soft flour shell and crisp flour shell stuffed with refritos, sour cream, cheddar cheese, lettuce and Chipotle Ranch. What a combination of flavors! Includes regular size Mexi Fries and a medium Soft Drink.","0","","","Limited Time","$9.99","Zelda's Teriyaki","Teriyaki, Chicken, Gluten-Free, Dessert","2616 Blodgett St, Houston, TX 77004, USA","Houston","2022-10-27 23:23:53.0000000"
"MENU_002810","REST_00230","Dozen Warm Donut Holes","Assortment of Cinnamon Sugar Cake, Glazed Cake, Cinnamon Sugar Raised, and Glazed Raised Donut Holes.","0","","","Donut Holes & More","$4.99","Zelda's Teriyaki","Teriyaki, Chicken, Gluten-Free, Dessert","2616 Blodgett St, Houston, TX 77004, USA","Houston","2022-10-27 23:23:53.0000000"
"MENU_002811","REST_00230","Egg Sandwich","Sausage or bacon topped with an egg patty and slice of American cheese served on an English muffin or buttermilk biscuit.","0","","","Breakfast Items","$4.99","Zelda's Teriyaki","Teriyaki, Chicken, Gluten-Free, Dessert","2616 Blodgett St, Houston, TX 77004, USA","Houston","2022-10-27 23:23:53.0000000"
"MENU_002812","REST_00230","Fiesta Lime Chicken Salad","Seasoned grilled chicken, black beans, red peppers, corn, cheddar cheese, tomatoes, and green onion, all on a blend of lettuce. Served with lime wedges. Available in half size. Recommended dressing: Honey Lime.","0","","","Amigos Items","$9.99","Zelda's Teriyaki","Teriyaki, Chicken, Gluten-Free, Dessert","2616 Blodgett St, Houston, TX 77004, USA","Houston","2022-10-27 23:23:53.0000000"
"MENU_002813","REST_00230","French Fries","Crisp-coated french fries","0","","","Sides","$3.99","Zelda's Teriyaki","Teriyaki, Chicken, Gluten-Free, Dessert","2616 Blodgett St, Houston, TX 77004, USA","Houston","2022-10-27 23:23:53.0000000"
"MENU_002814","REST_00230","Glacier Twist","Soft-serve vanilla ice cream layered with slush mix, flavored syrup, and topped with whipped cream and a maraschino cherry.","0","","","Fast N Frosty","$4.99","Zelda's Teriyaki","Teriyaki, Chicken, Gluten-Free, Dessert","2616 Blodgett St, Houston, TX 77004, USA","Houston","2022-10-27 23:23:53.0000000"
"MENU_002815","REST_00230","Grande Breakfast Burrito","Sausage, bacon, 3 Meat, Country Sausage or Country Fried Steak with scrambled eggs, American cheese, crumbled mexi fries, and ranch all wrapped in a grilled homestyle tortilla.","0","","","Breakfast Items","$5.99","Zelda's Teriyaki","Teriyaki, Chicken, Gluten-Free, Dessert","2616 Blodgett St, Houston, TX 77004, USA","Houston","2022-10-27 23:23:53.0000000"
"MENU_002816","REST_00230","Grande Breakfast Burrito Combo Meal","Sausage, bacon, 3 Meat, Country Sausage or Country Fried Steak with scrambled eggs, American cheese, crumbled mexi fries, and ranch all wrapped in a grilled homestyle tortilla.","0","","","Breakfast Combo Meals","$8.79","Zelda's Teriyaki","Teriyaki, Chicken, Gluten-Free, Dessert","2616 Blodgett St, Houston, TX 77004, USA","Houston","2022-10-27 23:23:53.0000000"
"MENU_002817","REST_00230","Grilled Grande Burrito","Southwest chicken, steak, or taco meat with refritos, crumbled mexi fries, cheese sauce, and ranch all rolled in a homestyle tortilla that’s grilled.","0","","","Amigos Items","$6.29","Zelda's Teriyaki","Teriyaki, Chicken, Gluten-Free, Dessert","2616 Blodgett St, Houston, TX 77004, USA","Houston","2022-10-27 23:23:53.0000000"
"MENU_002818","REST_00230","Grilled Rollup","Grilled or southwest chicken, pepper jack cheese, pico de gallo, lettuce, and ranch dressing inside a grilled salsa tortilla.","0","","","Amigos Items","$8.79","Zelda's Teriyaki","Teriyaki, Chicken, Gluten-Free, Dessert","2616 Blodgett St, Houston, TX 77004, USA","Houston","2022-10-27 23:23:53.0000000"
"MENU_002819","REST_00230","Half Dozen Jumbo Donut Holes","JUMBO Birthday Cake Filled.","0","","","Donut Holes & More","$5.36","Zelda's Teriyaki","Teriyaki, Chicken, Gluten-Free, Dessert","2616 Blodgett St, Houston, TX 77004, USA","Houston","2022-10-27 23:23:53.0000000"
"MENU_002820","REST_00230","Half Dozen Jumbo Filled Donut Holes","JUMBO Birthday Cake Filled.","0","","","Donut Holes & More","$5.36","Zelda's Teriyaki","Teriyaki, Chicken, Gluten-Free, Dessert","2616 Blodgett St, Houston, TX 77004, USA","Houston","2022-10-27 23:23:53.0000000"
"MENU_002821","REST_00230","Iced Coffee","Espresso with Kopeli coffee, half & half, and ice. Add vanilla, hazelnut, or caramel Monin® flavoring.","0","","","Kopeli Coffee","$3.29","Zelda's Teriyaki","Teriyaki, Chicken, Gluten-Free, Dessert","2616 Blodgett St, Houston, TX 77004, USA","Houston","2022-10-27 23:23:53.0000000"
"MENU_002822","REST_00230","Kopeli Brewed Coffee","Kopeli blend made with locally roasted beans.","0","","","Kopeli Coffee","$2.29","Zelda's Teriyaki","Teriyaki, Chicken, Gluten-Free, Dessert","2616 Blodgett St, Houston, TX 77004, USA","Houston","2022-10-27 23:23:53.0000000"
"MENU_002823","REST_00230","Large Size","","0","","","Drinks","$2.99","Zelda's Teriyaki","Teriyaki, Chicken, Gluten-Free, Dessert","2616 Blodgett St, Houston, TX 77004, USA","Houston","2022-10-27 23:23:53.0000000"
"MENU_002824","REST_00230","Lime Crema Shrimp Burrito","","0","","","Amigos Items","$7.99","Zelda's Teriyaki","Teriyaki, Chicken, Gluten-Free, Dessert","2616 Blodgett St, Houston, TX 77004, USA","Houston","2022-10-27 23:23:53.0000000"
"MENU_002825","REST_00230","Limeades","Refreshing combination of sierra mist, ice, cherry flavoring, and lime wedges, topped with a cherry.","0","","","Fast N Frosty","$3.49","Zelda's Teriyaki","Teriyaki, Chicken, Gluten-Free, Dessert","2616 Blodgett St, Houston, TX 77004, USA","Houston","2022-10-27 23:23:53.0000000"
"MENU_002826","REST_00230","Macchiato","Monin® caramel syrup and steamed milk topped with espresso, garnished with froth and caramel syrup.","0","","","Kopeli Coffee","$4.79","Zelda's Teriyaki","Teriyaki, Chicken, Gluten-Free, Dessert","2616 Blodgett St, Houston, TX 77004, USA","Houston","2022-10-27 23:23:53.0000000"
"MENU_002827","REST_00230","Meat Enchilada","Seasoned ground beef, monterey jack cheese, and onions rolled in a flour tortilla then topped with enchilada sauce and cheese sauce.","0","","","Amigos Items","$7.99","Zelda's Teriyaki","Teriyaki, Chicken, Gluten-Free, Dessert","2616 Blodgett St, Houston, TX 77004, USA","Houston","2022-10-27 23:23:53.0000000"
"MENU_002828","REST_00230","Meat Nacho","An appetizer or a meal in itself! Crisp corn chips covered with refritos, enchilada sauce, melted cheddar, and jack cheese, and topped with seasoned ground beef, guacamole, sour cream, and tomatoes.","0","","","Amigos Items","$9.99","Zelda's Teriyaki","Teriyaki, Chicken, Gluten-Free, Dessert","2616 Blodgett St, Houston, TX 77004, USA","Houston","2022-10-27 23:23:53.0000000"
"MENU_002829","REST_00230","Meat Works Nacho","An appetizer or a meal in itself! Crisp corn chips covered with refritos, enchilada sauce, melted cheddar, and jack cheese, and topped with seasoned ground beef, guacamole, sour cream, tomatoes, lettuce, green onion, and olives.","0","","","Amigos Items","$10.49","Zelda's Teriyaki","Teriyaki, Chicken, Gluten-Free, Dessert","2616 Blodgett St, Houston, TX 77004, USA","Houston","2022-10-27 23:23:53.0000000"
"MENU_002830","REST_00230","Medium Shake","Our creamy soft-serve ice cream blended with milk and flavoring.","0","","","Fast N Frosty","$4.99","Zelda's Teriyaki","Teriyaki, Chicken, Gluten-Free, Dessert","2616 Blodgett St, Houston, TX 77004, USA","Houston","2022-10-27 23:23:53.0000000"
"MENU_002831","REST_00230","Medium Size","","0","","","Drinks","$2.79","Zelda's Teriyaki","Teriyaki, Chicken, Gluten-Free, Dessert","2616 Blodgett St, Houston, TX 77004, USA","Houston","2022-10-27 23:23:53.0000000"
"MENU_002832","REST_00230","Medium Smoothie","An icy combination of our soft-serve ice cream, fruit flavorings, and slush mix. Available in three sizes.","0","","","Fast N Frosty","$4.99","Zelda's Teriyaki","Teriyaki, Chicken, Gluten-Free, Dessert","2616 Blodgett St, Houston, TX 77004, USA","Houston","2022-10-27 23:23:53.0000000"
"MENU_002833","REST_00230","Mexi Fries","Tater gems served crispy on the outside and soft on the inside. Dusted with seasoning.","0","","","Sides","$3.99","Zelda's Teriyaki","Teriyaki, Chicken, Gluten-Free, Dessert","2616 Blodgett St, Houston, TX 77004, USA","Houston","2022-10-27 23:23:53.0000000"
"MENU_002834","REST_00230","Mexi Fry Nacho","Golden, crisp mexi fries covered with refritos, ranch dressing, cheese sauce, and seasoned ground beef topped with tomatoes, green onion, sour cream, and guacamole.","0","","","Amigos Items","$8.49","Zelda's Teriyaki","Teriyaki, Chicken, Gluten-Free, Dessert","2616 Blodgett St, Houston, TX 77004, USA","Houston","2022-10-27 23:23:53.0000000"
"MENU_002835","REST_00230","Monster Burrito Combo Meal","Eggs, cheddar cheese, diced sausage, cumbled bacon, chopped ham, and mexi fries, scrambled together and rolled in a zesty salsa tortilla.","0","","","Breakfast Combo Meals","$8.99","Zelda's Teriyaki","Teriyaki, Chicken, Gluten-Free, Dessert","2616 Blodgett St, Houston, TX 77004, USA","Houston","2022-10-27 23:23:53.0000000"
"MENU_002836","REST_00230","Nacho","An appetizer or a meal in itself! Crisp corn chips covered with refritos, enchilada sauce, melted cheddar, and jack cheese, and topped with guacamole, sour cream, and tomatoes.","0","","","Amigos Items","$9.19","Zelda's Teriyaki","Teriyaki, Chicken, Gluten-Free, Dessert","2616 Blodgett St, Houston, TX 77004, USA","Houston","2022-10-27 23:23:53.0000000"
"MENU_002837","REST_00230","Nut & Berry Chicken Salad","Our lettuce blend topped with grilled chicken, jack cheese, dried cranberries, and tasty glazed walnuts. Served with poppyseed dressing.","0","","","Amigos Items","$9.99","Zelda's Teriyaki","Teriyaki, Chicken, Gluten-Free, Dessert","2616 Blodgett St, Houston, TX 77004, USA","Houston","2022-10-27 23:23:53.0000000"
"MENU_002838","REST_00230","Order of Mexican Rice","Order of Mexican Rice","0","","","Sides","$3.49","Zelda's Teriyaki","Teriyaki, Chicken, Gluten-Free, Dessert","2616 Blodgett St, Houston, TX 77004, USA","Houston","2022-10-27 23:23:53.0000000"
"MENU_002839","REST_00230","Order of Refritos","Order of Beans","0","","","Sides","$3.49","Zelda's Teriyaki","Teriyaki, Chicken, Gluten-Free, Dessert","2616 Blodgett St, Houston, TX 77004, USA","Houston","2022-10-27 23:23:53.0000000"
"MENU_002840","REST_00230","Quesadilla Burrito Combo Meal","Diced sausage, crumbled bacon, three meat  with scrambled eggs, pepper jack cheese, cheddar cheese, pico de gallo, and ranch rolled in a grilled homestyle tortilla.","0","","","Breakfast Combo Meals","$8.99","Zelda's Teriyaki","Teriyaki, Chicken, Gluten-Free, Dessert","2616 Blodgett St, Houston, TX 77004, USA","Houston","2022-10-27 23:23:53.0000000"
"MENU_002841","REST_00230","Quesadilla Burritos","Marinated steak, grilled chicken, or southwest chicken, with bacon bits, cheddar cheese, and pepper jack cheese, ranch dressing, and pico de gallo, all wrapped in a grilled flour tortilla.","0","","","Amigos Items","$6.79","Zelda's Teriyaki","Teriyaki, Chicken, Gluten-Free, Dessert","2616 Blodgett St, Houston, TX 77004, USA","Houston","2022-10-27 23:23:53.0000000"
"MENU_002842","REST_00230","Quesadilla Burritos","Diced sausage, crumbled bacon or three meat, scrambled eggs, pepper jack cheese, cheddar cheese, pico de gallo, and ranch rolled in a grilled homestyle tortilla.","0","","","Breakfast Items","$5.99","Zelda's Teriyaki","Teriyaki, Chicken, Gluten-Free, Dessert","2616 Blodgett St, Houston, TX 77004, USA","Houston","2022-10-27 23:23:53.0000000"
"MENU_002843","REST_00230","Sausage Burrito Fast Pack","Eight Sausage Breakfast Burritos served with 8 Spicy Salsas and 8 FREE Amigos Famous Ranch.","0","","","Fast Pack - 8 Pack Grab & Go","$32.49","Zelda's Teriyaki","Teriyaki, Chicken, Gluten-Free, Dessert","2616 Blodgett St, Houston, TX 77004, USA","Houston","2022-10-27 23:23:53.0000000"
"MENU_002844","REST_00230","Shredded Beef Build It Burrito or Bowl","Starts with  sour cream, Pepper Jack Cheese and cilantro rice. Pick beans (pinto and black), veggies (corn relish, cilantro and onion, and fajita peppers), salsa (pico de gallo, diablo salsa, and salsa verde).","0","","","Build It Burritos and Bowls","$9.29","Zelda's Teriyaki","Teriyaki, Chicken, Gluten-Free, Dessert","2616 Blodgett St, Houston, TX 77004, USA","Houston","2022-10-27 23:23:53.0000000"
"MENU_002845","REST_00230","Small Shake","Our creamy soft-serve ice cream blended with milk and flavoring.","0","","","Fast N Frosty","$4.49","Zelda's Teriyaki","Teriyaki, Chicken, Gluten-Free, Dessert","2616 Blodgett St, Houston, TX 77004, USA","Houston","2022-10-27 23:23:53.0000000"
"MENU_002846","REST_00230","Small Smoothie","An icy combination of our soft-serve ice cream, fruit flavorings, and slush mix. Available in three sizes.","0","","","Fast N Frosty","$4.49","Zelda's Teriyaki","Teriyaki, Chicken, Gluten-Free, Dessert","2616 Blodgett St, Houston, TX 77004, USA","Houston","2022-10-27 23:23:53.0000000"
"MENU_002847","REST_00230","Soft Meat Burrito","Seasoned ground beef, cheddar cheese, and enchilada sauce wrapped in a steamy flour tortilla.","0","","","Amigos Items","$4.99","Zelda's Teriyaki","Teriyaki, Chicken, Gluten-Free, Dessert","2616 Blodgett St, Houston, TX 77004, USA","Houston","2022-10-27 23:23:53.0000000"
"MENU_002848","REST_00230","Soft Pinto Burrito","Refritos, cheese, and enchilada sauce in a flour tortilla.","0","","","Amigos Items","$3.49","Zelda's Teriyaki","Teriyaki, Chicken, Gluten-Free, Dessert","2616 Blodgett St, Houston, TX 77004, USA","Houston","2022-10-27 23:23:53.0000000"
"MENU_002849","REST_00230","Soft Taco","Seasoned ground beef, cheddar cheese, lettuce, and sour cream rolled in a soft flour tortilla.","0","","","Amigos Items","$4.99","Zelda's Teriyaki","Teriyaki, Chicken, Gluten-Free, Dessert","2616 Blodgett St, Houston, TX 77004, USA","Houston","2022-10-27 23:23:53.0000000"
"MENU_002850","REST_00230","Soft Taco Fast Pack","Eight Soft Tacos - Our Best Sellers! Served with 8 Spicy Salsas and 8 FREE Amigos Famous Ranch","0","","","Fast Pack - 8 Packs","$32.49","Zelda's Teriyaki","Teriyaki, Chicken, Gluten-Free, Dessert","2616 Blodgett St, Houston, TX 77004, USA","Houston","2022-10-27 23:23:53.0000000"
"MENU_002851","REST_00230","Soft Taco Kids Meal","Seasoned ground beef, cheddar cheese, lettuce, and sour cream rolled in a soft flour tortilla.","0","","","Kids’ Meals","$5.99","Zelda's Teriyaki","Teriyaki, Chicken, Gluten-Free, Dessert","2616 Blodgett St, Houston, TX 77004, USA","Houston","2022-10-27 23:23:53.0000000"
"MENU_002852","REST_00230","Southwest Chicken Premium Salad","A bed of lettuce topped with spicy breaded chicken, cheddar cheese, pico de gallo, corn and bean mix, pepita seeds and crispy tortilla strips. Served with zesty ranch dressing.","0","","","Amigos Items","$9.99","Zelda's Teriyaki","Teriyaki, Chicken, Gluten-Free, Dessert","2616 Blodgett St, Houston, TX 77004, USA","Houston","2022-10-27 23:23:53.0000000"
"MENU_002853","REST_00230","Spicy Cheese Sauce","Amigos Spicy Cheese Sauce made from scratch.","0","","","Sauces & Salsas","$0.50","Zelda's Teriyaki","Teriyaki, Chicken, Gluten-Free, Dessert","2616 Blodgett St, Houston, TX 77004, USA","Houston","2022-10-27 23:23:53.0000000"
"MENU_002854","REST_00230","Steak Build It Burrito or Bowl","Starts with  sour cream, Pepper Jack Cheese and cilantro rice. Pick beans (pinto and black), veggies (corn relish, cilantro and onion, and fajita peppers), salsa (pico de gallo, diablo salsa, and salsa verde).","0","","","Build It Burritos and Bowls","$9.29","Zelda's Teriyaki","Teriyaki, Chicken, Gluten-Free, Dessert","2616 Blodgett St, Houston, TX 77004, USA","Houston","2022-10-27 23:23:53.0000000"
"MENU_002855","REST_00230","Steak Street Taco Lime Crema","Marinated steak with fresh pico de gallo, homemade lime crema sauce and Cotija cheese crumbles, all wrapped in lightly grilled corn tortillas and served with a lime wedge.","0","","","Amigos Items","$4.49","Zelda's Teriyaki","Teriyaki, Chicken, Gluten-Free, Dessert","2616 Blodgett St, Houston, TX 77004, USA","Houston","2022-10-27 23:23:53.0000000"
"MENU_002856","REST_00230","Sweet Loren's Chocolate Chunk Edible Cookie Dough","Creamy, smooth and scoop-able gluten-free cookie dough. Delicious taste from only clean ingredients. Spoon under lid (3.6 oz). (Gluten-free, vegan)","0","","","Desserts","$7.00","Zelda's Teriyaki","Teriyaki, Chicken, Gluten-Free, Dessert","2616 Blodgett St, Houston, TX 77004, USA","Houston","2022-10-30 15:10:12.0000000"
"MENU_002857","REST_00230","Taco","Seasoned ground beef, cheddar cheese, and lettuce in a crisp corn shell.","0","","","Amigos Items","$2.49","Zelda's Teriyaki","Teriyaki, Chicken, Gluten-Free, Dessert","2616 Blodgett St, Houston, TX 77004, USA","Houston","2022-10-27 23:23:53.0000000"
"MENU_002858","REST_00230","Taco Kids Meal","Seasoned ground beef, cheddar cheese, and lettuce in a crisp corn shell.","0","","","Kids’ Meals","$5.99","Zelda's Teriyaki","Teriyaki, Chicken, Gluten-Free, Dessert","2616 Blodgett St, Houston, TX 77004, USA","Houston","2022-10-27 23:23:53.0000000"
"MENU_002859","REST_00230","Taco Salad","Lettuce blend, seasoned ground beef, cheddar cheese, black olives, green onions, and tomatoes served in fresh, crisp tortilla bowl topped with sour cream and tortilla strips.","0","","","Amigos Items","$8.99","Zelda's Teriyaki","Teriyaki, Chicken, Gluten-Free, Dessert","2616 Blodgett St, Houston, TX 77004, USA","Houston","2022-10-27 23:23:53.0000000"
