query_id,item_id,relevance_label,candidate_rank,dense_score,name_token_overlap,category_token_overlap,desc_token_overlap,item_rating
Q_000001,MENU_000997,0,1,0.47366732358932495,0.0,0.0,0.0,4.65557909011841
Q_000001,MENU_000062,1,2,0.46734619140625,0.0,0.3333333333333333,0.0,4.82178211212158
Q_000001,MENU_002318,0,3,0.42425745725631714,0.0,0.0,0.0,4.67123317718506
Q_000001,MENU_002544,0,4,0.41750049591064453,0.0,0.0,0.0,4.0580267906189
Q_000001,MENU_001326,0,5,0.41105878353118896,0.0,0.0,0.0,4.75340223312378
Q_000001,MENU_000052,1,6,0.409274697303772,0.0,0.3333333333333333,0.0,4.82178211212158
Q_000001,MENU_001394,0,7,0.39129042625427246,0.0,0.0,0.0,4.75340223312378
Q_000001,MENU_001787,0,8,0.3879706561565399,0.0,0.0,0.0,4.81443309783936
Q_000001,MENU_000704,0,9,0.38378220796585083,0.0,0.0,0.0,4.72276020050049
Q_000001,MENU_001607,1,10,0.38363945484161377,0.0,0.3333333333333333,0.0,4.19549179077148
Q_000001,MENU_001759,0,11,0.3825847804546356,0.0,0.0,0.0,4.81443309783936
Q_000001,MENU_002310,0,12,0.38251450657844543,0.0,0.0,0.0,4.67123317718506
Q_000001,MENU_001606,1,13,0.38191258907318115,0.0,0.3333333333333333,0.0,4.19549179077148
Q_000001,MENU_001367,0,14,0.38032451272010803,0.0,0.0,0.0,4.75340223312378
Q_000001,MENU_000056,0,15,0.3774721622467041,0.0,0.0,0.0,4.82178211212158
Q_000001,MENU_000059,1,16,0.37345609068870544,0.0,0.3333333333333333,0.0,4.82178211212158
Q_000001,MENU_001208,0,17,0.36877474188804626,0.0,0.0,0.0,4.29862880706787
Q_000001,MENU_001366,0,18,0.3669949471950531,0.0,0.0,0.0,4.75340223312378
Q_000001,MENU_000217,0,19,0.3669649064540863,0.0,0.0,0.0,4.35269689559937
Q_000001,MENU_001245,0,20,0.3648653030395508,0.0,0.0,0.0,4.75340223312378
Q_000001,MENU_001359,0,21,0.36456143856048584,0.0,0.0,0.0,4.75340223312378
Q_000001,MENU_002274,0,22,0.36242198944091797,0.0,0.0,0.0,4.58823490142822
Q_000001,MENU_000410,0,23,0.36030566692352295,0.0,0.0,0.0,4.68128681182861
Q_000001,MENU_002699,0,24,0.35837218165397644,0.0,0.0,0.0,4.78461503982544
Q_000001,MENU_002053,0,25,0.35723239183425903,0.0,0.0,0.0,4.1811408996582
Q_000001,MENU_001038,0,26,0.35689422488212585,0.0,0.0,0.0,4.25
Q_000001,MENU_001246,0,27,0.35589462518692017,0.0,0.0,0.0,4.75340223312378
Q_000001,MENU_001277,0,28,0.3542168438434601,0.0,0.0,0.0,4.75340223312378
Q_000001,MENU_000124,0,29,0.3542129397392273,0.0,0.0,0.0,4.63380479812622
Q_000001,MENU_001100,0,30,0.35379326343536377,0.0,0.0,0.0,4.25
Q_000001,MENU_001278,0,31,0.35250985622406006,0.0,0.0,0.0,4.75340223312378
Q_000001,MENU_002358,0,32,0.35209113359451294,0.0,0.0,0.3333333333333333,4.57420492172241
Q_000001,MENU_002401,0,33,0.35209113359451294,0.0,0.0,0.3333333333333333,4.2142858505249
Q_000001,MENU_001971,0,34,0.3520275354385376,0.0,0.0,0.0,4.74074077606201
Q_000001,MENU_001294,0,35,0.34747061133384705,0.0,0.0,0.0,4.75340223312378
Q_000001,MENU_000055,0,36,0.34697115421295166,0.0,0.0,0.0,4.82178211212158
Q_000001,MENU_002682,0,37,0.3466075658798218,0.0,0.0,0.0,4.78461503982544
Q_000001,MENU_002293,0,38,0.3461556136608124,0.0,0.0,0.0,4.58823490142822
Q_000001,MENU_000523,0,39,0.3443925380706787,0.0,0.0,0.0,4.63044404983521
Q_000001,MENU_001263,0,40,0.34382179379463196,0.0,0.0,0.0,4.75340223312378
Q_000001,MENU_002356,0,41,0.34113001823425293,0.0,0.0,0.0,4.57420492172241
Q_000001,MENU_002399,0,42,0.34113001823425293,0.0,0.0,0.0,4.2142858505249
Q_000001,MENU_000241,0,43,0.34018123149871826,0.0,0.0,0.0,4.14949178695679
Q_000001,MENU_002357,0,44,0.3399798572063446,0.0,0.0,0.0,4.57420492172241
Q_000001,MENU_002400,0,45,0.3399798572063446,0.0,0.0,0.0,4.2142858505249
Q_000001,MENU_001325,0,46,0.3393237590789795,0.0,0.0,0.0,4.75340223312378
Q_000001,MENU_001037,0,47,0.3360080122947693,0.0,0.0,0.0,4.25
Q_000001,MENU_000380,0,48,0.33583053946495056,0.0,0.0,0.0,0.0
Q_000001,MENU_000773,0,49,0.33555376529693604,0.0,0.0,0.0,4.60988092422485
Q_000001,MENU_001046,0,50,0.3354513645172119,0.0,0.0,0.0,4.25
Q_000002,MENU_000065,1,1,0.57173752784729,0.0,0.6666666666666666,0.0,4.82178211212158
Q_000002,MENU_000066,1,2,0.5392298698425293,0.0,0.6666666666666666,0.0,4.82178211212158
Q_000002,MENU_002528,0,3,0.5291087627410889,0.3333333333333333,0.0,0.3333333333333333,4.70963716506958
Q_000002,MENU_001354,0,4,0.5285834074020386,0.0,0.0,0.0,4.75340223312378
Q_000002,MENU_000055,0,5,0.5262041091918945,0.0,0.3333333333333333,0.0,4.82178211212158
Q_000002,MENU_001891,0,6,0.5240470767021179,0.0,0.0,0.0,5.0
Q_000002,MENU_002694,0,7,0.5220614075660706,0.0,0.0,0.0,4.78461503982544
Q_000002,MENU_002531,0,8,0.5153911113739014,0.3333333333333333,0.0,0.3333333333333333,4.70963716506958
Q_000002,MENU_002529,0,9,0.514824390411377,0.3333333333333333,0.0,0.0,4.70963716506958
Q_000002,MENU_000183,0,10,0.5107433795928955,0.0,0.0,0.0,4.63380479812622
Q_000002,MENU_001353,0,11,0.5072306394577026,0.0,0.0,0.0,4.75340223312378
Q_000002,MENU_000510,0,12,0.5036053657531738,0.0,0.0,0.0,4.77304601669312
Q_000002,MENU_000184,0,13,0.5019668936729431,0.0,0.0,0.0,4.63380479812622
Q_000002,MENU_000054,1,14,0.5017873048782349,0.0,0.6666666666666666,0.0,4.82178211212158
Q_000002,MENU_001975,0,15,0.4988155961036682,0.0,0.0,0.0,4.74074077606201
Q_000002,MENU_002530,0,16,0.4984816908836365,0.3333333333333333,0.0,0.3333333333333333,4.70963716506958
Q_000002,MENU_002692,0,17,0.49753814935684204,0.0,0.0,0.0,4.78461503982544
Q_000002,MENU_001884,0,18,0.4946413040161133,0.0,0.0,0.0,4.6991171836853
Q_000002,MENU_000126,0,19,0.494404137134552,0.0,0.0,0.0,4.63380479812622
Q_000002,MENU_000380,0,20,0.49388617277145386,0.3333333333333333,0.0,0.0,0.0
Q_000002,MENU_000123,0,21,0.4918040931224823,0.0,0.0,0.0,4.63380479812622
Q_000002,MENU_001896,0,22,0.48893415927886963,0.0,0.0,0.0,5.0
Q_000002,MENU_000194,0,23,0.48728278279304504,0.0,0.0,0.0,4.63380479812622
Q_000002,MENU_001802,0,24,0.4858565926551819,0.0,0.0,0.3333333333333333,4.6991171836853
Q_000002,MENU_001803,0,25,0.4850069582462311,0.0,0.0,0.3333333333333333,4.6991171836853
Q_000002,MENU_002485,0,26,0.48416873812675476,0.0,0.0,0.0,4.68452405929565
Q_000002,MENU_002460,0,27,0.4831163287162781,0.0,0.0,0.0,4.77699613571167
Q_000002,MENU_000176,0,28,0.48135340213775635,0.0,0.0,0.0,4.63380479812622
Q_000002,MENU_001062,0,29,0.48112958669662476,0.0,0.0,0.0,4.25
Q_000002,MENU_001134,0,30,0.48112839460372925,0.0,0.0,0.0,4.0
Q_000002,MENU_002557,0,31,0.4811054468154907,0.0,0.0,0.0,4.6232762336731
Q_000002,MENU_000562,0,32,0.48092150688171387,0.0,0.0,0.0,4.23846197128296
Q_000002,MENU_001133,0,33,0.4794872999191284,0.0,0.0,0.0,4.67459297180176
Q_000002,MENU_000128,0,34,0.479289174079895,0.0,0.0,0.0,4.63380479812622
Q_000002,MENU_002187,0,35,0.47902390360832214,0.0,0.0,0.0,4.65195322036743
Q_000002,MENU_000192,0,36,0.47880077362060547,0.0,0.0,0.0,4.63380479812622
Q_000002,MENU_001780,0,37,0.4781686067581177,0.0,0.0,0.0,4.81443309783936
Q_000002,MENU_002215,0,38,0.47664880752563477,0.0,0.0,0.0,4.65195322036743
Q_000002,MENU_001420,0,39,0.47552263736724854,0.0,0.0,0.0,4.46881008148193
Q_000002,MENU_000060,0,40,0.4751259982585907,0.0,0.3333333333333333,0.0,4.82178211212158
Q_000002,MENU_001384,0,41,0.47465425729751587,0.0,0.0,0.0,4.75340223312378
Q_000002,MENU_002065,0,42,0.4741469919681549,0.0,0.3333333333333333,0.0,4.66792488098145
Q_000002,MENU_000546,0,43,0.4735828936100006,0.0,0.0,0.0,4.23846197128296
Q_000002,MENU_000152,0,44,0.4734352231025696,0.0,0.0,0.0,4.63380479812622
Q_000002,MENU_000690,0,45,0.47111907601356506,0.0,0.0,0.0,4.72276020050049
Q_000002,MENU_000696,0,46,0.47062963247299194,0.0,0.0,0.0,4.72259521484375
Q_000002,MENU_002693,0,47,0.4698938727378845,0.0,0.0,0.0,4.78461503982544
Q_000002,MENU_000145,0,48,0.4695063829421997,0.0,0.0,0.0,4.63380479812622
Q_000002,MENU_002207,0,49,0.468915730714798,0.0,0.0,0.0,4.65195322036743
Q_000002,MENU_001344,0,50,0.46883514523506165,0.0,0.0,0.0,4.75340223312378
Q_000003,MENU_002589,1,1,0.5225870609283447,0.3333333333333333,0.3333333333333333,0.0,4.67702722549438
Q_000003,MENU_002573,1,2,0.5217602252960205,0.3333333333333333,0.3333333333333333,0.3333333333333333,4.67702722549438
Q_000003,MENU_002189,1,3,0.5190292596817017,0.3333333333333333,0.3333333333333333,0.0,4.65195322036743
Q_000003,MENU_002566,1,4,0.5118498802185059,0.3333333333333333,0.3333333333333333,0.0,4.67702722549438
Q_000003,MENU_002175,1,5,0.4904654622077942,0.3333333333333333,0.3333333333333333,0.3333333333333333,4.65195322036743
Q_000003,MENU_002562,1,6,0.4832189083099365,0.3333333333333333,0.3333333333333333,0.3333333333333333,4.67702722549438
Q_000003,MENU_001023,0,7,0.47180894017219543,0.3333333333333333,0.0,0.3333333333333333,4.82307195663452
Q_000003,MENU_002587,1,8,0.467440128326416,0.3333333333333333,0.3333333333333333,0.3333333333333333,4.67702722549438
Q_000003,MENU_000185,0,9,0.4487092196941376,0.3333333333333333,0.0,0.3333333333333333,4.63380479812622
Q_000003,MENU_001894,0,10,0.44241848587989807,0.3333333333333333,0.0,0.3333333333333333,5.0
Q_000003,MENU_001352,0,11,0.44042712450027466,0.0,0.0,0.0,4.75340223312378
Q_000003,MENU_000075,0,12,0.43845638632774353,0.3333333333333333,0.0,0.0,4.72087717056274
Q_000003,MENU_002233,1,13,0.4383067786693573,0.3333333333333333,0.3333333333333333,0.3333333333333333,4.65195322036743
Q_000003,MENU_001492,0,14,0.4340275526046753,0.0,0.0,0.3333333333333333,4.7914719581604
Q_000003,MENU_001912,1,15,0.43332797288894653,0.3333333333333333,0.3333333333333333,0.3333333333333333,4.81481504440308
Q_000003,MENU_002221,1,16,0.42545202374458313,0.3333333333333333,0.3333333333333333,0.3333333333333333,4.65195322036743
Q_000003,MENU_000198,0,17,0.4234775900840759,0.0,0.0,0.0,4.63380479812622
Q_000003,MENU_001602,0,18,0.41944119334220886,0.3333333333333333,0.0,0.0,4.87649393081665
Q_000003,MENU_001455,0,19,0.4182431697845459,0.3333333333333333,0.0,0.0,4.60264015197754
Q_000003,MENU_000741,1,20,0.4174696207046509,0.3333333333333333,0.3333333333333333,0.0,4.67195796966553
Q_000003,MENU_001473,0,21,0.41640907526016235,0.3333333333333333,0.3333333333333333,0.0,4.60264015197754
Q_000003,MENU_002637,0,22,0.4121559262275696,0.3333333333333333,0.0,0.3333333333333333,4.58833312988281
Q_000003,MENU_000755,1,23,0.41164177656173706,0.3333333333333333,0.3333333333333333,0.0,4.67195796966553
Q_000003,MENU_000194,0,24,0.41147226095199585,0.0,0.0,0.0,4.63380479812622
Q_000003,MENU_001434,0,25,0.4097800850868225,0.3333333333333333,0.0,0.0,4.6047158241272
Q_000003,MENU_002391,0,26,0.40947505831718445,0.0,0.0,0.0,4.2142858505249
Q_000003,MENU_002348,0,27,0.40947505831718445,0.0,0.0,0.0,4.57420492172241
Q_000003,MENU_002443,0,28,0.40926775336265564,0.0,0.3333333333333333,0.3333333333333333,4.77699613571167
Q_000003,MENU_001354,0,29,0.40801766514778137,0.0,0.0,0.0,4.75340223312378
Q_000003,MENU_000723,1,30,0.4073665142059326,0.3333333333333333,0.3333333333333333,0.3333333333333333,4.67195796966553
Q_000003,MENU_002619,0,31,0.40479791164398193,0.3333333333333333,0.0,0.0,4.66666698455811
Q_000003,MENU_001278,0,32,0.4037916660308838,0.0,0.0,0.0,4.75340223312378
Q_000003,MENU_002572,0,33,0.3983646035194397,0.0,0.0,0.3333333333333333,4.67702722549438
Q_000003,MENU_002688,0,34,0.39295047521591187,0.0,0.0,0.3333333333333333,4.78461503982544
Q_000003,MENU_000639,0,35,0.39240556955337524,0.3333333333333333,0.0,0.0,4.64431381225586
Q_000003,MENU_000781,0,36,0.39004525542259216,0.0,0.0,0.0,4.70389223098755
Q_000003,MENU_002058,0,37,0.38806813955307007,0.3333333333333333,0.0,0.3333333333333333,4.83122396469116
Q_000003,MENU_002130,0,38,0.3859216570854187,0.3333333333333333,0.0,0.0,4.64444398880005
Q_000003,MENU_002254,0,39,0.3857813775539398,0.0,0.0,0.0,4.81660079956055
Q_000003,MENU_000751,0,40,0.3842945098876953,0.3333333333333333,0.0,0.3333333333333333,4.67195796966553
Q_000003,MENU_000131,0,41,0.3836519718170166,0.0,0.0,0.0,4.63380479812622
Q_000003,MENU_001418,0,42,0.3825710415840149,0.0,0.0,0.0,4.46881008148193
Q_000003,MENU_001413,0,43,0.3824032247066498,0.0,0.0,0.0,4.46881008148193
Q_000003,MENU_002625,0,44,0.3808310627937317,0.3333333333333333,0.3333333333333333,0.0,4.58833312988281
Q_000003,MENU_000045,0,45,0.37917959690093994,0.3333333333333333,0.0,0.3333333333333333,4.0
Q_000003,MENU_001351,0,46,0.37852001190185547,0.0,0.0,0.0,4.75340223312378
Q_000003,MENU_001942,1,47,0.37792277336120605,0.0,0.3333333333333333,0.3333333333333333,4.81481504440308
Q_000003,MENU_001137,0,48,0.37645822763442993,0.0,0.0,0.3333333333333333,4.82336378097534
Q_000003,MENU_000373,0,49,0.37622833251953125,0.0,0.0,0.3333333333333333,4.71902799606323
Q_000003,MENU_002463,0,50,0.37560033798217773,0.0,0.3333333333333333,0.3333333333333333,4.77699613571167
Q_000004,MENU_001037,0,1,0.5539488792419434,0.25,0.25,0.0,4.25
Q_000004,MENU_001121,0,2,0.5531662702560425,0.0,0.25,0.0,4.25
Q_000004,MENU_001109,0,3,0.5512531995773315,0.25,0.25,0.0,4.25
Q_000004,MENU_000228,0,4,0.543721079826355,0.0,0.25,0.0,4.14949178695679
Q_000004,MENU_001277,0,5,0.5377064943313599,0.25,0.25,0.0,4.75340223312378
Q_000004,MENU_001117,0,6,0.5331510901451111,0.0,0.0,0.0,4.25
Q_000004,MENU_001100,0,7,0.5313107371330261,0.0,0.0,0.0,4.25
Q_000004,MENU_001971,0,8,0.5272908210754395,0.25,0.0,0.0,4.74074077606201
Q_000004,MENU_001028,0,9,0.5267845392227173,0.0,0.25,0.0,4.25
Q_000004,MENU_000221,1,10,0.5237109661102295,0.0,0.5,0.0,4.14949178695679
Q_000004,MENU_001125,0,11,0.5207973718643188,0.0,0.25,0.0,4.25
Q_000004,MENU_001099,0,12,0.5197480916976929,0.0,0.25,0.0,4.25
Q_000004,MENU_001681,0,13,0.519328236579895,0.0,0.0,0.0,3.84737396240234
Q_000004,MENU_001053,0,14,0.5176277160644531,0.0,0.0,0.0,4.25
Q_000004,MENU_001046,0,15,0.5162861347198486,0.0,0.0,0.0,4.25
Q_000004,MENU_001048,0,16,0.5156083106994629,0.0,0.0,0.0,4.25
Q_000004,MENU_001055,0,17,0.514598548412323,0.0,0.0,0.0,4.25
Q_000004,MENU_001107,0,18,0.5131179094314575,0.0,0.25,0.0,4.25
Q_000004,MENU_001062,0,19,0.512173056602478,0.0,0.0,0.0,4.25
Q_000004,MENU_001056,0,20,0.5117316842079163,0.0,0.0,0.0,4.25
Q_000004,MENU_001033,0,21,0.5115240216255188,0.0,0.25,0.0,4.25
Q_000004,MENU_001038,0,22,0.5099189281463623,0.25,0.25,0.0,4.25
Q_000004,MENU_000784,0,23,0.5095076560974121,0.25,0.0,0.0,4.70389223098755
Q_000004,MENU_001084,0,24,0.5088376402854919,0.0,0.25,0.0,4.25
Q_000004,MENU_001077,0,25,0.5087261199951172,0.0,0.25,0.0,4.25
Q_000004,MENU_001029,0,26,0.5049146413803101,0.0,0.0,0.0,4.25
Q_000004,MENU_001722,0,27,0.5039434432983398,0.0,0.25,0.0,3.84737396240234
Q_000004,MENU_000681,0,28,0.5015604496002197,0.0,0.0,0.25,4.72276020050049
Q_000004,MENU_000133,0,29,0.5012446641921997,0.0,0.0,0.0,4.63380479812622
Q_000004,MENU_000362,0,30,0.5003985166549683,0.0,0.25,0.25,4.71902799606323
Q_000004,MENU_001721,0,31,0.49985581636428833,0.0,0.25,0.0,3.84737396240234
Q_000004,MENU_001059,0,32,0.49944204092025757,0.0,0.0,0.0,4.25
Q_000004,MENU_002379,0,33,0.4975188970565796,0.0,0.25,0.25,4.57420492172241
Q_000004,MENU_002425,0,34,0.4975188970565796,0.0,0.25,0.25,4.2142858505249
Q_000004,MENU_002190,0,35,0.49501746892929077,0.0,0.0,0.0,4.65195322036743
Q_000004,MENU_001663,0,36,0.4947545826435089,0.0,0.0,0.0,3.84737396240234
Q_000004,MENU_000236,1,37,0.4943971633911133,0.0,0.5,0.0,4.14949178695679
Q_000004,MENU_001102,0,38,0.4922483563423157,0.0,0.0,0.0,4.25
Q_000004,MENU_001034,0,39,0.49198949337005615,0.0,0.25,0.0,4.25
Q_000004,MENU_001680,0,40,0.491364449262619,0.0,0.25,0.0,3.84737396240234
Q_000004,MENU_001083,0,41,0.4912029206752777,0.0,0.25,0.0,4.25
Q_000004,MENU_001095,0,42,0.49009883403778076,0.0,0.25,0.0,4.25
Q_000004,MENU_001975,0,43,0.4893639087677002,0.0,0.0,0.0,4.74074077606201
Q_000004,MENU_001031,0,44,0.48754626512527466,0.0,0.0,0.0,4.25
Q_000004,MENU_000593,0,45,0.48676666617393494,0.25,0.25,0.0,4.64431381225586
Q_000004,MENU_001351,0,46,0.48676013946533203,0.0,0.0,0.0,4.75340223312378
Q_000004,MENU_000370,0,47,0.48539793491363525,0.0,0.25,0.0,4.71902799606323
Q_000004,MENU_001683,0,48,0.4852267801761627,0.0,0.25,0.0,3.84737396240234
Q_000004,MENU_000247,1,49,0.4837927222251892,0.0,0.5,0.0,4.14949178695679
Q_000004,MENU_000693,0,50,0.4812774956226349,0.0,0.0,0.25,4.72276020050049
Q_000005,MENU_002708,0,1,0.4995548725128174,0.0,0.0,0.0,4.66852378845215
Q_000005,MENU_002725,0,2,0.4774150252342224,0.0,0.0,0.3333333333333333,4.66852378845215
Q_000005,MENU_002142,0,3,0.4774101972579956,0.3333333333333333,0.0,0.3333333333333333,4.64444398880005
Q_000005,MENU_002160,0,4,0.47026219964027405,0.0,0.0,0.3333333333333333,4.64444398880005
Q_000005,MENU_002158,0,5,0.46730902791023254,0.0,0.0,0.0,4.64444398880005
Q_000005,MENU_001135,0,6,0.4503238797187805,0.0,0.0,0.0,4.0
Q_000005,MENU_001902,0,7,0.4461888372898102,0.3333333333333333,0.0,0.3333333333333333,4.3829460144043
Q_000005,MENU_002718,0,8,0.4448344111442566,0.0,0.0,0.0,4.66852378845215
Q_000005,MENU_001559,0,9,0.44120389223098755,0.0,0.0,0.3333333333333333,4.51582288742065
Q_000005,MENU_000213,1,10,0.44083577394485474,0.0,0.3333333333333333,0.0,4.7832818031311
Q_000005,MENU_002715,0,11,0.4402359127998352,0.0,0.0,0.3333333333333333,4.66852378845215
Q_000005,MENU_000206,1,12,0.436227411031723,0.3333333333333333,0.3333333333333333,0.0,4.7832818031311
Q_000005,MENU_002162,0,13,0.4331812858581543,0.0,0.0,0.0,4.64444398880005
Q_000005,MENU_002137,0,14,0.4319731593132019,0.0,0.0,0.0,4.64444398880005
Q_000005,MENU_002367,0,15,0.4302765130996704,0.0,0.0,0.0,4.57420492172241
Q_000005,MENU_002412,0,16,0.4302765130996704,0.0,0.0,0.0,4.2142858505249
Q_000005,MENU_002719,0,17,0.4262953996658325,0.0,0.0,0.3333333333333333,4.66852378845215
Q_000005,MENU_001558,0,18,0.4201263189315796,0.0,0.0,0.3333333333333333,4.51582288742065
Q_000005,MENU_002716,0,19,0.413979709148407,0.0,0.0,0.0,4.66852378845215
Q_000005,MENU_002390,0,20,0.41171973943710327,0.0,0.0,0.0,4.2142858505249
Q_000005,MENU_002347,0,21,0.41171973943710327,0.0,0.0,0.0,4.57420492172241
Q_000005,MENU_002712,0,22,0.4087907373905182,0.0,0.0,0.0,4.66852378845215
Q_000005,MENU_001344,0,23,0.4046701192855835,0.0,0.0,0.0,4.75340223312378
Q_000005,MENU_002722,0,24,0.4015215337276459,0.0,0.0,0.0,4.66852378845215
Q_000005,MENU_001970,0,25,0.40109783411026,0.0,0.0,0.0,4.74074077606201
Q_000005,MENU_002723,0,26,0.39963218569755554,0.0,0.0,0.0,4.66852378845215
Q_000005,MENU_002726,0,27,0.3992639183998108,0.0,0.0,0.0,4.66852378845215
Q_000005,MENU_002161,0,28,0.3981381058692932,0.0,0.0,0.3333333333333333,4.64444398880005
Q_000005,MENU_002131,0,29,0.3972190022468567,0.0,0.0,0.0,4.64444398880005
Q_000005,MENU_002147,0,30,0.39662137627601624,0.0,0.0,0.0,4.64444398880005
Q_000005,MENU_002713,0,31,0.39544641971588135,0.0,0.0,0.0,4.66852378845215
Q_000005,MENU_002724,0,32,0.39484402537345886,0.0,0.0,0.0,4.66852378845215
Q_000005,MENU_002710,0,33,0.39364662766456604,0.0,0.0,0.0,4.66852378845215
Q_000005,MENU_002375,0,34,0.3918687105178833,0.0,0.0,0.0,4.57420492172241
Q_000005,MENU_002421,0,35,0.3918687105178833,0.0,0.0,0.0,4.2142858505249
Q_000005,MENU_002164,0,36,0.3894878327846527,0.0,0.0,0.0,4.64444398880005
Q_000005,MENU_001744,0,37,0.38913431763648987,0.3333333333333333,0.0,0.0,4.81443309783936
Q_000005,MENU_002706,0,38,0.3888434171676636,0.0,0.0,0.0,4.66852378845215
Q_000005,MENU_002157,0,39,0.3886964023113251,0.0,0.0,0.0,4.64444398880005
Q_000005,MENU_002709,0,40,0.38644087314605713,0.0,0.0,0.0,4.66852378845215
Q_000005,MENU_000212,1,41,0.384624183177948,0.0,0.3333333333333333,0.0,4.7832818031311
Q_000005,MENU_002721,0,42,0.381960391998291,0.0,0.0,0.3333333333333333,4.66852378845215
Q_000005,MENU_001555,0,43,0.38082030415534973,0.0,0.0,0.0,4.51582288742065
Q_000005,MENU_002349,0,44,0.38073471188545227,0.0,0.0,0.0,4.57420492172241
Q_000005,MENU_002392,0,45,0.38073471188545227,0.0,0.0,0.0,4.2142858505249
Q_000005,MENU_002395,0,46,0.37983009219169617,0.0,0.0,0.0,4.2142858505249
Q_000005,MENU_002352,0,47,0.37983009219169617,0.0,0.0,0.0,4.57420492172241
Q_000005,MENU_001557,0,48,0.3794003427028656,0.0,0.0,0.0,4.51582288742065
Q_000005,MENU_000209,1,49,0.37840619683265686,0.3333333333333333,0.3333333333333333,0.0,4.7832818031311
Q_000005,MENU_002717,0,50,0.3727792501449585,0.0,0.0,0.3333333333333333,4.66852378845215
Q_000006,MENU_001219,1,1,0.6776970624923706,0.3333333333333333,0.6666666666666666,0.0,4.75703001022339
Q_000006,MENU_001218,1,2,0.671816349029541,0.3333333333333333,0.6666666666666666,0.0,4.75703001022339
Q_000006,MENU_001212,1,3,0.5979817509651184,0.0,0.6666666666666666,0.0,4.75703001022339
Q_000006,MENU_001220,1,4,0.5411083102226257,0.0,0.6666666666666666,0.0,4.75703001022339
Q_000006,MENU_000488,0,5,0.49972015619277954,0.0,0.0,0.5,4.77500009536743
Q_000006,MENU_000500,0,6,0.4860284924507141,0.0,0.16666666666666666,0.0,4.77500009536743
Q_000006,MENU_000502,0,7,0.4734528064727783,0.0,0.16666666666666666,0.0,4.77500009536743
Q_000006,MENU_000499,0,8,0.47016674280166626,0.0,0.16666666666666666,0.0,4.77500009536743
Q_000006,MENU_000503,0,9,0.4569920599460602,0.0,0.16666666666666666,0.0,4.77500009536743
Q_000006,MENU_000495,0,10,0.45430588722229004,0.0,0.16666666666666666,0.0,4.77500009536743
Q_000006,MENU_001216,1,11,0.4539445638656616,0.0,0.6666666666666666,0.0,4.75703001022339
Q_000006,MENU_000496,0,12,0.45273128151893616,0.0,0.16666666666666666,0.0,4.77500009536743
Q_000006,MENU_000498,0,13,0.4331706166267395,0.0,0.16666666666666666,0.0,4.77500009536743
Q_000006,MENU_000492,0,14,0.42518484592437744,0.0,0.16666666666666666,0.0,4.77500009536743
Q_000006,MENU_000493,0,15,0.4250059127807617,0.0,0.16666666666666666,0.0,4.77500009536743
Q_000006,MENU_001132,0,16,0.42138615250587463,0.0,0.0,0.3333333333333333,4.92857122421265
Q_000006,MENU_001998,0,17,0.41163399815559387,0.0,0.16666666666666666,0.0,4.8508768081665
Q_000006,MENU_001217,0,18,0.4013185203075409,0.0,0.0,0.3333333333333333,4.75703001022339
Q_000006,MENU_002548,0,19,0.40066882967948914,0.0,0.0,0.0,4.86301422119141
Q_000006,MENU_000838,0,20,0.39839187264442444,0.0,0.0,0.0,4.71359920501709
Q_000006,MENU_000494,0,21,0.39820724725723267,0.0,0.16666666666666666,0.16666666666666666,4.77500009536743
Q_000006,MENU_001225,0,22,0.3972870707511902,0.0,0.0,0.0,4.75703001022339
Q_000006,MENU_002615,0,23,0.39540934562683105,0.0,0.0,0.0,4.76699018478394
Q_000006,MENU_001066,0,24,0.3907310664653778,0.0,0.3333333333333333,0.0,4.25
Q_000006,MENU_001213,0,25,0.3893657922744751,0.0,0.0,0.0,4.75703001022339
Q_000006,MENU_001237,0,26,0.38645878434181213,0.0,0.0,0.0,4.75703001022339
Q_000006,MENU_000257,0,27,0.38633689284324646,0.0,0.0,0.0,4.65069389343262
Q_000006,MENU_001215,0,28,0.38205617666244507,0.0,0.0,0.0,4.75703001022339
Q_000006,MENU_001078,0,29,0.3814067244529724,0.0,0.3333333333333333,0.0,4.25
Q_000006,MENU_000839,0,30,0.37961041927337646,0.0,0.0,0.16666666666666666,4.71359920501709
Q_000006,MENU_002550,0,31,0.37832945585250854,0.0,0.0,0.0,4.86301422119141
Q_000006,MENU_001231,0,32,0.3779623806476593,0.0,0.0,0.0,4.75703001022339
Q_000006,MENU_002549,0,33,0.3764052987098694,0.0,0.16666666666666666,0.0,4.86301422119141
Q_000006,MENU_000836,0,34,0.374025821685791,0.0,0.0,0.0,4.71359920501709
Q_000006,MENU_000116,0,35,0.37248694896698,0.0,0.0,0.0,3.0
Q_000006,MENU_001226,0,36,0.3696722090244293,0.0,0.0,0.0,4.75703001022339
Q_000006,MENU_001224,0,37,0.3679746985435486,0.0,0.0,0.0,4.75703001022339
Q_000006,MENU_001071,0,38,0.3664899468421936,0.0,0.3333333333333333,0.0,4.25
Q_000006,MENU_002296,0,39,0.36572733521461487,0.0,0.0,0.0,4.54545497894287
Q_000006,MENU_001112,0,40,0.36254480481147766,0.0,0.0,0.0,4.25
Q_000006,MENU_002547,0,41,0.35688692331314087,0.0,0.0,0.0,4.86301422119141
Q_000006,MENU_000489,0,42,0.35551589727401733,0.0,0.0,0.16666666666666666,4.77500009536743
Q_000006,MENU_001548,0,43,0.3546009659767151,0.0,0.0,0.0,4.20552682876587
Q_000006,MENU_001238,0,44,0.35452812910079956,0.0,0.0,0.0,4.75703001022339
Q_000006,MENU_002295,0,45,0.3537323474884033,0.0,0.0,0.16666666666666666,4.54545497894287
Q_000006,MENU_001232,0,46,0.35268861055374146,0.0,0.0,0.0,4.75703001022339
Q_000006,MENU_002605,0,47,0.34701329469680786,0.0,0.0,0.0,4.76699018478394
Q_000006,MENU_001547,0,48,0.3464512825012207,0.0,0.0,0.0,4.20552682876587
Q_000006,MENU_000255,0,49,0.34588056802749634,0.0,0.0,0.0,4.65069389343262
Q_000006,MENU_000653,0,50,0.344503253698349,0.0,0.0,0.0,4.72276020050049
Q_000007,MENU_002184,1,1,0.7375342845916748,0.4,0.8,0.4,4.65195322036743
Q_000007,MENU_002194,1,2,0.7298672199249268,0.4,0.8,0.4,4.65195322036743
Q_000007,MENU_002185,1,3,0.7281786799430847,0.4,0.8,0.0,4.65195322036743
Q_000007,MENU_002248,1,4,0.7272675633430481,0.4,0.8,0.0,4.65195322036743
Q_000007,MENU_000737,0,5,0.7232279777526855,0.4,0.6,0.0,4.67195796966553
Q_000007,MENU_002246,1,6,0.7174782156944275,0.4,0.8,0.0,4.65195322036743
Q_000007,MENU_002245,1,7,0.7157142162322998,0.4,0.8,0.0,4.65195322036743
Q_000007,MENU_002183,1,8,0.7146515846252441,0.6,0.8,0.4,4.65195322036743
Q_000007,MENU_002193,1,9,0.7120765447616577,0.4,0.8,0.4,4.65195322036743
Q_000007,MENU_001797,0,10,0.7085531949996948,0.4,0.4,0.4,4.6991171836853
Q_000007,MENU_002174,1,11,0.7075486183166504,0.2,0.8,0.2,4.65195322036743
Q_000007,MENU_002247,1,12,0.7047494649887085,0.4,0.8,0.0,4.65195322036743
Q_000007,MENU_002196,1,13,0.7038347721099854,0.4,0.8,0.4,4.65195322036743
Q_000007,MENU_001851,0,14,0.6966856718063354,0.0,0.0,0.6,4.6991171836853
Q_000007,MENU_002195,1,15,0.691319465637207,0.4,0.8,0.4,4.65195322036743
Q_000007,MENU_001813,0,16,0.6901367902755737,0.4,0.4,0.4,4.6991171836853
Q_000007,MENU_002203,1,17,0.6870990991592407,0.4,0.8,0.4,4.65195322036743
Q_000007,MENU_001847,0,18,0.6803807020187378,0.0,0.0,0.4,4.6991171836853
Q_000007,MENU_001936,0,19,0.6745644211769104,0.4,0.2,0.0,4.81481504440308
Q_000007,MENU_001940,0,20,0.672085165977478,0.2,0.2,0.4,4.81481504440308
Q_000007,MENU_001852,0,21,0.6642981767654419,0.0,0.0,0.6,4.6991171836853
Q_000007,MENU_000895,0,22,0.6637517213821411,0.4,0.4,0.0,4.0
Q_000007,MENU_001006,0,23,0.6574060916900635,0.0,0.4,0.2,4.65962409973145
Q_000007,MENU_001853,0,24,0.6536554098129272,0.0,0.0,0.2,4.6991171836853
Q_000007,MENU_000745,0,25,0.6494828462600708,0.4,0.6,0.0,4.67195796966553
Q_000007,MENU_001005,0,26,0.6470901966094971,0.4,0.4,0.4,4.65962409973145
Q_000007,MENU_000896,0,27,0.6444775462150574,0.4,0.4,0.0,4.0
Q_000007,MENU_001827,0,28,0.6440672874450684,0.4,0.4,0.4,4.6991171836853
Q_000007,MENU_001858,0,29,0.643591582775116,0.4,0.4,0.4,4.6991171836853
Q_000007,MENU_001003,0,30,0.6412491798400879,0.0,0.4,0.2,4.65962409973145
Q_000007,MENU_001001,0,31,0.6381527781486511,0.4,0.4,0.4,4.65962409973145
Q_000007,MENU_001859,0,32,0.6327564120292664,0.2,0.0,0.4,4.6991171836853
Q_000007,MENU_000937,0,33,0.6296302080154419,0.0,0.4,0.6,4.0
Q_000007,MENU_001930,0,34,0.6271878480911255,0.2,0.2,0.0,4.81481504440308
Q_000007,MENU_000961,0,35,0.622050940990448,0.4,0.0,0.0,4.0
Q_000007,MENU_002188,0,36,0.6203805804252625,0.2,0.0,0.2,4.65195322036743
Q_000007,MENU_001865,0,37,0.6127549409866333,0.2,0.0,0.0,4.6991171836853
Q_000007,MENU_001863,0,38,0.6117784976959229,0.0,0.0,0.2,4.6991171836853
Q_000007,MENU_002503,0,39,0.6027944087982178,0.2,0.0,0.4,4.67515087127686
Q_000007,MENU_000048,0,40,0.6023846864700317,0.4,0.0,0.0,4.69734191894531
Q_000007,MENU_001840,0,41,0.5974407196044922,0.4,0.4,0.4,4.6991171836853
Q_000007,MENU_001848,0,42,0.5962424874305725,0.0,0.0,0.2,4.6991171836853
Q_000007,MENU_001926,0,43,0.5875011086463928,0.2,0.2,0.0,4.81481504440308
Q_000007,MENU_001004,0,44,0.5870108604431152,0.4,0.4,0.4,4.65962409973145
Q_000007,MENU_001158,0,45,0.5854002237319946,0.0,0.4,0.4,4.82336378097534
Q_000007,MENU_002331,0,46,0.5813803672790527,0.0,0.0,0.2,4.79864883422852
Q_000007,MENU_001935,0,47,0.5797796845436096,0.2,0.2,0.0,4.81481504440308
Q_000007,MENU_001159,0,48,0.5777741074562073,0.0,0.0,0.4,4.82336378097534
Q_000007,MENU_001156,0,49,0.5725021362304688,0.0,0.4,0.4,4.82336378097534
Q_000007,MENU_001010,0,50,0.5724878311157227,0.4,0.0,0.4,4.65962409973145
Q_000008,MENU_001531,0,1,0.6981748342514038,0.2,0.0,0.2,4.20552682876587
Q_000008,MENU_001546,0,2,0.6823587417602539,0.2,0.0,0.2,4.20552682876587
Q_000008,MENU_002659,1,3,0.6517188549041748,0.0,0.6,0.0,4.58833312988281
Q_000008,MENU_001507,0,4,0.6070553064346313,0.0,0.2,0.0,4.26522302627563
Q_000008,MENU_002456,0,5,0.5958076119422913,0.0,0.2,0.0,4.77699613571167
Q_000008,MENU_001499,0,6,0.5956594944000244,0.2,0.0,0.4,4.26522302627563
Q_000008,MENU_002637,1,7,0.5875310897827148,0.0,0.6,0.0,4.58833312988281
Q_000008,MENU_002475,0,8,0.5855062007904053,0.0,0.0,0.0,4.68452405929565
Q_000008,MENU_001496,0,9,0.584442138671875,0.0,0.0,0.4,4.26522302627563
Q_000008,MENU_002650,1,10,0.5814557075500488,0.0,0.6,0.0,4.58833312988281
Q_000008,MENU_002655,0,11,0.5787456631660461,0.2,0.2,0.0,4.58833312988281
Q_000008,MENU_001497,0,12,0.5777286887168884,0.0,0.2,0.2,4.26522302627563
Q_000008,MENU_002621,1,13,0.5710937976837158,0.0,0.6,0.0,4.58833312988281
Q_000008,MENU_002469,0,14,0.5639480352401733,0.0,0.0,0.0,4.68452405929565
Q_000008,MENU_002630,1,15,0.5599406957626343,0.0,0.6,0.0,4.58833312988281
Q_000008,MENU_002850,0,16,0.5598500370979309,0.0,0.0,0.2,0.0
Q_000008,MENU_002657,1,17,0.5591410398483276,0.0,0.6,0.0,4.58833312988281
Q_000008,MENU_002488,0,18,0.5558537244796753,0.0,0.0,0.0,4.68452405929565
Q_000008,MENU_002653,1,19,0.555285632610321,0.0,0.6,0.0,4.58833312988281
Q_000008,MENU_002460,0,20,0.5504398941993713,0.0,0.2,0.0,4.77699613571167
Q_000008,MENU_001505,0,21,0.5495101809501648,0.0,0.2,0.0,4.26522302627563
Q_000008,MENU_002442,0,22,0.5479171276092529,0.0,0.2,0.0,4.77699613571167
Q_000008,MENU_000706,0,23,0.547394871711731,0.0,0.2,0.2,4.58141183853149
Q_000008,MENU_001493,0,24,0.5444780588150024,0.0,0.0,0.0,4.26522302627563
Q_000008,MENU_001509,0,25,0.5443743467330933,0.2,0.2,0.0,4.26522302627563
Q_000008,MENU_000640,0,26,0.5443035960197449,0.0,0.2,0.0,4.64431381225586
Q_000008,MENU_002465,0,27,0.5422069430351257,0.0,0.2,0.0,4.77699613571167
Q_000008,MENU_000588,0,28,0.5422050356864929,0.0,0.2,0.0,4.64431381225586
Q_000008,MENU_000126,0,29,0.5400011539459229,0.2,0.2,0.0,4.63380479812622
Q_000008,MENU_002636,1,30,0.5385577082633972,0.0,0.6,0.0,4.58833312988281
Q_000008,MENU_000594,0,31,0.5374706983566284,0.0,0.2,0.0,4.64431381225586
Q_000008,MENU_001498,0,32,0.5362575054168701,0.0,0.0,0.4,4.26522302627563
Q_000008,MENU_002450,0,33,0.5352370142936707,0.0,0.0,0.0,4.77699613571167
Q_000008,MENU_002769,0,34,0.535094141960144,0.0,0.0,0.2,0.0
Q_000008,MENU_001508,0,35,0.5346369743347168,0.0,0.2,0.0,4.26522302627563
Q_000008,MENU_000604,0,36,0.5344294309616089,0.0,0.2,0.0,4.64431381225586
Q_000008,MENU_000597,0,37,0.5340231657028198,0.0,0.2,0.0,4.64431381225586
Q_000008,MENU_001786,0,38,0.5311118960380554,0.0,0.0,0.0,4.81443309783936
Q_000008,MENU_000641,0,39,0.5287231206893921,0.0,0.2,0.0,4.64431381225586
Q_000008,MENU_000185,0,40,0.5265604257583618,0.2,0.2,0.0,4.63380479812622
Q_000008,MENU_002638,1,41,0.5261931419372559,0.0,0.6,0.0,4.58833312988281
Q_000008,MENU_000707,0,42,0.5236369967460632,0.0,0.2,0.2,4.58141183853149
Q_000008,MENU_000800,0,43,0.5228092670440674,0.0,0.2,0.0,4.64895582199097
Q_000008,MENU_002483,0,44,0.5222169756889343,0.0,0.0,0.0,4.68452405929565
Q_000008,MENU_000611,0,45,0.5215774774551392,0.0,0.2,0.0,4.64431381225586
Q_000008,MENU_002451,0,46,0.5213065147399902,0.0,0.2,0.0,4.77699613571167
Q_000008,MENU_002466,0,47,0.5209999084472656,0.0,0.2,0.0,4.77699613571167
Q_000008,MENU_000609,0,48,0.5204846262931824,0.0,0.2,0.0,4.64431381225586
Q_000008,MENU_002471,0,49,0.5194492936134338,0.0,0.0,0.0,4.68452405929565
Q_000008,MENU_002457,0,50,0.5182777643203735,0.0,0.2,0.0,4.77699613571167
Q_000009,MENU_002585,0,1,0.5017030835151672,0.25,0.25,0.25,4.67702722549438
Q_000009,MENU_002595,0,2,0.4871833026409149,0.25,0.25,0.0,4.67702722549438
Q_000009,MENU_002688,0,3,0.4811401963233948,0.25,0.0,0.25,4.78461503982544
Q_000009,MENU_002216,0,4,0.4756484627723694,0.25,0.5,0.25,4.65195322036743
Q_000009,MENU_001260,0,5,0.4641766846179962,0.0,0.0,0.25,4.75340223312378
Q_000009,MENU_001352,0,6,0.4578564763069153,0.0,0.0,0.25,4.75340223312378
Q_000009,MENU_002172,0,7,0.4551326632499695,0.25,0.5,0.25,4.65195322036743
Q_000009,MENU_002391,0,8,0.4465211033821106,0.0,0.0,0.0,4.2142858505249
Q_000009,MENU_002348,0,9,0.4465211033821106,0.0,0.0,0.0,4.57420492172241
Q_000009,MENU_000719,1,10,0.4425860643386841,0.0,0.5,0.0,4.67195796966553
Q_000009,MENU_001488,0,11,0.4416416883468628,0.25,0.0,0.0,4.74624919891357
Q_000009,MENU_001330,0,12,0.4389611482620239,0.25,0.0,0.25,4.75340223312378
Q_000009,MENU_002214,0,13,0.4368419647216797,0.25,0.5,0.25,4.65195322036743
Q_000009,MENU_002234,0,14,0.4329894781112671,0.25,0.5,0.25,4.65195322036743
Q_000009,MENU_002236,0,15,0.4299072027206421,0.25,0.5,0.25,4.65195322036743
Q_000009,MENU_002373,0,16,0.426759272813797,0.25,0.0,0.25,4.57420492172241
Q_000009,MENU_002419,0,17,0.426759272813797,0.25,0.0,0.25,4.2142858505249
Q_000009,MENU_002571,0,18,0.423144668340683,0.25,0.25,0.25,4.67702722549438
Q_000009,MENU_000038,0,19,0.4219014644622803,0.25,0.0,0.25,4.83308601379395
Q_000009,MENU_000724,1,20,0.4196842312812805,0.0,0.5,0.0,4.67195796966553
Q_000009,MENU_001259,0,21,0.4167190194129944,0.0,0.0,0.25,4.75340223312378
Q_000009,MENU_002232,0,22,0.416157603263855,0.25,0.5,0.25,4.65195322036743
Q_000009,MENU_002231,0,23,0.4130575656890869,0.0,0.5,0.0,4.65195322036743
Q_000009,MENU_002353,0,24,0.40873128175735474,0.0,0.0,0.0,4.57420492172241
Q_000009,MENU_002396,0,25,0.40873128175735474,0.0,0.0,0.0,4.2142858505249
Q_000009,MENU_002173,0,26,0.40750569105148315,0.25,0.5,0.25,4.65195322036743
Q_000009,MENU_002219,0,27,0.40594494342803955,0.0,0.5,0.0,4.65195322036743
Q_000009,MENU_001329,0,28,0.40344780683517456,0.25,0.0,0.25,4.75340223312378
Q_000009,MENU_000730,1,29,0.3995881676673889,0.25,0.5,0.0,4.67195796966553
Q_000009,MENU_002563,0,30,0.3982582688331604,0.25,0.25,0.0,4.67702722549438
Q_000009,MENU_001419,0,31,0.395255446434021,0.0,0.0,0.25,4.46881008148193
Q_000009,MENU_001351,0,32,0.390085905790329,0.0,0.0,0.25,4.75340223312378
Q_000009,MENU_002420,0,33,0.390024334192276,0.0,0.0,0.0,4.2142858505249
Q_000009,MENU_002374,0,34,0.390024334192276,0.0,0.0,0.0,4.57420492172241
Q_000009,MENU_001418,0,35,0.389940083026886,0.0,0.0,0.25,4.46881008148193
Q_000009,MENU_000744,1,36,0.38957515358924866,0.25,0.5,0.0,4.67195796966553
Q_000009,MENU_000317,0,37,0.3873075544834137,0.0,0.0,0.5,4.74902009963989
Q_000009,MENU_002584,0,38,0.38590893149375916,0.25,0.25,0.0,4.67702722549438
Q_000009,MENU_001688,0,39,0.38306930661201477,0.0,0.0,0.0,3.84737396240234
Q_000009,MENU_002529,0,40,0.3802366554737091,0.25,0.0,0.0,4.70963716506958
Q_000009,MENU_002441,0,41,0.37960636615753174,0.0,0.25,0.25,4.77699613571167
Q_000009,MENU_000214,0,42,0.37959492206573486,0.0,0.0,0.0,4.7832818031311
Q_000009,MENU_000759,1,43,0.37731218338012695,0.25,0.5,0.25,4.67195796966553
Q_000009,MENU_000575,0,44,0.37421914935112,0.25,0.0,0.0,4.48866987228394
Q_000009,MENU_002667,0,45,0.37353581190109253,0.0,0.0,0.0,4.7348837852478
Q_000009,MENU_001074,0,46,0.3729441165924072,0.0,0.0,0.5,4.25
Q_000009,MENU_002827,0,47,0.372810959815979,0.0,0.0,0.25,0.0
Q_000009,MENU_000549,0,48,0.3727993369102478,0.0,0.0,0.0,4.23846197128296
Q_000009,MENU_002528,0,49,0.37234145402908325,0.25,0.0,0.0,4.70963716506958
Q_000009,MENU_002531,0,50,0.3709705173969269,0.25,0.0,0.0,4.70963716506958
Q_000010,MENU_002189,1,1,0.5701589584350586,0.5,0.5,0.0,4.65195322036743
Q_000010,MENU_002573,1,2,0.5512330532073975,0.5,0.5,0.5,4.67702722549438
Q_000010,MENU_001912,1,3,0.5441469550132751,0.5,0.5,0.5,4.81481504440308
Q_000010,MENU_002589,1,4,0.5342229604721069,0.5,0.5,0.0,4.67702722549438
Q_000010,MENU_002175,1,5,0.5299816131591797,0.5,0.5,0.5,4.65195322036743
Q_000010,MENU_001023,0,6,0.5077873468399048,0.5,0.0,0.5,4.82307195663452
Q_000010,MENU_002562,1,7,0.50579833984375,0.5,0.5,0.5,4.67702722549438
Q_000010,MENU_000741,1,8,0.4947288930416107,0.5,0.5,0.0,4.67195796966553
Q_000010,MENU_000185,0,9,0.49236536026000977,0.5,0.0,0.5,4.63380479812622
Q_000010,MENU_000723,1,10,0.49231666326522827,0.5,0.5,0.5,4.67195796966553
Q_000010,MENU_001894,0,11,0.49140557646751404,0.5,0.0,0.5,5.0
Q_000010,MENU_001492,0,12,0.4907505512237549,0.0,0.0,0.5,4.7914719581604
Q_000010,MENU_002587,1,13,0.4892238676548004,0.5,0.5,0.5,4.67702722549438
Q_000010,MENU_001938,1,14,0.48053622245788574,0.0,0.5,0.5,4.81481504440308
Q_000010,MENU_000639,0,15,0.47791510820388794,0.5,0.0,0.0,4.64431381225586
Q_000010,MENU_002443,0,16,0.4774740934371948,0.0,0.5,0.5,4.77699613571167
Q_000010,MENU_002566,1,17,0.4763941764831543,0.5,0.5,0.0,4.67702722549438
Q_000010,MENU_001942,1,18,0.4740416407585144,0.0,0.5,0.5,4.81481504440308
Q_000010,MENU_000755,1,19,0.4720589220523834,0.5,0.5,0.0,4.67195796966553
Q_000010,MENU_002221,1,20,0.4687148332595825,0.5,0.5,0.5,4.65195322036743
Q_000010,MENU_002637,0,21,0.4650976061820984,0.5,0.0,0.5,4.58833312988281
Q_000010,MENU_001602,0,22,0.46312543749809265,0.5,0.0,0.0,4.87649393081665
Q_000010,MENU_000075,0,23,0.4548039436340332,0.5,0.0,0.0,4.72087717056274
Q_000010,MENU_002254,0,24,0.45249438285827637,0.0,0.0,0.0,4.81660079956055
Q_000010,MENU_002619,0,25,0.4518175721168518,0.5,0.0,0.0,4.66666698455811
Q_000010,MENU_001919,1,26,0.4474746882915497,0.0,0.5,0.5,4.81481504440308
Q_000010,MENU_000131,0,27,0.4474134147167206,0.0,0.0,0.0,4.63380479812622
Q_000010,MENU_000045,0,28,0.4447585344314575,0.5,0.0,0.5,4.0
Q_000010,MENU_000198,0,29,0.44308608770370483,0.0,0.0,0.0,4.63380479812622
Q_000010,MENU_001945,1,30,0.4380374848842621,0.0,0.5,0.5,4.81481504440308
Q_000010,MENU_002233,1,31,0.4334833025932312,0.5,0.5,0.5,4.65195322036743
Q_000010,MENU_000373,0,32,0.4299854338169098,0.0,0.0,0.5,4.71902799606323
Q_000010,MENU_000194,0,33,0.42995211482048035,0.0,0.0,0.0,4.63380479812622
Q_000010,MENU_001933,0,34,0.4248838722705841,0.5,0.0,0.0,4.81481504440308
Q_000010,MENU_000751,0,35,0.42378512024879456,0.5,0.0,0.5,4.67195796966553
Q_000010,MENU_001473,0,36,0.42375659942626953,0.5,0.5,0.0,4.60264015197754
Q_000010,MENU_001916,1,37,0.4234780967235565,0.5,0.5,0.5,4.81481504440308
Q_000010,MENU_002058,0,38,0.4197332262992859,0.5,0.0,0.5,4.83122396469116
Q_000010,MENU_001455,0,39,0.4182479679584503,0.5,0.0,0.0,4.60264015197754
Q_000010,MENU_002463,0,40,0.4174162447452545,0.0,0.5,0.5,4.77699613571167
Q_000010,MENU_001434,0,41,0.4119322896003723,0.5,0.0,0.0,4.6047158241272
Q_000010,MENU_001278,0,42,0.41141706705093384,0.0,0.0,0.0,4.75340223312378
Q_000010,MENU_001413,0,43,0.4099767208099365,0.0,0.0,0.0,4.46881008148193
Q_000010,MENU_002625,0,44,0.4099156856536865,0.5,0.5,0.0,4.58833312988281
Q_000010,MENU_000372,0,45,0.40812188386917114,0.0,0.0,0.5,4.71902799606323
Q_000010,MENU_002130,0,46,0.4066433906555176,0.5,0.0,0.0,4.64444398880005
Q_000010,MENU_002017,0,47,0.40551406145095825,0.0,0.0,0.0,4.1811408996582
Q_000010,MENU_001173,0,48,0.4054422378540039,0.0,0.0,0.5,4.82336378097534
Q_000010,MENU_002690,0,49,0.40472501516342163,0.0,0.0,0.0,4.78461503982544
Q_000010,MENU_001137,0,50,0.40432482957839966,0.0,0.0,0.5,4.82336378097534
Q_000011,MENU_001219,1,1,0.7471463680267334,0.3333333333333333,0.6666666666666666,0.0,4.75703001022339
Q_000011,MENU_001218,1,2,0.7408698797225952,0.3333333333333333,0.6666666666666666,0.0,4.75703001022339
Q_000011,MENU_001212,1,3,0.6566082835197449,0.0,0.6666666666666666,0.0,4.75703001022339
Q_000011,MENU_001220,1,4,0.5648626089096069,0.0,0.6666666666666666,0.0,4.75703001022339
Q_000011,MENU_001216,1,5,0.5328437089920044,0.0,0.6666666666666666,0.0,4.75703001022339
Q_000011,MENU_000500,0,6,0.5279772877693176,0.0,0.16666666666666666,0.0,4.77500009536743
Q_000011,MENU_000499,0,7,0.517166256904602,0.0,0.16666666666666666,0.0,4.77500009536743
Q_000011,MENU_000495,0,8,0.5073107481002808,0.0,0.16666666666666666,0.0,4.77500009536743
Q_000011,MENU_000488,0,9,0.506986141204834,0.0,0.0,0.3333333333333333,4.77500009536743
Q_000011,MENU_000496,0,10,0.5018357634544373,0.0,0.16666666666666666,0.0,4.77500009536743
Q_000011,MENU_000503,0,11,0.4994984269142151,0.0,0.16666666666666666,0.0,4.77500009536743
Q_000011,MENU_000502,0,12,0.4987119734287262,0.0,0.16666666666666666,0.0,4.77500009536743
Q_000011,MENU_000498,0,13,0.48040634393692017,0.0,0.16666666666666666,0.0,4.77500009536743
Q_000011,MENU_001132,0,14,0.4536309242248535,0.0,0.0,0.3333333333333333,4.92857122421265
Q_000011,MENU_000838,0,15,0.452931672334671,0.0,0.0,0.0,4.71359920501709
Q_000011,MENU_001217,0,16,0.44600558280944824,0.0,0.0,0.3333333333333333,4.75703001022339
Q_000011,MENU_000493,0,17,0.44569849967956543,0.0,0.16666666666666666,0.0,4.77500009536743
Q_000011,MENU_000492,0,18,0.4454026520252228,0.0,0.16666666666666666,0.0,4.77500009536743
Q_000011,MENU_001066,0,19,0.439339280128479,0.0,0.3333333333333333,0.0,4.25
Q_000011,MENU_001998,0,20,0.4376819133758545,0.0,0.16666666666666666,0.0,4.8508768081665
Q_000011,MENU_001078,0,21,0.43316012620925903,0.0,0.3333333333333333,0.0,4.25
Q_000011,MENU_001213,0,22,0.42824530601501465,0.0,0.0,0.0,4.75703001022339
Q_000011,MENU_001231,0,23,0.42710113525390625,0.0,0.0,0.0,4.75703001022339
Q_000011,MENU_000257,0,24,0.4255443215370178,0.0,0.0,0.0,4.65069389343262
Q_000011,MENU_001215,0,25,0.42262035608291626,0.0,0.0,0.0,4.75703001022339
Q_000011,MENU_000839,0,26,0.4224424958229065,0.0,0.0,0.16666666666666666,4.71359920501709
Q_000011,MENU_000494,0,27,0.4203856587409973,0.0,0.16666666666666666,0.0,4.77500009536743
Q_000011,MENU_000836,0,28,0.41886693239212036,0.0,0.0,0.0,4.71359920501709
Q_000011,MENU_000450,0,29,0.4184483587741852,0.0,0.0,0.0,4.68128681182861
Q_000011,MENU_001071,0,30,0.41429853439331055,0.0,0.3333333333333333,0.0,4.25
Q_000011,MENU_001225,0,31,0.4140239357948303,0.0,0.0,0.0,4.75703001022339
Q_000011,MENU_001112,0,32,0.4139139652252197,0.0,0.0,0.0,4.25
Q_000011,MENU_000788,0,33,0.41388028860092163,0.16666666666666666,0.0,0.0,4.70389223098755
Q_000011,MENU_000116,0,34,0.41245993971824646,0.0,0.0,0.0,3.0
Q_000011,MENU_001226,0,35,0.40863510966300964,0.0,0.0,0.0,4.75703001022339
Q_000011,MENU_002548,0,36,0.40860968828201294,0.0,0.0,0.0,4.86301422119141
Q_000011,MENU_001224,0,37,0.40616631507873535,0.0,0.0,0.0,4.75703001022339
Q_000011,MENU_001984,0,38,0.4048984944820404,0.0,0.0,0.0,4.59150314331055
Q_000011,MENU_000180,0,39,0.4042786955833435,0.0,0.0,0.0,4.63380479812622
Q_000011,MENU_002550,0,40,0.3989049792289734,0.0,0.0,0.0,4.86301422119141
Q_000011,MENU_001237,0,41,0.39873403310775757,0.0,0.0,0.0,4.75703001022339
Q_000011,MENU_001548,0,42,0.39810216426849365,0.0,0.0,0.0,4.20552682876587
Q_000011,MENU_001230,0,43,0.3955780863761902,0.0,0.0,0.0,4.75703001022339
Q_000011,MENU_002615,0,44,0.3951088786125183,0.0,0.0,0.0,4.76699018478394
Q_000011,MENU_001096,0,45,0.394351989030838,0.0,0.0,0.0,4.25
Q_000011,MENU_001238,0,46,0.39427870512008667,0.0,0.0,0.0,4.75703001022339
Q_000011,MENU_000164,0,47,0.3927376866340637,0.0,0.0,0.0,4.63380479812622
Q_000011,MENU_001223,0,48,0.3879706859588623,0.0,0.0,0.0,4.75703001022339
Q_000011,MENU_001547,0,49,0.3874826431274414,0.0,0.0,0.0,4.20552682876587
Q_000011,MENU_000113,0,50,0.3847629427909851,0.0,0.0,0.0,3.0
Q_000012,MENU_002187,0,1,0.522241473197937,0.0,0.0,0.0,4.65195322036743
Q_000012,MENU_001320,0,2,0.5134307146072388,0.0,0.3333333333333333,0.3333333333333333,4.75340223312378
Q_000012,MENU_001905,0,3,0.5018852353096008,0.0,0.0,0.0,4.35897397994995
Q_000012,MENU_002578,0,4,0.4807974696159363,0.0,0.0,0.0,4.67702722549438
Q_000012,MENU_001070,0,5,0.47848594188690186,0.0,0.3333333333333333,0.0,4.25
Q_000012,MENU_001346,0,6,0.47771668434143066,0.0,0.3333333333333333,0.0,4.75340223312378
Q_000012,MENU_001380,0,7,0.4745003879070282,0.0,0.3333333333333333,0.0,4.75340223312378
Q_000012,MENU_001106,0,8,0.4717135429382324,0.0,0.3333333333333333,0.0,4.25
Q_000012,MENU_000319,1,9,0.47128748893737793,0.0,0.3333333333333333,0.0,4.74902009963989
Q_000012,MENU_001963,0,10,0.47098034620285034,0.0,0.3333333333333333,0.0,4.74074077606201
Q_000012,MENU_001974,0,11,0.46914219856262207,0.0,0.3333333333333333,0.0,4.74074077606201
Q_000012,MENU_001321,0,12,0.46770337224006653,0.0,0.0,0.0,4.75340223312378
Q_000012,MENU_001896,0,13,0.4655460715293884,0.0,0.0,0.0,5.0
Q_000012,MENU_001345,0,14,0.46330541372299194,0.0,0.3333333333333333,0.0,4.75340223312378
Q_000012,MENU_001042,0,15,0.46240055561065674,0.0,0.3333333333333333,0.0,4.25
Q_000012,MENU_002684,0,16,0.4576423168182373,0.0,0.0,0.0,4.78461503982544
Q_000012,MENU_001047,0,17,0.45730069279670715,0.0,0.3333333333333333,0.0,4.25
Q_000012,MENU_000130,0,18,0.457072913646698,0.0,0.3333333333333333,0.0,4.63380479812622
Q_000012,MENU_001280,0,19,0.4562978744506836,0.0,0.0,0.0,4.75340223312378
Q_000012,MENU_001048,0,20,0.45565903186798096,0.0,0.3333333333333333,0.0,4.25
Q_000012,MENU_000320,1,21,0.4539896845817566,0.0,0.3333333333333333,0.0,4.74902009963989
Q_000012,MENU_001029,0,22,0.45167332887649536,0.0,0.0,0.0,4.25
Q_000012,MENU_001612,0,23,0.4514387845993042,0.0,0.0,0.0,0.0
Q_000012,MENU_001055,0,24,0.44861316680908203,0.0,0.3333333333333333,0.0,4.25
Q_000012,MENU_000290,1,25,0.44795870780944824,0.0,0.3333333333333333,0.0,4.65069389343262
Q_000012,MENU_001755,0,26,0.4464525580406189,0.0,0.0,0.0,4.81443309783936
Q_000012,MENU_001579,0,27,0.44580191373825073,0.0,0.0,0.0,4.88386678695679
Q_000012,MENU_001343,0,28,0.4453779458999634,0.0,0.3333333333333333,0.0,4.75340223312378
Q_000012,MENU_001294,0,29,0.4441893696784973,0.0,0.0,0.0,4.75340223312378
Q_000012,MENU_001254,0,30,0.4430152475833893,0.0,0.0,0.0,4.75340223312378
Q_000012,MENU_001289,0,31,0.4420821964740753,0.0,0.3333333333333333,0.0,4.75340223312378
Q_000012,MENU_000188,0,32,0.43938300013542175,0.0,0.3333333333333333,0.0,4.63380479812622
Q_000012,MENU_000567,0,33,0.43819910287857056,0.0,0.3333333333333333,0.0,4.48866987228394
Q_000012,MENU_002685,0,34,0.4373721778392792,0.0,0.0,0.0,4.78461503982544
Q_000012,MENU_000572,0,35,0.43620505928993225,0.0,0.3333333333333333,0.0,4.48866987228394
Q_000012,MENU_000727,0,36,0.43527156114578247,0.0,0.0,0.0,4.67195796966553
Q_000012,MENU_002119,1,37,0.4349557161331177,0.0,0.3333333333333333,0.0,4.64444398880005
Q_000012,MENU_000122,0,38,0.43351083993911743,0.0,0.3333333333333333,0.0,4.63380479812622
Q_000012,MENU_001056,0,39,0.4335017204284668,0.0,0.3333333333333333,0.0,4.25
Q_000012,MENU_001886,0,40,0.4329593777656555,0.0,0.3333333333333333,0.0,4.6991171836853
Q_000012,MENU_000129,0,41,0.43173879384994507,0.0,0.3333333333333333,0.0,4.63380479812622
Q_000012,MENU_000192,0,42,0.4307873845100403,0.0,0.3333333333333333,0.0,4.63380479812622
Q_000012,MENU_001973,0,43,0.4287095069885254,0.0,0.3333333333333333,0.0,4.74074077606201
Q_000012,MENU_002148,1,44,0.42562952637672424,0.3333333333333333,0.3333333333333333,0.0,4.64444398880005
Q_000012,MENU_001337,0,45,0.42409175634384155,0.0,0.0,0.0,4.75340223312378
Q_000012,MENU_001342,0,46,0.42284470796585083,0.0,0.3333333333333333,0.0,4.75340223312378
Q_000012,MENU_001597,0,47,0.42256587743759155,0.0,0.0,0.0,4.86808490753174
Q_000012,MENU_001063,0,48,0.4218657612800598,0.0,0.3333333333333333,0.0,4.25
Q_000012,MENU_001392,0,49,0.4167274236679077,0.0,0.0,0.0,4.75340223312378
Q_000012,MENU_001276,0,50,0.4166034460067749,0.0,0.0,0.0,4.75340223312378
Q_000013,MENU_002377,1,1,0.6710999011993408,0.0,0.6666666666666666,0.3333333333333333,4.57420492172241
Q_000013,MENU_002423,1,2,0.6710999011993408,0.0,0.6666666666666666,0.3333333333333333,4.2142858505249
Q_000013,MENU_002416,1,3,0.6456329822540283,0.0,0.6666666666666666,0.3333333333333333,4.2142858505249
Q_000013,MENU_002370,1,4,0.6456329822540283,0.0,0.6666666666666666,0.3333333333333333,4.57420492172241
Q_000013,MENU_002426,1,5,0.6241322755813599,0.0,0.6666666666666666,0.6666666666666666,4.2142858505249
Q_000013,MENU_002381,1,6,0.6241322755813599,0.0,0.6666666666666666,0.6666666666666666,4.57420492172241
Q_000013,MENU_002419,1,7,0.5957168340682983,0.0,0.6666666666666666,0.3333333333333333,4.2142858505249
Q_000013,MENU_002373,1,8,0.5957168340682983,0.0,0.6666666666666666,0.3333333333333333,4.57420492172241
Q_000013,MENU_001263,0,9,0.5915149450302124,0.0,0.3333333333333333,0.0,4.75340223312378
Q_000013,MENU_001262,0,10,0.5842645764350891,0.0,0.3333333333333333,0.0,4.75340223312378
Q_000013,MENU_001359,0,11,0.5798971652984619,0.0,0.3333333333333333,0.0,4.75340223312378
Q_000013,MENU_002409,1,12,0.5777192115783691,0.0,0.6666666666666666,0.0,4.2142858505249
Q_000013,MENU_001371,0,13,0.5759309530258179,0.0,0.0,0.0,4.75340223312378
Q_000013,MENU_001294,0,14,0.5703569650650024,0.0,0.3333333333333333,0.0,4.75340223312378
Q_000013,MENU_002696,0,15,0.5692533254623413,0.0,0.3333333333333333,0.0,4.78461503982544
Q_000013,MENU_002420,1,16,0.5654729008674622,0.0,0.6666666666666666,0.0,4.2142858505249
Q_000013,MENU_002374,1,17,0.5654729008674622,0.0,0.6666666666666666,0.0,4.57420492172241
Q_000013,MENU_001340,0,18,0.5648568868637085,0.0,0.3333333333333333,0.0,4.75340223312378
Q_000013,MENU_001975,0,19,0.564635694026947,0.0,0.0,0.0,4.74074077606201
Q_000013,MENU_002016,0,20,0.5635031461715698,0.0,0.3333333333333333,0.0,4.1811408996582
Q_000013,MENU_002105,0,21,0.563295841217041,0.3333333333333333,0.0,0.0,4.07968902587891
Q_000013,MENU_001293,0,22,0.5590695142745972,0.0,0.3333333333333333,0.0,4.75340223312378
Q_000013,MENU_001418,0,23,0.5584508180618286,0.0,0.3333333333333333,0.0,4.46881008148193
Q_000013,MENU_001394,0,24,0.5573666095733643,0.0,0.3333333333333333,0.0,4.75340223312378
Q_000013,MENU_002012,0,25,0.5569336414337158,0.0,0.3333333333333333,0.0,4.1811408996582
Q_000013,MENU_001038,0,26,0.556853175163269,0.0,0.3333333333333333,0.0,4.25
Q_000013,MENU_001969,0,27,0.5562986731529236,0.0,0.0,0.0,4.74074077606201
Q_000013,MENU_001358,0,28,0.5561921000480652,0.0,0.3333333333333333,0.0,4.75340223312378
Q_000013,MENU_000246,0,29,0.5556785464286804,0.0,0.0,0.0,4.14949178695679
Q_000013,MENU_001351,0,30,0.554599404335022,0.0,0.0,0.0,4.75340223312378
Q_000013,MENU_001382,0,31,0.5537452697753906,0.0,0.3333333333333333,0.0,4.75340223312378
Q_000013,MENU_001355,0,32,0.5532292127609253,0.0,0.3333333333333333,0.0,4.75340223312378
Q_000013,MENU_001339,0,33,0.5517662167549133,0.0,0.3333333333333333,0.0,4.75340223312378
Q_000013,MENU_001325,0,34,0.5512818098068237,0.0,0.3333333333333333,0.0,4.75340223312378
Q_000013,MENU_001281,0,35,0.5509346723556519,0.0,0.3333333333333333,0.0,4.75340223312378
Q_000013,MENU_001420,0,36,0.5505000352859497,0.0,0.3333333333333333,0.0,4.46881008148193
Q_000013,MENU_002400,1,37,0.5488989353179932,0.0,0.6666666666666666,0.6666666666666666,4.2142858505249
Q_000013,MENU_002357,1,38,0.5488989353179932,0.0,0.6666666666666666,0.6666666666666666,4.57420492172241
Q_000013,MENU_002404,1,39,0.547652006149292,0.0,0.6666666666666666,0.0,4.2142858505249
Q_000013,MENU_002361,1,40,0.547652006149292,0.0,0.6666666666666666,0.0,4.57420492172241
Q_000013,MENU_001365,0,41,0.5438964366912842,0.0,0.3333333333333333,0.0,4.75340223312378
Q_000013,MENU_001393,0,42,0.5433529615402222,0.0,0.3333333333333333,0.0,4.75340223312378
Q_000013,MENU_002017,0,43,0.5431925058364868,0.0,0.3333333333333333,0.0,4.1811408996582
Q_000013,MENU_000523,0,44,0.5428649187088013,0.0,0.3333333333333333,0.0,4.63044404983521
Q_000013,MENU_002366,1,45,0.5423963665962219,0.0,0.6666666666666666,0.0,4.57420492172241
Q_000013,MENU_002411,1,46,0.5423963665962219,0.0,0.6666666666666666,0.0,4.2142858505249
Q_000013,MENU_001357,0,47,0.5420937538146973,0.0,0.3333333333333333,0.0,4.75340223312378
Q_000013,MENU_001344,0,48,0.5396062731742859,0.0,0.0,0.0,4.75340223312378
Q_000013,MENU_001388,0,49,0.5395045280456543,0.0,0.3333333333333333,0.0,4.75340223312378
Q_000013,MENU_001353,0,50,0.5389142632484436,0.0,0.0,0.0,4.75340223312378
Q_000014,MENU_000203,1,1,0.5276386141777039,0.0,0.6666666666666666,0.0,4.63380479812622
Q_000014,MENU_000182,1,2,0.5255540013313293,0.0,0.6666666666666666,0.0,4.63380479812622
Q_000014,MENU_000135,1,3,0.5234143733978271,0.0,0.6666666666666666,0.0,4.63380479812622
Q_000014,MENU_000191,1,4,0.5103858709335327,0.0,0.6666666666666666,0.0,4.63380479812622
Q_000014,MENU_000195,1,5,0.4912721514701843,0.0,0.6666666666666666,0.0,4.63380479812622
Q_000014,MENU_000119,1,6,0.48636507987976074,0.0,0.6666666666666666,0.0,4.63380479812622
Q_000014,MENU_000143,1,7,0.480796217918396,0.0,0.6666666666666666,0.0,4.63380479812622
Q_000014,MENU_001078,0,8,0.4750504195690155,0.0,0.0,0.0,4.25
Q_000014,MENU_000125,1,9,0.4622550904750824,0.0,0.6666666666666666,0.0,4.63380479812622
Q_000014,MENU_002683,0,10,0.4620799422264099,0.0,0.0,0.0,4.78461503982544
Q_000014,MENU_001900,0,11,0.4618341028690338,0.0,0.0,0.0,4.58653783798218
Q_000014,MENU_001096,0,12,0.4507526755332947,0.0,0.0,0.0,4.25
Q_000014,MENU_001236,0,13,0.45042315125465393,0.0,0.0,0.0,4.75703001022339
Q_000014,MENU_001891,0,14,0.45020899176597595,0.0,0.0,0.0,5.0
Q_000014,MENU_002399,0,15,0.4441847503185272,0.0,0.0,0.0,4.2142858505249
Q_000014,MENU_002356,0,16,0.4441847503185272,0.0,0.0,0.0,4.57420492172241
Q_000014,MENU_001997,0,17,0.4429727792739868,0.0,0.0,0.0,4.81096696853638
Q_000014,MENU_001413,0,18,0.4429308772087097,0.0,0.0,0.0,4.46881008148193
Q_000014,MENU_000989,0,19,0.439860463142395,0.0,0.0,0.0,4.0
Q_000014,MENU_001100,0,20,0.43971192836761475,0.0,0.0,0.0,4.25
Q_000014,MENU_000865,0,21,0.43968039751052856,0.0,0.0,0.0,4.85320281982422
Q_000014,MENU_001418,0,22,0.4382113814353943,0.0,0.0,0.0,4.46881008148193
Q_000014,MENU_000184,0,23,0.4376896917819977,0.0,0.0,0.0,4.63380479812622
Q_000014,MENU_001964,0,24,0.43744683265686035,0.0,0.0,0.0,4.74074077606201
Q_000014,MENU_001790,0,25,0.43712127208709717,0.0,0.0,0.0,4.81443309783936
Q_000014,MENU_000670,0,26,0.4348006546497345,0.0,0.0,0.0,4.72276020050049
Q_000014,MENU_001896,0,27,0.4345282316207886,0.0,0.0,0.0,5.0
Q_000014,MENU_001424,0,28,0.4345114231109619,0.0,0.0,0.0,4.46881008148193
Q_000014,MENU_000192,0,29,0.4332745671272278,0.0,0.0,0.0,4.63380479812622
Q_000014,MENU_001420,0,30,0.4330103099346161,0.0,0.0,0.0,4.46881008148193
Q_000014,MENU_000783,0,31,0.4306930601596832,0.0,0.0,0.0,4.70389223098755
Q_000014,MENU_000133,0,32,0.4303028881549835,0.0,0.0,0.0,4.63380479812622
Q_000014,MENU_000065,0,33,0.43009939789772034,0.0,0.0,0.0,4.82178211212158
Q_000014,MENU_000131,0,34,0.4289647936820984,0.0,0.0,0.0,4.63380479812622
Q_000014,MENU_001071,0,35,0.42827165126800537,0.0,0.0,0.0,4.25
Q_000014,MENU_000040,0,36,0.42767226696014404,0.0,0.0,0.0,4.03416109085083
Q_000014,MENU_001771,0,37,0.42718154191970825,0.0,0.0,0.0,4.81443309783936
Q_000014,MENU_000124,0,38,0.42600762844085693,0.0,0.0,0.0,4.63380479812622
Q_000014,MENU_001734,0,39,0.4252340495586395,0.0,0.0,0.0,4.81443309783936
Q_000014,MENU_000263,0,40,0.4245287775993347,0.0,0.0,0.0,4.65069389343262
Q_000014,MENU_000997,0,41,0.42379018664360046,0.0,0.0,0.0,4.65557909011841
Q_000014,MENU_001406,0,42,0.42301779985427856,0.0,0.0,0.0,4.46881008148193
Q_000014,MENU_001889,0,43,0.4225534498691559,0.0,0.3333333333333333,0.0,3.94736790657043
Q_000014,MENU_001055,0,44,0.42197680473327637,0.0,0.0,0.0,4.25
Q_000014,MENU_001754,0,45,0.4214302897453308,0.0,0.0,0.0,4.81443309783936
Q_000014,MENU_000663,0,46,0.42084333300590515,0.0,0.0,0.0,4.72276020050049
Q_000014,MENU_001867,0,47,0.4207257628440857,0.0,0.0,0.0,4.6991171836853
Q_000014,MENU_000500,0,48,0.42056387662887573,0.0,0.0,0.0,4.77500009536743
Q_000014,MENU_000147,0,49,0.41796064376831055,0.0,0.0,0.0,4.63380479812622
Q_000014,MENU_001787,0,50,0.41771483421325684,0.0,0.0,0.0,4.81443309783936
Q_000015,MENU_001272,0,1,0.6043400764465332,0.0,0.25,0.0,4.75340223312378
Q_000015,MENU_001276,0,2,0.5941743850708008,0.0,0.25,0.0,4.75340223312378
Q_000015,MENU_000150,0,3,0.5854275822639465,0.0,0.25,0.0,4.63380479812622
Q_000015,MENU_001267,0,4,0.5849035978317261,0.0,0.25,0.0,4.75340223312378
Q_000015,MENU_000151,0,5,0.5809175372123718,0.0,0.25,0.0,4.63380479812622
Q_000015,MENU_001309,0,6,0.5793920755386353,0.0,0.25,0.0,4.75340223312378
Q_000015,MENU_001886,1,7,0.5626070499420166,0.0,0.75,0.0,4.6991171836853
Q_000015,MENU_001855,1,8,0.5580109357833862,0.0,0.75,0.0,4.6991171836853
Q_000015,MENU_001300,0,9,0.5530983209609985,0.0,0.25,0.0,4.75340223312378
Q_000015,MENU_001836,1,10,0.5526913404464722,0.0,0.75,0.0,4.6991171836853
Q_000015,MENU_000693,0,11,0.550689160823822,0.0,0.25,0.0,4.72276020050049
Q_000015,MENU_000567,0,12,0.5456802248954773,0.0,0.5,0.0,4.48866987228394
Q_000015,MENU_001274,0,13,0.5453589558601379,0.0,0.25,0.0,4.75340223312378
Q_000015,MENU_001841,0,14,0.5437991619110107,0.0,0.25,0.0,4.6991171836853
Q_000015,MENU_000572,0,15,0.5407193899154663,0.0,0.5,0.0,4.48866987228394
Q_000015,MENU_001307,0,16,0.5367695093154907,0.0,0.25,0.0,4.75340223312378
Q_000015,MENU_001518,0,17,0.5360141396522522,0.0,0.0,0.0,4.65221118927002
Q_000015,MENU_002252,0,18,0.5357670783996582,0.0,0.0,0.0,4.65195322036743
Q_000015,MENU_001305,0,19,0.5346120595932007,0.0,0.25,0.0,4.75340223312378
Q_000015,MENU_001268,0,20,0.5332257747650146,0.0,0.25,0.0,4.75340223312378
Q_000015,MENU_000146,0,21,0.5329709053039551,0.0,0.25,0.0,4.63380479812622
Q_000015,MENU_000695,0,22,0.5309309363365173,0.0,0.25,0.0,4.72276020050049
Q_000015,MENU_002201,0,23,0.5282854437828064,0.0,0.0,0.0,4.65195322036743
Q_000015,MENU_001320,0,24,0.5273033380508423,0.0,0.25,0.0,4.75340223312378
Q_000015,MENU_000147,0,25,0.5210587978363037,0.0,0.25,0.0,4.63380479812622
Q_000015,MENU_001273,0,26,0.5193586945533752,0.0,0.25,0.0,4.75340223312378
Q_000015,MENU_000699,0,27,0.5176924467086792,0.0,0.25,0.0,4.72276020050049
Q_000015,MENU_001048,0,28,0.5136009454727173,0.0,0.25,0.0,4.25
Q_000015,MENU_000320,0,29,0.511555016040802,0.0,0.25,0.0,4.74902009963989
Q_000015,MENU_001106,0,30,0.5091747045516968,0.0,0.25,0.0,4.25
Q_000015,MENU_000051,0,31,0.5082053542137146,0.0,0.0,0.0,4.34240007400513
Q_000015,MENU_001301,0,32,0.5077440738677979,0.0,0.25,0.0,4.75340223312378
Q_000015,MENU_000865,0,33,0.5076537132263184,0.0,0.0,0.0,4.85320281982422
Q_000015,MENU_001056,0,34,0.5058565735816956,0.0,0.25,0.0,4.25
Q_000015,MENU_002578,0,35,0.5056236982345581,0.0,0.0,0.0,4.67702722549438
Q_000015,MENU_001887,1,36,0.5054449439048767,0.0,0.75,0.0,4.6991171836853
Q_000015,MENU_000681,0,37,0.5042786598205566,0.0,0.25,0.0,4.72276020050049
Q_000015,MENU_001515,0,38,0.5037084221839905,0.0,0.0,0.0,4.65221118927002
Q_000015,MENU_001191,0,39,0.5030903816223145,0.0,0.0,0.0,4.82336378097534
Q_000015,MENU_000585,0,40,0.5000667572021484,0.0,0.5,0.0,4.48866987228394
Q_000015,MENU_001270,0,41,0.4996839761734009,0.0,0.25,0.0,4.75340223312378
Q_000015,MENU_001047,0,42,0.4996010959148407,0.0,0.25,0.0,4.25
Q_000015,MENU_000933,0,43,0.49726566672325134,0.0,0.0,0.0,4.0
Q_000015,MENU_001373,0,44,0.496026873588562,0.0,0.0,0.0,4.75340223312378
Q_000015,MENU_001053,0,45,0.4956859350204468,0.0,0.0,0.0,4.25
Q_000015,MENU_000664,0,46,0.49492791295051575,0.0,0.25,0.0,4.72276020050049
Q_000015,MENU_000700,0,47,0.49396175146102905,0.0,0.25,0.0,4.72276020050049
Q_000015,MENU_000696,0,48,0.49372172355651855,0.0,0.25,0.0,4.72259521484375
Q_000015,MENU_001452,0,49,0.4937085807323456,0.0,0.0,0.0,4.60264015197754
Q_000015,MENU_000702,0,50,0.49303603172302246,0.0,0.25,0.0,4.72276020050049
Q_000016,MENU_001476,1,1,0.639153242111206,0.5,0.75,0.0,4.60264015197754
Q_000016,MENU_001479,1,2,0.6219717860221863,0.5,0.75,0.0,4.60264015197754
Q_000016,MENU_001451,1,3,0.6217392683029175,0.5,0.75,0.0,4.60264015197754
Q_000016,MENU_001480,1,4,0.6109321117401123,0.5,0.75,0.0,4.60264015197754
Q_000016,MENU_001467,1,5,0.6038978099822998,0.5,0.75,0.0,4.60264015197754
Q_000016,MENU_001477,1,6,0.5935864448547363,0.5,0.75,0.0,4.60264015197754
Q_000016,MENU_001478,1,7,0.5881407260894775,0.5,0.75,0.0,4.60264015197754
Q_000016,MENU_001463,1,8,0.5805274248123169,0.5,0.75,0.0,4.60264015197754
Q_000016,MENU_002223,0,9,0.5728061199188232,0.25,0.0,0.0,4.65195322036743
Q_000016,MENU_001837,0,10,0.5700796842575073,0.0,0.0,0.25,4.6991171836853
Q_000016,MENU_001092,0,11,0.5695052742958069,0.25,0.25,0.25,4.25
Q_000016,MENU_001454,0,12,0.5664560794830322,0.5,0.25,0.0,4.60264015197754
Q_000016,MENU_001459,0,13,0.5661138296127319,0.5,0.25,0.0,4.60264015197754
Q_000016,MENU_001484,0,14,0.5643292665481567,0.25,0.25,0.0,4.60264015197754
Q_000016,MENU_000025,0,15,0.5598174333572388,0.25,0.25,0.0,4.47627115249634
Q_000016,MENU_001433,0,16,0.5571338534355164,0.25,0.25,0.0,4.60264015197754
Q_000016,MENU_000022,0,17,0.5563966035842896,0.25,0.25,0.0,4.47627115249634
Q_000016,MENU_001436,0,18,0.544988751411438,0.25,0.25,0.0,4.60264015197754
Q_000016,MENU_001618,0,19,0.536925733089447,0.25,0.0,0.25,4.6399998664856
Q_000016,MENU_001806,0,20,0.5363137722015381,0.25,0.0,0.0,4.6991171836853
Q_000016,MENU_002197,0,21,0.5328637361526489,0.25,0.0,0.0,4.65195322036743
Q_000016,MENU_000165,0,22,0.5304464101791382,0.25,0.0,0.25,4.63380479812622
Q_000016,MENU_002591,0,23,0.529096245765686,0.25,0.0,0.0,4.67702722549438
Q_000016,MENU_001275,0,24,0.5290171504020691,0.0,0.0,0.25,4.75340223312378
Q_000016,MENU_001475,0,25,0.5270609259605408,0.25,0.5,0.0,4.60264015197754
Q_000016,MENU_002801,0,26,0.526901364326477,0.0,0.0,0.0,0.0
Q_000016,MENU_000027,0,27,0.5257359743118286,0.25,0.0,0.0,4.47627115249634
Q_000016,MENU_000725,0,28,0.5248117446899414,0.25,0.0,0.0,4.67195796966553
Q_000016,MENU_001294,0,29,0.5228238105773926,0.0,0.0,0.0,4.75340223312378
Q_000016,MENU_000102,0,30,0.5219340324401855,0.25,0.0,0.0,4.34729814529419
Q_000016,MENU_002560,0,31,0.5213592648506165,0.25,0.0,0.25,4.67702722549438
Q_000016,MENU_002598,0,32,0.5190249681472778,0.25,0.0,0.0,4.67702722549438
Q_000016,MENU_001807,0,33,0.5156722068786621,0.0,0.0,0.0,4.6991171836853
Q_000016,MENU_001003,0,34,0.5137715339660645,0.25,0.0,0.25,4.65962409973145
Q_000016,MENU_001308,0,35,0.5123035311698914,0.0,0.0,0.25,4.75340223312378
Q_000016,MENU_000686,0,36,0.5121030807495117,0.25,0.0,0.0,4.72276020050049
Q_000016,MENU_002445,0,37,0.5115344524383545,0.0,0.0,0.25,4.77699613571167
Q_000016,MENU_000088,0,38,0.5106877684593201,0.25,0.0,0.25,4.34729814529419
Q_000016,MENU_001808,0,39,0.5097808837890625,0.0,0.0,0.0,4.6991171836853
Q_000016,MENU_000564,0,40,0.5095097422599792,0.0,0.0,0.25,3.98560500144959
Q_000016,MENU_002454,0,41,0.5069793462753296,0.25,0.0,0.25,4.77699613571167
Q_000016,MENU_002601,0,42,0.5049458146095276,0.25,0.0,0.25,4.67702722549438
Q_000016,MENU_000028,0,43,0.5047755241394043,0.25,0.0,0.0,4.47627115249634
Q_000016,MENU_002230,0,44,0.5043489933013916,0.25,0.0,0.25,4.65195322036743
Q_000016,MENU_000228,0,45,0.5037670731544495,0.0,0.0,0.0,4.14949178695679
Q_000016,MENU_001616,0,46,0.5032823085784912,0.25,0.0,0.25,4.62048578262329
Q_000016,MENU_002147,0,47,0.5032138824462891,0.25,0.0,0.25,4.64444398880005
Q_000016,MENU_001975,0,48,0.5027680993080139,0.0,0.0,0.0,4.74074077606201
Q_000016,MENU_001139,0,49,0.5026747584342957,0.0,0.0,0.25,4.82336378097534
Q_000016,MENU_001660,0,50,0.5025259256362915,0.25,0.0,0.0,3.70588207244873
Q_000017,MENU_002481,0,1,0.3505423367023468,0.0,0.5,0.0,4.68452405929565
Q_000017,MENU_002478,0,2,0.3468475639820099,0.0,0.5,0.0,4.68452405929565
Q_000017,MENU_002476,0,3,0.3413216471672058,0.0,0.5,0.0,4.68452405929565
Q_000017,MENU_002487,0,4,0.336628794670105,0.0,0.5,0.0,4.68452405929565
Q_000017,MENU_002467,0,5,0.33466070890426636,0.0,0.5,0.0,4.68452405929565
Q_000017,MENU_001775,1,6,0.3340723514556885,0.0,0.5,0.0,4.81443309783936
Q_000017,MENU_002485,0,7,0.3302910327911377,0.0,0.5,0.0,4.68452405929565
Q_000017,MENU_002468,0,8,0.3278551697731018,0.0,0.5,0.0,4.68452405929565
Q_000017,MENU_001784,1,9,0.3269451856613159,0.0,0.5,0.0,4.81443309783936
Q_000017,MENU_001781,1,10,0.312028169631958,0.0,0.5,0.0,4.81443309783936
Q_000017,MENU_001783,1,11,0.31201034784317017,0.0,0.5,0.0,4.81443309783936
Q_000017,MENU_001782,1,12,0.3091588616371155,0.0,0.5,0.0,4.81443309783936
Q_000017,MENU_002480,0,13,0.3090524673461914,0.0,0.5,0.0,4.68452405929565
Q_000017,MENU_001779,1,14,0.30854344367980957,0.0,0.5,0.0,4.81443309783936
Q_000017,MENU_001776,1,15,0.30561840534210205,0.0,0.5,0.0,4.81443309783936
Q_000017,MENU_000296,1,16,0.30371570587158203,0.0,0.5,0.0,4.74418592453003
Q_000017,MENU_001777,1,17,0.30111223459243774,0.0,0.5,0.0,4.81443309783936
Q_000017,MENU_001732,0,18,0.3001166880130768,0.0,0.0,0.5,4.7578501701355
Q_000017,MENU_002484,0,19,0.2992498278617859,0.0,0.5,0.0,4.68452405929565
Q_000017,MENU_002479,0,20,0.2991999685764313,0.0,0.5,0.0,4.68452405929565
Q_000017,MENU_000592,0,21,0.29891395568847656,0.0,0.5,0.0,4.64431381225586
Q_000017,MENU_001780,1,22,0.29558923840522766,0.0,0.5,0.0,4.81443309783936
Q_000017,MENU_001778,1,23,0.289070188999176,0.0,0.5,0.0,4.81443309783936
Q_000017,MENU_002477,0,24,0.28878408670425415,0.0,0.5,0.0,4.68452405929565
Q_000017,MENU_002473,0,25,0.28719115257263184,0.0,0.5,0.0,4.68452405929565
Q_000017,MENU_000614,0,26,0.2833879590034485,0.0,0.5,0.0,4.64431381225586
Q_000017,MENU_002472,0,27,0.2811076045036316,0.0,0.5,0.0,4.68452405929565
Q_000017,MENU_002047,1,28,0.28078681230545044,0.0,0.5,0.0,4.1811408996582
Q_000017,MENU_001785,1,29,0.27891290187835693,0.0,0.5,0.0,4.81443309783936
Q_000017,MENU_000603,0,30,0.2778691053390503,0.0,0.5,0.0,4.64431381225586
Q_000017,MENU_002486,0,31,0.27573806047439575,0.0,0.5,0.0,4.68452405929565
Q_000017,MENU_000294,1,32,0.27428966760635376,0.0,0.5,0.0,4.74418592453003
Q_000017,MENU_000243,0,33,0.2729082703590393,0.0,0.5,0.0,4.14949178695679
Q_000017,MENU_001591,0,34,0.26896899938583374,0.0,0.0,0.5,4.70322608947754
Q_000017,MENU_002470,0,35,0.26753687858581543,0.0,0.5,0.0,4.68452405929565
Q_000017,MENU_001392,0,36,0.2591349184513092,0.0,0.5,0.0,4.75340223312378
Q_000017,MENU_000114,0,37,0.25764310359954834,0.5,0.0,0.0,3.0
Q_000017,MENU_001511,0,38,0.25672513246536255,0.0,0.5,0.0,4.49779605865479
Q_000017,MENU_001769,1,39,0.2542303800582886,0.0,0.5,0.0,4.81443309783936
Q_000017,MENU_002772,1,40,0.25090765953063965,0.0,0.5,0.0,0.0
Q_000017,MENU_001338,0,41,0.24877232313156128,0.0,0.5,0.0,4.75340223312378
Q_000017,MENU_001659,1,42,0.2450157105922699,0.0,0.5,0.0,4.5350399017334
Q_000017,MENU_001353,0,43,0.24129122495651245,0.0,0.0,0.0,4.75340223312378
Q_000017,MENU_000596,0,44,0.24034982919692993,0.0,0.5,0.0,4.64431381225586
Q_000017,MENU_002471,0,45,0.23899248242378235,0.0,0.5,0.0,4.68452405929565
Q_000017,MENU_000044,1,46,0.23828211426734924,0.0,0.5,0.0,4.41972017288208
Q_000017,MENU_001178,0,47,0.23686085641384125,0.0,0.5,0.0,4.82336378097534
Q_000017,MENU_002680,1,48,0.2338266670703888,0.0,0.5,0.0,4.28205108642578
Q_000017,MENU_001791,1,49,0.2326025515794754,0.0,0.5,0.0,4.81443309783936
Q_000017,MENU_001738,1,50,0.23140330612659454,0.0,0.5,0.0,4.81443309783936
Q_000018,MENU_000890,1,1,0.4463863968849182,0.0,0.5,0.0,4.0
Q_000018,MENU_000889,1,2,0.44445669651031494,0.0,0.5,0.0,4.0
Q_000018,MENU_000886,1,3,0.4364882707595825,0.0,0.5,0.0,4.0
Q_000018,MENU_000887,1,4,0.42336320877075195,0.0,0.5,0.0,4.0
Q_000018,MENU_000885,1,5,0.41605278849601746,0.0,0.5,0.0,4.0
Q_000018,MENU_000884,1,6,0.4072946310043335,0.0,0.5,0.0,4.0
Q_000018,MENU_000888,1,7,0.3955201208591461,0.0,0.5,0.0,4.0
Q_000018,MENU_002818,0,8,0.34928256273269653,0.0,0.0,0.0,0.0
Q_000018,MENU_001244,0,9,0.3483520448207855,0.0,0.0,0.0,4.22527122497559
Q_000018,MENU_001958,0,10,0.33653175830841064,0.0,0.0,0.0,4.6658787727356
Q_000018,MENU_002804,0,11,0.33639609813690186,0.0,0.0,0.0,0.0
Q_000018,MENU_002679,0,12,0.33527475595474243,0.0,0.0,0.0,4.7348837852478
Q_000018,MENU_002082,0,13,0.33299633860588074,0.25,0.0,0.0,4.52205896377563
Q_000018,MENU_002786,0,14,0.32789671421051025,0.0,0.0,0.0,0.0
Q_000018,MENU_001781,0,15,0.3271372318267822,0.0,0.0,0.0,4.81443309783936
Q_000018,MENU_000044,0,16,0.3238535225391388,0.0,0.0,0.0,4.41972017288208
Q_000018,MENU_000678,0,17,0.32246559858322144,0.0,0.0,0.0,4.72276020050049
Q_000018,MENU_001159,0,18,0.31652215123176575,0.0,0.0,0.0,4.82336378097534
Q_000018,MENU_000625,0,19,0.31525805592536926,0.0,0.0,0.0,4.64431381225586
Q_000018,MENU_000830,0,20,0.3151834011077881,0.0,0.0,0.0,4.55801105499268
Q_000018,MENU_001044,0,21,0.31484299898147583,0.0,0.0,0.0,4.25
Q_000018,MENU_000671,0,22,0.3141263723373413,0.25,0.0,0.0,4.72276020050049
Q_000018,MENU_002806,0,23,0.3129926323890686,0.0,0.0,0.0,0.0
Q_000018,MENU_002790,0,24,0.3125523328781128,0.0,0.0,0.0,0.0
Q_000018,MENU_002848,0,25,0.30832305550575256,0.0,0.0,0.0,0.0
Q_000018,MENU_002798,0,26,0.30664435029029846,0.0,0.0,0.0,0.0
Q_000018,MENU_001537,0,27,0.3056482672691345,0.0,0.0,0.0,4.20552682876587
Q_000018,MENU_001607,0,28,0.3034723997116089,0.0,0.0,0.0,4.19549179077148
Q_000018,MENU_000871,0,29,0.30279308557510376,0.0,0.0,0.0,4.8529257774353
Q_000018,MENU_000789,0,30,0.3023797869682312,0.0,0.0,0.0,4.70389223098755
Q_000018,MENU_001043,0,31,0.29865190386772156,0.0,0.0,0.0,4.25
Q_000018,MENU_001077,0,32,0.29818201065063477,0.0,0.0,0.0,4.25
Q_000018,MENU_001956,0,33,0.29805994033813477,0.0,0.0,0.0,4.6658787727356
Q_000018,MENU_002534,0,34,0.2977234423160553,0.0,0.0,0.0,4.41281080245972
Q_000018,MENU_002802,0,35,0.29713377356529236,0.0,0.0,0.0,0.0
Q_000018,MENU_001877,0,36,0.29686230421066284,0.0,0.0,0.0,4.6991171836853
Q_000018,MENU_001881,0,37,0.29645997285842896,0.0,0.0,0.0,4.6991171836853
Q_000018,MENU_001880,0,38,0.29645997285842896,0.0,0.0,0.0,4.6991171836853
Q_000018,MENU_002805,0,39,0.295418918132782,0.0,0.0,0.0,0.0
Q_000018,MENU_001368,0,40,0.2949352562427521,0.0,0.0,0.0,4.75340223312378
Q_000018,MENU_001784,0,41,0.2936456799507141,0.0,0.0,0.0,4.81443309783936
Q_000018,MENU_001879,0,42,0.2923256456851959,0.0,0.0,0.0,4.6991171836853
Q_000018,MENU_001033,0,43,0.2915874123573303,0.0,0.0,0.0,4.25
Q_000018,MENU_002750,0,44,0.2909742295742035,0.0,0.0,0.0,0.0
Q_000018,MENU_002799,0,45,0.2905014157295227,0.0,0.0,0.0,0.0
Q_000018,MENU_002322,0,46,0.28976118564605713,0.0,0.0,0.0,4.681480884552
Q_000018,MENU_002031,0,47,0.28953444957733154,0.0,0.0,0.0,4.1811408996582
Q_000018,MENU_002583,0,48,0.2895129919052124,0.0,0.0,0.0,4.67702722549438
Q_000018,MENU_001775,0,49,0.28740090131759644,0.0,0.0,0.0,4.81443309783936
Q_000018,MENU_002819,0,50,0.286854088306427,0.0,0.0,0.0,0.0
Q_000019,MENU_001252,0,1,0.502257227897644,0.0,0.0,0.0,4.75340223312378
Q_000019,MENU_000286,0,2,0.4978794753551483,0.0,0.0,0.0,4.65069389343262
Q_000019,MENU_002295,0,3,0.49143433570861816,0.0,0.0,0.0,4.54545497894287
Q_000019,MENU_002291,0,4,0.48894041776657104,0.0,0.0,0.0,4.54545497894287
Q_000019,MENU_001581,0,5,0.48007550835609436,0.0,0.0,0.0,4.88310480117798
Q_000019,MENU_001729,1,6,0.478579044342041,0.0,0.5,0.0,3.84737396240234
Q_000019,MENU_000363,1,7,0.4729093313217163,0.0,0.5,0.0,4.71859407424927
Q_000019,MENU_000332,1,8,0.4729093313217163,0.0,0.5,0.0,4.60093212127686
Q_000019,MENU_001727,1,9,0.4728519022464752,0.0,0.5,0.0,3.84737396240234
Q_000019,MENU_002282,0,10,0.47120070457458496,0.0,0.0,0.0,4.58823490142822
Q_000019,MENU_001249,0,11,0.4685577154159546,0.0,0.0,0.0,4.75340223312378
Q_000019,MENU_000333,1,12,0.46730029582977295,0.0,0.5,0.0,4.60093212127686
Q_000019,MENU_000364,1,13,0.46730029582977295,0.0,0.5,0.0,4.71902799606323
Q_000019,MENU_000116,0,14,0.4641554355621338,0.0,0.0,0.0,3.0
Q_000019,MENU_002307,0,15,0.4534422755241394,0.0,0.5,0.5,4.54545497894287
Q_000019,MENU_002270,0,16,0.4528127610683441,0.0,0.0,0.0,4.58823490142822
Q_000019,MENU_001251,0,17,0.4527559280395508,0.0,0.0,0.0,4.75340223312378
Q_000019,MENU_000013,0,18,0.4520314335823059,0.0,0.0,0.0,4.85917997360229
Q_000019,MENU_002272,0,19,0.45165330171585083,0.0,0.0,0.0,4.58823490142822
Q_000019,MENU_002296,0,20,0.45090609788894653,0.0,0.0,0.0,4.54545497894287
Q_000019,MENU_001705,0,21,0.44872748851776123,0.0,0.0,0.0,3.84737396240234
Q_000019,MENU_001253,0,22,0.44215530157089233,0.0,0.0,0.0,4.75340223312378
Q_000019,MENU_000839,1,23,0.44085294008255005,0.0,0.5,0.0,4.71359920501709
Q_000019,MENU_002257,0,24,0.440807968378067,0.0,0.0,0.0,4.58823490142822
Q_000019,MENU_000339,1,25,0.4406015872955322,0.0,0.5,0.0,4.71902799606323
Q_000019,MENU_000322,1,26,0.4406015872955322,0.0,0.5,0.0,4.60093212127686
Q_000019,MENU_000653,0,27,0.44038525223731995,0.0,0.0,0.0,4.72276020050049
Q_000019,MENU_001527,0,28,0.43909093737602234,0.0,0.0,0.0,4.20552682876587
Q_000019,MENU_002125,1,29,0.439059317111969,0.0,0.5,0.0,4.64444398880005
Q_000019,MENU_002259,0,30,0.4386332035064697,0.0,0.0,0.0,4.58823490142822
Q_000019,MENU_000169,0,31,0.43823444843292236,0.0,0.5,0.0,4.63380479812622
Q_000019,MENU_002263,0,32,0.4373783469200134,0.0,0.0,0.0,4.58823490142822
Q_000019,MENU_000560,0,33,0.43728840351104736,0.0,0.0,0.0,4.23846197128296
Q_000019,MENU_000287,0,34,0.4364796280860901,0.0,0.0,0.0,4.65069389343262
Q_000019,MENU_001564,0,35,0.4355822801589966,0.0,0.0,0.0,4.88310480117798
Q_000019,MENU_001987,0,36,0.43296873569488525,0.0,0.0,0.0,4.59150314331055
Q_000019,MENU_001733,0,37,0.432331383228302,0.0,0.0,0.0,4.81443309783936
Q_000019,MENU_000842,1,38,0.430433064699173,0.0,0.5,0.0,4.71359920501709
Q_000019,MENU_000338,1,39,0.42991024255752563,0.0,0.5,0.0,4.60093212127686
Q_000019,MENU_002774,0,40,0.42956212162971497,0.0,0.0,0.0,0.0
Q_000019,MENU_000113,0,41,0.42921000719070435,0.0,0.0,0.0,3.0
Q_000019,MENU_001843,0,42,0.4275473356246948,0.0,0.0,0.0,4.6991171836853
Q_000019,MENU_001250,0,43,0.4274918735027313,0.0,0.0,0.0,4.75340223312378
Q_000019,MENU_000771,0,44,0.42697054147720337,0.0,0.0,0.0,4.75563907623291
Q_000019,MENU_001169,1,45,0.42672327160835266,0.0,0.5,0.0,4.82336378097534
Q_000019,MENU_002755,0,46,0.42669904232025146,0.0,0.0,0.0,0.0
Q_000019,MENU_000772,0,47,0.42614835500717163,0.0,0.0,0.0,4.75563907623291
Q_000019,MENU_002308,0,48,0.4260652959346771,0.0,0.0,0.0,4.54545497894287
Q_000019,MENU_002315,0,49,0.4253729283809662,0.0,0.0,0.0,4.67123317718506
Q_000019,MENU_002826,0,50,0.4244314730167389,0.0,0.0,0.0,0.0
Q_000020,MENU_001759,0,1,0.4832296073436737,0.3333333333333333,0.0,0.3333333333333333,4.81443309783936
Q_000020,MENU_002425,0,2,0.4683394134044647,0.0,0.3333333333333333,0.3333333333333333,4.2142858505249
Q_000020,MENU_002379,0,3,0.4683394134044647,0.0,0.3333333333333333,0.3333333333333333,4.57420492172241
Q_000020,MENU_001971,0,4,0.46689409017562866,0.3333333333333333,0.0,0.0,4.74074077606201
Q_000020,MENU_002356,0,5,0.46172645688056946,0.0,0.3333333333333333,0.0,4.57420492172241
Q_000020,MENU_002399,0,6,0.46172645688056946,0.0,0.3333333333333333,0.0,4.2142858505249
Q_000020,MENU_001037,0,7,0.44594499468803406,0.3333333333333333,0.3333333333333333,0.0,4.25
Q_000020,MENU_001277,1,8,0.44107651710510254,0.3333333333333333,0.3333333333333333,0.0,4.75340223312378
Q_000020,MENU_001095,0,9,0.4285720884799957,0.0,0.3333333333333333,0.0,4.25
Q_000020,MENU_001038,0,10,0.4262908697128296,0.3333333333333333,0.3333333333333333,0.0,4.25
Q_000020,MENU_002408,0,11,0.42399293184280396,0.0,0.3333333333333333,0.3333333333333333,4.2142858505249
Q_000020,MENU_002364,0,12,0.42399293184280396,0.0,0.3333333333333333,0.3333333333333333,4.57420492172241
Q_000020,MENU_001107,0,13,0.4168664216995239,0.0,0.3333333333333333,0.0,4.25
Q_000020,MENU_002752,0,14,0.4091912508010864,0.3333333333333333,0.3333333333333333,0.0,0.0
Q_000020,MENU_000362,0,15,0.4034564793109894,0.0,0.3333333333333333,0.3333333333333333,4.71902799606323
Q_000020,MENU_000234,0,16,0.4017878770828247,0.0,0.3333333333333333,0.0,4.14949178695679
Q_000020,MENU_002754,0,17,0.400979220867157,0.3333333333333333,0.3333333333333333,0.0,0.0
Q_000020,MENU_002103,0,18,0.40043747425079346,0.3333333333333333,0.3333333333333333,0.3333333333333333,4.07968902587891
Q_000020,MENU_000784,0,19,0.3996051847934723,0.3333333333333333,0.0,0.0,4.70389223098755
Q_000020,MENU_000228,0,20,0.3954339325428009,0.0,0.0,0.0,4.14949178695679
Q_000020,MENU_001028,0,21,0.39444902539253235,0.0,0.3333333333333333,0.0,4.25
Q_000020,MENU_001123,0,22,0.39401721954345703,0.0,0.3333333333333333,0.0,4.25
Q_000020,MENU_000225,0,23,0.3913874626159668,0.0,0.3333333333333333,0.0,4.14949178695679
Q_000020,MENU_000236,0,24,0.3908042907714844,0.0,0.3333333333333333,0.0,4.14949178695679
Q_000020,MENU_002107,0,25,0.388003408908844,0.3333333333333333,0.3333333333333333,0.3333333333333333,4.07968902587891
Q_000020,MENU_000517,0,26,0.3869923949241638,0.0,0.0,0.0,4.62876319885254
Q_000020,MENU_001109,0,27,0.38693109154701233,0.3333333333333333,0.3333333333333333,0.0,4.25
Q_000020,MENU_002753,0,28,0.3863341808319092,0.3333333333333333,0.3333333333333333,0.0,0.0
Q_000020,MENU_001773,0,29,0.386120080947876,0.0,0.0,0.0,4.81443309783936
Q_000020,MENU_000004,0,30,0.3830869495868683,0.3333333333333333,0.0,0.0,4.0
Q_000020,MENU_000346,0,31,0.38262423872947693,0.0,0.3333333333333333,0.3333333333333333,4.71902799606323
Q_000020,MENU_000591,0,32,0.38229691982269287,0.0,0.3333333333333333,0.0,4.64431381225586
Q_000020,MENU_001084,0,33,0.38181018829345703,0.0,0.3333333333333333,0.0,4.25
Q_000020,MENU_002109,0,34,0.37912583351135254,0.3333333333333333,0.3333333333333333,0.3333333333333333,4.07968902587891
Q_000020,MENU_000215,0,35,0.37634027004241943,0.3333333333333333,0.0,0.0,4.0
Q_000020,MENU_001100,0,36,0.3747844398021698,0.0,0.0,0.0,4.25
Q_000020,MENU_000249,0,37,0.3746151328086853,0.0,0.3333333333333333,0.0,4.14949178695679
Q_000020,MENU_002746,0,38,0.3743869662284851,0.0,0.3333333333333333,0.0,0.0
Q_000020,MENU_000347,0,39,0.3721889555454254,0.0,0.3333333333333333,0.3333333333333333,4.71902799606323
Q_000020,MENU_001121,0,40,0.37161996960639954,0.0,0.3333333333333333,0.0,4.25
Q_000020,MENU_000370,0,41,0.37142884731292725,0.0,0.3333333333333333,0.0,4.71902799606323
Q_000020,MENU_002108,0,42,0.37086841464042664,0.3333333333333333,0.0,0.3333333333333333,4.07968902587891
Q_000020,MENU_000247,0,43,0.36962759494781494,0.0,0.3333333333333333,0.0,4.14949178695679
Q_000020,MENU_001034,0,44,0.36919087171554565,0.0,0.3333333333333333,0.0,4.25
Q_000020,MENU_002488,0,45,0.3691377639770508,0.0,0.3333333333333333,0.0,4.68452405929565
Q_000020,MENU_000124,0,46,0.36853429675102234,0.0,0.0,0.0,4.63380479812622
Q_000020,MENU_002792,0,47,0.3682926893234253,0.3333333333333333,0.3333333333333333,0.0,0.0
Q_000020,MENU_000523,0,48,0.3660024404525757,0.3333333333333333,0.3333333333333333,0.0,4.63044404983521
Q_000020,MENU_001125,0,49,0.3655323386192322,0.0,0.3333333333333333,0.0,4.25
Q_000020,MENU_001205,0,50,0.36538395285606384,0.3333333333333333,0.0,0.0,4.29862880706787
Q_000021,MENU_001507,1,1,0.7110771536827087,0.0,0.6666666666666666,0.0,4.26522302627563
Q_000021,MENU_002659,0,2,0.707987904548645,0.0,0.3333333333333333,0.0,4.58833312988281
Q_000021,MENU_002637,0,3,0.6752176284790039,0.0,0.3333333333333333,0.0,4.58833312988281
Q_000021,MENU_001531,0,4,0.6660944223403931,0.3333333333333333,0.0,0.3333333333333333,4.20552682876587
Q_000021,MENU_002657,0,5,0.6653876304626465,0.0,0.3333333333333333,0.0,4.58833312988281
Q_000021,MENU_002456,0,6,0.662333607673645,0.0,0.3333333333333333,0.0,4.77699613571167
Q_000021,MENU_001546,0,7,0.6580381393432617,0.3333333333333333,0.0,0.3333333333333333,4.20552682876587
Q_000021,MENU_001497,1,8,0.6575874090194702,0.0,0.6666666666666666,0.3333333333333333,4.26522302627563
Q_000021,MENU_002460,0,9,0.6570889949798584,0.0,0.3333333333333333,0.0,4.77699613571167
Q_000021,MENU_001505,1,10,0.6561897397041321,0.0,0.6666666666666666,0.0,4.26522302627563
Q_000021,MENU_002650,0,11,0.6510953903198242,0.0,0.3333333333333333,0.0,4.58833312988281
Q_000021,MENU_002621,0,12,0.6446194648742676,0.0,0.3333333333333333,0.0,4.58833312988281
Q_000021,MENU_002465,0,13,0.6444520950317383,0.0,0.3333333333333333,0.0,4.77699613571167
Q_000021,MENU_001509,1,14,0.6422374844551086,0.3333333333333333,0.6666666666666666,0.0,4.26522302627563
Q_000021,MENU_002475,0,15,0.6416592001914978,0.0,0.0,0.0,4.68452405929565
Q_000021,MENU_002655,0,16,0.6413189172744751,0.3333333333333333,0.3333333333333333,0.0,4.58833312988281
Q_000021,MENU_001508,1,17,0.6394330859184265,0.0,0.6666666666666666,0.0,4.26522302627563
Q_000021,MENU_000706,0,18,0.6357467770576477,0.0,0.3333333333333333,0.3333333333333333,4.58141183853149
Q_000021,MENU_002442,0,19,0.6312236785888672,0.0,0.3333333333333333,0.0,4.77699613571167
Q_000021,MENU_000185,0,20,0.6296699643135071,0.3333333333333333,0.3333333333333333,0.0,4.63380479812622
Q_000021,MENU_000707,0,21,0.629230260848999,0.0,0.3333333333333333,0.3333333333333333,4.58141183853149
Q_000021,MENU_002653,0,22,0.6266227960586548,0.0,0.3333333333333333,0.0,4.58833312988281
Q_000021,MENU_000640,0,23,0.6233333349227905,0.0,0.3333333333333333,0.0,4.64431381225586
Q_000021,MENU_002636,0,24,0.6225810050964355,0.0,0.3333333333333333,0.0,4.58833312988281
Q_000021,MENU_000127,0,25,0.6217360496520996,0.3333333333333333,0.3333333333333333,0.0,4.63380479812622
Q_000021,MENU_002452,0,26,0.6198915839195251,0.0,0.3333333333333333,0.0,4.77699613571167
Q_000021,MENU_002638,0,27,0.616809070110321,0.0,0.3333333333333333,0.0,4.58833312988281
Q_000021,MENU_000588,0,28,0.612697422504425,0.0,0.3333333333333333,0.0,4.64431381225586
Q_000021,MENU_002630,0,29,0.6120563745498657,0.0,0.3333333333333333,0.0,4.58833312988281
Q_000021,MENU_001493,0,30,0.6120502948760986,0.0,0.0,0.0,4.26522302627563
Q_000021,MENU_002635,0,31,0.6101329326629639,0.3333333333333333,0.0,0.3333333333333333,4.58833312988281
Q_000021,MENU_000604,0,32,0.6096315383911133,0.0,0.3333333333333333,0.0,4.64431381225586
Q_000021,MENU_000126,0,33,0.604531466960907,0.3333333333333333,0.3333333333333333,0.0,4.63380479812622
Q_000021,MENU_000594,0,34,0.6027752161026001,0.0,0.3333333333333333,0.0,4.64431381225586
Q_000021,MENU_002558,0,35,0.6017001867294312,0.0,0.0,0.0,4.62323999404907
Q_000021,MENU_002451,0,36,0.6014746427536011,0.0,0.3333333333333333,0.0,4.77699613571167
Q_000021,MENU_002557,0,37,0.5987765789031982,0.0,0.3333333333333333,0.0,4.6232762336731
Q_000021,MENU_002488,0,38,0.5979148745536804,0.0,0.0,0.0,4.68452405929565
Q_000021,MENU_000627,0,39,0.5974933505058289,0.0,0.3333333333333333,0.0,4.64431381225586
Q_000021,MENU_000611,0,40,0.5971614122390747,0.0,0.3333333333333333,0.0,4.64431381225586
Q_000021,MENU_000641,0,41,0.5965463519096375,0.0,0.3333333333333333,0.0,4.64431381225586
Q_000021,MENU_002444,0,42,0.5960303544998169,0.0,0.3333333333333333,0.0,4.77699613571167
Q_000021,MENU_002466,0,43,0.5954238772392273,0.0,0.3333333333333333,0.0,4.77699613571167
Q_000021,MENU_001786,0,44,0.5923570394515991,0.0,0.0,0.0,4.81443309783936
Q_000021,MENU_000085,0,45,0.5907634496688843,0.0,0.3333333333333333,0.0,4.77519416809082
Q_000021,MENU_002469,0,46,0.5888981223106384,0.0,0.0,0.0,4.68452405929565
Q_000021,MENU_000609,0,47,0.5884750485420227,0.0,0.3333333333333333,0.0,4.64431381225586
Q_000021,MENU_002667,0,48,0.5884023904800415,0.0,0.0,0.0,4.7348837852478
Q_000021,MENU_002482,0,49,0.5874229669570923,0.0,0.0,0.0,4.68452405929565
Q_000021,MENU_002472,0,50,0.5867857933044434,0.0,0.0,0.0,4.68452405929565
Q_000022,MENU_001359,0,1,0.6092468500137329,0.0,0.5,0.0,4.75340223312378
Q_000022,MENU_002423,0,2,0.6083239316940308,0.0,0.5,0.5,4.2142858505249
Q_000022,MENU_002377,0,3,0.6083239316940308,0.0,0.5,0.5,4.57420492172241
Q_000022,MENU_001355,0,4,0.595295250415802,0.0,0.5,0.0,4.75340223312378
Q_000022,MENU_001294,0,5,0.5947239995002747,0.0,0.5,0.0,4.75340223312378
Q_000022,MENU_002016,0,6,0.5914748311042786,0.0,0.5,0.0,4.1811408996582
Q_000022,MENU_001358,0,7,0.589134931564331,0.0,0.5,0.0,4.75340223312378
Q_000022,MENU_001357,0,8,0.5863723754882812,0.0,0.5,0.0,4.75340223312378
Q_000022,MENU_001394,0,9,0.5843351483345032,0.0,0.5,0.0,4.75340223312378
Q_000022,MENU_001327,0,10,0.582699179649353,0.0,0.5,0.0,4.75340223312378
Q_000022,MENU_001325,0,11,0.5825989246368408,0.0,0.5,0.0,4.75340223312378
Q_000022,MENU_001293,0,12,0.5825637578964233,0.0,0.5,0.0,4.75340223312378
Q_000022,MENU_002012,0,13,0.581451416015625,0.0,0.5,0.0,4.1811408996582
Q_000022,MENU_001365,0,14,0.5811760425567627,0.0,0.5,0.0,4.75340223312378
Q_000022,MENU_001331,0,15,0.5755192041397095,0.0,0.5,0.0,4.75340223312378
Q_000022,MENU_001393,0,16,0.574604332447052,0.0,0.5,0.0,4.75340223312378
Q_000022,MENU_001975,0,17,0.5701723694801331,0.0,0.0,0.0,4.74074077606201
Q_000022,MENU_001263,0,18,0.5650836229324341,0.0,0.5,0.0,4.75340223312378
Q_000022,MENU_001262,0,19,0.5645575523376465,0.0,0.5,0.0,4.75340223312378
Q_000022,MENU_001328,0,20,0.5625131130218506,0.0,0.0,0.0,4.75340223312378
Q_000022,MENU_001281,0,21,0.5623058080673218,0.0,0.5,0.0,4.75340223312378
Q_000022,MENU_001388,0,22,0.5622111558914185,0.0,0.5,0.0,4.75340223312378
Q_000022,MENU_001324,0,23,0.5605896711349487,0.0,0.5,0.0,4.75340223312378
Q_000022,MENU_001387,0,24,0.5596719980239868,0.0,0.5,0.0,4.75340223312378
Q_000022,MENU_002017,0,25,0.5584437847137451,0.0,0.5,0.0,4.1811408996582
Q_000022,MENU_001420,0,26,0.5584026575088501,0.0,0.5,0.0,4.46881008148193
Q_000022,MENU_001371,0,27,0.5542723536491394,0.0,0.0,0.0,4.75340223312378
Q_000022,MENU_001332,0,28,0.554021954536438,0.0,0.0,0.0,4.75340223312378
Q_000022,MENU_001340,0,29,0.5520951747894287,0.0,0.5,0.0,4.75340223312378
Q_000022,MENU_001382,0,30,0.5504889488220215,0.0,0.5,0.0,4.75340223312378
Q_000022,MENU_001381,0,31,0.5499335527420044,0.0,0.5,0.0,4.75340223312378
Q_000022,MENU_001311,0,32,0.5498565435409546,0.0,0.5,0.0,4.75340223312378
Q_000022,MENU_001094,0,33,0.5495865345001221,0.0,0.5,0.0,4.25
Q_000022,MENU_002696,1,34,0.5467875003814697,0.0,0.5,0.0,4.78461503982544
Q_000022,MENU_001351,0,35,0.5432959794998169,0.0,0.0,0.0,4.75340223312378
Q_000022,MENU_002040,0,36,0.5432258248329163,0.0,0.5,0.0,4.1811408996582
Q_000022,MENU_001418,0,37,0.5426950454711914,0.0,0.5,0.0,4.46881008148193
Q_000022,MENU_001038,0,38,0.5421993136405945,0.0,0.5,0.0,4.25
Q_000022,MENU_000179,0,39,0.5416300296783447,0.0,0.5,0.0,4.63380479812622
Q_000022,MENU_001298,0,40,0.5405187606811523,0.0,0.5,0.0,4.75340223312378
Q_000022,MENU_001339,0,41,0.5404238104820251,0.0,0.5,0.0,4.75340223312378
Q_000022,MENU_001036,0,42,0.539370059967041,0.0,0.5,0.0,4.25
Q_000022,MENU_001062,0,43,0.5374419689178467,0.0,0.5,0.0,4.25
Q_000022,MENU_002010,0,44,0.5367451906204224,0.0,0.5,0.0,4.1811408996582
Q_000022,MENU_001322,0,45,0.5347689390182495,0.0,0.5,0.0,4.75340223312378
Q_000022,MENU_001310,0,46,0.5319550037384033,0.0,0.5,0.0,4.75340223312378
Q_000022,MENU_001385,0,47,0.5317886471748352,0.0,0.5,0.0,4.75340223312378
Q_000022,MENU_001580,1,48,0.5304269790649414,0.0,0.5,0.0,4.88386678695679
Q_000022,MENU_001969,0,49,0.5302921533584595,0.0,0.0,0.0,4.74074077606201
Q_000022,MENU_001255,0,50,0.5289844274520874,0.0,0.5,0.0,4.75340223312378
Q_000023,MENU_001394,1,1,0.5818542242050171,0.0,0.6666666666666666,0.16666666666666666,4.75340223312378
Q_000023,MENU_001294,1,2,0.5801774859428406,0.0,0.6666666666666666,0.16666666666666666,4.75340223312378
Q_000023,MENU_001043,0,3,0.5765675902366638,0.0,0.5,0.0,4.25
Q_000023,MENU_001388,1,4,0.5711946487426758,0.0,0.6666666666666666,0.16666666666666666,4.75340223312378
Q_000023,MENU_001359,1,5,0.5706230401992798,0.0,0.6666666666666666,0.16666666666666666,4.75340223312378
Q_000023,MENU_001044,0,6,0.5687432289123535,0.0,0.5,0.0,4.25
Q_000023,MENU_001325,1,7,0.564044177532196,0.0,0.6666666666666666,0.16666666666666666,4.75340223312378
Q_000023,MENU_001293,1,8,0.5610136985778809,0.0,0.6666666666666666,0.16666666666666666,4.75340223312378
Q_000023,MENU_001393,1,9,0.5599406957626343,0.0,0.6666666666666666,0.16666666666666666,4.75340223312378
Q_000023,MENU_001324,1,10,0.5568209886550903,0.0,0.6666666666666666,0.16666666666666666,4.75340223312378
Q_000023,MENU_001082,0,11,0.5547276735305786,0.0,0.5,0.0,4.25
Q_000023,MENU_001327,1,12,0.5531387329101562,0.0,0.6666666666666666,0.16666666666666666,4.75340223312378
Q_000023,MENU_001387,1,13,0.5504065752029419,0.0,0.6666666666666666,0.16666666666666666,4.75340223312378
Q_000023,MENU_001263,0,14,0.5484852194786072,0.0,0.16666666666666666,0.0,4.75340223312378
Q_000023,MENU_001331,1,15,0.5468324422836304,0.0,0.6666666666666666,0.16666666666666666,4.75340223312378
Q_000023,MENU_001355,1,16,0.542521059513092,0.0,0.6666666666666666,0.16666666666666666,4.75340223312378
Q_000023,MENU_001358,1,17,0.5403600931167603,0.0,0.6666666666666666,0.16666666666666666,4.75340223312378
Q_000023,MENU_001262,0,18,0.538945198059082,0.0,0.16666666666666666,0.16666666666666666,4.75340223312378
Q_000023,MENU_001357,1,19,0.5352198481559753,0.0,0.6666666666666666,0.16666666666666666,4.75340223312378
Q_000023,MENU_002423,0,20,0.5188531875610352,0.0,0.16666666666666666,0.0,4.2142858505249
Q_000023,MENU_002377,0,21,0.5188531875610352,0.0,0.16666666666666666,0.0,4.57420492172241
Q_000023,MENU_001420,0,22,0.5183078050613403,0.0,0.16666666666666666,0.0,4.46881008148193
Q_000023,MENU_001365,1,23,0.516638994216919,0.0,0.6666666666666666,0.16666666666666666,4.75340223312378
Q_000023,MENU_002016,0,24,0.5164602994918823,0.0,0.16666666666666666,0.0,4.1811408996582
Q_000023,MENU_001036,0,25,0.5154571533203125,0.0,0.16666666666666666,0.0,4.25
Q_000023,MENU_002696,0,26,0.5145196914672852,0.0,0.16666666666666666,0.0,4.78461503982544
Q_000023,MENU_001351,0,27,0.5100950002670288,0.0,0.0,0.16666666666666666,4.75340223312378
Q_000023,MENU_001329,1,28,0.5054249167442322,0.0,0.6666666666666666,0.16666666666666666,4.75340223312378
Q_000023,MENU_001281,0,29,0.502970278263092,0.0,0.16666666666666666,0.16666666666666666,4.75340223312378
Q_000023,MENU_000179,0,30,0.5025336146354675,0.0,0.16666666666666666,0.0,4.63380479812622
Q_000023,MENU_001038,0,31,0.5023329257965088,0.0,0.16666666666666666,0.0,4.25
Q_000023,MENU_001323,1,32,0.5002243518829346,0.0,0.6666666666666666,0.16666666666666666,4.75340223312378
Q_000023,MENU_001094,0,33,0.5000898241996765,0.0,0.16666666666666666,0.0,4.25
Q_000023,MENU_001107,0,34,0.5000215172767639,0.0,0.16666666666666666,0.0,4.25
Q_000023,MENU_001028,0,35,0.49795880913734436,0.0,0.16666666666666666,0.0,4.25
Q_000023,MENU_001332,0,36,0.4958893656730652,0.0,0.0,0.16666666666666666,4.75340223312378
Q_000023,MENU_001328,0,37,0.495595246553421,0.0,0.0,0.16666666666666666,4.75340223312378
Q_000023,MENU_002012,0,38,0.4948561489582062,0.0,0.16666666666666666,0.0,4.1811408996582
Q_000023,MENU_002017,0,39,0.4910840392112732,0.0,0.16666666666666666,0.0,4.1811408996582
Q_000023,MENU_001311,0,40,0.49107369780540466,0.0,0.16666666666666666,0.0,4.75340223312378
Q_000023,MENU_001418,0,41,0.49076420068740845,0.0,0.16666666666666666,0.0,4.46881008148193
Q_000023,MENU_001322,0,42,0.49056193232536316,0.0,0.16666666666666666,0.0,4.75340223312378
Q_000023,MENU_002409,0,43,0.4903757572174072,0.0,0.16666666666666666,0.16666666666666666,4.2142858505249
Q_000023,MENU_001326,1,44,0.48820364475250244,0.0,0.6666666666666666,0.16666666666666666,4.75340223312378
Q_000023,MENU_001037,0,45,0.4869624376296997,0.0,0.16666666666666666,0.0,4.25
Q_000023,MENU_001340,0,46,0.4856126308441162,0.0,0.16666666666666666,0.0,4.75340223312378
Q_000023,MENU_001353,0,47,0.4823059141635895,0.0,0.0,0.16666666666666666,4.75340223312378
Q_000023,MENU_002702,0,48,0.4816073775291443,0.0,0.16666666666666666,0.0,4.78461503982544
Q_000023,MENU_001104,0,49,0.47953593730926514,0.0,0.16666666666666666,0.0,4.25
Q_000023,MENU_001969,0,50,0.4791412651538849,0.0,0.0,0.0,4.74074077606201
Q_000024,MENU_001432,1,1,0.5062918066978455,0.0,0.3333333333333333,0.0,4.60449504852295
Q_000024,MENU_000710,1,2,0.5032014846801758,0.0,0.3333333333333333,0.0,4.58141183853149
Q_000024,MENU_000711,1,3,0.4932674169540405,0.0,0.3333333333333333,0.0,4.58141183853149
Q_000024,MENU_000318,0,4,0.4904336631298065,0.0,0.3333333333333333,0.0,4.74902009963989
Q_000024,MENU_000705,1,5,0.4888853430747986,0.0,0.3333333333333333,0.0,4.58141183853149
Q_000024,MENU_001806,0,6,0.48786717653274536,0.0,0.3333333333333333,0.0,4.6991171836853
Q_000024,MENU_002190,0,7,0.48724231123924255,0.0,0.0,0.0,4.65195322036743
Q_000024,MENU_001431,1,8,0.48511868715286255,0.0,0.3333333333333333,0.0,4.60449504852295
Q_000024,MENU_000989,0,9,0.48509737849235535,0.0,0.0,0.0,4.0
Q_000024,MENU_001808,0,10,0.48375123739242554,0.0,0.3333333333333333,0.0,4.6991171836853
Q_000024,MENU_001883,0,11,0.4810108542442322,0.0,0.3333333333333333,0.0,4.6991171836853
Q_000024,MENU_001486,0,12,0.47666123509407043,0.0,0.3333333333333333,0.0,4.60264015197754
Q_000024,MENU_000110,1,13,0.4713376760482788,0.0,0.3333333333333333,0.0,4.69767379760742
Q_000024,MENU_001435,0,14,0.47102785110473633,0.0,0.3333333333333333,0.0,4.60264015197754
Q_000024,MENU_001807,1,15,0.4704482853412628,0.0,0.3333333333333333,0.0,4.6991171836853
Q_000024,MENU_002179,0,16,0.4703335464000702,0.0,0.0,0.0,4.65195322036743
Q_000024,MENU_001800,0,17,0.47028058767318726,0.0,0.3333333333333333,0.0,4.6991171836853
Q_000024,MENU_001882,1,18,0.4684896469116211,0.0,0.3333333333333333,0.0,4.6991171836853
Q_000024,MENU_001485,0,19,0.4671671390533447,0.0,0.3333333333333333,0.0,4.60264015197754
Q_000024,MENU_001400,0,20,0.4638889729976654,0.0,0.0,0.0,4.59437894821167
Q_000024,MENU_000659,0,21,0.4629248082637787,0.0,0.0,0.0,4.72276020050049
Q_000024,MENU_002188,0,22,0.4620811343193054,0.0,0.0,0.0,4.65195322036743
Q_000024,MENU_001045,0,23,0.4603269100189209,0.0,0.0,0.0,4.25
Q_000024,MENU_001788,0,24,0.4561406672000885,0.0,0.0,0.0,4.81443309783936
Q_000024,MENU_000569,1,25,0.45587676763534546,0.0,0.3333333333333333,0.0,4.49110698699951
Q_000024,MENU_000716,1,26,0.4556255340576172,0.0,0.3333333333333333,0.0,4.58141183853149
Q_000024,MENU_000314,0,27,0.45487290620803833,0.0,0.3333333333333333,0.0,4.74902009963989
Q_000024,MENU_001763,0,28,0.45437517762184143,0.0,0.0,0.0,4.81443309783936
Q_000024,MENU_002224,0,29,0.4521346092224121,0.0,0.0,0.0,4.65195322036743
Q_000024,MENU_001755,0,30,0.45096883177757263,0.0,0.0,0.0,4.81443309783936
Q_000024,MENU_000580,1,31,0.4509238600730896,0.0,0.3333333333333333,0.0,4.49110698699951
Q_000024,MENU_001733,0,32,0.45085757970809937,0.0,0.0,0.0,4.81443309783936
Q_000024,MENU_001063,0,33,0.4495621621608734,0.0,0.0,0.0,4.25
Q_000024,MENU_000712,1,34,0.44771888852119446,0.0,0.3333333333333333,0.0,4.58141183853149
Q_000024,MENU_001406,0,35,0.44676411151885986,0.0,0.0,0.0,4.46881008148193
Q_000024,MENU_001805,0,36,0.4437739849090576,0.0,0.3333333333333333,0.0,4.6991171836853
Q_000024,MENU_001375,0,37,0.44019293785095215,0.0,0.0,0.0,4.75340223312378
Q_000024,MENU_001344,0,38,0.43921351432800293,0.0,0.0,0.0,4.75340223312378
Q_000024,MENU_000673,0,39,0.4367738366127014,0.0,0.0,0.0,4.72276020050049
Q_000024,MENU_002534,0,40,0.4366008937358856,0.0,0.0,0.0,4.41281080245972
Q_000024,MENU_001487,0,41,0.4357825219631195,0.0,0.3333333333333333,0.0,4.60264015197754
Q_000024,MENU_001096,0,42,0.4350944459438324,0.0,0.0,0.0,4.25
Q_000024,MENU_001793,0,43,0.434602290391922,0.0,0.0,0.0,4.81443309783936
Q_000024,MENU_001060,0,44,0.4344835877418518,0.0,0.0,0.0,4.25
Q_000024,MENU_001756,0,45,0.43391215801239014,0.0,0.0,0.0,4.81443309783936
Q_000024,MENU_001437,0,46,0.4330728054046631,0.0,0.3333333333333333,0.0,4.60264015197754
Q_000024,MENU_001804,1,47,0.43002235889434814,0.0,0.3333333333333333,0.0,4.6991171836853
Q_000024,MENU_001815,0,48,0.4297112822532654,0.0,0.3333333333333333,0.0,4.6991171836853
Q_000024,MENU_001757,0,49,0.42911022901535034,0.0,0.0,0.0,4.81443309783936
Q_000024,MENU_001484,0,50,0.4289395213127136,0.0,0.3333333333333333,0.0,4.60264015197754
Q_000025,MENU_002379,0,1,0.5620267391204834,0.0,0.5,0.5,4.57420492172241
Q_000025,MENU_002425,0,2,0.5620267391204834,0.0,0.5,0.5,4.2142858505249
Q_000025,MENU_001759,0,3,0.5307422876358032,0.5,0.0,0.5,4.81443309783936
Q_000025,MENU_001971,0,4,0.5168596506118774,0.5,0.0,0.0,4.74074077606201
Q_000025,MENU_001037,0,5,0.5028343200683594,0.5,0.5,0.0,4.25
Q_000025,MENU_002408,0,6,0.4836483299732208,0.0,0.5,0.0,4.2142858505249
Q_000025,MENU_002364,0,7,0.4836483299732208,0.0,0.5,0.0,4.57420492172241
Q_000025,MENU_002399,0,8,0.4773869514465332,0.0,0.5,0.0,4.2142858505249
Q_000025,MENU_002356,0,9,0.4773869514465332,0.0,0.5,0.0,4.57420492172241
Q_000025,MENU_002103,0,10,0.47693976759910583,0.5,0.5,0.5,4.07968902587891
Q_000025,MENU_000784,0,11,0.47198885679244995,0.5,0.0,0.0,4.70389223098755
Q_000025,MENU_001277,1,12,0.4719647169113159,0.5,0.5,0.0,4.75340223312378
Q_000025,MENU_001028,0,13,0.4707375466823578,0.0,0.5,0.0,4.25
Q_000025,MENU_001109,0,14,0.46764102578163147,0.5,0.5,0.0,4.25
Q_000025,MENU_000362,0,15,0.46757444739341736,0.0,0.5,0.5,4.71902799606323
Q_000025,MENU_000228,0,16,0.4518216848373413,0.0,0.0,0.0,4.14949178695679
Q_000025,MENU_001095,0,17,0.4515203535556793,0.0,0.5,0.0,4.25
Q_000025,MENU_001038,0,18,0.45109567046165466,0.5,0.5,0.0,4.25
Q_000025,MENU_000347,0,19,0.45034176111221313,0.0,0.5,0.5,4.71902799606323
Q_000025,MENU_001205,0,20,0.4484449326992035,0.5,0.0,0.0,4.29862880706787
Q_000025,MENU_001107,0,21,0.4482712745666504,0.0,0.5,0.0,4.25
Q_000025,MENU_001121,0,22,0.4474584460258484,0.0,0.5,0.0,4.25
Q_000025,MENU_001125,0,23,0.4452868700027466,0.0,0.5,0.0,4.25
Q_000025,MENU_002107,0,24,0.4436464309692383,0.5,0.5,0.5,4.07968902587891
Q_000025,MENU_001100,0,25,0.44169026613235474,0.0,0.0,0.0,4.25
Q_000025,MENU_000517,0,26,0.44124114513397217,0.0,0.0,0.0,4.62876319885254
Q_000025,MENU_001033,0,27,0.439675509929657,0.0,0.5,0.0,4.25
Q_000025,MENU_000346,0,28,0.43799227476119995,0.0,0.5,0.5,4.71902799606323
Q_000025,MENU_002792,0,29,0.4357394576072693,0.5,0.5,0.0,0.0
Q_000025,MENU_002109,0,30,0.4323626160621643,0.5,0.5,0.5,4.07968902587891
Q_000025,MENU_000234,0,31,0.43179622292518616,0.0,0.5,0.0,4.14949178695679
Q_000025,MENU_002752,0,32,0.4311433732509613,0.5,0.5,0.0,0.0
Q_000025,MENU_000225,0,33,0.42922019958496094,0.0,0.5,0.0,4.14949178695679
Q_000025,MENU_000370,0,34,0.42897623777389526,0.0,0.5,0.0,4.71902799606323
Q_000025,MENU_001077,0,35,0.4274008274078369,0.0,0.5,0.0,4.25
Q_000025,MENU_000522,0,36,0.42538970708847046,0.0,0.0,0.0,4.63044404983521
Q_000025,MENU_001123,0,37,0.42493072152137756,0.0,0.5,0.0,4.25
Q_000025,MENU_002108,0,38,0.4243518114089966,0.5,0.0,0.5,4.07968902587891
Q_000025,MENU_001739,0,39,0.42430204153060913,0.5,0.0,0.0,4.81443309783936
Q_000025,MENU_001075,0,40,0.42281675338745117,0.0,0.5,0.0,4.25
Q_000025,MENU_000369,0,41,0.4217429459095001,0.0,0.5,0.0,4.71902799606323
Q_000025,MENU_002112,0,42,0.42057159543037415,0.5,0.5,0.5,4.07968902587891
Q_000025,MENU_000124,0,43,0.417290598154068,0.0,0.0,0.0,4.63380479812622
Q_000025,MENU_002110,0,44,0.4143078923225403,0.5,0.0,0.5,4.07968902587891
Q_000025,MENU_000236,0,45,0.41359177231788635,0.0,0.5,0.0,4.14949178695679
Q_000025,MENU_000523,0,46,0.41290202736854553,0.5,0.5,0.0,4.63044404983521
Q_000025,MENU_001773,0,47,0.4120602011680603,0.0,0.0,0.0,4.81443309783936
Q_000025,MENU_001084,0,48,0.41170698404312134,0.0,0.5,0.0,4.25
Q_000025,MENU_002730,0,49,0.40916427969932556,0.5,0.5,0.0,0.0
Q_000025,MENU_001099,0,50,0.40673550963401794,0.0,0.5,0.0,4.25
Q_000026,MENU_001811,0,1,0.604686439037323,0.0,0.0,0.3333333333333333,4.6991171836853
Q_000026,MENU_001812,0,2,0.6023966073989868,0.0,0.0,0.3333333333333333,4.6991171836853
Q_000026,MENU_000902,1,3,0.5740880370140076,0.0,0.6666666666666666,0.0,4.0
Q_000026,MENU_000904,1,4,0.5637952089309692,0.0,0.6666666666666666,0.0,4.0
Q_000026,MENU_000555,0,5,0.5623983144760132,0.3333333333333333,0.0,0.0,4.23846197128296
Q_000026,MENU_001490,0,6,0.5591816902160645,0.3333333333333333,0.0,0.0,4.7914719581604
Q_000026,MENU_000901,0,7,0.5561368465423584,0.0,0.3333333333333333,0.0,4.0
Q_000026,MENU_000293,0,8,0.5491405725479126,0.0,0.0,0.0,4.74764919281006
Q_000026,MENU_001814,0,9,0.5400198698043823,0.0,0.0,0.3333333333333333,4.6991171836853
Q_000026,MENU_001815,0,10,0.5364202260971069,0.0,0.0,0.3333333333333333,4.6991171836853
Q_000026,MENU_000957,1,11,0.5293824672698975,0.0,0.6666666666666666,0.0,4.0
Q_000026,MENU_000965,0,12,0.5240212082862854,0.0,0.3333333333333333,0.0,4.0
Q_000026,MENU_000972,0,13,0.5208115577697754,0.0,0.3333333333333333,0.0,4.0
Q_000026,MENU_000951,1,14,0.5170575976371765,0.0,0.6666666666666666,0.0,4.0
Q_000026,MENU_001747,0,15,0.5143767595291138,0.0,0.0,0.0,4.81443309783936
Q_000026,MENU_000894,0,16,0.5123974084854126,0.0,0.3333333333333333,0.0,4.0
Q_000026,MENU_002773,0,17,0.5086627006530762,0.0,0.0,0.0,0.0
Q_000026,MENU_000413,0,18,0.5086567997932434,0.0,0.0,0.0,4.68128681182861
Q_000026,MENU_000968,0,19,0.5070354342460632,0.0,0.3333333333333333,0.0,4.0
Q_000026,MENU_002514,0,20,0.5064624547958374,0.0,0.3333333333333333,0.0,4.66060876846313
Q_000026,MENU_000956,0,21,0.5055063962936401,0.0,0.3333333333333333,0.0,4.0
Q_000026,MENU_001986,0,22,0.5054384469985962,0.0,0.0,0.0,4.59150314331055
Q_000026,MENU_000963,0,23,0.5053493976593018,0.0,0.3333333333333333,0.0,4.0
Q_000026,MENU_000412,0,24,0.5051001310348511,0.0,0.0,0.0,4.68128681182861
Q_000026,MENU_000967,0,25,0.5017539262771606,0.0,0.3333333333333333,0.0,4.0
Q_000026,MENU_000948,0,26,0.49938398599624634,0.0,0.3333333333333333,0.0,4.0
Q_000026,MENU_002190,0,27,0.49629122018814087,0.0,0.0,0.0,4.65195322036743
Q_000026,MENU_000905,0,28,0.49297308921813965,0.0,0.3333333333333333,0.0,4.0
Q_000026,MENU_000942,0,29,0.4925541877746582,0.0,0.3333333333333333,0.0,4.0
Q_000026,MENU_000994,0,30,0.4876096844673157,0.0,0.3333333333333333,0.0,4.0
Q_000026,MENU_000955,0,31,0.48734742403030396,0.0,0.3333333333333333,0.0,4.0
Q_000026,MENU_001983,0,32,0.4860888719558716,0.0,0.0,0.0,4.59150314331055
Q_000026,MENU_000881,0,33,0.4851430654525757,0.0,0.3333333333333333,0.0,4.0
Q_000026,MENU_000971,0,34,0.48101383447647095,0.0,0.3333333333333333,0.0,4.0
Q_000026,MENU_000922,0,35,0.4808960258960724,0.0,0.0,0.0,4.0
Q_000026,MENU_000909,1,36,0.4807323217391968,0.0,0.6666666666666666,0.0,4.0
Q_000026,MENU_000893,0,37,0.4787099361419678,0.0,0.3333333333333333,0.0,4.0
Q_000026,MENU_000935,1,38,0.4785677492618561,0.0,0.6666666666666666,0.0,4.0
Q_000026,MENU_000970,1,39,0.47718292474746704,0.0,0.6666666666666666,0.0,4.0
Q_000026,MENU_000983,0,40,0.4759630560874939,0.0,0.3333333333333333,0.0,4.0
Q_000026,MENU_000044,0,41,0.46965155005455017,0.0,0.0,0.0,4.41972017288208
Q_000026,MENU_001431,0,42,0.46466219425201416,0.0,0.0,0.0,4.60449504852295
Q_000026,MENU_000411,0,43,0.4630511701107025,0.0,0.0,0.0,4.68128681182861
Q_000026,MENU_000988,0,44,0.45886877179145813,0.0,0.0,0.0,4.0
Q_000026,MENU_002068,0,45,0.45394158363342285,0.0,0.0,0.0,4.56661987304688
Q_000026,MENU_000976,0,46,0.4531519412994385,0.0,0.0,0.0,4.0
Q_000026,MENU_000099,0,47,0.4510040283203125,0.0,0.0,0.0,4.34729814529419
Q_000026,MENU_000673,0,48,0.45031219720840454,0.0,0.0,0.0,4.72276020050049
Q_000026,MENU_000106,0,49,0.44832444190979004,0.0,0.0,0.0,4.34729814529419
Q_000026,MENU_000975,0,50,0.44702255725860596,0.0,0.0,0.0,4.0
Q_000027,MENU_000126,1,1,0.666244626045227,0.3333333333333333,0.6666666666666666,0.0,4.63380479812622
Q_000027,MENU_000127,1,2,0.6629559993743896,0.3333333333333333,0.6666666666666666,0.0,4.63380479812622
Q_000027,MENU_000185,1,3,0.6506079435348511,0.3333333333333333,0.6666666666666666,0.0,4.63380479812622
Q_000027,MENU_000132,1,4,0.6411153674125671,0.3333333333333333,0.6666666666666666,0.0,4.63380479812622
Q_000027,MENU_002475,0,5,0.6335970759391785,0.0,0.0,0.0,4.68452405929565
Q_000027,MENU_002456,0,6,0.6324706673622131,0.0,0.3333333333333333,0.0,4.77699613571167
Q_000027,MENU_001531,0,7,0.6279500126838684,0.3333333333333333,0.0,0.3333333333333333,4.20552682876587
Q_000027,MENU_002488,0,8,0.6252443790435791,0.0,0.0,0.0,4.68452405929565
Q_000027,MENU_000149,1,9,0.6224353313446045,0.3333333333333333,0.6666666666666666,0.0,4.63380479812622
Q_000027,MENU_002473,0,10,0.6178485155105591,0.0,0.0,0.0,4.68452405929565
Q_000027,MENU_001507,0,11,0.616194486618042,0.0,0.3333333333333333,0.0,4.26522302627563
Q_000027,MENU_000145,1,12,0.6146978735923767,0.0,0.6666666666666666,0.0,4.63380479812622
Q_000027,MENU_001546,0,13,0.6137386560440063,0.3333333333333333,0.0,0.3333333333333333,4.20552682876587
Q_000027,MENU_002472,0,14,0.6107164621353149,0.0,0.0,0.0,4.68452405929565
Q_000027,MENU_000128,1,15,0.610319972038269,0.3333333333333333,0.6666666666666666,0.0,4.63380479812622
Q_000027,MENU_000640,0,16,0.6082789897918701,0.0,0.3333333333333333,0.0,4.64431381225586
Q_000027,MENU_000578,0,17,0.6024705171585083,0.0,0.0,0.0,4.48866987228394
Q_000027,MENU_000594,0,18,0.6013201475143433,0.0,0.3333333333333333,0.0,4.64431381225586
Q_000027,MENU_002466,0,19,0.6008267998695374,0.0,0.3333333333333333,0.0,4.77699613571167
Q_000027,MENU_002460,0,20,0.600264847278595,0.0,0.3333333333333333,0.0,4.77699613571167
Q_000027,MENU_002469,0,21,0.5999332666397095,0.0,0.0,0.0,4.68452405929565
Q_000027,MENU_000611,0,22,0.5992860794067383,0.0,0.3333333333333333,0.0,4.64431381225586
Q_000027,MENU_002850,0,23,0.5990804433822632,0.0,0.0,0.6666666666666666,0.0
Q_000027,MENU_000588,0,24,0.5985153317451477,0.0,0.3333333333333333,0.0,4.64431381225586
Q_000027,MENU_000609,0,25,0.5980441570281982,0.0,0.3333333333333333,0.0,4.64431381225586
Q_000027,MENU_002659,0,26,0.5977668166160583,0.0,0.3333333333333333,0.0,4.58833312988281
Q_000027,MENU_000604,0,27,0.5975902080535889,0.0,0.3333333333333333,0.0,4.64431381225586
Q_000027,MENU_002443,0,28,0.5974867939949036,0.0,0.3333333333333333,0.0,4.77699613571167
Q_000027,MENU_002657,0,29,0.5971943140029907,0.0,0.3333333333333333,0.0,4.58833312988281
Q_000027,MENU_000134,1,30,0.5971362590789795,0.0,0.6666666666666666,0.0,4.63380479812622
Q_000027,MENU_002481,0,31,0.5955763459205627,0.0,0.0,0.0,4.68452405929565
Q_000027,MENU_002465,0,32,0.5947757959365845,0.0,0.3333333333333333,0.0,4.77699613571167
Q_000027,MENU_002637,0,33,0.5924687385559082,0.0,0.3333333333333333,0.0,4.58833312988281
Q_000027,MENU_000800,0,34,0.5913146138191223,0.0,0.3333333333333333,0.0,4.64895582199097
Q_000027,MENU_000641,0,35,0.5907148122787476,0.0,0.3333333333333333,0.0,4.64431381225586
Q_000027,MENU_000597,0,36,0.5905284881591797,0.0,0.3333333333333333,0.0,4.64431381225586
Q_000027,MENU_002442,0,37,0.5903367400169373,0.0,0.3333333333333333,0.0,4.77699613571167
Q_000027,MENU_002487,0,38,0.5894547700881958,0.0,0.0,0.0,4.68452405929565
Q_000027,MENU_002655,0,39,0.5889782905578613,0.3333333333333333,0.3333333333333333,0.0,4.58833312988281
Q_000027,MENU_002483,0,40,0.5873385071754456,0.0,0.0,0.0,4.68452405929565
Q_000027,MENU_002482,0,41,0.5871816873550415,0.0,0.0,0.0,4.68452405929565
Q_000027,MENU_000183,1,42,0.5843459367752075,0.0,0.6666666666666666,0.0,4.63380479812622
Q_000027,MENU_002470,0,43,0.5806406736373901,0.0,0.0,0.0,4.68452405929565
Q_000027,MENU_002737,0,44,0.580349326133728,0.3333333333333333,0.0,0.0,0.0
Q_000027,MENU_002621,0,45,0.5797740817070007,0.0,0.3333333333333333,0.0,4.58833312988281
Q_000027,MENU_002557,0,46,0.5795331001281738,0.0,0.3333333333333333,0.0,4.6232762336731
Q_000027,MENU_002477,0,47,0.579210102558136,0.0,0.0,0.0,4.68452405929565
Q_000027,MENU_001499,0,48,0.5791253447532654,0.3333333333333333,0.0,0.3333333333333333,4.26522302627563
Q_000027,MENU_001497,0,49,0.5758236646652222,0.0,0.3333333333333333,0.3333333333333333,4.26522302627563
Q_000027,MENU_002638,0,50,0.5732377171516418,0.0,0.3333333333333333,0.0,4.58833312988281
Q_000028,MENU_001905,0,1,0.6189526319503784,0.0,0.0,0.0,4.35897397994995
Q_000028,MENU_001346,1,2,0.6121288537979126,0.0,0.5,0.0,4.75340223312378
Q_000028,MENU_000290,0,3,0.6100661754608154,0.0,0.5,0.0,4.65069389343262
Q_000028,MENU_001345,1,4,0.6089500188827515,0.0,0.5,0.0,4.75340223312378
Q_000028,MENU_001070,0,5,0.6070136427879333,0.0,0.5,0.0,4.25
Q_000028,MENU_001106,0,6,0.6050705909729004,0.0,0.5,0.0,4.25
Q_000028,MENU_001320,1,7,0.6020672917366028,0.0,0.5,0.0,4.75340223312378
Q_000028,MENU_001380,1,8,0.6004140377044678,0.0,0.5,0.0,4.75340223312378
Q_000028,MENU_002187,0,9,0.5948363542556763,0.0,0.0,0.0,4.65195322036743
Q_000028,MENU_001963,0,10,0.594416618347168,0.0,0.5,0.0,4.74074077606201
Q_000028,MENU_000320,0,11,0.5888477563858032,0.0,0.5,0.0,4.74902009963989
Q_000028,MENU_000319,0,12,0.5886253118515015,0.0,0.5,0.0,4.74902009963989
Q_000028,MENU_001321,0,13,0.585307240486145,0.0,0.0,0.0,4.75340223312378
Q_000028,MENU_000572,0,14,0.5850048065185547,0.0,0.5,0.0,4.48866987228394
Q_000028,MENU_000567,0,15,0.5773228406906128,0.0,0.5,0.0,4.48866987228394
Q_000028,MENU_001974,0,16,0.5762548446655273,0.0,0.5,0.0,4.74074077606201
Q_000028,MENU_001896,0,17,0.575867772102356,0.0,0.0,0.0,5.0
Q_000028,MENU_001579,0,18,0.5727019309997559,0.0,0.0,0.0,4.88386678695679
Q_000028,MENU_001047,0,19,0.5708404779434204,0.0,0.5,0.0,4.25
Q_000028,MENU_002684,0,20,0.570181131362915,0.0,0.0,0.0,4.78461503982544
Q_000028,MENU_000122,1,21,0.5660802721977234,0.0,0.5,0.0,4.63380479812622
Q_000028,MENU_000192,1,22,0.5613373517990112,0.0,0.5,0.0,4.63380479812622
Q_000028,MENU_001612,0,23,0.5610126852989197,0.0,0.0,0.0,0.0
Q_000028,MENU_001254,0,24,0.5594308376312256,0.0,0.0,0.0,4.75340223312378
Q_000028,MENU_000648,0,25,0.5591648817062378,0.0,0.5,0.0,4.72259521484375
Q_000028,MENU_000130,1,26,0.5578058958053589,0.0,0.5,0.0,4.63380479812622
Q_000028,MENU_000371,0,27,0.5572817325592041,0.0,0.5,0.0,4.71902799606323
Q_000028,MENU_001055,0,28,0.5554881691932678,0.0,0.5,0.0,4.25
Q_000028,MENU_001280,0,29,0.555038571357727,0.0,0.0,0.0,4.75340223312378
Q_000028,MENU_001886,0,30,0.5518351793289185,0.0,0.5,0.0,4.6991171836853
Q_000028,MENU_001342,1,31,0.5511807203292847,0.0,0.5,0.0,4.75340223312378
Q_000028,MENU_001048,0,32,0.550400972366333,0.0,0.5,0.0,4.25
Q_000028,MENU_001337,0,33,0.5497504472732544,0.0,0.0,0.0,4.75340223312378
Q_000028,MENU_001343,1,34,0.5477132797241211,0.0,0.5,0.0,4.75340223312378
Q_000028,MENU_001973,0,35,0.5473382472991943,0.0,0.5,0.0,4.74074077606201
Q_000028,MENU_002119,0,36,0.5473055839538574,0.0,0.5,0.0,4.64444398880005
Q_000028,MENU_000188,1,37,0.5463484525680542,0.0,0.5,0.0,4.63380479812622
Q_000028,MENU_000133,1,38,0.5463048815727234,0.0,0.5,0.0,4.63380479812622
Q_000028,MENU_001980,0,39,0.5442566871643066,0.0,0.0,0.0,4.6097559928894
Q_000028,MENU_001855,0,40,0.5435598492622375,0.0,0.5,0.0,4.6991171836853
Q_000028,MENU_001029,0,41,0.543130099773407,0.0,0.0,0.0,4.25
Q_000028,MENU_000129,1,42,0.5410150289535522,0.0,0.5,0.0,4.63380479812622
Q_000028,MENU_001289,1,43,0.5393046140670776,0.0,0.5,0.0,4.75340223312378
Q_000028,MENU_001063,0,44,0.5357333421707153,0.0,0.5,0.0,4.25
Q_000028,MENU_000696,0,45,0.5347559452056885,0.0,0.0,0.0,4.72259521484375
Q_000028,MENU_001895,0,46,0.5333390831947327,0.0,0.0,0.0,5.0
Q_000028,MENU_001056,0,47,0.5304645895957947,0.0,0.5,0.0,4.25
Q_000028,MENU_001288,1,48,0.5198026299476624,0.0,0.5,0.0,4.75340223312378
Q_000028,MENU_001042,0,49,0.5188001990318298,0.0,0.5,0.0,4.25
Q_000028,MENU_001392,0,50,0.5184077024459839,0.0,0.0,0.0,4.75340223312378
Q_000029,MENU_002526,1,1,0.5304547548294067,0.0,0.3333333333333333,0.3333333333333333,4.70963716506958
Q_000029,MENU_002522,1,2,0.527620792388916,0.0,0.3333333333333333,0.3333333333333333,4.70963716506958
Q_000029,MENU_002525,1,3,0.5194389820098877,0.0,0.3333333333333333,0.3333333333333333,4.70963716506958
Q_000029,MENU_002529,0,4,0.5107029676437378,0.0,0.0,0.0,4.70963716506958
Q_000029,MENU_002524,1,5,0.4975062608718872,0.0,0.3333333333333333,0.3333333333333333,4.70963716506958
Q_000029,MENU_002523,1,6,0.4893774390220642,0.0,0.3333333333333333,0.3333333333333333,4.70963716506958
Q_000029,MENU_002521,1,7,0.48577868938446045,0.0,0.3333333333333333,0.3333333333333333,4.70963716506958
Q_000029,MENU_000516,0,8,0.46038728952407837,0.0,0.3333333333333333,0.0,4.64538478851318
Q_000029,MENU_002531,0,9,0.4471237063407898,0.0,0.0,0.0,4.70963716506958
Q_000029,MENU_002062,0,10,0.44535142183303833,0.0,0.0,0.0,4.77914094924927
Q_000029,MENU_000874,0,11,0.43083655834198,0.0,0.3333333333333333,0.0,4.46214008331299
Q_000029,MENU_000532,0,12,0.4248671531677246,0.0,0.3333333333333333,0.0,4.54899787902832
Q_000029,MENU_002530,0,13,0.41614919900894165,0.0,0.0,0.0,4.70963716506958
Q_000029,MENU_001465,0,14,0.4143730103969574,0.0,0.0,0.0,4.60264015197754
Q_000029,MENU_001459,0,15,0.4142093062400818,0.0,0.0,0.0,4.60264015197754
Q_000029,MENU_000950,0,16,0.41132235527038574,0.0,0.0,0.0,4.0
Q_000029,MENU_002544,0,17,0.40256255865097046,0.0,0.0,0.0,4.0580267906189
Q_000029,MENU_001460,0,18,0.4022952914237976,0.0,0.0,0.0,4.60264015197754
Q_000029,MENU_001481,0,19,0.4009437561035156,0.0,0.0,0.0,4.60264015197754
Q_000029,MENU_000563,0,20,0.39834049344062805,0.0,0.0,0.0,3.98560500144959
Q_000029,MENU_000680,0,21,0.3979964852333069,0.0,0.0,0.0,4.72276020050049
Q_000029,MENU_001062,0,22,0.3932451009750366,0.0,0.0,0.0,4.25
Q_000029,MENU_002736,0,23,0.3917158246040344,0.0,0.0,0.0,0.0
Q_000029,MENU_002528,0,24,0.3905305862426758,0.0,0.0,0.0,4.70963716506958
Q_000029,MENU_001453,0,25,0.38942307233810425,0.0,0.0,0.0,4.60264015197754
Q_000029,MENU_000556,0,26,0.3845979571342468,0.0,0.0,0.0,4.23846197128296
Q_000029,MENU_000478,0,27,0.38400089740753174,0.0,0.0,0.0,4.68128681182861
Q_000029,MENU_001454,0,28,0.3812769651412964,0.0,0.0,0.0,4.60264015197754
Q_000029,MENU_001359,0,29,0.38020211458206177,0.0,0.0,0.0,4.75340223312378
Q_000029,MENU_001468,0,30,0.3793788552284241,0.0,0.0,0.0,4.60264015197754
Q_000029,MENU_001900,0,31,0.37873128056526184,0.0,0.0,0.0,4.58653783798218
Q_000029,MENU_000210,0,32,0.378032922744751,0.0,0.0,0.0,4.7832818031311
Q_000029,MENU_000876,0,33,0.37803128361701965,0.0,0.0,0.0,0.0
Q_000029,MENU_002732,0,34,0.3769787847995758,0.0,0.0,0.0,0.0
Q_000029,MENU_002702,0,35,0.37695440649986267,0.0,0.0,0.0,4.78461503982544
Q_000029,MENU_002708,0,36,0.37669602036476135,0.0,0.0,0.0,4.66852378845215
Q_000029,MENU_001666,0,37,0.3758545219898224,0.0,0.0,0.0,3.84737396240234
Q_000029,MENU_001328,0,38,0.37497466802597046,0.0,0.0,0.0,4.75340223312378
Q_000029,MENU_001470,0,39,0.3738898038864136,0.0,0.0,0.0,4.60264015197754
Q_000029,MENU_001082,0,40,0.3731543719768524,0.0,0.0,0.0,4.25
Q_000029,MENU_002474,0,41,0.3727070391178131,0.0,0.0,0.0,4.68452405929565
Q_000029,MENU_000688,0,42,0.3716387450695038,0.0,0.0,0.0,4.72276020050049
Q_000029,MENU_000559,0,43,0.370281457901001,0.0,0.0,0.0,4.23846197128296
Q_000029,MENU_000228,0,44,0.3684019446372986,0.0,0.0,0.0,4.14949178695679
Q_000029,MENU_000009,0,45,0.36838096380233765,0.0,0.0,0.0,4.0
Q_000029,MENU_001107,0,46,0.3673255443572998,0.0,0.0,0.0,4.25
Q_000029,MENU_001259,0,47,0.3668341338634491,0.0,0.0,0.0,4.75340223312378
Q_000029,MENU_001683,0,48,0.3664429783821106,0.0,0.0,0.0,3.84737396240234
Q_000029,MENU_001596,0,49,0.3650209903717041,0.0,0.0,0.0,4.87649393081665
Q_000029,MENU_001327,0,50,0.36444491147994995,0.0,0.0,0.0,4.75340223312378
Q_000030,MENU_001581,1,1,0.4762815237045288,0.5,0.5,0.5,4.88310480117798
Q_000030,MENU_001566,1,2,0.455214262008667,0.0,0.5,0.5,4.88310480117798
Q_000030,MENU_002004,0,3,0.43480587005615234,0.5,0.0,0.0,4.1811408996582
Q_000030,MENU_001561,1,4,0.40120983123779297,0.0,0.5,0.0,4.88310480117798
Q_000030,MENU_002156,0,5,0.3902728259563446,0.5,0.0,0.0,4.64444398880005
Q_000030,MENU_001570,1,6,0.38564714789390564,0.0,0.5,0.0,4.88310480117798
Q_000030,MENU_001577,1,7,0.38462260365486145,0.0,0.5,0.0,4.88310480117798
Q_000030,MENU_001743,0,8,0.3752247095108032,0.0,0.0,0.0,4.81443309783936
Q_000030,MENU_001520,0,9,0.3717718720436096,0.5,0.0,0.0,4.20552682876587
Q_000030,MENU_000711,0,10,0.37109270691871643,0.0,0.0,0.0,4.58141183853149
Q_000030,MENU_000345,0,11,0.36903220415115356,0.5,0.0,0.0,4.71902799606323
Q_000030,MENU_000323,0,12,0.36903220415115356,0.5,0.0,0.0,4.60093212127686
Q_000030,MENU_002512,0,13,0.3652271330356598,0.0,0.5,0.0,4.67408514022827
Q_000030,MENU_001565,1,14,0.3620298504829407,0.0,0.5,0.0,4.88310480117798
Q_000030,MENU_002534,0,15,0.36129331588745117,0.0,0.0,0.5,4.41281080245972
Q_000030,MENU_001763,0,16,0.3599075675010681,0.0,0.0,0.0,4.81443309783936
Q_000030,MENU_001564,1,17,0.3585151433944702,0.0,0.5,0.0,4.88310480117798
Q_000030,MENU_000710,0,18,0.35089755058288574,0.0,0.0,0.0,4.58141183853149
Q_000030,MENU_001352,0,19,0.348684161901474,0.0,0.0,0.0,4.75340223312378
Q_000030,MENU_002508,0,20,0.3473845422267914,0.0,0.5,0.0,4.67408514022827
Q_000030,MENU_001260,0,21,0.3447033166885376,0.0,0.0,0.0,4.75340223312378
Q_000030,MENU_000203,0,22,0.3442533016204834,0.0,0.0,0.0,4.63380479812622
Q_000030,MENU_001783,0,23,0.34186673164367676,0.0,0.0,0.0,4.81443309783936
Q_000030,MENU_002688,0,24,0.3401535153388977,0.0,0.0,0.0,4.78461503982544
Q_000030,MENU_000363,0,25,0.3397677540779114,0.0,0.0,0.0,4.71859407424927
Q_000030,MENU_000332,0,26,0.3397677540779114,0.0,0.0,0.0,4.60093212127686
Q_000030,MENU_000653,0,27,0.3385610580444336,0.0,0.0,0.0,4.72276020050049
Q_000030,MENU_001249,0,28,0.3366953432559967,0.0,0.0,0.0,4.75340223312378
Q_000030,MENU_001754,0,29,0.33577266335487366,0.0,0.0,0.0,4.81443309783936
Q_000030,MENU_001131,0,30,0.33480000495910645,0.0,0.0,0.0,4.63961410522461
Q_000030,MENU_001764,0,31,0.3339267671108246,0.0,0.0,0.0,4.81443309783936
Q_000030,MENU_000891,1,32,0.3338673710823059,0.0,0.5,0.0,4.0
Q_000030,MENU_002681,0,33,0.33342987298965454,0.0,0.0,0.0,4.74509811401367
Q_000030,MENU_002511,0,34,0.3328520655632019,0.0,0.5,0.0,4.67408514022827
Q_000030,MENU_001384,0,35,0.3309749662876129,0.0,0.0,0.0,4.75340223312378
Q_000030,MENU_001757,0,36,0.32992124557495117,0.0,0.0,0.0,4.81443309783936
Q_000030,MENU_001788,0,37,0.32810354232788086,0.0,0.0,0.0,4.81443309783936
Q_000030,MENU_002011,0,38,0.3277209401130676,0.0,0.0,0.0,4.1811408996582
Q_000030,MENU_001130,0,39,0.32487767934799194,0.0,0.0,0.5,4.63961410522461
Q_000030,MENU_000322,0,40,0.32354289293289185,0.0,0.0,0.0,4.60093212127686
Q_000030,MENU_000339,0,41,0.32354289293289185,0.0,0.0,0.0,4.71902799606323
Q_000030,MENU_001418,0,42,0.3226049840450287,0.0,0.0,0.0,4.46881008148193
Q_000030,MENU_001755,0,43,0.3210972547531128,0.0,0.0,0.0,4.81443309783936
Q_000030,MENU_001761,0,44,0.32045111060142517,0.0,0.0,0.0,4.81443309783936
Q_000030,MENU_001027,0,45,0.3203718066215515,0.0,0.0,0.0,4.25
Q_000030,MENU_000131,0,46,0.31923115253448486,0.0,0.0,0.0,4.63380479812622
Q_000030,MENU_001793,0,47,0.3169720768928528,0.0,0.0,0.0,4.81443309783936
Q_000030,MENU_001778,0,48,0.31609106063842773,0.0,0.0,0.0,4.81443309783936
Q_000030,MENU_002529,0,49,0.31543636322021484,0.0,0.0,0.0,4.70963716506958
Q_000030,MENU_001769,0,50,0.3151713013648987,0.0,0.0,0.0,4.81443309783936
Q_000031,MENU_000108,1,1,0.5264565944671631,0.0,0.6666666666666666,0.0,4.34729814529419
Q_000031,MENU_000091,1,2,0.5142573118209839,0.0,0.6666666666666666,0.0,4.34729814529419
Q_000031,MENU_000092,1,3,0.49180084466934204,0.0,0.6666666666666666,0.0,4.34729814529419
Q_000031,MENU_000104,1,4,0.48788416385650635,0.0,0.6666666666666666,0.0,4.34729814529419
Q_000031,MENU_000100,1,5,0.48452192544937134,0.0,0.6666666666666666,0.0,4.34729814529419
Q_000031,MENU_000098,1,6,0.48451974987983704,0.0,0.6666666666666666,0.0,4.34729814529419
Q_000031,MENU_000094,1,7,0.4802549183368683,0.0,0.6666666666666666,0.0,4.34729814529419
Q_000031,MENU_000058,0,8,0.4691678583621979,0.0,0.0,0.3333333333333333,4.82178211212158
Q_000031,MENU_001284,0,9,0.46731865406036377,0.0,0.0,0.3333333333333333,4.75340223312378
Q_000031,MENU_000097,1,10,0.46417075395584106,0.0,0.6666666666666666,0.0,4.34729814529419
Q_000031,MENU_000095,1,11,0.4618450105190277,0.0,0.6666666666666666,0.3333333333333333,4.34729814529419
Q_000031,MENU_000107,1,12,0.4597662091255188,0.0,0.6666666666666666,0.3333333333333333,4.34729814529419
Q_000031,MENU_000105,1,13,0.4597529172897339,0.0,0.6666666666666666,0.0,4.34729814529419
Q_000031,MENU_000101,1,14,0.4572773575782776,0.0,0.6666666666666666,0.0,4.34729814529419
Q_000031,MENU_000096,1,15,0.45495015382766724,0.0,0.6666666666666666,0.0,4.34729814529419
Q_000031,MENU_001263,0,16,0.4466076195240021,0.0,0.0,0.0,4.75340223312378
Q_000031,MENU_000103,1,17,0.4433188736438751,0.0,0.6666666666666666,0.3333333333333333,4.34729814529419
Q_000031,MENU_000093,1,18,0.43153953552246094,0.0,0.6666666666666666,0.0,4.34729814529419
Q_000031,MENU_000102,1,19,0.42996376752853394,0.0,0.6666666666666666,0.3333333333333333,4.34729814529419
Q_000031,MENU_000099,1,20,0.4286453127861023,0.0,0.6666666666666666,0.0,4.34729814529419
Q_000031,MENU_000845,0,21,0.42198964953422546,0.0,0.0,0.3333333333333333,4.32532787322998
Q_000031,MENU_000109,1,22,0.4148709177970886,0.0,0.6666666666666666,0.0,4.34729814529419
Q_000031,MENU_000106,1,23,0.4140005111694336,0.0,0.6666666666666666,0.0,4.34729814529419
Q_000031,MENU_002554,0,24,0.41049474477767944,0.0,0.0,0.3333333333333333,2.0
Q_000031,MENU_000063,0,25,0.40815311670303345,0.0,0.0,0.3333333333333333,4.82178211212158
Q_000031,MENU_000999,0,26,0.4053093194961548,0.0,0.0,0.3333333333333333,0.0
Q_000031,MENU_002552,0,27,0.40065887570381165,0.0,0.0,0.3333333333333333,4.01298713684082
Q_000031,MENU_000844,0,28,0.3981848359107971,0.3333333333333333,0.0,0.3333333333333333,4.32532787322998
Q_000031,MENU_000843,0,29,0.39489424228668213,0.0,0.0,0.3333333333333333,4.16129016876221
Q_000031,MENU_000867,0,30,0.39143136143684387,0.3333333333333333,0.0,0.3333333333333333,4.8529257774353
Q_000031,MENU_002533,0,31,0.38186436891555786,0.0,0.0,0.3333333333333333,4.57142877578735
Q_000031,MENU_001394,0,32,0.3804154098033905,0.0,0.0,0.0,4.75340223312378
Q_000031,MENU_000995,0,33,0.37904489040374756,0.0,0.0,0.3333333333333333,4.14554786682129
Q_000031,MENU_001334,0,34,0.37763506174087524,0.0,0.0,0.3333333333333333,4.75340223312378
Q_000031,MENU_002668,0,35,0.3764709234237671,0.0,0.3333333333333333,0.0,4.7348837852478
Q_000031,MENU_002553,0,36,0.36869192123413086,0.0,0.0,0.3333333333333333,2.0
Q_000031,MENU_000072,0,37,0.3685671091079712,0.0,0.0,0.3333333333333333,3.84999990463257
Q_000031,MENU_001731,0,38,0.36374157667160034,0.0,0.0,0.3333333333333333,4.69369411468506
Q_000031,MENU_002669,0,39,0.362366259098053,0.0,0.3333333333333333,0.0,4.7348837852478
Q_000031,MENU_001367,0,40,0.35785114765167236,0.0,0.0,0.0,4.75340223312378
Q_000031,MENU_001333,0,41,0.3567505478858948,0.0,0.0,0.3333333333333333,4.75340223312378
Q_000031,MENU_002429,0,42,0.35658082365989685,0.0,0.0,0.0,4.2142858505249
Q_000031,MENU_002384,0,43,0.35658082365989685,0.0,0.0,0.0,4.57420492172241
Q_000031,MENU_002431,0,44,0.35623863339424133,0.0,0.0,0.3333333333333333,4.84219408035278
Q_000031,MENU_001345,0,45,0.355972021818161,0.0,0.0,0.0,4.75340223312378
Q_000031,MENU_001390,0,46,0.3552098572254181,0.0,0.0,0.0,4.75340223312378
Q_000031,MENU_000009,0,47,0.35379093885421753,0.0,0.0,0.3333333333333333,4.0
Q_000031,MENU_002428,0,48,0.35323795676231384,0.0,0.0,0.0,4.2142858505249
Q_000031,MENU_002383,0,49,0.35323795676231384,0.0,0.0,0.0,4.57420492172241
Q_000031,MENU_002856,0,50,0.35199791193008423,0.0,0.0,0.3333333333333333,0.0
Q_000032,MENU_001581,0,1,0.5108893513679504,0.0,0.0,0.0,4.88310480117798
Q_000032,MENU_001252,0,2,0.494791716337204,0.0,0.0,0.0,4.75340223312378
Q_000032,MENU_000332,0,3,0.4836328625679016,0.0,0.5,0.0,4.60093212127686
Q_000032,MENU_000363,0,4,0.4836328625679016,0.0,0.5,0.0,4.71859407424927
Q_000032,MENU_001249,0,5,0.4826281666755676,0.0,0.0,0.0,4.75340223312378
Q_000032,MENU_001727,0,6,0.4806338846683502,0.0,0.5,0.0,3.84737396240234
Q_000032,MENU_000560,0,7,0.478031724691391,0.0,0.0,0.0,4.23846197128296
Q_000032,MENU_000286,0,8,0.4746086001396179,0.0,0.0,0.0,4.65069389343262
Q_000032,MENU_001729,0,9,0.4712066054344177,0.0,0.5,0.0,3.84737396240234
Q_000032,MENU_002282,0,10,0.47033798694610596,0.0,0.0,0.0,4.58823490142822
Q_000032,MENU_002259,0,11,0.46921074390411377,0.0,0.0,0.0,4.58823490142822
Q_000032,MENU_002291,0,12,0.4687667787075043,0.0,0.0,0.0,4.54545497894287
Q_000032,MENU_000116,0,13,0.4686099886894226,0.0,0.0,0.0,3.0
Q_000032,MENU_002295,0,14,0.46468842029571533,0.0,0.0,0.0,4.54545497894287
Q_000032,MENU_002308,0,15,0.464211642742157,0.0,0.0,0.0,4.54545497894287
Q_000032,MENU_000547,0,16,0.46180155873298645,0.0,0.0,0.0,4.23846197128296
Q_000032,MENU_000364,0,17,0.4609985947608948,0.0,0.5,0.0,4.71902799606323
Q_000032,MENU_000333,0,18,0.4609985947608948,0.0,0.5,0.0,4.60093212127686
Q_000032,MENU_002304,0,19,0.4575716257095337,0.0,0.0,0.0,4.58823490142822
Q_000032,MENU_000322,0,20,0.4570830762386322,0.0,0.5,0.0,4.60093212127686
Q_000032,MENU_000339,0,21,0.4570830762386322,0.0,0.5,0.0,4.71902799606323
Q_000032,MENU_000653,0,22,0.4565194249153137,0.0,0.0,0.0,4.72276020050049
Q_000032,MENU_002156,0,23,0.4562041759490967,0.0,0.5,0.0,4.64444398880005
Q_000032,MENU_002296,0,24,0.454620361328125,0.0,0.0,0.0,4.54545497894287
Q_000032,MENU_000287,0,25,0.45340508222579956,0.0,0.0,0.0,4.65069389343262
Q_000032,MENU_002004,0,26,0.45274609327316284,0.0,0.0,0.0,4.1811408996582
Q_000032,MENU_001733,0,27,0.4521617889404297,0.0,0.0,0.0,4.81443309783936
Q_000032,MENU_002125,0,28,0.44966548681259155,0.0,0.5,0.0,4.64444398880005
Q_000032,MENU_001112,0,29,0.44859403371810913,0.0,0.0,0.0,4.25
Q_000032,MENU_000274,0,30,0.4472680687904358,0.0,0.0,0.0,4.65069389343262
Q_000032,MENU_000774,0,31,0.4463998079299927,0.0,0.0,0.0,4.60988092422485
Q_000032,MENU_001987,0,32,0.4463544487953186,0.0,0.0,0.0,4.59150314331055
Q_000032,MENU_001080,0,33,0.4429173767566681,0.0,0.0,0.0,4.25
Q_000032,MENU_001564,0,34,0.4423840641975403,0.0,0.0,0.0,4.88310480117798
Q_000032,MENU_000842,0,35,0.441962867975235,0.0,0.5,0.0,4.71359920501709
Q_000032,MENU_001250,0,36,0.44151008129119873,0.0,0.0,0.0,4.75340223312378
Q_000032,MENU_000113,0,37,0.4406391978263855,0.0,0.0,0.0,3.0
Q_000032,MENU_001169,0,38,0.43846702575683594,0.0,0.5,0.0,4.82336378097534
Q_000032,MENU_000703,0,39,0.4382445812225342,0.0,0.0,0.0,4.72276020050049
Q_000032,MENU_002287,0,40,0.4375271499156952,0.0,0.5,0.0,4.58823490142822
Q_000032,MENU_001251,0,41,0.43732064962387085,0.0,0.0,0.0,4.75340223312378
Q_000032,MENU_000256,0,42,0.4370282292366028,0.0,0.0,0.0,4.65069389343262
Q_000032,MENU_001734,0,43,0.43584686517715454,0.0,0.0,0.0,4.81443309783936
Q_000032,MENU_001757,0,44,0.4355524778366089,0.0,0.0,0.0,4.81443309783936
Q_000032,MENU_000117,0,45,0.43340638279914856,0.0,0.0,0.0,3.0
Q_000032,MENU_002285,0,46,0.43339985609054565,0.0,0.5,0.0,4.58823490142822
Q_000032,MENU_000718,0,47,0.4325929582118988,0.0,0.0,0.0,4.31238794326782
Q_000032,MENU_000345,0,48,0.43088769912719727,0.0,0.5,0.0,4.71902799606323
Q_000032,MENU_000323,0,49,0.43088769912719727,0.0,0.5,0.0,4.60093212127686
Q_000032,MENU_001520,0,50,0.43065309524536133,0.0,0.0,0.0,4.20552682876587
Q_000033,MENU_000527,0,1,0.5152105093002319,0.0,0.0,0.0,4.8056812286377
Q_000033,MENU_002062,1,2,0.5120376348495483,0.0,0.3333333333333333,0.0,4.77914094924927
Q_000033,MENU_000563,0,3,0.5020222067832947,0.0,0.0,0.0,3.98560500144959
Q_000033,MENU_002543,1,4,0.5020076632499695,0.0,0.3333333333333333,0.0,4.0580267906189
Q_000033,MENU_001502,1,5,0.48464545607566833,0.0,0.3333333333333333,0.0,4.26522302627563
Q_000033,MENU_000528,0,6,0.4787561595439911,0.0,0.0,0.0,4.80430507659912
Q_000033,MENU_002546,1,7,0.47827619314193726,0.0,0.3333333333333333,0.0,4.0580267906189
Q_000033,MENU_000566,0,8,0.4734005928039551,0.0,0.0,0.0,3.98560500144959
Q_000033,MENU_002274,0,9,0.47245633602142334,0.0,0.0,0.0,4.58823490142822
Q_000033,MENU_001400,0,10,0.4649044871330261,0.0,0.3333333333333333,0.0,4.59437894821167
Q_000033,MENU_001725,0,11,0.4633379578590393,0.0,0.0,0.0,3.84737396240234
Q_000033,MENU_000530,0,12,0.4630679488182068,0.0,0.0,0.0,4.80430507659912
Q_000033,MENU_002545,1,13,0.4608994126319885,0.0,0.3333333333333333,0.0,4.0580267906189
Q_000033,MENU_002059,1,14,0.45682746171951294,0.0,0.3333333333333333,0.0,4.77914094924927
Q_000033,MENU_000704,1,15,0.45391568541526794,0.0,0.3333333333333333,0.0,4.72276020050049
Q_000033,MENU_000587,0,16,0.4462495446205139,0.0,0.0,0.3333333333333333,4.80404376983643
Q_000033,MENU_000537,0,17,0.4419924318790436,0.0,0.3333333333333333,0.0,4.23846197128296
Q_000033,MENU_000559,0,18,0.4412859380245209,0.0,0.3333333333333333,0.0,4.23846197128296
Q_000033,MENU_002060,1,19,0.43956342339515686,0.0,0.3333333333333333,0.0,4.77914094924927
Q_000033,MENU_000478,0,20,0.4363078773021698,0.0,0.0,0.0,4.68128681182861
Q_000033,MENU_000538,0,21,0.4362404942512512,0.0,0.3333333333333333,0.0,4.23846197128296
Q_000033,MENU_001232,0,22,0.4343896210193634,0.0,0.0,0.0,4.75703001022339
Q_000033,MENU_001133,0,23,0.43388962745666504,0.0,0.3333333333333333,0.0,4.67459297180176
Q_000033,MENU_001666,0,24,0.4335956573486328,0.0,0.0,0.0,3.84737396240234
Q_000033,MENU_001726,0,25,0.43237221240997314,0.0,0.0,0.0,3.84737396240234
Q_000033,MENU_002063,1,26,0.43125635385513306,0.0,0.3333333333333333,0.0,4.77914094924927
Q_000033,MENU_001628,0,27,0.42818138003349304,0.0,0.0,0.0,4.58868885040283
Q_000033,MENU_000565,0,28,0.4279482960700989,0.0,0.0,0.0,3.98560500144959
Q_000033,MENU_002268,0,29,0.42763835191726685,0.0,0.0,0.0,4.58823490142822
Q_000033,MENU_002293,0,30,0.42696499824523926,0.0,0.0,0.0,4.58823490142822
Q_000033,MENU_000876,0,31,0.4260033369064331,0.0,0.0,0.0,0.0
Q_000033,MENU_002397,0,32,0.42476946115493774,0.0,0.3333333333333333,0.3333333333333333,4.2142858505249
Q_000033,MENU_001374,0,33,0.4246571660041809,0.0,0.3333333333333333,0.0,4.75340223312378
Q_000033,MENU_001730,0,34,0.4214015007019043,0.0,0.0,0.0,3.84737396240234
Q_000033,MENU_000529,0,35,0.41898104548454285,0.0,0.0,0.0,4.8056812286377
Q_000033,MENU_002292,0,36,0.4189637303352356,0.0,0.0,0.0,4.58823490142822
Q_000033,MENU_000189,0,37,0.4170682728290558,0.0,0.3333333333333333,0.0,4.63380479812622
Q_000033,MENU_001789,0,38,0.4119827151298523,0.0,0.0,0.0,4.81443309783936
Q_000033,MENU_002256,1,39,0.41165387630462646,0.0,0.3333333333333333,0.0,4.72893619537354
Q_000033,MENU_002018,1,40,0.4093245267868042,0.0,0.3333333333333333,0.0,4.1811408996582
Q_000033,MENU_002061,1,41,0.4089372456073761,0.0,0.3333333333333333,0.0,4.77914094924927
Q_000033,MENU_001676,0,42,0.40842902660369873,0.0,0.0,0.0,3.84737396240234
Q_000033,MENU_000408,0,43,0.4068981111049652,0.0,0.0,0.0,4.68128681182861
Q_000033,MENU_001624,0,44,0.40362393856048584,0.0,0.0,0.0,4.58868885040283
Q_000033,MENU_000556,0,45,0.4028092622756958,0.0,0.3333333333333333,0.0,4.23846197128296
Q_000033,MENU_002703,0,46,0.4020143449306488,0.0,0.0,0.0,4.78461503982544
Q_000033,MENU_002502,0,47,0.4003821611404419,0.0,0.0,0.0,4.78250598907471
Q_000033,MENU_000398,0,48,0.39990901947021484,0.0,0.0,0.0,4.68128681182861
Q_000033,MENU_002398,0,49,0.3997555375099182,0.0,0.3333333333333333,0.6666666666666666,4.2142858505249
Q_000033,MENU_002005,1,50,0.3995082378387451,0.0,0.3333333333333333,0.0,4.1811408996582
Q_000034,MENU_001952,1,1,0.556647777557373,0.0,0.6,0.0,4.81481504440308
Q_000034,MENU_001937,1,2,0.5187859535217285,0.0,0.6,0.0,4.81481504440308
Q_000034,MENU_002451,0,3,0.5053369998931885,0.0,0.2,0.0,4.77699613571167
Q_000034,MENU_002465,0,4,0.5050245523452759,0.0,0.2,0.0,4.77699613571167
Q_000034,MENU_002225,0,5,0.48390665650367737,0.0,0.0,0.2,4.65195322036743
Q_000034,MENU_002452,0,6,0.46904075145721436,0.0,0.2,0.0,4.77699613571167
Q_000034,MENU_002460,0,7,0.46590518951416016,0.0,0.2,0.0,4.77699613571167
Q_000034,MENU_001917,1,8,0.46545642614364624,0.0,0.6,0.0,4.81481504440308
Q_000034,MENU_000002,0,9,0.46372127532958984,0.2,0.0,0.2,4.0
Q_000034,MENU_002226,0,10,0.4628106355667114,0.0,0.0,0.2,4.65195322036743
Q_000034,MENU_002466,0,11,0.4601772129535675,0.0,0.2,0.0,4.77699613571167
Q_000034,MENU_000001,0,12,0.45957159996032715,0.2,0.0,0.0,4.0
Q_000034,MENU_002215,0,13,0.45822858810424805,0.0,0.0,0.2,4.65195322036743
Q_000034,MENU_001939,1,14,0.4581640362739563,0.0,0.6,0.0,4.81481504440308
Q_000034,MENU_002384,0,15,0.45721209049224854,0.0,0.0,0.0,4.57420492172241
Q_000034,MENU_002429,0,16,0.45721209049224854,0.0,0.0,0.0,4.2142858505249
Q_000034,MENU_002850,0,17,0.45701366662979126,0.0,0.0,0.0,0.0
Q_000034,MENU_001583,0,18,0.4472599923610687,0.0,0.0,0.0,4.88310480117798
Q_000034,MENU_001946,1,19,0.4472008943557739,0.0,0.6,0.0,4.81481504440308
Q_000034,MENU_001925,1,20,0.444954514503479,0.0,0.6,0.0,4.81481504440308
Q_000034,MENU_002212,0,21,0.44376587867736816,0.0,0.0,0.2,4.65195322036743
Q_000034,MENU_002769,0,22,0.4435397982597351,0.0,0.0,0.0,0.0
Q_000034,MENU_000722,0,23,0.4336842894554138,0.0,0.0,0.0,4.67195796966553
Q_000034,MENU_002196,0,24,0.43141621351242065,0.0,0.0,0.2,4.65195322036743
Q_000034,MENU_002253,0,25,0.43097615242004395,0.0,0.0,0.2,4.65195322036743
Q_000034,MENU_002227,0,26,0.43068647384643555,0.0,0.0,0.2,4.65195322036743
Q_000034,MENU_001160,0,27,0.4299858808517456,0.0,0.0,0.2,4.82336378097534
Q_000034,MENU_002629,0,28,0.42447540163993835,0.0,0.0,0.0,4.58833312988281
Q_000034,MENU_002199,0,29,0.41825032234191895,0.0,0.0,0.2,4.65195322036743
Q_000034,MENU_002809,0,30,0.41561275720596313,0.0,0.0,0.0,0.0
Q_000034,MENU_002803,0,31,0.4145655632019043,0.0,0.0,0.0,0.0
Q_000034,MENU_002738,0,32,0.41372179985046387,0.0,0.0,0.0,0.0
Q_000034,MENU_001600,0,33,0.4136386811733246,0.0,0.0,0.0,4.86808490753174
Q_000034,MENU_001922,1,34,0.4128963351249695,0.0,0.6,0.0,4.81481504440308
Q_000034,MENU_000868,0,35,0.41043710708618164,0.0,0.0,0.0,4.85320281982422
Q_000034,MENU_002789,0,36,0.4097335636615753,0.0,0.0,0.0,0.0
Q_000034,MENU_002244,0,37,0.40827852487564087,0.0,0.0,0.2,4.65195322036743
Q_000034,MENU_002808,0,38,0.40758639574050903,0.0,0.0,0.0,0.0
Q_000034,MENU_000584,0,39,0.40754950046539307,0.0,0.0,0.0,4.49110698699951
Q_000034,MENU_002443,0,40,0.40745484828948975,0.0,0.0,0.0,4.77699613571167
Q_000034,MENU_001862,0,41,0.4064266085624695,0.0,0.0,0.0,4.6991171836853
Q_000034,MENU_002621,0,42,0.406399130821228,0.0,0.0,0.0,4.58833312988281
Q_000034,MENU_002464,0,43,0.4050479531288147,0.0,0.0,0.0,4.77699613571167
Q_000034,MENU_002353,0,44,0.40336984395980835,0.0,0.0,0.0,4.57420492172241
Q_000034,MENU_002396,0,45,0.40336984395980835,0.0,0.0,0.0,4.2142858505249
Q_000034,MENU_002797,0,46,0.40140438079833984,0.0,0.0,0.0,0.0
Q_000034,MENU_002671,0,47,0.40135642886161804,0.0,0.0,0.0,4.7348837852478
Q_000034,MENU_000864,0,48,0.40111181139945984,0.0,0.0,0.0,4.85320281982422
Q_000034,MENU_002800,0,49,0.4010235071182251,0.0,0.0,0.0,0.0
Q_000034,MENU_002796,0,50,0.4009748697280884,0.0,0.0,0.0,0.0
Q_000035,MENU_002529,1,1,0.5026193857192993,0.0,0.75,0.0,4.70963716506958
Q_000035,MENU_001966,0,2,0.4600328207015991,0.0,0.0,0.0,4.74074077606201
Q_000035,MENU_001962,0,3,0.45924311876296997,0.0,0.0,0.0,4.74074077606201
Q_000035,MENU_000183,0,4,0.449008584022522,0.0,0.0,0.0,4.63380479812622
Q_000035,MENU_001134,0,5,0.4341691732406616,0.0,0.0,0.0,4.0
Q_000035,MENU_000040,0,6,0.4331061840057373,0.0,0.0,0.0,4.03416109085083
Q_000035,MENU_001961,0,7,0.42524680495262146,0.0,0.0,0.0,4.74074077606201
Q_000035,MENU_000681,0,8,0.4234594702720642,0.0,0.0,0.0,4.72276020050049
Q_000035,MENU_000184,0,9,0.4216836988925934,0.0,0.0,0.0,4.63380479812622
Q_000035,MENU_002619,0,10,0.419617235660553,0.0,0.0,0.0,4.66666698455811
Q_000035,MENU_000556,0,11,0.41870176792144775,0.0,0.0,0.0,4.23846197128296
Q_000035,MENU_002528,1,12,0.4186406135559082,0.0,0.75,0.0,4.70963716506958
Q_000035,MENU_001964,0,13,0.4184147119522095,0.0,0.0,0.0,4.74074077606201
Q_000035,MENU_000126,0,14,0.41707074642181396,0.0,0.0,0.0,4.63380479812622
Q_000035,MENU_001971,0,15,0.4166066646575928,0.0,0.0,0.0,4.74074077606201
Q_000035,MENU_001420,0,16,0.4162173867225647,0.0,0.0,0.0,4.46881008148193
Q_000035,MENU_000695,0,17,0.4160085916519165,0.0,0.0,0.0,4.72276020050049
Q_000035,MENU_001973,0,18,0.41514238715171814,0.0,0.0,0.0,4.74074077606201
Q_000035,MENU_000690,0,19,0.4148196578025818,0.0,0.0,0.0,4.72276020050049
Q_000035,MENU_000134,0,20,0.41438350081443787,0.0,0.0,0.0,4.63380479812622
Q_000035,MENU_001891,0,21,0.411962628364563,0.0,0.0,0.0,5.0
Q_000035,MENU_000525,0,22,0.40848857164382935,0.0,0.5,0.5,4.63044404983521
Q_000035,MENU_000538,0,23,0.40837210416793823,0.0,0.0,0.0,4.23846197128296
Q_000035,MENU_002530,1,24,0.40822482109069824,0.0,0.75,0.0,4.70963716506958
Q_000035,MENU_000133,0,25,0.40770822763442993,0.0,0.0,0.0,4.63380479812622
Q_000035,MENU_000639,0,26,0.40702855587005615,0.0,0.0,0.0,4.64431381225586
Q_000035,MENU_000546,0,27,0.40676605701446533,0.0,0.0,0.0,4.23846197128296
Q_000035,MENU_000041,0,28,0.4063226282596588,0.0,0.0,0.0,4.03416109085083
Q_000035,MENU_000693,0,29,0.4060521721839905,0.0,0.0,0.0,4.72276020050049
Q_000035,MENU_001975,0,30,0.4056245684623718,0.0,0.0,0.0,4.74074077606201
Q_000035,MENU_000670,0,31,0.40552082657814026,0.0,0.0,0.0,4.72276020050049
Q_000035,MENU_002455,0,32,0.40416574478149414,0.0,0.0,0.0,4.77699613571167
Q_000035,MENU_000999,0,33,0.39976227283477783,0.0,0.0,0.25,0.0
Q_000035,MENU_001722,0,34,0.3984364867210388,0.0,0.0,0.0,3.84737396240234
Q_000035,MENU_001969,0,35,0.3981150686740875,0.0,0.0,0.0,4.74074077606201
Q_000035,MENU_000140,0,36,0.3975246846675873,0.0,0.0,0.0,4.63380479812622
Q_000035,MENU_000123,0,37,0.3964582681655884,0.0,0.0,0.0,4.63380479812622
Q_000035,MENU_001096,0,38,0.39628008008003235,0.0,0.0,0.0,4.25
Q_000035,MENU_001660,0,39,0.3960134983062744,0.0,0.0,0.0,3.70588207244873
Q_000035,MENU_000142,0,40,0.39430612325668335,0.0,0.0,0.0,4.63380479812622
Q_000035,MENU_001754,0,41,0.39415574073791504,0.0,0.0,0.0,4.81443309783936
Q_000035,MENU_000194,0,42,0.39392274618148804,0.0,0.0,0.0,4.63380479812622
Q_000035,MENU_000152,0,43,0.3933172821998596,0.0,0.0,0.0,4.63380479812622
Q_000035,MENU_002190,0,44,0.392524391412735,0.0,0.0,0.0,4.65195322036743
Q_000035,MENU_001316,0,45,0.3925074338912964,0.0,0.0,0.0,4.75340223312378
Q_000035,MENU_000719,0,46,0.3921145498752594,0.0,0.0,0.0,4.67195796966553
Q_000035,MENU_000702,0,47,0.3920593857765198,0.0,0.0,0.0,4.72276020050049
Q_000035,MENU_000559,0,48,0.39196163415908813,0.0,0.0,0.0,4.23846197128296
Q_000035,MENU_001496,0,49,0.3917003870010376,0.0,0.0,0.0,4.26522302627563
Q_000035,MENU_000668,0,50,0.3908088803291321,0.0,0.0,0.0,4.72276020050049
Q_000036,MENU_001036,1,1,0.678734540939331,0.0,0.75,0.0,4.25
Q_000036,MENU_001062,1,2,0.6630350351333618,0.0,0.75,0.0,4.25
Q_000036,MENU_001094,1,3,0.6583762168884277,0.0,0.75,0.0,4.25
Q_000036,MENU_001090,1,4,0.6547815203666687,0.0,0.75,0.0,4.25
Q_000036,MENU_001111,1,5,0.6299852728843689,0.0,0.75,0.0,4.25
Q_000036,MENU_001082,0,6,0.6223254799842834,0.0,0.25,0.0,4.25
Q_000036,MENU_001680,0,7,0.6203420162200928,0.0,0.0,0.0,3.84737396240234
Q_000036,MENU_001049,1,8,0.6130092144012451,0.0,0.75,0.0,4.25
Q_000036,MENU_001418,0,9,0.6125309467315674,0.0,0.5,0.0,4.46881008148193
Q_000036,MENU_001683,0,10,0.6110347509384155,0.0,0.0,0.0,3.84737396240234
Q_000036,MENU_002699,0,11,0.6099623441696167,0.0,0.25,0.0,4.78461503982544
Q_000036,MENU_001681,0,12,0.6091485619544983,0.0,0.0,0.0,3.84737396240234
Q_000036,MENU_001100,0,13,0.6033847332000732,0.0,0.25,0.0,4.25
Q_000036,MENU_001722,0,14,0.6001690626144409,0.0,0.0,0.0,3.84737396240234
Q_000036,MENU_001721,0,15,0.5999685525894165,0.0,0.0,0.0,3.84737396240234
Q_000036,MENU_001420,0,16,0.598908543586731,0.0,0.5,0.0,4.46881008148193
Q_000036,MENU_001038,0,17,0.5977432727813721,0.0,0.25,0.0,4.25
Q_000036,MENU_001084,0,18,0.5974366664886475,0.0,0.25,0.0,4.25
Q_000036,MENU_001044,0,19,0.5934823751449585,0.0,0.25,0.0,4.25
Q_000036,MENU_001043,0,20,0.5897833108901978,0.0,0.25,0.0,4.25
Q_000036,MENU_001118,1,21,0.5863077640533447,0.0,0.75,0.0,4.25
Q_000036,MENU_001037,0,22,0.5850417613983154,0.0,0.25,0.0,4.25
Q_000036,MENU_001102,0,23,0.5799696445465088,0.0,0.25,0.0,4.25
Q_000036,MENU_001580,0,24,0.5783147811889648,0.0,0.25,0.0,4.88386678695679
Q_000036,MENU_000591,0,25,0.5768052935600281,0.0,0.0,0.0,4.64431381225586
Q_000036,MENU_001059,0,26,0.5730264186859131,0.0,0.25,0.0,4.25
Q_000036,MENU_001046,0,27,0.5722397565841675,0.0,0.25,0.0,4.25
Q_000036,MENU_001975,0,28,0.5721529722213745,0.0,0.0,0.0,4.74074077606201
Q_000036,MENU_001117,0,29,0.568437933921814,0.0,0.25,0.0,4.25
Q_000036,MENU_000607,0,30,0.566453218460083,0.0,0.0,0.0,4.64431381225586
Q_000036,MENU_000821,0,31,0.565844714641571,0.0,0.0,0.0,4.64895582199097
Q_000036,MENU_001054,1,32,0.5642088055610657,0.0,0.75,0.0,4.25
Q_000036,MENU_001089,0,33,0.5634597539901733,0.0,0.25,0.0,4.25
Q_000036,MENU_001028,0,34,0.5614791512489319,0.0,0.25,0.0,4.25
Q_000036,MENU_001465,0,35,0.5605196952819824,0.25,0.25,0.0,4.60264015197754
Q_000036,MENU_001068,1,36,0.5596717000007629,0.0,0.75,0.0,4.25
Q_000036,MENU_001444,0,37,0.5592418313026428,0.25,0.25,0.0,4.60264015197754
Q_000036,MENU_002012,0,38,0.5592303276062012,0.0,0.25,0.0,4.1811408996582
Q_000036,MENU_001408,0,39,0.5589282512664795,0.0,0.25,0.0,4.46881008148193
Q_000036,MENU_001107,0,40,0.5587507486343384,0.0,0.25,0.0,4.25
Q_000036,MENU_001481,0,41,0.5580192804336548,0.25,0.25,0.0,4.60264015197754
Q_000036,MENU_001457,0,42,0.557410717010498,0.25,0.25,0.0,4.60264015197754
Q_000036,MENU_001293,0,43,0.5565526485443115,0.0,0.25,0.0,4.75340223312378
Q_000036,MENU_002696,0,44,0.5557417273521423,0.0,0.25,0.0,4.78461503982544
Q_000036,MENU_001410,0,45,0.5546634197235107,0.0,0.25,0.0,4.46881008148193
Q_000036,MENU_000799,0,46,0.5540713667869568,0.0,0.0,0.0,4.64895582199097
Q_000036,MENU_001328,0,47,0.5540035963058472,0.0,0.0,0.0,4.75340223312378
Q_000036,MENU_001359,0,48,0.5539633631706238,0.0,0.25,0.0,4.75340223312378
Q_000036,MENU_001421,0,49,0.5535358190536499,0.0,0.25,0.0,4.46881008148193
Q_000036,MENU_001053,0,50,0.5534887313842773,0.0,0.25,0.0,4.25
Q_000037,MENU_001143,1,1,0.5839251279830933,0.0,0.5,0.25,4.82336378097534
Q_000037,MENU_001144,1,2,0.5725146532058716,0.0,0.5,0.25,4.82336378097534
Q_000037,MENU_001955,0,3,0.5565557479858398,0.0,0.5,0.25,4.6658787727356
Q_000037,MENU_001148,1,4,0.5345478653907776,0.0,0.5,0.25,4.82336378097534
Q_000037,MENU_001145,1,5,0.5331430435180664,0.0,0.5,0.25,4.82336378097534
Q_000037,MENU_001797,0,6,0.5237386226654053,0.25,0.25,0.25,4.6991171836853
Q_000037,MENU_001827,0,7,0.5143465995788574,0.25,0.25,0.25,4.6991171836853
Q_000037,MENU_001146,1,8,0.5113564729690552,0.0,0.5,0.25,4.82336378097534
Q_000037,MENU_002193,0,9,0.5101813077926636,0.25,0.25,0.25,4.65195322036743
Q_000037,MENU_002184,0,10,0.5078246593475342,0.25,0.25,0.25,4.65195322036743
Q_000037,MENU_001956,0,11,0.5071573853492737,0.0,0.5,0.25,4.6658787727356
Q_000037,MENU_001738,0,12,0.5066930055618286,0.25,0.0,0.0,4.81443309783936
Q_000037,MENU_001150,1,13,0.505549430847168,0.0,0.5,0.25,4.82336378097534
Q_000037,MENU_001149,1,14,0.504715085029602,0.0,0.5,0.25,4.82336378097534
Q_000037,MENU_001806,0,15,0.5041470527648926,0.0,0.0,0.0,4.6991171836853
Q_000037,MENU_001831,0,16,0.5011429786682129,0.25,0.0,0.0,4.6991171836853
Q_000037,MENU_001147,1,17,0.5008105635643005,0.0,0.5,0.25,4.82336378097534
Q_000037,MENU_001813,0,18,0.5003495216369629,0.25,0.25,0.25,4.6991171836853
Q_000037,MENU_001151,1,19,0.4952113628387451,0.0,0.5,0.25,4.82336378097534
Q_000037,MENU_000737,0,20,0.493492066860199,0.25,0.25,0.0,4.67195796966553
Q_000037,MENU_001193,0,21,0.4908533990383148,0.25,0.0,0.0,4.82336378097534
Q_000037,MENU_001155,0,22,0.48974862694740295,0.0,0.25,0.25,4.82336378097534
Q_000037,MENU_001869,0,23,0.4870681166648865,0.25,0.0,0.0,4.6991171836853
Q_000037,MENU_000046,0,24,0.4852333962917328,0.25,0.0,0.0,4.69734191894531
Q_000037,MENU_002324,0,25,0.48496556282043457,0.25,0.0,0.0,4.681480884552
Q_000037,MENU_002194,0,26,0.4789336323738098,0.25,0.25,0.25,4.65195322036743
Q_000037,MENU_000048,0,27,0.4732235074043274,0.25,0.0,0.0,4.69734191894531
Q_000037,MENU_001079,0,28,0.47269654273986816,0.0,0.0,0.25,4.25
Q_000037,MENU_001152,1,29,0.4718097448348999,0.0,0.5,0.25,4.82336378097534
Q_000037,MENU_000961,0,30,0.47179415822029114,0.25,0.0,0.0,4.0
Q_000037,MENU_001178,0,31,0.4701283574104309,0.25,0.0,0.0,4.82336378097534
Q_000037,MENU_000031,0,32,0.4695141911506653,0.25,0.0,0.0,4.47627115249634
Q_000037,MENU_001352,0,33,0.4695049524307251,0.0,0.0,0.0,4.75340223312378
Q_000037,MENU_002101,0,34,0.46768295764923096,0.25,0.0,0.0,4.58823490142822
Q_000037,MENU_001840,0,35,0.46608495712280273,0.25,0.25,0.25,4.6991171836853
Q_000037,MENU_001067,0,36,0.46494585275650024,0.0,0.0,0.25,4.25
Q_000037,MENU_002320,0,37,0.46473440527915955,0.25,0.25,0.0,4.681480884552
Q_000037,MENU_002203,0,38,0.4635680615901947,0.25,0.25,0.25,4.65195322036743
Q_000037,MENU_002474,0,39,0.46335095167160034,0.0,0.0,0.0,4.68452405929565
Q_000037,MENU_002195,0,40,0.46329593658447266,0.25,0.25,0.25,4.65195322036743
Q_000037,MENU_000210,0,41,0.4625609815120697,0.0,0.25,0.0,4.7832818031311
Q_000037,MENU_001153,0,42,0.4624515473842621,0.0,0.25,0.25,4.82336378097534
Q_000037,MENU_001156,0,43,0.4617881774902344,0.0,0.25,0.25,4.82336378097534
Q_000037,MENU_001158,0,44,0.460590660572052,0.0,0.25,0.25,4.82336378097534
Q_000037,MENU_001142,1,45,0.4601989984512329,0.0,0.5,0.25,4.82336378097534
Q_000037,MENU_001936,0,46,0.4570689797401428,0.25,0.25,0.0,4.81481504440308
Q_000037,MENU_001930,0,47,0.45570293068885803,0.25,0.25,0.0,4.81481504440308
Q_000037,MENU_001602,0,48,0.45453208684921265,0.0,0.25,0.0,4.87649393081665
Q_000037,MENU_001010,0,49,0.4529106020927429,0.25,0.0,0.25,4.65962409973145
Q_000037,MENU_000030,0,50,0.4528592824935913,0.25,0.0,0.0,4.47627115249634
Q_000038,MENU_001139,1,1,0.6551264524459839,0.0,0.6,0.2,4.82336378097534
Q_000038,MENU_001140,1,2,0.6404941082000732,0.0,0.6,0.4,4.82336378097534
Q_000038,MENU_001137,1,3,0.6385060548782349,0.0,0.6,0.2,4.82336378097534
Q_000038,MENU_001138,1,4,0.6326493620872498,0.0,0.6,0.2,4.82336378097534
Q_000038,MENU_001430,0,5,0.6281810998916626,0.0,0.4,0.4,4.60449504852295
Q_000038,MENU_001136,1,6,0.6241278052330017,0.0,0.6,0.2,4.82336378097534
Q_000038,MENU_001268,0,7,0.5669546127319336,0.2,0.0,0.0,4.75340223312378
Q_000038,MENU_002248,0,8,0.5632991790771484,0.2,0.2,0.0,4.65195322036743
Q_000038,MENU_002185,0,9,0.5570228099822998,0.2,0.2,0.0,4.65195322036743
Q_000038,MENU_002247,0,10,0.5569032430648804,0.2,0.2,0.0,4.65195322036743
Q_000038,MENU_001428,0,11,0.5565274357795715,0.0,0.4,0.2,4.60449504852295
Q_000038,MENU_002246,0,12,0.5474261045455933,0.2,0.2,0.0,4.65195322036743
Q_000038,MENU_001003,0,13,0.5395182371139526,0.0,0.4,0.0,4.65962409973145
Q_000038,MENU_002206,0,14,0.5296462178230286,0.2,0.0,0.2,4.65195322036743
Q_000038,MENU_001141,1,15,0.5293310880661011,0.0,0.6,0.2,4.82336378097534
Q_000038,MENU_002174,0,16,0.5167961716651917,0.2,0.2,0.2,4.65195322036743
Q_000038,MENU_001006,0,17,0.5137181282043457,0.0,0.4,0.0,4.65962409973145
Q_000038,MENU_002245,0,18,0.5124216675758362,0.2,0.2,0.0,4.65195322036743
Q_000038,MENU_001301,0,19,0.502898097038269,0.2,0.0,0.0,4.75340223312378
Q_000038,MENU_001429,0,20,0.4998658001422882,0.0,0.4,0.0,4.60449504852295
Q_000038,MENU_001114,0,21,0.49560222029685974,0.0,0.2,0.0,4.25
Q_000038,MENU_002188,0,22,0.49557945132255554,0.2,0.0,0.2,4.65195322036743
Q_000038,MENU_002503,0,23,0.4953911304473877,0.2,0.0,0.0,4.67515087127686
Q_000038,MENU_000071,0,24,0.48878344893455505,0.0,0.2,0.0,3.84999990463257
Q_000038,MENU_001001,0,25,0.48158204555511475,0.0,0.4,0.0,4.65962409973145
Q_000038,MENU_001795,0,26,0.4798187017440796,0.0,0.0,0.0,4.49400520324707
Q_000038,MENU_001005,0,27,0.4790550470352173,0.0,0.4,0.0,4.65962409973145
Q_000038,MENU_000659,0,28,0.47165003418922424,0.0,0.0,0.0,4.72276020050049
Q_000038,MENU_001456,0,29,0.47156476974487305,0.2,0.0,0.0,4.60264015197754
Q_000038,MENU_001275,0,30,0.47030121088027954,0.0,0.0,0.0,4.75340223312378
Q_000038,MENU_002196,0,31,0.4669124484062195,0.0,0.2,0.0,4.65195322036743
Q_000038,MENU_001455,0,32,0.46551769971847534,0.2,0.0,0.0,4.60264015197754
Q_000038,MENU_001002,0,33,0.46481701731681824,0.0,0.4,0.2,4.65962409973145
Q_000038,MENU_002187,0,34,0.4644836485385895,0.0,0.0,0.0,4.65195322036743
Q_000038,MENU_001067,0,35,0.4638526439666748,0.0,0.2,0.0,4.25
Q_000038,MENU_001004,0,36,0.46154019236564636,0.0,0.4,0.0,4.65962409973145
Q_000038,MENU_001113,0,37,0.45833396911621094,0.0,0.2,0.0,4.25
Q_000038,MENU_001241,0,38,0.45797333121299744,0.0,0.0,0.0,4.65513896942139
Q_000038,MENU_000995,0,39,0.4542621374130249,0.0,0.0,0.0,4.14554786682129
Q_000038,MENU_002195,0,40,0.4529114365577698,0.0,0.2,0.0,4.65195322036743
Q_000038,MENU_001168,0,41,0.4514012932777405,0.0,0.0,0.0,4.82336378097534
Q_000038,MENU_002146,0,42,0.45020201802253723,0.0,0.0,0.0,4.64444398880005
Q_000038,MENU_002183,0,43,0.4489855170249939,0.2,0.2,0.2,4.65195322036743
Q_000038,MENU_001011,0,44,0.4465597867965698,0.0,0.2,0.0,4.65962409973145
Q_000038,MENU_001617,0,45,0.444646954536438,0.0,0.2,0.2,4.93333292007446
Q_000038,MENU_002184,0,46,0.444033145904541,0.0,0.2,0.0,4.65195322036743
Q_000038,MENU_001866,0,47,0.4415678381919861,0.0,0.0,0.2,4.6991171836853
Q_000038,MENU_001613,0,48,0.44113898277282715,0.0,0.0,0.0,4.3316330909729
Q_000038,MENU_001354,0,49,0.44077223539352417,0.0,0.0,0.0,4.75340223312378
Q_000038,MENU_001853,0,50,0.438094824552536,0.0,0.0,0.0,4.6991171836853
Q_000039,MENU_000517,0,1,0.566351056098938,0.5,0.0,0.5,4.62876319885254
Q_000039,MENU_000522,0,2,0.562381386756897,0.5,0.0,0.5,4.63044404983521
Q_000039,MENU_001767,1,3,0.5584295988082886,0.5,0.5,0.0,4.81443309783936
Q_000039,MENU_001765,1,4,0.5567777156829834,0.5,0.5,0.0,4.81443309783936
Q_000039,MENU_001789,1,5,0.5411751866340637,0.5,0.5,0.0,4.81443309783936
Q_000039,MENU_000636,0,6,0.5389278531074524,0.5,0.0,0.0,4.64431381225586
Q_000039,MENU_001204,0,7,0.5309495329856873,0.0,0.0,0.5,4.29862880706787
Q_000039,MENU_001773,1,8,0.5268000364303589,0.5,0.5,0.5,4.81443309783936
Q_000039,MENU_001764,1,9,0.5127471089363098,0.0,0.5,0.0,4.81443309783936
Q_000039,MENU_001762,1,10,0.5076913833618164,0.0,0.5,0.0,4.81443309783936
Q_000039,MENU_001766,1,11,0.4952620565891266,0.5,0.5,0.0,4.81443309783936
Q_000039,MENU_002425,0,12,0.48124244809150696,0.0,0.0,0.5,4.2142858505249
Q_000039,MENU_002379,0,13,0.48124244809150696,0.0,0.0,0.5,4.57420492172241
Q_000039,MENU_001196,0,14,0.4708569049835205,0.5,0.0,0.5,4.29862880706787
Q_000039,MENU_001207,0,15,0.47067734599113464,0.0,0.0,0.0,4.29862880706787
Q_000039,MENU_000776,0,16,0.46298256516456604,0.0,0.0,0.0,4.60988092422485
Q_000039,MENU_000225,0,17,0.4628528654575348,0.0,0.0,0.0,4.14949178695679
Q_000039,MENU_001971,0,18,0.46214425563812256,0.0,0.0,0.0,4.74074077606201
Q_000039,MENU_000777,0,19,0.4594692885875702,0.0,0.0,0.0,4.60988092422485
Q_000039,MENU_000234,0,20,0.4590523838996887,0.0,0.0,0.0,4.14949178695679
Q_000039,MENU_000344,0,21,0.4491310715675354,0.0,0.0,0.5,4.71902799606323
Q_000039,MENU_002618,0,22,0.44887101650238037,0.5,0.5,0.5,4.18518495559692
Q_000039,MENU_000778,0,23,0.4415279030799866,0.0,0.0,0.0,4.60988092422485
Q_000039,MENU_001208,0,24,0.43766480684280396,0.0,0.0,0.0,4.29862880706787
Q_000039,MENU_001205,0,25,0.43530964851379395,0.0,0.0,0.0,4.29862880706787
Q_000039,MENU_000538,0,26,0.4350719451904297,0.0,0.0,0.0,4.23846197128296
Q_000039,MENU_001200,0,27,0.43452247977256775,0.0,0.0,0.5,4.29862880706787
Q_000039,MENU_000226,0,28,0.43320098519325256,0.0,0.0,0.0,4.14949178695679
Q_000039,MENU_002175,0,29,0.4261381924152374,0.0,0.0,0.0,4.65195322036743
Q_000039,MENU_000243,0,30,0.424893856048584,0.0,0.0,0.0,4.14949178695679
Q_000039,MENU_000236,0,31,0.42100822925567627,0.0,0.0,0.0,4.14949178695679
Q_000039,MENU_001752,1,32,0.41963738203048706,0.5,0.5,0.0,4.81443309783936
Q_000039,MENU_000362,0,33,0.41512539982795715,0.0,0.0,0.0,4.71902799606323
Q_000039,MENU_002103,0,34,0.41481757164001465,0.0,0.0,0.0,4.07968902587891
Q_000039,MENU_000784,0,35,0.41463035345077515,0.0,0.0,0.0,4.70389223098755
Q_000039,MENU_000566,0,36,0.4098198711872101,0.0,0.0,0.0,3.98560500144959
Q_000039,MENU_000249,0,37,0.40916213393211365,0.0,0.0,0.0,4.14949178695679
Q_000039,MENU_001623,0,38,0.408982515335083,0.0,0.0,0.0,4.58868885040283
Q_000039,MENU_001763,0,39,0.4060238003730774,0.0,0.0,0.0,4.81443309783936
Q_000039,MENU_000670,0,40,0.4055826961994171,0.0,0.0,0.0,4.72276020050049
Q_000039,MENU_000531,0,41,0.40226900577545166,0.0,0.0,0.0,4.8056812286377
Q_000039,MENU_000343,0,42,0.40113651752471924,0.0,0.0,0.5,4.71902799606323
Q_000039,MENU_002420,0,43,0.4003565013408661,0.0,0.0,0.0,4.2142858505249
Q_000039,MENU_002374,0,44,0.4003565013408661,0.0,0.0,0.0,4.57420492172241
Q_000039,MENU_001131,0,45,0.39993786811828613,0.0,0.0,0.0,4.63961410522461
Q_000039,MENU_000191,0,46,0.3990708589553833,0.0,0.0,0.0,4.63380479812622
Q_000039,MENU_000505,0,47,0.3977490961551666,0.0,0.0,0.0,4.54321002960205
Q_000039,MENU_001790,0,48,0.3960806131362915,0.0,0.0,0.0,4.81443309783936
Q_000039,MENU_000527,0,49,0.3956618905067444,0.0,0.0,0.0,4.8056812286377
Q_000039,MENU_002059,0,50,0.3952670097351074,0.0,0.0,0.0,4.77914094924927
Q_000040,MENU_002526,1,1,0.5338249206542969,0.0,0.3333333333333333,0.3333333333333333,4.70963716506958
Q_000040,MENU_002522,1,2,0.530463695526123,0.0,0.3333333333333333,0.3333333333333333,4.70963716506958
Q_000040,MENU_002525,1,3,0.516520619392395,0.0,0.3333333333333333,0.3333333333333333,4.70963716506958
Q_000040,MENU_002523,1,4,0.4962175786495209,0.0,0.3333333333333333,0.3333333333333333,4.70963716506958
Q_000040,MENU_002524,1,5,0.49235019087791443,0.0,0.3333333333333333,0.3333333333333333,4.70963716506958
Q_000040,MENU_002521,1,6,0.490451455116272,0.0,0.3333333333333333,0.3333333333333333,4.70963716506958
Q_000040,MENU_000516,0,7,0.4860459864139557,0.0,0.3333333333333333,0.0,4.64538478851318
Q_000040,MENU_002529,0,8,0.4849206507205963,0.0,0.0,0.0,4.70963716506958
Q_000040,MENU_000874,0,9,0.47366440296173096,0.0,0.3333333333333333,0.0,4.46214008331299
Q_000040,MENU_000532,0,10,0.4667662978172302,0.0,0.3333333333333333,0.0,4.54899787902832
Q_000040,MENU_000950,0,11,0.4574633538722992,0.0,0.0,0.0,4.0
Q_000040,MENU_002531,0,12,0.42973387241363525,0.0,0.0,0.0,4.70963716506958
Q_000040,MENU_001465,0,13,0.42701026797294617,0.0,0.0,0.0,4.60264015197754
Q_000040,MENU_001459,0,14,0.4221719205379486,0.0,0.0,0.0,4.60264015197754
Q_000040,MENU_001351,0,15,0.3996771574020386,0.0,0.0,0.0,4.75340223312378
Q_000040,MENU_002759,0,16,0.3989826440811157,0.0,0.0,0.0,0.0
Q_000040,MENU_001097,0,17,0.3973197937011719,0.0,0.0,0.0,4.25
Q_000040,MENU_001454,0,18,0.3964616060256958,0.0,0.0,0.0,4.60264015197754
Q_000040,MENU_002530,0,19,0.3944503664970398,0.0,0.0,0.0,4.70963716506958
Q_000040,MENU_000575,0,20,0.3940846920013428,0.0,0.3333333333333333,0.0,4.48866987228394
Q_000040,MENU_001453,0,21,0.3929460644721985,0.0,0.0,0.0,4.60264015197754
Q_000040,MENU_000577,0,22,0.39282894134521484,0.0,0.3333333333333333,0.0,4.48866987228394
Q_000040,MENU_001481,0,23,0.38909292221069336,0.0,0.0,0.0,4.60264015197754
Q_000040,MENU_001460,0,24,0.38868892192840576,0.0,0.0,0.0,4.60264015197754
Q_000040,MENU_001468,0,25,0.3871523141860962,0.0,0.0,0.0,4.60264015197754
Q_000040,MENU_002807,0,26,0.386277973651886,0.0,0.0,0.0,0.0
Q_000040,MENU_001806,0,27,0.3832288086414337,0.0,0.0,0.0,4.6991171836853
Q_000040,MENU_001043,0,28,0.38161107897758484,0.0,0.0,0.0,4.25
Q_000040,MENU_002528,0,29,0.3793978691101074,0.0,0.0,0.0,4.70963716506958
Q_000040,MENU_001732,0,30,0.3771836757659912,0.0,0.3333333333333333,0.0,4.7578501701355
Q_000040,MENU_001375,0,31,0.37704429030418396,0.0,0.0,0.0,4.75340223312378
Q_000040,MENU_002509,0,32,0.37681806087493896,0.0,0.0,0.0,4.67408514022827
Q_000040,MENU_002736,0,33,0.37607723474502563,0.0,0.0,0.0,0.0
Q_000040,MENU_001874,0,34,0.3760545253753662,0.0,0.0,0.0,4.6991171836853
Q_000040,MENU_001261,0,35,0.3759797215461731,0.0,0.0,0.0,4.75340223312378
Q_000040,MENU_001044,0,36,0.3739181458950043,0.0,0.0,0.0,4.25
Q_000040,MENU_001470,0,37,0.37259534001350403,0.0,0.0,0.0,4.60264015197754
Q_000040,MENU_001352,0,38,0.3723856210708618,0.0,0.0,0.0,4.75340223312378
Q_000040,MENU_000876,0,39,0.37140902876853943,0.0,0.0,0.0,0.0
Q_000040,MENU_001875,0,40,0.3703150749206543,0.0,0.0,0.0,4.6991171836853
Q_000040,MENU_000228,0,41,0.36931994557380676,0.0,0.0,0.0,4.14949178695679
Q_000040,MENU_000576,0,42,0.3688676655292511,0.0,0.3333333333333333,0.0,4.48866987228394
Q_000040,MENU_002696,0,43,0.3687228560447693,0.0,0.0,0.0,4.78461503982544
Q_000040,MENU_002353,0,44,0.36838197708129883,0.0,0.0,0.0,4.57420492172241
Q_000040,MENU_002396,0,45,0.36838197708129883,0.0,0.0,0.0,4.2142858505249
Q_000040,MENU_001062,0,46,0.36754339933395386,0.0,0.0,0.0,4.25
Q_000040,MENU_001328,0,47,0.3659125566482544,0.0,0.0,0.0,4.75340223312378
Q_000040,MENU_000686,0,48,0.36422401666641235,0.0,0.0,0.0,4.72276020050049
Q_000040,MENU_002688,0,49,0.3641139268875122,0.0,0.0,0.3333333333333333,4.78461503982544
Q_000040,MENU_000563,0,50,0.36317178606987,0.0,0.0,0.0,3.98560500144959
Q_000041,MENU_002379,0,1,0.5620267391204834,0.0,0.5,0.5,4.57420492172241
Q_000041,MENU_002425,0,2,0.5620267391204834,0.0,0.5,0.5,4.2142858505249
Q_000041,MENU_001759,0,3,0.5307422876358032,0.5,0.0,0.5,4.81443309783936
Q_000041,MENU_001971,0,4,0.5168596506118774,0.5,0.0,0.0,4.74074077606201
Q_000041,MENU_001037,0,5,0.5028343200683594,0.5,0.5,0.0,4.25
Q_000041,MENU_002408,0,6,0.4836483299732208,0.0,0.5,0.0,4.2142858505249
Q_000041,MENU_002364,0,7,0.4836483299732208,0.0,0.5,0.0,4.57420492172241
Q_000041,MENU_002399,0,8,0.4773869514465332,0.0,0.5,0.0,4.2142858505249
Q_000041,MENU_002356,0,9,0.4773869514465332,0.0,0.5,0.0,4.57420492172241
Q_000041,MENU_002103,0,10,0.47693976759910583,0.5,0.5,0.5,4.07968902587891
Q_000041,MENU_000784,0,11,0.47198885679244995,0.5,0.0,0.0,4.70389223098755
Q_000041,MENU_001277,1,12,0.4719647169113159,0.5,0.5,0.0,4.75340223312378
Q_000041,MENU_001028,0,13,0.4707375466823578,0.0,0.5,0.0,4.25
Q_000041,MENU_001109,0,14,0.46764102578163147,0.5,0.5,0.0,4.25
Q_000041,MENU_000362,0,15,0.46757444739341736,0.0,0.5,0.5,4.71902799606323
Q_000041,MENU_000228,0,16,0.4518216848373413,0.0,0.0,0.0,4.14949178695679
Q_000041,MENU_001095,0,17,0.4515203535556793,0.0,0.5,0.0,4.25
Q_000041,MENU_001038,0,18,0.45109567046165466,0.5,0.5,0.0,4.25
Q_000041,MENU_000347,0,19,0.45034176111221313,0.0,0.5,0.5,4.71902799606323
Q_000041,MENU_001205,0,20,0.4484449326992035,0.5,0.0,0.0,4.29862880706787
Q_000041,MENU_001107,0,21,0.4482712745666504,0.0,0.5,0.0,4.25
Q_000041,MENU_001121,0,22,0.4474584460258484,0.0,0.5,0.0,4.25
Q_000041,MENU_001125,0,23,0.4452868700027466,0.0,0.5,0.0,4.25
Q_000041,MENU_002107,0,24,0.4436464309692383,0.5,0.5,0.5,4.07968902587891
Q_000041,MENU_001100,0,25,0.44169026613235474,0.0,0.0,0.0,4.25
Q_000041,MENU_000517,0,26,0.44124114513397217,0.0,0.0,0.0,4.62876319885254
Q_000041,MENU_001033,0,27,0.439675509929657,0.0,0.5,0.0,4.25
Q_000041,MENU_000346,0,28,0.43799227476119995,0.0,0.5,0.5,4.71902799606323
Q_000041,MENU_002792,0,29,0.4357394576072693,0.5,0.5,0.0,0.0
Q_000041,MENU_002109,0,30,0.4323626160621643,0.5,0.5,0.5,4.07968902587891
Q_000041,MENU_000234,0,31,0.43179622292518616,0.0,0.5,0.0,4.14949178695679
Q_000041,MENU_002752,0,32,0.4311433732509613,0.5,0.5,0.0,0.0
Q_000041,MENU_000225,0,33,0.42922019958496094,0.0,0.5,0.0,4.14949178695679
Q_000041,MENU_000370,0,34,0.42897623777389526,0.0,0.5,0.0,4.71902799606323
Q_000041,MENU_001077,0,35,0.4274008274078369,0.0,0.5,0.0,4.25
Q_000041,MENU_000522,0,36,0.42538970708847046,0.0,0.0,0.0,4.63044404983521
Q_000041,MENU_001123,0,37,0.42493072152137756,0.0,0.5,0.0,4.25
Q_000041,MENU_002108,0,38,0.4243518114089966,0.5,0.0,0.5,4.07968902587891
Q_000041,MENU_001739,0,39,0.42430204153060913,0.5,0.0,0.0,4.81443309783936
Q_000041,MENU_001075,0,40,0.42281675338745117,0.0,0.5,0.0,4.25
Q_000041,MENU_000369,0,41,0.4217429459095001,0.0,0.5,0.0,4.71902799606323
Q_000041,MENU_002112,0,42,0.42057159543037415,0.5,0.5,0.5,4.07968902587891
Q_000041,MENU_000124,0,43,0.417290598154068,0.0,0.0,0.0,4.63380479812622
Q_000041,MENU_002110,0,44,0.4143078923225403,0.5,0.0,0.5,4.07968902587891
Q_000041,MENU_000236,0,45,0.41359177231788635,0.0,0.5,0.0,4.14949178695679
Q_000041,MENU_000523,0,46,0.41290202736854553,0.5,0.5,0.0,4.63044404983521
Q_000041,MENU_001773,0,47,0.4120602011680603,0.0,0.0,0.0,4.81443309783936
Q_000041,MENU_001084,0,48,0.41170698404312134,0.0,0.5,0.0,4.25
Q_000041,MENU_002730,0,49,0.40916427969932556,0.5,0.5,0.0,0.0
Q_000041,MENU_001099,0,50,0.40673550963401794,0.0,0.5,0.0,4.25
Q_000042,MENU_002419,0,1,0.6571393609046936,0.25,0.0,0.25,4.2142858505249
Q_000042,MENU_002373,0,2,0.6571393609046936,0.25,0.0,0.25,4.57420492172241
Q_000042,MENU_001440,1,3,0.6383006572723389,0.5,0.75,0.0,4.60264015197754
Q_000042,MENU_001442,1,4,0.626911997795105,0.5,0.75,0.0,4.60264015197754
Q_000042,MENU_001438,1,5,0.6199363470077515,0.5,0.75,0.0,4.60264015197754
Q_000042,MENU_001439,1,6,0.6187219619750977,0.5,0.75,0.0,4.60264015197754
Q_000042,MENU_001441,1,7,0.6095879077911377,0.5,0.75,0.0,4.60264015197754
Q_000042,MENU_001472,1,8,0.5999432802200317,0.25,0.75,0.0,4.60264015197754
Q_000042,MENU_001461,1,9,0.5975343585014343,0.5,0.75,0.0,4.60264015197754
Q_000042,MENU_002216,0,10,0.577983558177948,0.25,0.25,0.25,4.65195322036743
Q_000042,MENU_002688,0,11,0.571060299873352,0.25,0.0,0.0,4.78461503982544
Q_000042,MENU_001259,0,12,0.5640305280685425,0.0,0.0,0.25,4.75340223312378
Q_000042,MENU_001453,0,13,0.5596342086791992,0.5,0.25,0.0,4.60264015197754
Q_000042,MENU_001062,0,14,0.5558216571807861,0.0,0.25,0.25,4.25
Q_000042,MENU_001579,0,15,0.5496646761894226,0.25,0.0,0.0,4.88386678695679
Q_000042,MENU_001580,0,16,0.545922040939331,0.25,0.0,0.25,4.88386678695679
Q_000042,MENU_001667,0,17,0.5441831350326538,0.0,0.0,0.0,3.84737396240234
Q_000042,MENU_002789,0,18,0.5398719906806946,0.0,0.0,0.25,0.0
Q_000042,MENU_001685,0,19,0.5327918529510498,0.0,0.0,0.0,3.84737396240234
Q_000042,MENU_001680,0,20,0.5292832255363464,0.0,0.0,0.0,3.84737396240234
Q_000042,MENU_001722,0,21,0.5261904001235962,0.0,0.0,0.0,3.84737396240234
Q_000042,MENU_002777,0,22,0.525918185710907,0.0,0.0,0.25,0.0
Q_000042,MENU_001355,0,23,0.525537371635437,0.25,0.0,0.0,4.75340223312378
Q_000042,MENU_002778,0,24,0.524551272392273,0.0,0.0,0.25,0.0
Q_000042,MENU_001721,0,25,0.5230336785316467,0.0,0.0,0.0,3.84737396240234
Q_000042,MENU_001418,0,26,0.5228351354598999,0.0,0.0,0.25,4.46881008148193
Q_000042,MENU_001102,0,27,0.5227452516555786,0.0,0.25,0.25,4.25
Q_000042,MENU_001094,0,28,0.5217508673667908,0.0,0.25,0.25,4.25
Q_000042,MENU_001457,0,29,0.5201730132102966,0.5,0.25,0.0,4.60264015197754
Q_000042,MENU_001079,0,30,0.5200697183609009,0.25,0.25,0.25,4.25
Q_000042,MENU_000670,0,31,0.5187950730323792,0.0,0.0,0.0,4.72276020050049
Q_000042,MENU_001482,0,32,0.5176808834075928,0.25,0.5,0.0,4.60264015197754
Q_000042,MENU_001720,0,33,0.5174251794815063,0.0,0.0,0.0,3.84737396240234
Q_000042,MENU_001683,0,34,0.5163471102714539,0.0,0.0,0.0,3.84737396240234
Q_000042,MENU_001328,0,35,0.5157417058944702,0.25,0.0,0.0,4.75340223312378
Q_000042,MENU_001446,0,36,0.5149743556976318,0.25,0.5,0.0,4.60264015197754
Q_000042,MENU_001471,0,37,0.5149240493774414,0.25,0.5,0.0,4.60264015197754
Q_000042,MENU_001444,0,38,0.5127612352371216,0.25,0.5,0.0,4.60264015197754
Q_000042,MENU_002139,0,39,0.5121233463287354,0.0,0.0,0.0,4.64444398880005
Q_000042,MENU_000153,0,40,0.5120736360549927,0.0,0.0,0.0,4.63380479812622
Q_000042,MENU_001260,0,41,0.511688768863678,0.0,0.0,0.25,4.75340223312378
Q_000042,MENU_001719,0,42,0.5097720623016357,0.0,0.0,0.0,3.84737396240234
Q_000042,MENU_000041,0,43,0.5093402862548828,0.0,0.25,0.0,4.03416109085083
Q_000042,MENU_001409,0,44,0.5092422962188721,0.25,0.0,0.0,4.46881008148193
Q_000042,MENU_001327,0,45,0.5081785917282104,0.25,0.0,0.0,4.75340223312378
Q_000042,MENU_002752,0,46,0.5073801279067993,0.0,0.0,0.0,0.0
Q_000042,MENU_002816,0,47,0.5069081783294678,0.0,0.0,0.0,0.0
Q_000042,MENU_002151,0,48,0.5059078931808472,0.0,0.0,0.0,4.64444398880005
Q_000042,MENU_001371,0,49,0.5042597055435181,0.0,0.0,0.0,4.75340223312378
Q_000042,MENU_001687,0,50,0.5039313435554504,0.0,0.0,0.0,3.84737396240234
Q_000043,MENU_002379,0,1,0.5687252879142761,0.0,0.3333333333333333,0.6666666666666666,4.57420492172241
Q_000043,MENU_002425,0,2,0.5687252879142761,0.0,0.3333333333333333,0.6666666666666666,4.2142858505249
Q_000043,MENU_001037,0,3,0.557500958442688,0.3333333333333333,0.3333333333333333,0.0,4.25
Q_000043,MENU_000784,0,4,0.5506249666213989,0.3333333333333333,0.0,0.0,4.70389223098755
Q_000043,MENU_001109,0,5,0.5499302744865417,0.3333333333333333,0.3333333333333333,0.0,4.25
Q_000043,MENU_001277,0,6,0.5493113994598389,0.3333333333333333,0.3333333333333333,0.0,4.75340223312378
Q_000043,MENU_001100,0,7,0.5458507537841797,0.0,0.0,0.0,4.25
Q_000043,MENU_001971,0,8,0.5457793474197388,0.3333333333333333,0.0,0.0,4.74074077606201
Q_000043,MENU_001121,0,9,0.541533887386322,0.0,0.3333333333333333,0.0,4.25
Q_000043,MENU_000228,0,10,0.5369460582733154,0.0,0.3333333333333333,0.0,4.14949178695679
Q_000043,MENU_000236,1,11,0.5339853167533875,0.0,0.6666666666666666,0.0,4.14949178695679
Q_000043,MENU_000370,0,12,0.5306997299194336,0.0,0.3333333333333333,0.0,4.71902799606323
Q_000043,MENU_001046,0,13,0.527397096157074,0.0,0.0,0.0,4.25
Q_000043,MENU_000362,0,14,0.5265284776687622,0.0,0.3333333333333333,0.3333333333333333,4.71902799606323
Q_000043,MENU_001038,0,15,0.525845468044281,0.3333333333333333,0.3333333333333333,0.0,4.25
Q_000043,MENU_001125,0,16,0.5221796035766602,0.0,0.3333333333333333,0.0,4.25
Q_000043,MENU_001059,0,17,0.5205668807029724,0.0,0.0,0.0,4.25
Q_000043,MENU_000369,0,18,0.5174649953842163,0.0,0.3333333333333333,0.0,4.71902799606323
Q_000043,MENU_001028,0,19,0.5165913701057434,0.0,0.3333333333333333,0.0,4.25
Q_000043,MENU_001084,0,20,0.515657901763916,0.0,0.3333333333333333,0.0,4.25
Q_000043,MENU_001099,0,21,0.5137645602226257,0.0,0.3333333333333333,0.0,4.25
Q_000043,MENU_000593,0,22,0.5115811824798584,0.3333333333333333,0.3333333333333333,0.0,4.64431381225586
Q_000043,MENU_001095,0,23,0.5089547634124756,0.0,0.3333333333333333,0.0,4.25
Q_000043,MENU_001033,0,24,0.507107675075531,0.0,0.3333333333333333,0.0,4.25
Q_000043,MENU_001107,0,25,0.5058448314666748,0.0,0.3333333333333333,0.0,4.25
Q_000043,MENU_001102,0,26,0.5056447982788086,0.0,0.0,0.0,4.25
Q_000043,MENU_001056,0,27,0.5052975416183472,0.0,0.0,0.0,4.25
Q_000043,MENU_000636,0,28,0.5040830373764038,0.0,0.3333333333333333,0.0,4.64431381225586
Q_000043,MENU_001048,0,29,0.5035948753356934,0.0,0.0,0.0,4.25
Q_000043,MENU_000346,0,30,0.5031250715255737,0.0,0.3333333333333333,0.3333333333333333,4.71902799606323
Q_000043,MENU_001062,0,31,0.5016688704490662,0.0,0.0,0.0,4.25
Q_000043,MENU_001973,0,32,0.5014114379882812,0.0,0.0,0.0,4.74074077606201
Q_000043,MENU_000221,1,33,0.4999080300331116,0.0,0.6666666666666666,0.0,4.14949178695679
Q_000043,MENU_002792,0,34,0.4989506006240845,0.3333333333333333,0.3333333333333333,0.0,0.0
Q_000043,MENU_000041,0,35,0.49891963601112366,0.0,0.3333333333333333,0.0,4.03416109085083
Q_000043,MENU_000681,0,36,0.49790146946907043,0.0,0.0,0.3333333333333333,4.72276020050049
Q_000043,MENU_000670,0,37,0.4953245520591736,0.0,0.0,0.3333333333333333,4.72276020050049
Q_000043,MENU_000133,0,38,0.4947063624858856,0.0,0.0,0.0,4.63380479812622
Q_000043,MENU_002752,0,39,0.49384400248527527,0.3333333333333333,0.6666666666666666,0.0,0.0
Q_000043,MENU_001279,0,40,0.49287575483322144,0.3333333333333333,0.3333333333333333,0.0,4.75340223312378
Q_000043,MENU_001975,0,41,0.4928443133831024,0.0,0.0,0.0,4.74074077606201
Q_000043,MENU_000223,1,42,0.49232637882232666,0.0,0.6666666666666666,0.0,4.14949178695679
Q_000043,MENU_002103,0,43,0.4920341968536377,0.3333333333333333,0.3333333333333333,0.3333333333333333,4.07968902587891
Q_000043,MENU_001053,0,44,0.4920019507408142,0.0,0.0,0.0,4.25
Q_000043,MENU_000225,1,45,0.4919624924659729,0.0,0.6666666666666666,0.0,4.14949178695679
Q_000043,MENU_001294,0,46,0.49177291989326477,0.0,0.0,0.0,4.75340223312378
Q_000043,MENU_000234,1,47,0.491719126701355,0.0,0.6666666666666666,0.0,4.14949178695679
Q_000043,MENU_001083,0,48,0.4916999638080597,0.0,0.3333333333333333,0.0,4.25
Q_000043,MENU_001773,0,49,0.491685152053833,0.0,0.0,0.0,4.81443309783936
Q_000043,MENU_001123,0,50,0.4908481240272522,0.0,0.3333333333333333,0.0,4.25
Q_000044,MENU_001465,1,1,0.6420013904571533,0.16666666666666666,0.6666666666666666,0.0,4.60264015197754
Q_000044,MENU_001459,1,2,0.6275027990341187,0.16666666666666666,0.6666666666666666,0.0,4.60264015197754
Q_000044,MENU_001481,1,3,0.6208043098449707,0.16666666666666666,0.6666666666666666,0.0,4.60264015197754
Q_000044,MENU_001468,1,4,0.6190265417098999,0.3333333333333333,0.6666666666666666,0.0,4.60264015197754
Q_000044,MENU_001453,1,5,0.6112354397773743,0.16666666666666666,0.6666666666666666,0.0,4.60264015197754
Q_000044,MENU_001454,1,6,0.6105211973190308,0.16666666666666666,0.6666666666666666,0.0,4.60264015197754
Q_000044,MENU_001460,1,7,0.6076643466949463,0.16666666666666666,0.6666666666666666,0.0,4.60264015197754
Q_000044,MENU_001470,1,8,0.595093846321106,0.16666666666666666,0.6666666666666666,0.0,4.60264015197754
Q_000044,MENU_001351,0,9,0.5517334938049316,0.0,0.0,0.0,4.75340223312378
Q_000044,MENU_001062,0,10,0.5485032200813293,0.0,0.16666666666666666,0.0,4.25
Q_000044,MENU_001455,1,11,0.548270583152771,0.16666666666666666,0.6666666666666666,0.0,4.60264015197754
Q_000044,MENU_001683,0,12,0.5409598350524902,0.16666666666666666,0.0,0.0,3.84737396240234
Q_000044,MENU_002529,0,13,0.538040280342102,0.16666666666666666,0.0,0.0,4.70963716506958
Q_000044,MENU_001722,0,14,0.5214663743972778,0.16666666666666666,0.0,0.0,3.84737396240234
Q_000044,MENU_001328,0,15,0.5204882621765137,0.0,0.0,0.0,4.75340223312378
Q_000044,MENU_001044,0,16,0.5117469429969788,0.0,0.16666666666666666,0.0,4.25
Q_000044,MENU_001043,0,17,0.5116050839424133,0.0,0.16666666666666666,0.0,4.25
Q_000044,MENU_001681,0,18,0.5100367069244385,0.0,0.0,0.0,3.84737396240234
Q_000044,MENU_001456,1,19,0.50739985704422,0.16666666666666666,0.6666666666666666,0.0,4.60264015197754
Q_000044,MENU_001117,0,20,0.5045645236968994,0.0,0.16666666666666666,0.0,4.25
Q_000044,MENU_000516,0,21,0.5039659738540649,0.0,0.0,0.0,4.64538478851318
Q_000044,MENU_001094,0,22,0.5000337958335876,0.0,0.16666666666666666,0.0,4.25
Q_000044,MENU_001484,0,23,0.4990552067756653,0.0,0.16666666666666666,0.0,4.60264015197754
Q_000044,MENU_001082,0,24,0.49892646074295044,0.0,0.16666666666666666,0.0,4.25
Q_000044,MENU_001344,0,25,0.49715709686279297,0.0,0.0,0.0,4.75340223312378
Q_000044,MENU_000228,0,26,0.4958727955818176,0.0,0.0,0.0,4.14949178695679
Q_000044,MENU_001097,0,27,0.49530673027038574,0.0,0.16666666666666666,0.0,4.25
Q_000044,MENU_002524,0,28,0.4939689636230469,0.16666666666666666,0.0,0.0,4.70963716506958
Q_000044,MENU_002525,0,29,0.49314212799072266,0.16666666666666666,0.0,0.0,4.70963716506958
Q_000044,MENU_001031,0,30,0.49258407950401306,0.0,0.16666666666666666,0.0,4.25
Q_000044,MENU_001036,0,31,0.49248549342155457,0.0,0.16666666666666666,0.0,4.25
Q_000044,MENU_002526,0,32,0.4924013614654541,0.16666666666666666,0.0,0.0,4.70963716506958
Q_000044,MENU_001259,0,33,0.4921065866947174,0.0,0.0,0.0,4.75340223312378
Q_000044,MENU_001352,0,34,0.49178311228752136,0.0,0.0,0.0,4.75340223312378
Q_000044,MENU_001084,0,35,0.49130702018737793,0.0,0.0,0.0,4.25
Q_000044,MENU_001719,0,36,0.49104833602905273,0.16666666666666666,0.0,0.0,3.84737396240234
Q_000044,MENU_001680,0,37,0.48993784189224243,0.0,0.0,0.0,3.84737396240234
Q_000044,MENU_000950,0,38,0.4896644949913025,0.16666666666666666,0.0,0.0,4.0
Q_000044,MENU_001262,0,39,0.48923709988594055,0.0,0.0,0.0,4.75340223312378
Q_000044,MENU_002699,0,40,0.48822304606437683,0.0,0.0,0.0,4.78461503982544
Q_000044,MENU_000874,0,41,0.4881318211555481,0.0,0.0,0.0,4.46214008331299
Q_000044,MENU_002522,0,42,0.48618099093437195,0.16666666666666666,0.0,0.0,4.70963716506958
Q_000044,MENU_001046,0,43,0.48562294244766235,0.0,0.16666666666666666,0.0,4.25
Q_000044,MENU_001263,0,44,0.48525577783584595,0.0,0.0,0.0,4.75340223312378
Q_000044,MENU_001327,0,45,0.48395660519599915,0.0,0.0,0.0,4.75340223312378
Q_000044,MENU_001486,0,46,0.4830349087715149,0.0,0.16666666666666666,0.0,4.60264015197754
Q_000044,MENU_001353,0,47,0.4813932180404663,0.0,0.0,0.0,4.75340223312378
Q_000044,MENU_001457,0,48,0.4811266362667084,0.16666666666666666,0.16666666666666666,0.0,4.60264015197754
Q_000044,MENU_001073,0,49,0.48078620433807373,0.0,0.16666666666666666,0.0,4.25
Q_000044,MENU_001383,0,50,0.4804627299308777,0.0,0.0,0.0,4.75340223312378
Q_000045,MENU_000269,1,1,0.5142483711242676,0.25,0.5,0.0,4.65069389343262
Q_000045,MENU_000266,1,2,0.5040704011917114,0.25,0.5,0.0,4.65069389343262
Q_000045,MENU_001352,0,3,0.499345064163208,0.0,0.0,0.0,4.75340223312378
Q_000045,MENU_001681,0,4,0.4971708655357361,0.0,0.0,0.0,3.84737396240234
Q_000045,MENU_001722,0,5,0.4858202636241913,0.0,0.25,0.0,3.84737396240234
Q_000045,MENU_002447,0,6,0.48442935943603516,0.25,0.25,0.25,4.77699613571167
Q_000045,MENU_002501,0,7,0.48287370800971985,0.0,0.0,0.0,4.28089904785156
Q_000045,MENU_001048,0,8,0.48035600781440735,0.0,0.0,0.0,4.25
Q_000045,MENU_001721,0,9,0.48033642768859863,0.0,0.25,0.0,3.84737396240234
Q_000045,MENU_001053,0,10,0.4798125624656677,0.0,0.0,0.0,4.25
Q_000045,MENU_001756,0,11,0.4787624180316925,0.0,0.0,0.0,4.81443309783936
Q_000045,MENU_001055,0,12,0.4782838225364685,0.0,0.0,0.0,4.25
Q_000045,MENU_001117,0,13,0.4772292971611023,0.0,0.0,0.0,4.25
Q_000045,MENU_001372,0,14,0.4769774377346039,0.0,0.0,0.0,4.75340223312378
Q_000045,MENU_001351,0,15,0.47478288412094116,0.0,0.0,0.0,4.75340223312378
Q_000045,MENU_001062,0,16,0.47458794713020325,0.0,0.0,0.0,4.25
Q_000045,MENU_001831,0,17,0.47433608770370483,0.0,0.0,0.0,4.6991171836853
Q_000045,MENU_001380,0,18,0.47221678495407104,0.0,0.0,0.0,4.75340223312378
Q_000045,MENU_001663,0,19,0.472042977809906,0.0,0.0,0.0,3.84737396240234
Q_000045,MENU_001121,0,20,0.471966028213501,0.0,0.0,0.0,4.25
Q_000045,MENU_001680,0,21,0.4716250002384186,0.0,0.25,0.0,3.84737396240234
Q_000045,MENU_000228,0,22,0.47135135531425476,0.0,0.25,0.0,4.14949178695679
Q_000045,MENU_001683,0,23,0.47073987126350403,0.0,0.25,0.0,3.84737396240234
Q_000045,MENU_000681,0,24,0.4702368974685669,0.0,0.0,0.0,4.72276020050049
Q_000045,MENU_001371,0,25,0.4694288671016693,0.0,0.0,0.0,4.75340223312378
Q_000045,MENU_001454,0,26,0.4693008065223694,0.0,0.0,0.0,4.60264015197754
Q_000045,MENU_001363,0,27,0.4673450291156769,0.0,0.0,0.25,4.75340223312378
Q_000045,MENU_000197,0,28,0.46465277671813965,0.0,0.0,0.0,4.63380479812622
Q_000045,MENU_000709,0,29,0.46427398920059204,0.0,0.0,0.0,4.58141183853149
Q_000045,MENU_001420,0,30,0.46350523829460144,0.0,0.0,0.0,4.46881008148193
Q_000045,MENU_001282,0,31,0.46314433217048645,0.0,0.0,0.0,4.75340223312378
Q_000045,MENU_001832,0,32,0.4621780216693878,0.0,0.0,0.0,4.6991171836853
Q_000045,MENU_001459,0,33,0.46121323108673096,0.0,0.0,0.0,4.60264015197754
Q_000045,MENU_001453,0,34,0.4608614444732666,0.0,0.0,0.0,4.60264015197754
Q_000045,MENU_001465,0,35,0.4606047570705414,0.0,0.0,0.0,4.60264015197754
Q_000045,MENU_000268,1,36,0.45955216884613037,0.25,0.5,0.0,4.65069389343262
Q_000045,MENU_002758,0,37,0.45801842212677,0.0,0.25,0.0,0.0
Q_000045,MENU_001975,0,38,0.4574854373931885,0.0,0.0,0.0,4.74074077606201
Q_000045,MENU_001354,0,39,0.4573606848716736,0.0,0.0,0.0,4.75340223312378
Q_000045,MENU_001027,0,40,0.45731306076049805,0.0,0.0,0.0,4.25
Q_000045,MENU_000710,0,41,0.45662856101989746,0.0,0.0,0.0,4.58141183853149
Q_000045,MENU_001447,0,42,0.45602378249168396,0.0,0.0,0.0,4.60264015197754
Q_000045,MENU_001344,0,43,0.4557752013206482,0.0,0.0,0.0,4.75340223312378
Q_000045,MENU_000221,0,44,0.45557835698127747,0.0,0.25,0.0,4.14949178695679
Q_000045,MENU_001699,0,45,0.45530515909194946,0.0,0.25,0.0,3.84737396240234
Q_000045,MENU_001458,0,46,0.4546899199485779,0.0,0.0,0.0,4.60264015197754
Q_000045,MENU_002450,0,47,0.45441704988479614,0.25,0.25,0.0,4.77699613571167
Q_000045,MENU_002448,0,48,0.4543243944644928,0.25,0.25,0.25,4.77699613571167
Q_000045,MENU_001669,0,49,0.45403045415878296,0.0,0.0,0.0,3.84737396240234
Q_000045,MENU_000695,0,50,0.4535486102104187,0.0,0.0,0.0,4.72276020050049
Q_000046,MENU_002526,1,1,0.5304547548294067,0.0,0.3333333333333333,0.3333333333333333,4.70963716506958
Q_000046,MENU_002522,1,2,0.527620792388916,0.0,0.3333333333333333,0.3333333333333333,4.70963716506958
Q_000046,MENU_002525,1,3,0.5194389820098877,0.0,0.3333333333333333,0.3333333333333333,4.70963716506958
Q_000046,MENU_002529,0,4,0.5107029676437378,0.0,0.0,0.0,4.70963716506958
Q_000046,MENU_002524,1,5,0.4975062608718872,0.0,0.3333333333333333,0.3333333333333333,4.70963716506958
Q_000046,MENU_002523,1,6,0.4893774390220642,0.0,0.3333333333333333,0.3333333333333333,4.70963716506958
Q_000046,MENU_002521,1,7,0.48577868938446045,0.0,0.3333333333333333,0.3333333333333333,4.70963716506958
Q_000046,MENU_000516,0,8,0.46038728952407837,0.0,0.3333333333333333,0.0,4.64538478851318
Q_000046,MENU_002531,0,9,0.4471237063407898,0.0,0.0,0.0,4.70963716506958
Q_000046,MENU_002062,0,10,0.44535142183303833,0.0,0.0,0.0,4.77914094924927
Q_000046,MENU_000874,0,11,0.43083655834198,0.0,0.3333333333333333,0.0,4.46214008331299
Q_000046,MENU_000532,0,12,0.4248671531677246,0.0,0.3333333333333333,0.0,4.54899787902832
Q_000046,MENU_002530,0,13,0.41614919900894165,0.0,0.0,0.0,4.70963716506958
Q_000046,MENU_001465,0,14,0.4143730103969574,0.0,0.0,0.0,4.60264015197754
Q_000046,MENU_001459,0,15,0.4142093062400818,0.0,0.0,0.0,4.60264015197754
Q_000046,MENU_000950,0,16,0.41132235527038574,0.0,0.0,0.0,4.0
Q_000046,MENU_002544,0,17,0.40256255865097046,0.0,0.0,0.0,4.0580267906189
Q_000046,MENU_001460,0,18,0.4022952914237976,0.0,0.0,0.0,4.60264015197754
Q_000046,MENU_001481,0,19,0.4009437561035156,0.0,0.0,0.0,4.60264015197754
Q_000046,MENU_000563,0,20,0.39834049344062805,0.0,0.0,0.0,3.98560500144959
Q_000046,MENU_000680,0,21,0.3979964852333069,0.0,0.0,0.0,4.72276020050049
Q_000046,MENU_001062,0,22,0.3932451009750366,0.0,0.0,0.0,4.25
Q_000046,MENU_002736,0,23,0.3917158246040344,0.0,0.0,0.0,0.0
Q_000046,MENU_002528,0,24,0.3905305862426758,0.0,0.0,0.0,4.70963716506958
Q_000046,MENU_001453,0,25,0.38942307233810425,0.0,0.0,0.0,4.60264015197754
Q_000046,MENU_000556,0,26,0.3845979571342468,0.0,0.0,0.0,4.23846197128296
Q_000046,MENU_000478,0,27,0.38400089740753174,0.0,0.0,0.0,4.68128681182861
Q_000046,MENU_001454,0,28,0.3812769651412964,0.0,0.0,0.0,4.60264015197754
Q_000046,MENU_001359,0,29,0.38020211458206177,0.0,0.0,0.0,4.75340223312378
Q_000046,MENU_001468,0,30,0.3793788552284241,0.0,0.0,0.0,4.60264015197754
Q_000046,MENU_001900,0,31,0.37873128056526184,0.0,0.0,0.0,4.58653783798218
Q_000046,MENU_000210,0,32,0.378032922744751,0.0,0.0,0.0,4.7832818031311
Q_000046,MENU_000876,0,33,0.37803128361701965,0.0,0.0,0.0,0.0
Q_000046,MENU_002732,0,34,0.3769787847995758,0.0,0.0,0.0,0.0
Q_000046,MENU_002702,0,35,0.37695440649986267,0.0,0.0,0.0,4.78461503982544
Q_000046,MENU_002708,0,36,0.37669602036476135,0.0,0.0,0.0,4.66852378845215
Q_000046,MENU_001666,0,37,0.3758545219898224,0.0,0.0,0.0,3.84737396240234
Q_000046,MENU_001328,0,38,0.37497466802597046,0.0,0.0,0.0,4.75340223312378
Q_000046,MENU_001470,0,39,0.3738898038864136,0.0,0.0,0.0,4.60264015197754
Q_000046,MENU_001082,0,40,0.3731543719768524,0.0,0.0,0.0,4.25
Q_000046,MENU_002474,0,41,0.3727070391178131,0.0,0.0,0.0,4.68452405929565
Q_000046,MENU_000688,0,42,0.3716387450695038,0.0,0.0,0.0,4.72276020050049
Q_000046,MENU_000559,0,43,0.370281457901001,0.0,0.0,0.0,4.23846197128296
Q_000046,MENU_000228,0,44,0.3684019446372986,0.0,0.0,0.0,4.14949178695679
Q_000046,MENU_000009,0,45,0.36838096380233765,0.0,0.0,0.0,4.0
Q_000046,MENU_001107,0,46,0.3673255443572998,0.0,0.0,0.0,4.25
Q_000046,MENU_001259,0,47,0.3668341338634491,0.0,0.0,0.0,4.75340223312378
Q_000046,MENU_001683,0,48,0.3664429783821106,0.0,0.0,0.0,3.84737396240234
Q_000046,MENU_001596,0,49,0.3650209903717041,0.0,0.0,0.0,4.87649393081665
Q_000046,MENU_001327,0,50,0.36444491147994995,0.0,0.0,0.0,4.75340223312378
Q_000047,MENU_001765,1,1,0.5417605042457581,0.3333333333333333,0.3333333333333333,0.0,4.81443309783936
Q_000047,MENU_001767,1,2,0.5292707681655884,0.3333333333333333,0.3333333333333333,0.0,4.81443309783936
Q_000047,MENU_001762,1,3,0.5163503885269165,0.0,0.3333333333333333,0.0,4.81443309783936
Q_000047,MENU_000522,0,4,0.5153892040252686,0.3333333333333333,0.0,0.3333333333333333,4.63044404983521
Q_000047,MENU_001764,1,5,0.49730929732322693,0.0,0.3333333333333333,0.0,4.81443309783936
Q_000047,MENU_001789,1,6,0.48879194259643555,0.3333333333333333,0.3333333333333333,0.0,4.81443309783936
Q_000047,MENU_001773,1,7,0.48388245701789856,0.3333333333333333,0.3333333333333333,0.3333333333333333,4.81443309783936
Q_000047,MENU_000636,0,8,0.48202526569366455,0.3333333333333333,0.0,0.0,4.64431381225586
Q_000047,MENU_001766,1,9,0.4818793833255768,0.3333333333333333,0.3333333333333333,0.0,4.81443309783936
Q_000047,MENU_000517,0,10,0.46261829137802124,0.3333333333333333,0.0,0.3333333333333333,4.62876319885254
Q_000047,MENU_001204,0,11,0.46067410707473755,0.0,0.0,0.3333333333333333,4.29862880706787
Q_000047,MENU_001752,1,12,0.44159913063049316,0.3333333333333333,0.3333333333333333,0.0,4.81443309783936
Q_000047,MENU_000777,0,13,0.4406967759132385,0.0,0.0,0.0,4.60988092422485
Q_000047,MENU_000776,0,14,0.4402322769165039,0.0,0.0,0.0,4.60988092422485
Q_000047,MENU_000778,0,15,0.4248615503311157,0.0,0.0,0.0,4.60988092422485
Q_000047,MENU_002618,0,16,0.4237315058708191,0.3333333333333333,0.3333333333333333,0.3333333333333333,4.18518495559692
Q_000047,MENU_001763,0,17,0.42101526260375977,0.0,0.0,0.0,4.81443309783936
Q_000047,MENU_001623,0,18,0.42056435346603394,0.0,0.0,0.0,4.58868885040283
Q_000047,MENU_002175,0,19,0.4130423963069916,0.0,0.0,0.0,4.65195322036743
Q_000047,MENU_001971,0,20,0.4053165912628174,0.0,0.0,0.0,4.74074077606201
Q_000047,MENU_001196,0,21,0.40453779697418213,0.3333333333333333,0.0,0.3333333333333333,4.29862880706787
Q_000047,MENU_001375,0,22,0.40361493825912476,0.0,0.0,0.0,4.75340223312378
Q_000047,MENU_001107,0,23,0.39791953563690186,0.0,0.0,0.0,4.25
Q_000047,MENU_002379,0,24,0.3919486999511719,0.0,0.0,0.0,4.57420492172241
Q_000047,MENU_002425,0,25,0.3919486999511719,0.0,0.0,0.0,4.2142858505249
Q_000047,MENU_002565,0,26,0.39157986640930176,0.0,0.0,0.0,4.67702722549438
Q_000047,MENU_000234,0,27,0.3888600766658783,0.0,0.0,0.0,4.14949178695679
Q_000047,MENU_001028,0,28,0.3869028091430664,0.0,0.0,0.0,4.25
Q_000047,MENU_000228,0,29,0.38604629039764404,0.0,0.0,0.0,4.14949178695679
Q_000047,MENU_001046,0,30,0.38535118103027344,0.0,0.0,0.0,4.25
Q_000047,MENU_002190,0,31,0.3841382563114166,0.0,0.0,0.0,4.65195322036743
Q_000047,MENU_000362,0,32,0.38261181116104126,0.0,0.0,0.0,4.71902799606323
Q_000047,MENU_001400,0,33,0.3823757469654083,0.0,0.0,0.0,4.59437894821167
Q_000047,MENU_000523,0,34,0.38189032673835754,0.0,0.0,0.0,4.63044404983521
Q_000047,MENU_000225,0,35,0.38180190324783325,0.0,0.0,0.0,4.14949178695679
Q_000047,MENU_000784,0,36,0.38171201944351196,0.0,0.0,0.0,4.70389223098755
Q_000047,MENU_000459,0,37,0.37993374466896057,0.0,0.0,0.0,4.68128681182861
Q_000047,MENU_001207,0,38,0.37980222702026367,0.0,0.0,0.0,4.29862880706787
Q_000047,MENU_000816,0,39,0.3787923753261566,0.0,0.0,0.0,4.64895582199097
Q_000047,MENU_002374,0,40,0.37761586904525757,0.0,0.0,0.0,4.57420492172241
Q_000047,MENU_002420,0,41,0.37761586904525757,0.0,0.0,0.0,4.2142858505249
Q_000047,MENU_000526,0,42,0.3769552707672119,0.0,0.0,0.0,4.63044404983521
Q_000047,MENU_002063,0,43,0.3765731751918793,0.0,0.0,0.0,4.77914094924927
Q_000047,MENU_000538,0,44,0.37653037905693054,0.0,0.0,0.0,4.23846197128296
Q_000047,MENU_000566,0,45,0.3760840892791748,0.0,0.0,0.0,3.98560500144959
Q_000047,MENU_001790,0,46,0.37473857402801514,0.0,0.0,0.0,4.81443309783936
Q_000047,MENU_000565,0,47,0.37355566024780273,0.0,0.0,0.0,3.98560500144959
Q_000047,MENU_002396,0,48,0.37339091300964355,0.0,0.0,0.0,4.2142858505249
Q_000047,MENU_002353,0,49,0.37339091300964355,0.0,0.0,0.0,4.57420492172241
Q_000047,MENU_000530,0,50,0.37193673849105835,0.0,0.0,0.0,4.80430507659912
Q_000048,MENU_002725,0,1,0.6015316247940063,0.0,0.0,0.5,4.66852378845215
Q_000048,MENU_002162,0,2,0.547916829586029,0.0,0.0,0.0,4.64444398880005
Q_000048,MENU_002142,0,3,0.5451550483703613,0.5,0.0,0.5,4.64444398880005
Q_000048,MENU_000206,1,4,0.5407072901725769,0.5,0.5,0.0,4.7832818031311
Q_000048,MENU_002158,0,5,0.5329539775848389,0.0,0.0,0.0,4.64444398880005
Q_000048,MENU_001559,0,6,0.5329499244689941,0.0,0.0,0.5,4.51582288742065
Q_000048,MENU_002715,0,7,0.5312577486038208,0.0,0.0,0.5,4.66852378845215
Q_000048,MENU_002718,0,8,0.5244779586791992,0.0,0.0,0.0,4.66852378845215
Q_000048,MENU_002137,0,9,0.5243865847587585,0.0,0.0,0.0,4.64444398880005
Q_000048,MENU_000213,1,10,0.5216375589370728,0.0,0.5,0.0,4.7832818031311
Q_000048,MENU_002719,0,11,0.5199388861656189,0.0,0.0,0.5,4.66852378845215
Q_000048,MENU_002160,0,12,0.5180494785308838,0.0,0.0,0.5,4.64444398880005
Q_000048,MENU_002712,0,13,0.5138577222824097,0.0,0.0,0.0,4.66852378845215
Q_000048,MENU_001135,0,14,0.51347416639328,0.0,0.0,0.0,4.0
Q_000048,MENU_002722,0,15,0.49969321489334106,0.0,0.0,0.0,4.66852378845215
Q_000048,MENU_002164,0,16,0.49485135078430176,0.0,0.0,0.0,4.64444398880005
Q_000048,MENU_001344,0,17,0.49100497364997864,0.0,0.0,0.0,4.75340223312378
Q_000048,MENU_002716,0,18,0.4908101558685303,0.0,0.0,0.0,4.66852378845215
Q_000048,MENU_001970,0,19,0.4893742799758911,0.0,0.0,0.0,4.74074077606201
Q_000048,MENU_000209,1,20,0.48885971307754517,0.5,0.5,0.0,4.7832818031311
Q_000048,MENU_002710,0,21,0.4864686131477356,0.0,0.0,0.0,4.66852378845215
Q_000048,MENU_002721,0,22,0.4850383996963501,0.0,0.0,0.5,4.66852378845215
Q_000048,MENU_001558,0,23,0.48449599742889404,0.0,0.0,0.5,4.51582288742065
Q_000048,MENU_002147,0,24,0.4825686514377594,0.0,0.0,0.0,4.64444398880005
Q_000048,MENU_002131,0,25,0.4807812571525574,0.0,0.0,0.0,4.64444398880005
Q_000048,MENU_000212,1,26,0.480226069688797,0.0,0.5,0.0,4.7832818031311
Q_000048,MENU_002709,0,27,0.4792802929878235,0.0,0.0,0.0,4.66852378845215
Q_000048,MENU_002706,0,28,0.47907453775405884,0.0,0.0,0.0,4.66852378845215
Q_000048,MENU_002139,0,29,0.4778480529785156,0.0,0.0,0.0,4.64444398880005
Q_000048,MENU_002708,0,30,0.4760180115699768,0.0,0.0,0.0,4.66852378845215
Q_000048,MENU_002352,0,31,0.4741708040237427,0.0,0.0,0.0,4.57420492172241
Q_000048,MENU_002395,0,32,0.4741708040237427,0.0,0.0,0.0,4.2142858505249
Q_000048,MENU_002713,0,33,0.46736207604408264,0.0,0.0,0.0,4.66852378845215
Q_000048,MENU_002726,0,34,0.4665414094924927,0.0,0.0,0.0,4.66852378845215
Q_000048,MENU_002724,0,35,0.4624418020248413,0.0,0.0,0.0,4.66852378845215
Q_000048,MENU_001902,0,36,0.4599362015724182,0.5,0.0,0.5,4.3829460144043
Q_000048,MENU_001385,0,37,0.4552581310272217,0.0,0.0,0.0,4.75340223312378
Q_000048,MENU_000271,0,38,0.45491594076156616,0.0,0.0,0.0,4.65069389343262
Q_000048,MENU_002159,0,39,0.454796701669693,0.0,0.0,0.0,4.64444398880005
Q_000048,MENU_002729,0,40,0.45296990871429443,0.0,0.0,0.0,4.66852378845215
Q_000048,MENU_001382,0,41,0.45296475291252136,0.0,0.0,0.0,4.75340223312378
Q_000048,MENU_001893,0,42,0.45145121216773987,0.0,0.0,0.0,5.0
Q_000048,MENU_002133,0,43,0.450702428817749,0.0,0.0,0.0,4.64444398880005
Q_000048,MENU_002392,0,44,0.4493904113769531,0.0,0.0,0.0,4.2142858505249
Q_000048,MENU_002349,0,45,0.4493904113769531,0.0,0.0,0.0,4.57420492172241
Q_000048,MENU_002126,0,46,0.44715335965156555,0.0,0.0,0.0,4.64444398880005
Q_000048,MENU_002421,0,47,0.44455525279045105,0.0,0.0,0.0,4.2142858505249
Q_000048,MENU_002375,0,48,0.44455525279045105,0.0,0.0,0.0,4.57420492172241
Q_000048,MENU_002720,0,49,0.4415304660797119,0.0,0.0,0.0,4.66852378845215
Q_000048,MENU_000715,0,50,0.44135379791259766,0.0,0.0,0.0,4.58141183853149
Q_000049,MENU_001862,1,1,0.590450644493103,0.0,0.5,0.0,4.6991171836853
Q_000049,MENU_001857,1,2,0.5536733865737915,0.0,0.5,0.0,4.6991171836853
Q_000049,MENU_001885,1,3,0.5515695214271545,0.0,0.5,0.0,4.6991171836853
Q_000049,MENU_001817,1,4,0.5511549711227417,0.0,0.5,0.0,4.6991171836853
Q_000049,MENU_001854,1,5,0.5428779125213623,0.0,0.5,0.0,4.6991171836853
Q_000049,MENU_002201,0,6,0.5175029039382935,0.0,0.0,0.0,4.65195322036743
Q_000049,MENU_002213,0,7,0.5062345862388611,0.0,0.0,0.0,4.65195322036743
Q_000049,MENU_002243,0,8,0.47601068019866943,0.0,0.0,0.0,4.65195322036743
Q_000049,MENU_002199,0,9,0.4703619182109833,0.0,0.0,0.0,4.65195322036743
Q_000049,MENU_002183,0,10,0.4699808359146118,0.0,0.0,0.0,4.65195322036743
Q_000049,MENU_002325,0,11,0.469236820936203,0.0,0.0,0.0,4.79864883422852
Q_000049,MENU_001803,0,12,0.46835410594940186,0.0,0.25,0.0,4.6991171836853
Q_000049,MENU_001836,0,13,0.4626954197883606,0.0,0.25,0.0,4.6991171836853
Q_000049,MENU_001161,0,14,0.45957618951797485,0.0,0.0,0.0,4.82336378097534
Q_000049,MENU_001802,0,15,0.45751744508743286,0.0,0.0,0.0,4.6991171836853
Q_000049,MENU_001884,0,16,0.45677632093429565,0.0,0.0,0.0,4.6991171836853
Q_000049,MENU_001733,0,17,0.45268088579177856,0.0,0.0,0.0,4.81443309783936
Q_000049,MENU_001838,0,18,0.4526216983795166,0.0,0.0,0.0,4.6991171836853
Q_000049,MENU_002669,0,19,0.4521557688713074,0.0,0.0,0.0,4.7348837852478
Q_000049,MENU_001883,0,20,0.45024946331977844,0.0,0.25,0.0,4.6991171836853
Q_000049,MENU_001805,0,21,0.44712409377098083,0.0,0.25,0.0,4.6991171836853
Q_000049,MENU_001887,0,22,0.4400450587272644,0.0,0.25,0.0,4.6991171836853
Q_000049,MENU_001187,0,23,0.44001340866088867,0.0,0.0,0.0,4.82336378097534
Q_000049,MENU_001424,0,24,0.43552762269973755,0.0,0.0,0.0,4.46881008148193
Q_000049,MENU_001888,0,25,0.4354136884212494,0.0,0.0,0.0,4.79593992233276
Q_000049,MENU_002190,0,26,0.43490368127822876,0.0,0.0,0.0,4.65195322036743
Q_000049,MENU_001800,0,27,0.43414363265037537,0.0,0.25,0.0,4.6991171836853
Q_000049,MENU_000870,0,28,0.43380504846572876,0.0,0.0,0.0,4.8529257774353
Q_000049,MENU_001734,0,29,0.433133065700531,0.0,0.0,0.0,4.81443309783936
Q_000049,MENU_002595,0,30,0.43148720264434814,0.0,0.0,0.0,4.67702722549438
Q_000049,MENU_001882,0,31,0.43101733922958374,0.0,0.0,0.0,4.6991171836853
Q_000049,MENU_001804,0,32,0.43074607849121094,0.0,0.0,0.0,4.6991171836853
Q_000049,MENU_002173,0,33,0.42979541420936584,0.0,0.0,0.0,4.65195322036743
Q_000049,MENU_002234,0,34,0.4291627109050751,0.0,0.0,0.0,4.65195322036743
Q_000049,MENU_001354,0,35,0.428071528673172,0.0,0.0,0.0,4.75340223312378
Q_000049,MENU_002241,0,36,0.4279226064682007,0.0,0.0,0.0,4.65195322036743
Q_000049,MENU_002250,0,37,0.42776840925216675,0.0,0.0,0.0,4.65195322036743
Q_000049,MENU_001175,0,38,0.42706844210624695,0.0,0.0,0.0,4.82336378097534
Q_000049,MENU_002603,0,39,0.4264722764492035,0.0,0.0,0.0,4.76699018478394
Q_000049,MENU_001867,0,40,0.4258986711502075,0.0,0.25,0.0,4.6991171836853
Q_000049,MENU_001185,0,41,0.4257698655128479,0.0,0.0,0.0,4.82336378097534
Q_000049,MENU_001849,0,42,0.4252406060695648,0.0,0.25,0.0,4.6991171836853
Q_000049,MENU_001128,0,43,0.42510345578193665,0.0,0.0,0.0,4.25
Q_000049,MENU_002579,0,44,0.42355868220329285,0.0,0.0,0.0,4.67702722549438
Q_000049,MENU_001489,0,45,0.42354804277420044,0.0,0.0,0.0,4.74624919891357
Q_000049,MENU_002100,0,46,0.4232904314994812,0.0,0.0,0.0,4.58823490142822
Q_000049,MENU_001352,0,47,0.42308855056762695,0.0,0.0,0.0,4.75340223312378
Q_000049,MENU_000576,0,48,0.42188894748687744,0.0,0.0,0.0,4.48866987228394
Q_000049,MENU_001894,0,49,0.4213050901889801,0.0,0.0,0.0,5.0
Q_000049,MENU_001944,0,50,0.42004042863845825,0.0,0.0,0.0,4.81481504440308
Q_000050,MENU_001405,0,1,0.4177560806274414,0.0,0.3333333333333333,0.0,4.79053592681885
Q_000050,MENU_001351,0,2,0.3818739652633667,0.0,0.0,0.0,4.75340223312378
Q_000050,MENU_002099,0,3,0.38149482011795044,0.0,0.0,0.0,4.58823490142822
Q_000050,MENU_002093,0,4,0.37789207696914673,0.0,0.0,0.0,4.58823490142822
Q_000050,MENU_001263,0,5,0.3611904978752136,0.0,0.0,0.0,4.75340223312378
Q_000050,MENU_001975,0,6,0.3607454299926758,0.0,0.0,0.0,4.74074077606201
Q_000050,MENU_001568,1,7,0.35548850893974304,0.0,0.6666666666666666,0.0,4.88310480117798
Q_000050,MENU_002323,0,8,0.35340213775634766,0.0,0.0,0.0,4.681480884552
Q_000050,MENU_001964,0,9,0.3530922830104828,0.0,0.0,0.0,4.74074077606201
Q_000050,MENU_001578,1,10,0.3524320125579834,0.0,0.6666666666666666,0.0,4.88310480117798
Q_000050,MENU_001971,0,11,0.34415483474731445,0.0,0.0,0.0,4.74074077606201
Q_000050,MENU_001352,0,12,0.3433164358139038,0.0,0.0,0.0,4.75340223312378
Q_000050,MENU_000215,0,13,0.3414931893348694,0.0,0.0,0.0,4.0
Q_000050,MENU_001456,0,14,0.3409949541091919,0.0,0.3333333333333333,0.0,4.60264015197754
Q_000050,MENU_000008,0,15,0.3389055132865906,0.0,0.0,0.3333333333333333,4.0
Q_000050,MENU_001465,0,16,0.3377857208251953,0.0,0.3333333333333333,0.0,4.60264015197754
Q_000050,MENU_001353,0,17,0.33754706382751465,0.0,0.0,0.0,4.75340223312378
Q_000050,MENU_000216,0,18,0.3368002474308014,0.0,0.0,0.0,4.0
Q_000050,MENU_001970,0,19,0.3356385827064514,0.0,0.0,0.0,4.74074077606201
Q_000050,MENU_002324,0,20,0.3353331685066223,0.0,0.0,0.0,4.681480884552
Q_000050,MENU_001262,0,21,0.33486175537109375,0.0,0.0,0.0,4.75340223312378
Q_000050,MENU_001969,0,22,0.3334762454032898,0.0,0.0,0.0,4.74074077606201
Q_000050,MENU_001555,0,23,0.3331560492515564,0.0,0.0,0.0,4.51582288742065
Q_000050,MENU_001454,0,24,0.3330796957015991,0.0,0.3333333333333333,0.0,4.60264015197754
Q_000050,MENU_001962,0,25,0.33260577917099,0.0,0.0,0.0,4.74074077606201
Q_000050,MENU_001459,0,26,0.3294614553451538,0.0,0.3333333333333333,0.0,4.60264015197754
Q_000050,MENU_001468,0,27,0.32870280742645264,0.0,0.3333333333333333,0.0,4.60264015197754
Q_000050,MENU_001974,0,28,0.32633599638938904,0.0,0.0,0.0,4.74074077606201
Q_000050,MENU_001968,0,29,0.32574397325515747,0.0,0.0,0.0,4.74074077606201
Q_000050,MENU_002850,0,30,0.3251783847808838,0.0,0.0,0.3333333333333333,0.0
Q_000050,MENU_001681,0,31,0.3248748183250427,0.0,0.0,0.0,3.84737396240234
Q_000050,MENU_001583,1,32,0.3221125900745392,0.0,0.6666666666666666,0.0,4.88310480117798
Q_000050,MENU_001453,0,33,0.31988754868507385,0.0,0.3333333333333333,0.0,4.60264015197754
Q_000050,MENU_002322,0,34,0.31970903277397156,0.0,0.0,0.0,4.681480884552
Q_000050,MENU_001455,0,35,0.3177046775817871,0.0,0.3333333333333333,0.0,4.60264015197754
Q_000050,MENU_001481,0,36,0.3164706230163574,0.0,0.3333333333333333,0.0,4.60264015197754
Q_000050,MENU_001966,0,37,0.3161705732345581,0.0,0.0,0.0,4.74074077606201
Q_000050,MENU_000412,0,38,0.31539463996887207,0.0,0.0,0.0,4.68128681182861
Q_000050,MENU_001354,0,39,0.31260406970977783,0.0,0.0,0.0,4.75340223312378
Q_000050,MENU_000865,0,40,0.31193044781684875,0.3333333333333333,0.0,0.0,4.85320281982422
Q_000050,MENU_000460,0,41,0.3115624785423279,0.0,0.0,0.0,4.68128681182861
Q_000050,MENU_001383,0,42,0.3105437755584717,0.0,0.0,0.0,4.75340223312378
Q_000050,MENU_001277,0,43,0.31034421920776367,0.0,0.0,0.0,4.75340223312378
Q_000050,MENU_000459,0,44,0.3102540075778961,0.0,0.0,0.0,4.68128681182861
Q_000050,MENU_001972,0,45,0.30899369716644287,0.0,0.0,0.0,4.74074077606201
Q_000050,MENU_001460,0,46,0.3088908791542053,0.0,0.3333333333333333,0.0,4.60264015197754
Q_000050,MENU_002514,0,47,0.3086543083190918,0.0,0.0,0.0,4.66060876846313
Q_000050,MENU_001470,0,48,0.30848509073257446,0.0,0.3333333333333333,0.0,4.60264015197754
Q_000050,MENU_000413,0,49,0.3069800138473511,0.0,0.0,0.0,4.68128681182861
Q_000050,MENU_001315,0,50,0.30541616678237915,0.0,0.0,0.3333333333333333,4.75340223312378
Q_000051,MENU_000065,1,1,0.544884204864502,0.0,0.5,0.0,4.82178211212158
Q_000051,MENU_001891,0,2,0.5287576913833618,0.0,0.0,0.0,5.0
Q_000051,MENU_002529,0,3,0.5278791785240173,0.25,0.0,0.0,4.70963716506958
Q_000051,MENU_002528,0,4,0.5142814517021179,0.25,0.0,0.25,4.70963716506958
Q_000051,MENU_000126,0,5,0.5123733282089233,0.0,0.0,0.0,4.63380479812622
Q_000051,MENU_001354,0,6,0.5076743960380554,0.0,0.0,0.0,4.75340223312378
Q_000051,MENU_000066,1,7,0.5040261745452881,0.0,0.5,0.0,4.82178211212158
Q_000051,MENU_002560,0,8,0.49931275844573975,0.0,0.0,0.0,4.67702722549438
Q_000051,MENU_001896,0,9,0.49785205721855164,0.0,0.0,0.0,5.0
Q_000051,MENU_001884,0,10,0.49697574973106384,0.0,0.0,0.0,4.6991171836853
Q_000051,MENU_000184,0,11,0.49555832147598267,0.0,0.0,0.0,4.63380479812622
Q_000051,MENU_002559,0,12,0.49468672275543213,0.0,0.0,0.0,4.67702722549438
Q_000051,MENU_002531,0,13,0.49374642968177795,0.25,0.0,0.25,4.70963716506958
Q_000051,MENU_000054,1,14,0.49207907915115356,0.0,0.5,0.0,4.82178211212158
Q_000051,MENU_002694,0,15,0.49203240871429443,0.0,0.0,0.0,4.78461503982544
Q_000051,MENU_002692,0,16,0.49186262488365173,0.0,0.0,0.0,4.78461503982544
Q_000051,MENU_000194,0,17,0.4915487766265869,0.0,0.0,0.0,4.63380479812622
Q_000051,MENU_000380,0,18,0.4892812669277191,0.25,0.0,0.0,0.0
Q_000051,MENU_000123,0,19,0.48827576637268066,0.0,0.0,0.0,4.63380479812622
Q_000051,MENU_000128,0,20,0.4880906045436859,0.0,0.0,0.0,4.63380479812622
Q_000051,MENU_002501,0,21,0.48489296436309814,0.0,0.0,0.0,4.28089904785156
Q_000051,MENU_000152,0,22,0.4845612943172455,0.0,0.0,0.0,4.63380479812622
Q_000051,MENU_002454,0,23,0.48402950167655945,0.0,0.0,0.0,4.77699613571167
Q_000051,MENU_002530,0,24,0.4775470495223999,0.25,0.0,0.25,4.70963716506958
Q_000051,MENU_000055,0,25,0.4764724373817444,0.0,0.25,0.0,4.82178211212158
Q_000051,MENU_001975,0,26,0.4762628674507141,0.0,0.0,0.0,4.74074077606201
Q_000051,MENU_001062,0,27,0.4761938452720642,0.0,0.0,0.0,4.25
Q_000051,MENU_001353,0,28,0.47605133056640625,0.0,0.0,0.0,4.75340223312378
Q_000051,MENU_000183,0,29,0.47457045316696167,0.0,0.0,0.0,4.63380479812622
Q_000051,MENU_002453,0,30,0.4723963737487793,0.0,0.0,0.0,4.77699613571167
Q_000051,MENU_002187,0,31,0.47223737835884094,0.0,0.0,0.0,4.65195322036743
Q_000051,MENU_000176,0,32,0.4720834493637085,0.0,0.0,0.0,4.63380479812622
Q_000051,MENU_002462,0,33,0.47195592522621155,0.0,0.0,0.0,4.77699613571167
Q_000051,MENU_002396,0,34,0.4718044102191925,0.0,0.0,0.0,4.2142858505249
Q_000051,MENU_002353,0,35,0.4718044102191925,0.0,0.0,0.0,4.57420492172241
Q_000051,MENU_000510,0,36,0.47157615423202515,0.0,0.0,0.0,4.77304601669312
Q_000051,MENU_002197,0,37,0.4713778495788574,0.0,0.0,0.0,4.65195322036743
Q_000051,MENU_002215,0,38,0.4709681570529938,0.0,0.0,0.0,4.65195322036743
Q_000051,MENU_000212,0,39,0.47058331966400146,0.0,0.0,0.0,4.7832818031311
Q_000051,MENU_002603,0,40,0.47020912170410156,0.0,0.0,0.0,4.76699018478394
Q_000051,MENU_002455,0,41,0.4696499705314636,0.0,0.0,0.0,4.77699613571167
Q_000051,MENU_000192,0,42,0.46955186128616333,0.0,0.0,0.0,4.63380479812622
Q_000051,MENU_001384,0,43,0.4693971276283264,0.0,0.0,0.0,4.75340223312378
Q_000051,MENU_001780,0,44,0.4677700698375702,0.0,0.0,0.0,4.81443309783936
Q_000051,MENU_000145,0,45,0.46758517622947693,0.0,0.0,0.0,4.63380479812622
Q_000051,MENU_001134,0,46,0.46747004985809326,0.0,0.0,0.0,4.0
Q_000051,MENU_001418,0,47,0.46711739897727966,0.0,0.0,0.0,4.46881008148193
Q_000051,MENU_001755,0,48,0.4664660096168518,0.0,0.0,0.0,4.81443309783936
Q_000051,MENU_001874,0,49,0.4663817286491394,0.0,0.0,0.0,4.6991171836853
Q_000051,MENU_001849,0,50,0.4663741886615753,0.0,0.0,0.0,4.6991171836853
Q_000052,MENU_001692,0,1,0.6210773587226868,0.3333333333333333,0.0,0.0,3.84737396240234
Q_000052,MENU_001691,1,2,0.55611252784729,0.3333333333333333,0.3333333333333333,0.0,3.84737396240234
Q_000052,MENU_002813,0,3,0.5531628727912903,0.3333333333333333,0.0,0.3333333333333333,0.0
Q_000052,MENU_000219,1,4,0.5492969155311584,0.3333333333333333,0.3333333333333333,0.3333333333333333,4.35269689559937
Q_000052,MENU_002520,1,5,0.5488777756690979,0.3333333333333333,0.3333333333333333,0.3333333333333333,4.38983106613159
Q_000052,MENU_001769,0,6,0.547671377658844,0.3333333333333333,0.0,0.0,4.81443309783936
Q_000052,MENU_000237,0,7,0.5435038208961487,0.3333333333333333,0.0,0.0,4.14949178695679
Q_000052,MENU_002519,1,8,0.5416324138641357,0.3333333333333333,0.3333333333333333,0.3333333333333333,4.38983106613159
Q_000052,MENU_001793,0,9,0.538730263710022,0.3333333333333333,0.0,0.0,4.81443309783936
Q_000052,MENU_002516,1,10,0.5328222513198853,0.0,0.3333333333333333,0.3333333333333333,4.38983106613159
Q_000052,MENU_000872,0,11,0.5320700407028198,0.3333333333333333,0.0,0.0,4.46214008331299
Q_000052,MENU_002517,1,12,0.5275773406028748,0.3333333333333333,0.3333333333333333,0.3333333333333333,4.38983106613159
Q_000052,MENU_002537,0,13,0.5160583853721619,0.3333333333333333,0.0,0.0,2.0
Q_000052,MENU_001659,0,14,0.505860447883606,0.3333333333333333,0.0,0.0,4.5350399017334
Q_000052,MENU_002680,0,15,0.5015831589698792,0.3333333333333333,0.0,0.0,4.28205108642578
Q_000052,MENU_002323,0,16,0.49997037649154663,0.3333333333333333,0.0,0.0,4.681480884552
Q_000052,MENU_002518,1,17,0.4988129734992981,0.3333333333333333,0.3333333333333333,0.3333333333333333,4.38983106613159
Q_000052,MENU_000118,0,18,0.4982888698577881,0.3333333333333333,0.0,0.0,3.0
Q_000052,MENU_000218,1,19,0.4914521872997284,0.3333333333333333,0.3333333333333333,0.3333333333333333,4.35269689559937
Q_000052,MENU_000716,0,20,0.484485000371933,0.3333333333333333,0.0,0.3333333333333333,4.58141183853149
Q_000052,MENU_001796,0,21,0.4799436330795288,0.3333333333333333,0.0,0.3333333333333333,4.34234189987183
Q_000052,MENU_002321,0,22,0.47719770669937134,0.3333333333333333,0.3333333333333333,0.0,4.681480884552
Q_000052,MENU_002491,0,23,0.4686126708984375,0.3333333333333333,0.0,0.0,4.05000019073486
Q_000052,MENU_002833,0,24,0.4684251546859741,0.3333333333333333,0.0,0.0,0.0
Q_000052,MENU_001756,0,25,0.4630465507507324,0.0,0.0,0.3333333333333333,4.81443309783936
Q_000052,MENU_000324,0,26,0.4576799273490906,0.3333333333333333,0.0,0.0,4.60093212127686
Q_000052,MENU_000349,0,27,0.4576799273490906,0.3333333333333333,0.0,0.0,4.71902799606323
Q_000052,MENU_000120,0,28,0.4529663324356079,0.0,0.0,0.3333333333333333,4.63380479812622
Q_000052,MENU_000222,0,29,0.445247083902359,0.3333333333333333,0.0,0.0,4.14949178695679
Q_000052,MENU_001681,0,30,0.4436420798301697,0.0,0.0,0.0,3.84737396240234
Q_000052,MENU_002353,0,31,0.4419158399105072,0.0,0.0,0.0,4.57420492172241
Q_000052,MENU_002396,0,32,0.4419158399105072,0.0,0.0,0.0,4.2142858505249
Q_000052,MENU_001694,0,33,0.44048023223876953,0.0,0.0,0.0,3.84737396240234
Q_000052,MENU_000709,0,34,0.44024625420570374,0.0,0.0,0.3333333333333333,4.58141183853149
Q_000052,MENU_000142,0,35,0.4393649995326996,0.0,0.0,0.3333333333333333,4.63380479812622
Q_000052,MENU_001372,0,36,0.43920257687568665,0.0,0.0,0.0,4.75340223312378
Q_000052,MENU_002704,0,37,0.4380860924720764,0.0,0.0,0.3333333333333333,4.66253900527954
Q_000052,MENU_000221,0,38,0.4299309551715851,0.0,0.0,0.0,4.14949178695679
Q_000052,MENU_000196,0,39,0.42787572741508484,0.0,0.0,0.3333333333333333,4.63380479812622
Q_000052,MENU_001679,0,40,0.4250355064868927,0.0,0.0,0.0,3.84737396240234
Q_000052,MENU_000197,0,41,0.4244006276130676,0.0,0.0,0.3333333333333333,4.63380479812622
Q_000052,MENU_001884,0,42,0.42091095447540283,0.0,0.0,0.0,4.6991171836853
Q_000052,MENU_000245,0,43,0.4193992614746094,0.0,0.0,0.0,4.14949178695679
Q_000052,MENU_001722,0,44,0.415627658367157,0.0,0.0,0.0,3.84737396240234
Q_000052,MENU_001721,0,45,0.41519081592559814,0.0,0.0,0.0,3.84737396240234
Q_000052,MENU_001690,0,46,0.4145759344100952,0.0,0.0,0.0,3.84737396240234
Q_000052,MENU_001064,0,47,0.41391515731811523,0.0,0.0,0.0,4.25
Q_000052,MENU_002501,0,48,0.4131976366043091,0.0,0.0,0.0,4.28089904785156
Q_000052,MENU_001260,0,49,0.4126827120780945,0.0,0.0,0.0,4.75340223312378
Q_000052,MENU_001688,0,50,0.4123656153678894,0.0,0.0,0.0,3.84737396240234
Q_000053,MENU_000890,1,1,0.4463863968849182,0.0,0.5,0.0,4.0
Q_000053,MENU_000889,1,2,0.44445669651031494,0.0,0.5,0.0,4.0
Q_000053,MENU_000886,1,3,0.4364882707595825,0.0,0.5,0.0,4.0
Q_000053,MENU_000887,1,4,0.42336320877075195,0.0,0.5,0.0,4.0
Q_000053,MENU_000885,1,5,0.41605278849601746,0.0,0.5,0.0,4.0
Q_000053,MENU_000884,1,6,0.4072946310043335,0.0,0.5,0.0,4.0
Q_000053,MENU_000888,1,7,0.3955201208591461,0.0,0.5,0.0,4.0
Q_000053,MENU_002818,0,8,0.34928256273269653,0.0,0.0,0.0,0.0
Q_000053,MENU_001244,0,9,0.3483520448207855,0.0,0.0,0.0,4.22527122497559
Q_000053,MENU_001958,0,10,0.33653175830841064,0.0,0.0,0.0,4.6658787727356
Q_000053,MENU_002804,0,11,0.33639609813690186,0.0,0.0,0.0,0.0
Q_000053,MENU_002679,0,12,0.33527475595474243,0.0,0.0,0.0,4.7348837852478
Q_000053,MENU_002082,0,13,0.33299633860588074,0.25,0.0,0.0,4.52205896377563
Q_000053,MENU_002786,0,14,0.32789671421051025,0.0,0.0,0.0,0.0
Q_000053,MENU_001781,0,15,0.3271372318267822,0.0,0.0,0.0,4.81443309783936
Q_000053,MENU_000044,0,16,0.3238535225391388,0.0,0.0,0.0,4.41972017288208
Q_000053,MENU_000678,0,17,0.32246559858322144,0.0,0.0,0.0,4.72276020050049
Q_000053,MENU_001159,0,18,0.31652215123176575,0.0,0.0,0.0,4.82336378097534
Q_000053,MENU_000625,0,19,0.31525805592536926,0.0,0.0,0.0,4.64431381225586
Q_000053,MENU_000830,0,20,0.3151834011077881,0.0,0.0,0.0,4.55801105499268
Q_000053,MENU_001044,0,21,0.31484299898147583,0.0,0.0,0.0,4.25
Q_000053,MENU_000671,0,22,0.3141263723373413,0.25,0.0,0.0,4.72276020050049
Q_000053,MENU_002806,0,23,0.3129926323890686,0.0,0.0,0.0,0.0
Q_000053,MENU_002790,0,24,0.3125523328781128,0.0,0.0,0.0,0.0
Q_000053,MENU_002848,0,25,0.30832305550575256,0.0,0.0,0.0,0.0
Q_000053,MENU_002798,0,26,0.30664435029029846,0.0,0.0,0.0,0.0
Q_000053,MENU_001537,0,27,0.3056482672691345,0.0,0.0,0.0,4.20552682876587
Q_000053,MENU_001607,0,28,0.3034723997116089,0.0,0.0,0.0,4.19549179077148
Q_000053,MENU_000871,0,29,0.30279308557510376,0.0,0.0,0.0,4.8529257774353
Q_000053,MENU_000789,0,30,0.3023797869682312,0.0,0.0,0.0,4.70389223098755
Q_000053,MENU_001043,0,31,0.29865190386772156,0.0,0.0,0.0,4.25
Q_000053,MENU_001077,0,32,0.29818201065063477,0.0,0.0,0.0,4.25
Q_000053,MENU_001956,0,33,0.29805994033813477,0.0,0.0,0.0,4.6658787727356
Q_000053,MENU_002534,0,34,0.2977234423160553,0.0,0.0,0.0,4.41281080245972
Q_000053,MENU_002802,0,35,0.29713377356529236,0.0,0.0,0.0,0.0
Q_000053,MENU_001877,0,36,0.29686230421066284,0.0,0.0,0.0,4.6991171836853
Q_000053,MENU_001881,0,37,0.29645997285842896,0.0,0.0,0.0,4.6991171836853
Q_000053,MENU_001880,0,38,0.29645997285842896,0.0,0.0,0.0,4.6991171836853
Q_000053,MENU_002805,0,39,0.295418918132782,0.0,0.0,0.0,0.0
Q_000053,MENU_001368,0,40,0.2949352562427521,0.0,0.0,0.0,4.75340223312378
Q_000053,MENU_001784,0,41,0.2936456799507141,0.0,0.0,0.0,4.81443309783936
Q_000053,MENU_001879,0,42,0.2923256456851959,0.0,0.0,0.0,4.6991171836853
Q_000053,MENU_001033,0,43,0.2915874123573303,0.0,0.0,0.0,4.25
Q_000053,MENU_002750,0,44,0.2909742295742035,0.0,0.0,0.0,0.0
Q_000053,MENU_002799,0,45,0.2905014157295227,0.0,0.0,0.0,0.0
Q_000053,MENU_002322,0,46,0.28976118564605713,0.0,0.0,0.0,4.681480884552
Q_000053,MENU_002031,0,47,0.28953444957733154,0.0,0.0,0.0,4.1811408996582
Q_000053,MENU_002583,0,48,0.2895129919052124,0.0,0.0,0.0,4.67702722549438
Q_000053,MENU_001775,0,49,0.28740090131759644,0.0,0.0,0.0,4.81443309783936
Q_000053,MENU_002819,0,50,0.286854088306427,0.0,0.0,0.0,0.0
Q_000054,MENU_002442,1,1,0.688421368598938,0.0,0.6666666666666666,0.3333333333333333,4.77699613571167
Q_000054,MENU_002659,0,2,0.6504331827163696,0.0,0.3333333333333333,0.3333333333333333,4.58833312988281
Q_000054,MENU_002465,0,3,0.6388622522354126,0.0,0.3333333333333333,0.0,4.77699613571167
Q_000054,MENU_000707,0,4,0.6373275518417358,0.3333333333333333,0.3333333333333333,0.3333333333333333,4.58141183853149
Q_000054,MENU_001507,0,5,0.6348865032196045,0.0,0.3333333333333333,0.0,4.26522302627563
Q_000054,MENU_002657,0,6,0.6319994926452637,0.0,0.3333333333333333,0.3333333333333333,4.58833312988281
Q_000054,MENU_002444,1,7,0.6307658553123474,0.0,0.6666666666666666,0.3333333333333333,4.77699613571167
Q_000054,MENU_002460,0,8,0.619631290435791,0.0,0.3333333333333333,0.0,4.77699613571167
Q_000054,MENU_002456,0,9,0.6133744716644287,0.0,0.3333333333333333,0.0,4.77699613571167
Q_000054,MENU_002737,0,10,0.6130251884460449,0.3333333333333333,0.0,0.3333333333333333,0.0
Q_000054,MENU_002637,0,11,0.6102373003959656,0.0,0.3333333333333333,0.0,4.58833312988281
Q_000054,MENU_002557,0,12,0.6099623441696167,0.0,0.3333333333333333,0.0,4.6232762336731
Q_000054,MENU_002475,0,13,0.5969457626342773,0.0,0.0,0.0,4.68452405929565
Q_000054,MENU_002783,0,14,0.5952622890472412,0.3333333333333333,0.0,0.3333333333333333,0.0
Q_000054,MENU_001531,0,15,0.5939451456069946,0.3333333333333333,0.0,0.3333333333333333,4.20552682876587
Q_000054,MENU_002653,0,16,0.5890469551086426,0.0,0.3333333333333333,0.0,4.58833312988281
Q_000054,MENU_002849,0,17,0.5855327844619751,0.0,0.0,0.3333333333333333,0.0
Q_000054,MENU_001546,0,18,0.5840909481048584,0.3333333333333333,0.0,0.3333333333333333,4.20552682876587
Q_000054,MENU_002736,0,19,0.5840731859207153,0.0,0.0,0.3333333333333333,0.0
Q_000054,MENU_002857,0,20,0.5819050073623657,0.0,0.0,0.3333333333333333,0.0
Q_000054,MENU_002441,1,21,0.5810542106628418,0.0,0.6666666666666666,0.3333333333333333,4.77699613571167
Q_000054,MENU_000085,0,22,0.5798074007034302,0.0,0.3333333333333333,0.0,4.77519416809082
Q_000054,MENU_002466,0,23,0.5788697004318237,0.0,0.3333333333333333,0.0,4.77699613571167
Q_000054,MENU_000185,0,24,0.5780028700828552,0.3333333333333333,0.3333333333333333,0.0,4.63380479812622
Q_000054,MENU_002458,1,25,0.5761054754257202,0.0,0.6666666666666666,0.0,4.77699613571167
Q_000054,MENU_002635,0,26,0.5759631395339966,0.3333333333333333,0.0,0.6666666666666666,4.58833312988281
Q_000054,MENU_002667,0,27,0.5752686858177185,0.0,0.0,0.0,4.7348837852478
Q_000054,MENU_000126,0,28,0.5742477178573608,0.3333333333333333,0.3333333333333333,0.0,4.63380479812622
Q_000054,MENU_002436,0,29,0.5704065561294556,0.0,0.0,0.0,4.20351505279541
Q_000054,MENU_000706,0,30,0.569924533367157,0.0,0.3333333333333333,0.3333333333333333,4.58141183853149
Q_000054,MENU_001260,0,31,0.5682504177093506,0.0,0.0,0.3333333333333333,4.75340223312378
Q_000054,MENU_002455,1,32,0.5666484832763672,0.0,0.6666666666666666,0.0,4.77699613571167
Q_000054,MENU_000645,0,33,0.5664082765579224,0.0,0.0,0.0,4.64431381225586
Q_000054,MENU_001508,0,34,0.5660765171051025,0.0,0.3333333333333333,0.0,4.26522302627563
Q_000054,MENU_002558,0,35,0.5610514879226685,0.0,0.0,0.0,4.62323999404907
Q_000054,MENU_002452,0,36,0.5608378648757935,0.0,0.3333333333333333,0.0,4.77699613571167
Q_000054,MENU_001134,0,37,0.560803234577179,0.0,0.0,0.0,4.0
Q_000054,MENU_002817,0,38,0.5586308240890503,0.0,0.0,0.0,0.0
Q_000054,MENU_001259,0,39,0.5582289695739746,0.0,0.0,0.3333333333333333,4.75340223312378
Q_000054,MENU_002440,0,40,0.5576454401016235,0.0,0.0,0.0,4.20351505279541
Q_000054,MENU_000132,0,41,0.5572470426559448,0.3333333333333333,0.3333333333333333,0.3333333333333333,4.63380479812622
Q_000054,MENU_000002,0,42,0.5556061267852783,0.0,0.0,0.0,4.0
Q_000054,MENU_002451,0,43,0.5553518533706665,0.0,0.3333333333333333,0.0,4.77699613571167
Q_000054,MENU_000640,0,44,0.5543904900550842,0.0,0.3333333333333333,0.0,4.64431381225586
Q_000054,MENU_002775,0,45,0.5536109805107117,0.0,0.0,0.3333333333333333,0.0
Q_000054,MENU_002473,0,46,0.5526801347732544,0.0,0.0,0.0,4.68452405929565
Q_000054,MENU_002485,0,47,0.552105188369751,0.0,0.0,0.0,4.68452405929565
Q_000054,MENU_002555,0,48,0.5516165494918823,0.0,0.0,0.0,4.6232762336731
Q_000054,MENU_002809,0,49,0.5512266159057617,0.0,0.0,0.0,0.0
Q_000054,MENU_001499,0,50,0.5509129762649536,0.3333333333333333,0.0,0.3333333333333333,4.26522302627563
Q_000055,MENU_001918,1,1,0.6449743509292603,0.0,0.75,0.0,4.81481504440308
Q_000055,MENU_001933,1,2,0.6359204053878784,0.0,0.75,0.0,4.81481504440308
Q_000055,MENU_001923,1,3,0.6058681011199951,0.0,0.75,0.0,4.81481504440308
Q_000055,MENU_001927,1,4,0.6010379791259766,0.0,0.75,0.0,4.81481504440308
Q_000055,MENU_001931,1,5,0.5990502834320068,0.0,0.75,0.0,4.81481504440308
Q_000055,MENU_001928,1,6,0.5816441178321838,0.0,0.75,0.0,4.81481504440308
Q_000055,MENU_001950,1,7,0.5778596997261047,0.0,0.75,0.0,4.81481504440308
Q_000055,MENU_001940,0,8,0.5386508703231812,0.0,0.25,0.0,4.81481504440308
Q_000055,MENU_000995,0,9,0.5305970311164856,0.0,0.0,0.25,4.14554786682129
Q_000055,MENU_002185,0,10,0.5211492776870728,0.0,0.0,0.0,4.65195322036743
Q_000055,MENU_002248,0,11,0.5196981430053711,0.0,0.0,0.0,4.65195322036743
Q_000055,MENU_002572,0,12,0.5136628746986389,0.0,0.0,0.0,4.67702722549438
Q_000055,MENU_000072,0,13,0.5127296447753906,0.0,0.0,0.25,3.84999990463257
Q_000055,MENU_002188,0,14,0.5121334791183472,0.0,0.0,0.0,4.65195322036743
Q_000055,MENU_001930,0,15,0.5111573934555054,0.0,0.25,0.0,4.81481504440308
Q_000055,MENU_002720,0,16,0.5105156898498535,0.0,0.0,0.0,4.66852378845215
Q_000055,MENU_002247,0,17,0.5094943642616272,0.0,0.0,0.0,4.65195322036743
Q_000055,MENU_001935,0,18,0.508770227432251,0.0,0.25,0.0,4.81481504440308
Q_000055,MENU_001059,0,19,0.5047950744628906,0.0,0.0,0.0,4.25
Q_000055,MENU_002175,0,20,0.5038959980010986,0.0,0.0,0.0,4.65195322036743
Q_000055,MENU_000206,0,21,0.5038062334060669,0.0,0.0,0.0,4.7832818031311
Q_000055,MENU_002246,0,22,0.5019601583480835,0.0,0.0,0.0,4.65195322036743
Q_000055,MENU_002245,0,23,0.5011245012283325,0.0,0.0,0.0,4.65195322036743
Q_000055,MENU_001847,0,24,0.5010471343994141,0.0,0.0,0.0,4.6991171836853
Q_000055,MENU_001926,0,25,0.49924683570861816,0.0,0.25,0.0,4.81481504440308
Q_000055,MENU_000843,0,26,0.49863889813423157,0.0,0.0,0.25,4.16129016876221
Q_000055,MENU_002533,0,27,0.49846529960632324,0.0,0.0,0.25,4.57142877578735
Q_000055,MENU_001851,0,28,0.49515217542648315,0.0,0.0,0.0,4.6991171836853
Q_000055,MENU_001795,0,29,0.49369582533836365,0.0,0.0,0.25,4.49400520324707
Q_000055,MENU_000712,0,30,0.49331551790237427,0.0,0.0,0.0,4.58141183853149
Q_000055,MENU_000845,0,31,0.49009111523628235,0.0,0.0,0.25,4.32532787322998
Q_000055,MENU_002552,0,32,0.4895787239074707,0.0,0.0,0.25,4.01298713684082
Q_000055,MENU_002174,0,33,0.4893907904624939,0.0,0.0,0.0,4.65195322036743
Q_000055,MENU_001812,0,34,0.4888961911201477,0.0,0.0,0.0,4.6991171836853
Q_000055,MENU_001811,0,35,0.48842954635620117,0.0,0.0,0.0,4.6991171836853
Q_000055,MENU_000728,0,36,0.4881172776222229,0.0,0.0,0.0,4.67195796966553
Q_000055,MENU_001490,0,37,0.48665887117385864,0.0,0.0,0.0,4.7914719581604
Q_000055,MENU_001865,0,38,0.48655641078948975,0.0,0.0,0.0,4.6991171836853
Q_000055,MENU_001936,0,39,0.4860418140888214,0.0,0.25,0.0,4.81481504440308
Q_000055,MENU_001141,0,40,0.4859957993030548,0.0,0.0,0.0,4.82336378097534
Q_000055,MENU_001168,0,41,0.4843015670776367,0.0,0.0,0.0,4.82336378097534
Q_000055,MENU_000901,0,42,0.4824928641319275,0.0,0.0,0.0,4.0
Q_000055,MENU_002183,0,43,0.4824492931365967,0.0,0.0,0.0,4.65195322036743
Q_000055,MENU_001160,0,44,0.48023682832717896,0.0,0.0,0.0,4.82336378097534
Q_000055,MENU_000999,0,45,0.47953689098358154,0.0,0.0,0.25,0.0
Q_000055,MENU_000075,0,46,0.47925302386283875,0.0,0.0,0.0,4.72087717056274
Q_000055,MENU_001814,0,47,0.4772399663925171,0.0,0.0,0.0,4.6991171836853
Q_000055,MENU_001815,0,48,0.4765157103538513,0.0,0.0,0.0,4.6991171836853
Q_000055,MENU_000956,0,49,0.47469472885131836,0.0,0.0,0.0,4.0
Q_000055,MENU_000828,0,50,0.474277138710022,0.0,0.0,0.0,4.55801105499268
Q_000056,MENU_001099,1,1,0.64887535572052,0.0,0.6666666666666666,0.0,4.25
Q_000056,MENU_001095,1,2,0.6444298624992371,0.0,0.6666666666666666,0.0,4.25
Q_000056,MENU_001034,1,3,0.6163445711135864,0.0,0.6666666666666666,0.0,4.25
Q_000056,MENU_001123,1,4,0.6140559911727905,0.0,0.6666666666666666,0.0,4.25
Q_000056,MENU_001035,1,5,0.6125548481941223,0.0,0.6666666666666666,0.0,4.25
Q_000056,MENU_001058,1,6,0.600035548210144,0.0,0.6666666666666666,0.0,4.25
Q_000056,MENU_001030,1,7,0.5875500440597534,0.0,0.6666666666666666,0.0,4.25
Q_000056,MENU_001971,0,8,0.5438672304153442,0.16666666666666666,0.0,0.0,4.74074077606201
Q_000056,MENU_001109,0,9,0.5437399744987488,0.16666666666666666,0.16666666666666666,0.0,4.25
Q_000056,MENU_001121,0,10,0.5314221382141113,0.0,0.16666666666666666,0.0,4.25
Q_000056,MENU_001103,1,11,0.530789852142334,0.0,0.6666666666666666,0.0,4.25
Q_000056,MENU_001037,0,12,0.5303752422332764,0.16666666666666666,0.16666666666666666,0.0,4.25
Q_000056,MENU_000797,0,13,0.5251846313476562,0.16666666666666666,0.16666666666666666,0.0,4.64895582199097
Q_000056,MENU_001125,0,14,0.5230854153633118,0.0,0.16666666666666666,0.0,4.25
Q_000056,MENU_001028,0,15,0.5146607756614685,0.0,0.16666666666666666,0.0,4.25
Q_000056,MENU_001033,0,16,0.5091179609298706,0.0,0.16666666666666666,0.0,4.25
Q_000056,MENU_001277,0,17,0.5087798237800598,0.16666666666666666,0.16666666666666666,0.0,4.75340223312378
Q_000056,MENU_002103,0,18,0.4868175983428955,0.16666666666666666,0.16666666666666666,0.16666666666666666,4.07968902587891
Q_000056,MENU_001046,0,19,0.48591020703315735,0.0,0.0,0.0,4.25
Q_000056,MENU_001038,0,20,0.4856569766998291,0.16666666666666666,0.16666666666666666,0.0,4.25
Q_000056,MENU_000215,0,21,0.48447373509407043,0.3333333333333333,0.0,0.0,4.0
Q_000056,MENU_001077,0,22,0.48415976762771606,0.0,0.16666666666666666,0.0,4.25
Q_000056,MENU_000799,0,23,0.4832911491394043,0.0,0.16666666666666666,0.0,4.64895582199097
Q_000056,MENU_001083,0,24,0.48311829566955566,0.16666666666666666,0.16666666666666666,0.0,4.25
Q_000056,MENU_000814,0,25,0.48187702894210815,0.16666666666666666,0.16666666666666666,0.0,4.64895582199097
Q_000056,MENU_000826,0,26,0.48126935958862305,0.16666666666666666,0.16666666666666666,0.0,4.64895582199097
Q_000056,MENU_000216,0,27,0.4801170229911804,0.3333333333333333,0.0,0.0,4.0
Q_000056,MENU_000805,0,28,0.4752219319343567,0.0,0.16666666666666666,0.0,4.64895582199097
Q_000056,MENU_000784,0,29,0.47520753741264343,0.16666666666666666,0.0,0.0,4.70389223098755
Q_000056,MENU_000801,0,30,0.47515520453453064,0.16666666666666666,0.16666666666666666,0.0,4.64895582199097
Q_000056,MENU_001084,0,31,0.47341981530189514,0.16666666666666666,0.16666666666666666,0.0,4.25
Q_000056,MENU_000221,0,32,0.47226834297180176,0.0,0.16666666666666666,0.0,4.14949178695679
Q_000056,MENU_001120,0,33,0.4707173705101013,0.0,0.16666666666666666,0.0,4.25
Q_000056,MENU_000822,0,34,0.4687853455543518,0.0,0.16666666666666666,0.0,4.64895582199097
Q_000056,MENU_001100,0,35,0.468369722366333,0.0,0.0,0.0,4.25
Q_000056,MENU_002425,0,36,0.46775996685028076,0.0,0.16666666666666666,0.16666666666666666,4.2142858505249
Q_000056,MENU_002379,0,37,0.46775996685028076,0.0,0.16666666666666666,0.16666666666666666,4.57420492172241
Q_000056,MENU_000798,0,38,0.4672907590866089,0.0,0.16666666666666666,0.0,4.64895582199097
Q_000056,MENU_000818,0,39,0.46626102924346924,0.0,0.16666666666666666,0.0,4.64895582199097
Q_000056,MENU_001085,0,40,0.4643631875514984,0.16666666666666666,0.16666666666666666,0.0,4.25
Q_000056,MENU_001062,0,41,0.46430113911628723,0.0,0.0,0.0,4.25
Q_000056,MENU_001059,0,42,0.4623015522956848,0.0,0.0,0.0,4.25
Q_000056,MENU_001093,0,43,0.4618460536003113,0.0,0.16666666666666666,0.0,4.25
Q_000056,MENU_001047,0,44,0.46075528860092163,0.0,0.0,0.0,4.25
Q_000056,MENU_000808,0,45,0.4573417901992798,0.0,0.16666666666666666,0.0,4.64895582199097
Q_000056,MENU_001107,0,46,0.4569820761680603,0.0,0.16666666666666666,0.0,4.25
Q_000056,MENU_002364,0,47,0.4553517699241638,0.0,0.16666666666666666,0.16666666666666666,4.57420492172241
Q_000056,MENU_002408,0,48,0.4553517699241638,0.0,0.16666666666666666,0.16666666666666666,4.2142858505249
Q_000056,MENU_000004,0,49,0.4520779252052307,0.16666666666666666,0.0,0.16666666666666666,4.0
Q_000056,MENU_001086,0,50,0.4512386918067932,0.16666666666666666,0.16666666666666666,0.0,4.25
Q_000057,MENU_001531,0,1,0.7156171798706055,0.25,0.0,0.25,4.20552682876587
Q_000057,MENU_001546,0,2,0.7013331651687622,0.25,0.0,0.25,4.20552682876587
Q_000057,MENU_002659,1,3,0.6801659464836121,0.0,0.75,0.0,4.58833312988281
Q_000057,MENU_002456,0,4,0.6443491578102112,0.0,0.25,0.0,4.77699613571167
Q_000057,MENU_002637,1,5,0.6347796320915222,0.0,0.75,0.0,4.58833312988281
Q_000057,MENU_001507,0,6,0.6341356039047241,0.0,0.25,0.0,4.26522302627563
Q_000057,MENU_002650,1,7,0.61850905418396,0.0,0.75,0.0,4.58833312988281
Q_000057,MENU_002442,0,8,0.6181321144104004,0.0,0.25,0.0,4.77699613571167
Q_000057,MENU_002657,1,9,0.6146209836006165,0.0,0.75,0.0,4.58833312988281
Q_000057,MENU_002475,0,10,0.6130681037902832,0.0,0.0,0.0,4.68452405929565
Q_000057,MENU_002630,1,11,0.6093347072601318,0.0,0.75,0.0,4.58833312988281
Q_000057,MENU_002621,1,12,0.6086835861206055,0.0,0.75,0.0,4.58833312988281
Q_000057,MENU_002465,0,13,0.6082054376602173,0.0,0.25,0.0,4.77699613571167
Q_000057,MENU_001499,0,14,0.6066761016845703,0.25,0.0,0.25,4.26522302627563
Q_000057,MENU_002460,0,15,0.6062463521957397,0.0,0.25,0.0,4.77699613571167
Q_000057,MENU_002557,0,16,0.6057935953140259,0.0,0.25,0.0,4.6232762336731
Q_000057,MENU_002653,1,17,0.6046514511108398,0.0,0.75,0.0,4.58833312988281
Q_000057,MENU_000706,0,18,0.5985755324363708,0.0,0.25,0.25,4.58141183853149
Q_000057,MENU_002850,0,19,0.5971270799636841,0.0,0.0,0.5,0.0
Q_000057,MENU_002638,1,20,0.5922551155090332,0.0,0.75,0.0,4.58833312988281
Q_000057,MENU_000185,0,21,0.591672420501709,0.25,0.25,0.0,4.63380479812622
Q_000057,MENU_000597,0,22,0.5906810760498047,0.0,0.25,0.0,4.64431381225586
Q_000057,MENU_002466,0,23,0.5894534587860107,0.0,0.25,0.0,4.77699613571167
Q_000057,MENU_002488,0,24,0.5878652334213257,0.0,0.0,0.0,4.68452405929565
Q_000057,MENU_000126,0,25,0.5872567892074585,0.25,0.25,0.0,4.63380479812622
Q_000057,MENU_000640,0,26,0.5872182250022888,0.0,0.25,0.0,4.64431381225586
Q_000057,MENU_002655,0,27,0.5846477150917053,0.25,0.25,0.0,4.58833312988281
Q_000057,MENU_002469,0,28,0.5812547206878662,0.0,0.0,0.0,4.68452405929565
Q_000057,MENU_002636,1,29,0.5791626572608948,0.0,0.75,0.0,4.58833312988281
Q_000057,MENU_002451,0,30,0.5783411264419556,0.0,0.25,0.0,4.77699613571167
Q_000057,MENU_002462,0,31,0.5778795480728149,0.0,0.25,0.0,4.77699613571167
Q_000057,MENU_000594,0,32,0.5772007703781128,0.0,0.25,0.0,4.64431381225586
Q_000057,MENU_000588,0,33,0.576587975025177,0.0,0.25,0.0,4.64431381225586
Q_000057,MENU_001493,0,34,0.5760833024978638,0.0,0.0,0.0,4.26522302627563
Q_000057,MENU_001497,0,35,0.5746380090713501,0.0,0.25,0.25,4.26522302627563
Q_000057,MENU_002457,0,36,0.5744266510009766,0.0,0.25,0.0,4.77699613571167
Q_000057,MENU_002769,0,37,0.5742449760437012,0.0,0.0,0.25,0.0
Q_000057,MENU_000604,0,38,0.5730036497116089,0.0,0.25,0.0,4.64431381225586
Q_000057,MENU_000707,0,39,0.5716447234153748,0.0,0.25,0.25,4.58141183853149
Q_000057,MENU_001496,0,40,0.5712922811508179,0.0,0.0,0.25,4.26522302627563
Q_000057,MENU_001509,0,41,0.5697304010391235,0.25,0.25,0.0,4.26522302627563
Q_000057,MENU_002444,0,42,0.5696842670440674,0.0,0.25,0.0,4.77699613571167
Q_000057,MENU_002472,0,43,0.5687961578369141,0.0,0.0,0.0,4.68452405929565
Q_000057,MENU_002443,0,44,0.5686776638031006,0.0,0.25,0.0,4.77699613571167
Q_000057,MENU_000641,0,45,0.5686149597167969,0.0,0.25,0.0,4.64431381225586
Q_000057,MENU_002452,0,46,0.5678647756576538,0.0,0.25,0.0,4.77699613571167
Q_000057,MENU_000085,0,47,0.5667093992233276,0.0,0.25,0.0,4.77519416809082
Q_000057,MENU_000127,0,48,0.5657956004142761,0.25,0.25,0.0,4.63380479812622
Q_000057,MENU_001505,0,49,0.5655909180641174,0.0,0.25,0.0,4.26522302627563
Q_000057,MENU_002473,0,50,0.5655625462532043,0.0,0.0,0.0,4.68452405929565
Q_000058,MENU_002450,0,1,0.4041896462440491,0.2,0.2,0.0,4.77699613571167
Q_000058,MENU_001680,0,2,0.3936395049095154,0.0,0.2,0.0,3.84737396240234
Q_000058,MENU_000269,0,3,0.3921468257904053,0.2,0.4,0.0,4.65069389343262
Q_000058,MENU_000266,0,4,0.38565051555633545,0.2,0.4,0.0,4.65069389343262
Q_000058,MENU_001294,0,5,0.3845899701118469,0.0,0.0,0.0,4.75340223312378
Q_000058,MENU_001082,0,6,0.3842911720275879,0.0,0.0,0.0,4.25
Q_000058,MENU_000041,0,7,0.38402196764945984,0.0,0.2,0.0,4.03416109085083
Q_000058,MENU_001683,0,8,0.3837677240371704,0.0,0.2,0.0,3.84737396240234
Q_000058,MENU_001721,0,9,0.3802034258842468,0.0,0.2,0.0,3.84737396240234
Q_000058,MENU_000688,0,10,0.3785855770111084,0.0,0.0,0.0,4.72276020050049
Q_000058,MENU_001722,0,11,0.3769308924674988,0.0,0.2,0.0,3.84737396240234
Q_000058,MENU_000681,0,12,0.3766111731529236,0.0,0.0,0.0,4.72276020050049
Q_000058,MENU_000221,0,13,0.37637144327163696,0.0,0.2,0.0,4.14949178695679
Q_000058,MENU_001663,0,14,0.3747040033340454,0.0,0.0,0.0,3.84737396240234
Q_000058,MENU_000695,0,15,0.3746204972267151,0.0,0.0,0.0,4.72276020050049
Q_000058,MENU_000670,0,16,0.373290479183197,0.0,0.0,0.0,4.72276020050049
Q_000058,MENU_000680,0,17,0.37191399931907654,0.0,0.0,0.0,4.72276020050049
Q_000058,MENU_001394,0,18,0.3716897666454315,0.0,0.0,0.0,4.75340223312378
Q_000058,MENU_001282,0,19,0.3708655834197998,0.0,0.0,0.0,4.75340223312378
Q_000058,MENU_001085,0,20,0.3704148828983307,0.0,0.0,0.0,4.25
Q_000058,MENU_001668,0,21,0.3692653179168701,0.0,0.2,0.0,3.84737396240234
Q_000058,MENU_002529,0,22,0.36826092004776,0.0,0.0,0.0,4.70963716506958
Q_000058,MENU_000689,0,23,0.3679477870464325,0.0,0.0,0.0,4.72276020050049
Q_000058,MENU_001681,0,24,0.366155743598938,0.0,0.0,0.0,3.84737396240234
Q_000058,MENU_001344,0,25,0.36579033732414246,0.0,0.0,0.0,4.75340223312378
Q_000058,MENU_000551,0,26,0.3651064336299896,0.0,0.0,0.0,4.23846197128296
Q_000058,MENU_001662,0,27,0.36486971378326416,0.0,0.2,0.0,3.84737396240234
Q_000058,MENU_001084,0,28,0.36366355419158936,0.0,0.0,0.0,4.25
Q_000058,MENU_001726,0,29,0.3632303476333618,0.0,0.0,0.0,3.84737396240234
Q_000058,MENU_000693,0,30,0.3625655174255371,0.0,0.0,0.0,4.72276020050049
Q_000058,MENU_001728,0,31,0.3619101345539093,0.0,0.2,0.0,3.84737396240234
Q_000058,MENU_000268,0,32,0.3616750240325928,0.2,0.4,0.0,4.65069389343262
Q_000058,MENU_000271,0,33,0.3599420189857483,0.2,0.4,0.0,4.65069389343262
Q_000058,MENU_001299,0,34,0.3597812354564667,0.0,0.0,0.0,4.75340223312378
Q_000058,MENU_001699,0,35,0.35833072662353516,0.0,0.2,0.0,3.84737396240234
Q_000058,MENU_001454,0,36,0.35808876156806946,0.0,0.0,0.0,4.60264015197754
Q_000058,MENU_000247,0,37,0.35806065797805786,0.0,0.2,0.0,4.14949178695679
Q_000058,MENU_000692,0,38,0.35798951983451843,0.0,0.0,0.0,4.72276020050049
Q_000058,MENU_002474,0,39,0.35722094774246216,0.0,0.0,0.0,4.68452405929565
Q_000058,MENU_001465,0,40,0.35645586252212524,0.0,0.0,0.0,4.60264015197754
Q_000058,MENU_001664,0,41,0.355912983417511,0.0,0.2,0.0,3.84737396240234
Q_000058,MENU_001730,0,42,0.35453927516937256,0.0,0.0,0.0,3.84737396240234
Q_000058,MENU_000677,0,43,0.35384440422058105,0.0,0.0,0.0,4.72276020050049
Q_000058,MENU_001277,0,44,0.3537321388721466,0.0,0.0,0.0,4.75340223312378
Q_000058,MENU_001459,0,45,0.35328423976898193,0.0,0.0,0.0,4.60264015197754
Q_000058,MENU_001744,0,46,0.3527863025665283,0.0,0.0,0.0,4.81443309783936
Q_000058,MENU_001698,0,47,0.3525712490081787,0.0,0.2,0.0,3.84737396240234
Q_000058,MENU_002347,0,48,0.35225334763526917,0.0,0.0,0.0,4.57420492172241
Q_000058,MENU_002390,0,49,0.35225334763526917,0.0,0.0,0.0,4.2142858505249
Q_000058,MENU_000701,0,50,0.35215505957603455,0.0,0.0,0.0,4.72276020050049
Q_000059,MENU_002190,1,1,0.4837876260280609,0.0,0.3333333333333333,0.0,4.65195322036743
Q_000059,MENU_000989,0,2,0.4781239926815033,0.3333333333333333,0.0,0.0,4.0
Q_000059,MENU_000710,0,3,0.4695931077003479,0.0,0.0,0.0,4.58141183853149
Q_000059,MENU_001883,0,4,0.46663475036621094,0.0,0.0,0.0,4.6991171836853
Q_000059,MENU_001800,0,5,0.46435484290122986,0.0,0.0,0.0,4.6991171836853
Q_000059,MENU_000711,0,6,0.4633381962776184,0.0,0.0,0.0,4.58141183853149
Q_000059,MENU_001432,0,7,0.45764613151550293,0.0,0.0,0.0,4.60449504852295
Q_000059,MENU_002179,1,8,0.45763757824897766,0.0,0.3333333333333333,0.0,4.65195322036743
Q_000059,MENU_000318,0,9,0.4576042890548706,0.0,0.0,0.0,4.74902009963989
Q_000059,MENU_000705,0,10,0.4564759433269501,0.0,0.0,0.0,4.58141183853149
Q_000059,MENU_001882,0,11,0.45476967096328735,0.0,0.0,0.0,4.6991171836853
Q_000059,MENU_001063,0,12,0.44985315203666687,0.0,0.0,0.0,4.25
Q_000059,MENU_002224,1,13,0.44787290692329407,0.0,0.3333333333333333,0.0,4.65195322036743
Q_000059,MENU_001431,0,14,0.4471489489078522,0.0,0.0,0.0,4.60449504852295
Q_000059,MENU_001060,0,15,0.4469018876552582,0.0,0.0,0.0,4.25
Q_000059,MENU_000314,0,16,0.44636279344558716,0.0,0.0,0.0,4.74902009963989
Q_000059,MENU_000110,0,17,0.4456043839454651,0.0,0.0,0.0,4.69767379760742
Q_000059,MENU_001096,0,18,0.4455159902572632,0.0,0.0,0.0,4.25
Q_000059,MENU_001806,0,19,0.4442962408065796,0.0,0.0,0.0,4.6991171836853
Q_000059,MENU_001400,0,20,0.4429853558540344,0.0,0.0,0.0,4.59437894821167
Q_000059,MENU_002603,0,21,0.44285354018211365,0.0,0.0,0.0,4.76699018478394
Q_000059,MENU_001808,0,22,0.4422149956226349,0.0,0.0,0.0,4.6991171836853
Q_000059,MENU_001763,0,23,0.44174349308013916,0.0,0.0,0.0,4.81443309783936
Q_000059,MENU_001375,0,24,0.4406481981277466,0.0,0.0,0.0,4.75340223312378
Q_000059,MENU_001733,0,25,0.43894249200820923,0.0,0.0,0.0,4.81443309783936
Q_000059,MENU_002188,1,26,0.43810272216796875,0.0,0.3333333333333333,0.0,4.65195322036743
Q_000059,MENU_001788,0,27,0.43709561228752136,0.0,0.0,0.0,4.81443309783936
Q_000059,MENU_000569,0,28,0.4367407560348511,0.0,0.0,0.0,4.49110698699951
Q_000059,MENU_001406,0,29,0.43217968940734863,0.0,0.0,0.0,4.46881008148193
Q_000059,MENU_000952,0,30,0.4313221573829651,0.3333333333333333,0.0,0.0,4.0
Q_000059,MENU_001807,0,31,0.42940276861190796,0.0,0.0,0.0,4.6991171836853
Q_000059,MENU_002609,0,32,0.42782294750213623,0.0,0.0,0.0,4.76699018478394
Q_000059,MENU_001045,0,33,0.4275333285331726,0.0,0.0,0.0,4.25
Q_000059,MENU_001757,0,34,0.42730289697647095,0.0,0.0,0.0,4.81443309783936
Q_000059,MENU_000097,0,35,0.4269794225692749,0.0,0.0,0.0,4.34729814529419
Q_000059,MENU_000580,0,36,0.42671605944633484,0.0,0.0,0.0,4.49110698699951
Q_000059,MENU_002534,0,37,0.4265780448913574,0.0,0.0,0.0,4.41281080245972
Q_000059,MENU_001679,0,38,0.42278343439102173,0.0,0.0,0.0,3.84737396240234
Q_000059,MENU_001364,0,39,0.42262691259384155,0.0,0.0,0.0,4.75340223312378
Q_000059,MENU_001690,0,40,0.4213924705982208,0.0,0.0,0.0,3.84737396240234
Q_000059,MENU_001486,0,41,0.42135655879974365,0.0,0.0,0.0,4.60264015197754
Q_000059,MENU_001530,0,42,0.4195050597190857,0.0,0.0,0.0,4.20552682876587
Q_000059,MENU_001485,0,43,0.41945797204971313,0.0,0.0,0.0,4.60264015197754
Q_000059,MENU_000659,0,44,0.41895586252212524,0.0,0.0,0.0,4.72276020050049
Q_000059,MENU_002654,0,45,0.4179648160934448,0.0,0.0,0.0,4.58833312988281
Q_000059,MENU_001997,0,46,0.41755276918411255,0.0,0.0,0.0,4.81096696853638
Q_000059,MENU_000716,0,47,0.41635996103286743,0.0,0.0,0.0,4.58141183853149
Q_000059,MENU_002206,1,48,0.4161921441555023,0.0,0.3333333333333333,0.0,4.65195322036743
Q_000059,MENU_001384,0,49,0.41609108448028564,0.0,0.0,0.0,4.75340223312378
Q_000059,MENU_001371,0,50,0.4157828092575073,0.0,0.0,0.0,4.75340223312378
Q_000060,MENU_001066,1,1,0.5878243446350098,0.0,0.75,0.0,4.25
Q_000060,MENU_001071,1,2,0.5388211607933044,0.0,0.75,0.0,4.25
Q_000060,MENU_001219,0,3,0.5297573804855347,0.25,0.5,0.0,4.75703001022339
Q_000060,MENU_001231,0,4,0.5286308526992798,0.0,0.0,0.0,4.75703001022339
Q_000060,MENU_000839,0,5,0.5282484292984009,0.0,0.0,0.25,4.71359920501709
Q_000060,MENU_000500,0,6,0.5208384990692139,0.0,0.0,0.0,4.77500009536743
Q_000060,MENU_002549,0,7,0.5206799507141113,0.0,0.25,0.0,4.86301422119141
Q_000060,MENU_001218,0,8,0.520013689994812,0.25,0.5,0.0,4.75703001022339
Q_000060,MENU_001215,0,9,0.5175000429153442,0.0,0.0,0.0,4.75703001022339
Q_000060,MENU_000788,0,10,0.5173184275627136,0.25,0.25,0.0,4.70389223098755
Q_000060,MENU_001213,0,11,0.5158900022506714,0.0,0.0,0.0,4.75703001022339
Q_000060,MENU_000257,0,12,0.511365532875061,0.0,0.25,0.0,4.65069389343262
Q_000060,MENU_000838,0,13,0.5110971331596375,0.0,0.0,0.0,4.71359920501709
Q_000060,MENU_000498,0,14,0.49910280108451843,0.0,0.0,0.0,4.77500009536743
Q_000060,MENU_000503,0,15,0.49469876289367676,0.0,0.0,0.0,4.77500009536743
Q_000060,MENU_000836,0,16,0.4941738247871399,0.0,0.0,0.0,4.71359920501709
Q_000060,MENU_001224,0,17,0.49342045187950134,0.0,0.0,0.0,4.75703001022339
Q_000060,MENU_001127,1,18,0.4932975172996521,0.0,0.75,0.0,4.25
Q_000060,MENU_001078,1,19,0.49109745025634766,0.0,0.75,0.0,4.25
Q_000060,MENU_002295,0,20,0.48798197507858276,0.0,0.25,0.0,4.54545497894287
Q_000060,MENU_000488,0,21,0.4877842664718628,0.0,0.0,0.25,4.77500009536743
Q_000060,MENU_001212,0,22,0.4867248833179474,0.0,0.5,0.0,4.75703001022339
Q_000060,MENU_001987,0,23,0.48189783096313477,0.0,0.0,0.0,4.59150314331055
Q_000060,MENU_001132,0,24,0.47916924953460693,0.0,0.25,0.25,4.92857122421265
Q_000060,MENU_000499,0,25,0.4789302349090576,0.0,0.0,0.0,4.77500009536743
Q_000060,MENU_000496,0,26,0.47318220138549805,0.0,0.0,0.0,4.77500009536743
Q_000060,MENU_001112,0,27,0.46986380219459534,0.0,0.25,0.0,4.25
Q_000060,MENU_001316,0,28,0.46930211782455444,0.25,0.0,0.25,4.75340223312378
Q_000060,MENU_002616,0,29,0.46849900484085083,0.0,0.0,0.0,4.76699018478394
Q_000060,MENU_001237,0,30,0.4674298167228699,0.0,0.0,0.0,4.75703001022339
Q_000060,MENU_000495,0,31,0.4667723774909973,0.0,0.0,0.0,4.77500009536743
Q_000060,MENU_001315,0,32,0.46627432107925415,0.25,0.0,0.25,4.75340223312378
Q_000060,MENU_001238,0,33,0.4652918577194214,0.0,0.0,0.0,4.75703001022339
Q_000060,MENU_000364,0,34,0.46444618701934814,0.0,0.0,0.0,4.71902799606323
Q_000060,MENU_000333,0,35,0.46444618701934814,0.0,0.0,0.0,4.60093212127686
Q_000060,MENU_001222,0,36,0.46386027336120605,0.0,0.0,0.0,4.75703001022339
Q_000060,MENU_001223,0,37,0.4634016752243042,0.0,0.0,0.0,4.75703001022339
Q_000060,MENU_002296,0,38,0.4607040286064148,0.0,0.25,0.0,4.54545497894287
Q_000060,MENU_002291,0,39,0.45994800329208374,0.0,0.25,0.0,4.54545497894287
Q_000060,MENU_000501,0,40,0.4595327079296112,0.0,0.0,0.0,4.77500009536743
Q_000060,MENU_001984,0,41,0.45915400981903076,0.0,0.0,0.0,4.59150314331055
Q_000060,MENU_002548,0,42,0.45874470472335815,0.0,0.0,0.0,4.86301422119141
Q_000060,MENU_002547,0,43,0.45578861236572266,0.0,0.0,0.0,4.86301422119141
Q_000060,MENU_001217,0,44,0.45460206270217896,0.0,0.0,0.25,4.75703001022339
Q_000060,MENU_001228,0,45,0.4510354995727539,0.0,0.0,0.0,4.75703001022339
Q_000060,MENU_000450,0,46,0.4470754861831665,0.0,0.0,0.0,4.68128681182861
Q_000060,MENU_000180,0,47,0.4463425278663635,0.0,0.0,0.0,4.63380479812622
Q_000060,MENU_002602,0,48,0.44603806734085083,0.0,0.0,0.0,4.76699018478394
Q_000060,MENU_001527,0,49,0.4449554681777954,0.0,0.25,0.0,4.20552682876587
Q_000060,MENU_001096,0,50,0.4447876811027527,0.0,0.25,0.0,4.25
Q_000061,MENU_002374,0,1,0.5351279973983765,0.0,0.0,0.0,4.57420492172241
Q_000061,MENU_002420,0,2,0.5351279973983765,0.0,0.0,0.0,4.2142858505249
Q_000061,MENU_001908,1,3,0.510818600654602,0.0,0.5,0.0,4.81481504440308
Q_000061,MENU_001907,1,4,0.50566565990448,0.0,0.5,0.0,4.81481504440308
Q_000061,MENU_001906,1,5,0.4774668514728546,0.0,0.5,0.0,4.81481504440308
Q_000061,MENU_000371,0,6,0.47293612360954285,0.0,0.0,0.0,4.71902799606323
Q_000061,MENU_000352,0,7,0.4721117615699768,0.0,0.0,0.0,4.71902799606323
Q_000061,MENU_000365,0,8,0.470780611038208,0.0,0.0,0.0,4.71902799606323
Q_000061,MENU_000353,0,9,0.46461719274520874,0.0,0.0,0.0,4.71902799606323
Q_000061,MENU_000246,0,10,0.4636244475841522,0.0,0.0,0.0,4.14949178695679
Q_000061,MENU_002409,0,11,0.4582194685935974,0.0,0.0,0.0,4.2142858505249
Q_000061,MENU_001053,0,12,0.45231980085372925,0.0,0.0,0.0,4.25
Q_000061,MENU_001289,0,13,0.4510323703289032,0.0,0.0,0.0,4.75340223312378
Q_000061,MENU_000366,0,14,0.45044419169425964,0.0,0.0,0.0,4.71902799606323
Q_000061,MENU_000351,0,15,0.4465891718864441,0.0,0.0,0.0,4.71902799606323
Q_000061,MENU_000375,0,16,0.4454263150691986,0.0,0.0,0.0,4.71902799606323
Q_000061,MENU_000220,0,17,0.43674489855766296,0.0,0.0,0.0,4.14949178695679
Q_000061,MENU_001256,0,18,0.43594732880592346,0.0,0.0,0.0,4.75340223312378
Q_000061,MENU_000176,0,19,0.43352246284484863,0.0,0.0,0.0,4.63380479812622
Q_000061,MENU_000266,0,20,0.4313894808292389,0.0,0.0,0.0,4.65069389343262
Q_000061,MENU_001269,0,21,0.43116408586502075,0.0,0.0,0.0,4.75340223312378
Q_000061,MENU_002210,0,22,0.43078166246414185,0.0,0.0,0.0,4.65195322036743
Q_000061,MENU_000001,0,23,0.4297027587890625,0.0,0.0,0.0,4.0
Q_000061,MENU_002121,0,24,0.4279782772064209,0.0,0.0,0.0,4.64444398880005
Q_000061,MENU_002105,0,25,0.42751002311706543,0.0,0.0,0.0,4.07968902587891
Q_000061,MENU_001943,1,26,0.4251917898654938,0.0,0.5,0.0,4.81481504440308
Q_000061,MENU_001287,0,27,0.42369359731674194,0.0,0.0,0.0,4.75340223312378
Q_000061,MENU_002664,0,28,0.4235904812812805,0.0,0.0,0.0,4.7348837852478
Q_000061,MENU_002500,0,29,0.4225022792816162,0.0,0.0,0.0,4.28089904785156
Q_000061,MENU_000714,0,30,0.4216606020927429,0.0,0.0,0.0,4.58141183853149
Q_000061,MENU_002561,0,31,0.42039254307746887,0.0,0.0,0.0,4.67702722549438
Q_000061,MENU_001110,0,32,0.41966256499290466,0.0,0.0,0.0,4.25
Q_000061,MENU_001363,0,33,0.4184029698371887,0.0,0.0,0.0,4.75340223312378
Q_000061,MENU_001302,0,34,0.418140172958374,0.0,0.0,0.0,4.75340223312378
Q_000061,MENU_000222,0,35,0.4175054132938385,0.0,0.0,0.0,4.14949178695679
Q_000061,MENU_000367,0,36,0.4151594042778015,0.0,0.0,0.0,4.71902799606323
Q_000061,MENU_001429,0,37,0.41458070278167725,0.0,0.0,0.0,4.60449504852295
Q_000061,MENU_002663,0,38,0.4125053882598877,0.0,0.0,0.0,4.7348837852478
Q_000061,MENU_000122,0,39,0.4122358560562134,0.0,0.0,0.0,4.63380479812622
Q_000061,MENU_002528,0,40,0.41214293241500854,0.0,0.0,0.0,4.70963716506958
Q_000061,MENU_002217,0,41,0.4109547734260559,0.0,0.0,0.0,4.65195322036743
Q_000061,MENU_000755,0,42,0.41051405668258667,0.0,0.0,0.0,4.67195796966553
Q_000061,MENU_001136,0,43,0.40951788425445557,0.0,0.0,0.0,4.82336378097534
Q_000061,MENU_001681,0,44,0.40943777561187744,0.0,0.0,0.0,3.84737396240234
Q_000061,MENU_002501,0,45,0.409071147441864,0.0,0.0,0.0,4.28089904785156
Q_000061,MENU_000355,0,46,0.4090375304222107,0.0,0.0,0.0,4.71902799606323
Q_000061,MENU_000356,0,47,0.40842103958129883,0.0,0.0,0.0,4.71902799606323
Q_000061,MENU_001913,1,48,0.4075639843940735,0.0,0.5,0.0,4.81481504440308
Q_000061,MENU_000179,0,49,0.40743547677993774,0.0,0.0,0.0,4.63380479812622
Q_000061,MENU_000647,0,50,0.4072549045085907,0.0,0.0,0.0,4.72276020050049
Q_000062,MENU_000269,0,1,0.5146784782409668,0.2,0.4,0.0,4.65069389343262
Q_000062,MENU_001681,0,2,0.5062134265899658,0.0,0.0,0.0,3.84737396240234
Q_000062,MENU_001055,0,3,0.5059406757354736,0.0,0.0,0.0,4.25
Q_000062,MENU_001053,0,4,0.5038461089134216,0.0,0.0,0.0,4.25
Q_000062,MENU_000266,0,5,0.5020591020584106,0.2,0.4,0.0,4.65069389343262
Q_000062,MENU_000709,0,6,0.4960300028324127,0.0,0.0,0.0,4.58141183853149
Q_000062,MENU_001117,0,7,0.48782604932785034,0.0,0.0,0.0,4.25
Q_000062,MENU_001680,0,8,0.4863419532775879,0.0,0.2,0.0,3.84737396240234
Q_000062,MENU_001449,0,9,0.4851963520050049,0.0,0.0,0.0,4.60264015197754
Q_000062,MENU_001722,0,10,0.48475897312164307,0.0,0.2,0.0,3.84737396240234
Q_000062,MENU_000695,0,11,0.4846362769603729,0.0,0.0,0.0,4.72276020050049
Q_000062,MENU_000681,0,12,0.48292893171310425,0.0,0.0,0.0,4.72276020050049
Q_000062,MENU_001721,0,13,0.48225224018096924,0.0,0.2,0.0,3.84737396240234
Q_000062,MENU_001282,0,14,0.48180145025253296,0.0,0.0,0.0,4.75340223312378
Q_000062,MENU_001663,0,15,0.4814819097518921,0.0,0.0,0.0,3.84737396240234
Q_000062,MENU_001048,0,16,0.4812576174736023,0.0,0.0,0.0,4.25
Q_000062,MENU_001454,0,17,0.4805715084075928,0.0,0.0,0.0,4.60264015197754
Q_000062,MENU_001683,0,18,0.48044511675834656,0.0,0.2,0.0,3.84737396240234
Q_000062,MENU_000221,0,19,0.4789873957633972,0.0,0.2,0.0,4.14949178695679
Q_000062,MENU_001352,0,20,0.4777156114578247,0.0,0.0,0.0,4.75340223312378
Q_000062,MENU_002501,0,21,0.47699254751205444,0.0,0.0,0.0,4.28089904785156
Q_000062,MENU_001062,0,22,0.47636252641677856,0.0,0.0,0.0,4.25
Q_000062,MENU_000652,0,23,0.47625866532325745,0.0,0.0,0.0,4.72259521484375
Q_000062,MENU_001447,0,24,0.47556382417678833,0.0,0.0,0.0,4.60264015197754
Q_000062,MENU_001289,0,25,0.47375065088272095,0.0,0.0,0.0,4.75340223312378
Q_000062,MENU_001465,0,26,0.47351720929145813,0.0,0.0,0.0,4.60264015197754
Q_000062,MENU_001453,0,27,0.4729611277580261,0.0,0.0,0.0,4.60264015197754
Q_000062,MENU_002447,0,28,0.47255295515060425,0.2,0.2,0.2,4.77699613571167
Q_000062,MENU_001669,0,29,0.47241562604904175,0.0,0.0,0.0,3.84737396240234
Q_000062,MENU_001459,0,30,0.4711449146270752,0.0,0.0,0.0,4.60264015197754
Q_000062,MENU_001121,0,31,0.47111791372299194,0.0,0.0,0.0,4.25
Q_000062,MENU_000688,0,32,0.4705251455307007,0.0,0.0,0.0,4.72276020050049
Q_000062,MENU_000228,0,33,0.4700939655303955,0.0,0.2,0.0,4.14949178695679
Q_000062,MENU_001380,0,34,0.46967989206314087,0.0,0.0,0.0,4.75340223312378
Q_000062,MENU_001344,0,35,0.46830955147743225,0.0,0.0,0.0,4.75340223312378
Q_000062,MENU_001351,0,36,0.4677346348762512,0.0,0.0,0.0,4.75340223312378
Q_000062,MENU_000710,0,37,0.4670386016368866,0.0,0.0,0.0,4.58141183853149
Q_000062,MENU_001756,0,38,0.46670234203338623,0.0,0.0,0.0,4.81443309783936
Q_000062,MENU_000142,0,39,0.46660280227661133,0.0,0.0,0.0,4.63380479812622
Q_000062,MENU_000677,0,40,0.46577024459838867,0.0,0.0,0.0,4.72276020050049
Q_000062,MENU_001831,0,41,0.4649408757686615,0.0,0.0,0.0,4.6991171836853
Q_000062,MENU_001420,0,42,0.46486034989356995,0.0,0.0,0.0,4.46881008148193
Q_000062,MENU_000693,0,43,0.46469882130622864,0.0,0.0,0.0,4.72276020050049
Q_000062,MENU_001458,0,44,0.46463650465011597,0.0,0.0,0.0,4.60264015197754
Q_000062,MENU_001059,0,45,0.4642753601074219,0.0,0.0,0.0,4.25
Q_000062,MENU_000268,0,46,0.46360868215560913,0.2,0.4,0.0,4.65069389343262
Q_000062,MENU_001486,0,47,0.4632512331008911,0.0,0.0,0.0,4.60264015197754
Q_000062,MENU_001450,0,48,0.4628172218799591,0.0,0.0,0.0,4.60264015197754
Q_000062,MENU_001832,0,49,0.4627103805541992,0.0,0.0,0.0,4.6991171836853
Q_000062,MENU_001084,0,50,0.46262359619140625,0.0,0.0,0.0,4.25
Q_000063,MENU_002487,1,1,0.4158908724784851,0.0,0.3333333333333333,0.0,4.68452405929565
Q_000063,MENU_002478,1,2,0.40455004572868347,0.0,0.3333333333333333,0.0,4.68452405929565
Q_000063,MENU_002467,1,3,0.4002021849155426,0.0,0.3333333333333333,0.0,4.68452405929565
Q_000063,MENU_002481,1,4,0.39985841512680054,0.0,0.3333333333333333,0.0,4.68452405929565
Q_000063,MENU_002485,1,5,0.38988131284713745,0.0,0.3333333333333333,0.0,4.68452405929565
Q_000063,MENU_002468,1,6,0.3793610632419586,0.0,0.3333333333333333,0.0,4.68452405929565
Q_000063,MENU_002473,1,7,0.3780316412448883,0.0,0.3333333333333333,0.0,4.68452405929565
Q_000063,MENU_000592,0,8,0.3746509253978729,0.0,0.3333333333333333,0.0,4.64431381225586
Q_000063,MENU_002477,1,9,0.3692917823791504,0.0,0.3333333333333333,0.0,4.68452405929565
Q_000063,MENU_002472,1,10,0.3682170510292053,0.0,0.3333333333333333,0.0,4.68452405929565
Q_000063,MENU_002484,1,11,0.36593061685562134,0.0,0.3333333333333333,0.0,4.68452405929565
Q_000063,MENU_000243,0,12,0.36222147941589355,0.0,0.3333333333333333,0.0,4.14949178695679
Q_000063,MENU_002480,1,13,0.36179208755493164,0.0,0.3333333333333333,0.0,4.68452405929565
Q_000063,MENU_002476,1,14,0.35597389936447144,0.0,0.3333333333333333,0.0,4.68452405929565
Q_000063,MENU_001732,0,15,0.35550105571746826,0.0,0.0,0.3333333333333333,4.7578501701355
Q_000063,MENU_002407,0,16,0.35325711965560913,0.0,0.3333333333333333,0.0,4.2142858505249
Q_000063,MENU_001782,0,17,0.3518398106098175,0.0,0.3333333333333333,0.0,4.81443309783936
Q_000063,MENU_002479,1,18,0.3504642844200134,0.0,0.3333333333333333,0.0,4.68452405929565
Q_000063,MENU_002471,1,19,0.3468742370605469,0.0,0.3333333333333333,0.0,4.68452405929565
Q_000063,MENU_000294,0,20,0.34531137347221375,0.0,0.3333333333333333,0.0,4.74418592453003
Q_000063,MENU_000643,0,21,0.34446588158607483,0.0,0.3333333333333333,0.0,4.64431381225586
Q_000063,MENU_000603,0,22,0.34277692437171936,0.0,0.3333333333333333,0.0,4.64431381225586
Q_000063,MENU_000296,0,23,0.3414086401462555,0.0,0.3333333333333333,0.0,4.74418592453003
Q_000063,MENU_001591,0,24,0.3412114381790161,0.0,0.0,0.3333333333333333,4.70322608947754
Q_000063,MENU_001784,0,25,0.33902695775032043,0.0,0.3333333333333333,0.0,4.81443309783936
Q_000063,MENU_000596,0,26,0.3374103903770447,0.0,0.3333333333333333,0.0,4.64431381225586
Q_000063,MENU_002470,1,27,0.3365947902202606,0.0,0.3333333333333333,0.0,4.68452405929565
Q_000063,MENU_002544,0,28,0.3351835012435913,0.0,0.0,0.3333333333333333,4.0580267906189
Q_000063,MENU_001650,0,29,0.33398234844207764,0.0,0.0,0.0,4.58868885040283
Q_000063,MENU_001783,0,30,0.33223044872283936,0.0,0.3333333333333333,0.0,4.81443309783936
Q_000063,MENU_000614,0,31,0.33169102668762207,0.0,0.3333333333333333,0.0,4.64431381225586
Q_000063,MENU_002482,1,32,0.3301597237586975,0.0,0.3333333333333333,0.0,4.68452405929565
Q_000063,MENU_001511,0,33,0.3291581869125366,0.0,0.3333333333333333,0.0,4.49779605865479
Q_000063,MENU_002483,1,34,0.3268938660621643,0.0,0.3333333333333333,0.0,4.68452405929565
Q_000063,MENU_002772,0,35,0.32519516348838806,0.0,0.3333333333333333,0.0,0.0
Q_000063,MENU_000553,0,36,0.3246934413909912,0.0,0.3333333333333333,0.0,4.23846197128296
Q_000063,MENU_001392,0,37,0.3241637945175171,0.0,0.3333333333333333,0.0,4.75340223312378
Q_000063,MENU_001778,0,38,0.3238823413848877,0.0,0.3333333333333333,0.0,4.81443309783936
Q_000063,MENU_001338,0,39,0.3234143853187561,0.0,0.3333333333333333,0.0,4.75340223312378
Q_000063,MENU_001785,0,40,0.32315176725387573,0.0,0.3333333333333333,0.0,4.81443309783936
Q_000063,MENU_001014,0,41,0.3218819499015808,0.0,0.0,0.0,4.65962409973145
Q_000063,MENU_000639,0,42,0.3217031955718994,0.0,0.3333333333333333,0.0,4.64431381225586
Q_000063,MENU_002398,0,43,0.32082316279411316,0.0,0.0,0.6666666666666666,4.2142858505249
Q_000063,MENU_001777,0,44,0.3194102644920349,0.0,0.3333333333333333,0.0,4.81443309783936
Q_000063,MENU_000717,0,45,0.31761080026626587,0.0,0.3333333333333333,0.0,4.31238794326782
Q_000063,MENU_002805,0,46,0.31588998436927795,0.0,0.3333333333333333,0.0,0.0
Q_000063,MENU_000593,0,47,0.31389886140823364,0.0,0.3333333333333333,0.0,4.64431381225586
Q_000063,MENU_000864,0,48,0.31337547302246094,0.0,0.3333333333333333,0.0,4.85320281982422
Q_000063,MENU_000650,0,49,0.31300851702690125,0.0,0.3333333333333333,0.0,4.72276020050049
Q_000063,MENU_001961,0,50,0.31152665615081787,0.0,0.3333333333333333,0.0,4.74074077606201
Q_000064,MENU_002379,1,1,0.5912348031997681,0.0,0.5,1.0,4.57420492172241
Q_000064,MENU_002425,1,2,0.5912348031997681,0.0,0.5,1.0,4.2142858505249
Q_000064,MENU_001037,0,3,0.5418371558189392,0.5,0.5,0.0,4.25
Q_000064,MENU_001971,0,4,0.5412399768829346,0.5,0.0,0.0,4.74074077606201
Q_000064,MENU_002103,0,5,0.5362058877944946,0.5,0.5,0.5,4.07968902587891
Q_000064,MENU_001109,0,6,0.5271822214126587,0.5,0.5,0.0,4.25
Q_000064,MENU_001277,0,7,0.5231781005859375,0.5,0.5,0.0,4.75340223312378
Q_000064,MENU_001759,0,8,0.5151708126068115,0.5,0.0,0.5,4.81443309783936
Q_000064,MENU_001028,0,9,0.5119057893753052,0.0,0.5,0.0,4.25
Q_000064,MENU_001095,0,10,0.5104386210441589,0.0,0.5,0.0,4.25
Q_000064,MENU_000362,1,11,0.5085901021957397,0.0,0.5,0.5,4.71902799606323
Q_000064,MENU_001100,0,12,0.5062255859375,0.0,0.0,0.0,4.25
Q_000064,MENU_000784,0,13,0.5047106146812439,0.5,0.0,0.0,4.70389223098755
Q_000064,MENU_001038,0,14,0.5046009421348572,0.5,0.5,0.0,4.25
Q_000064,MENU_001121,0,15,0.4963383376598358,0.0,0.5,0.0,4.25
Q_000064,MENU_002399,1,16,0.4957692325115204,0.0,0.5,0.0,4.2142858505249
Q_000064,MENU_002356,1,17,0.4957692325115204,0.0,0.5,0.0,4.57420492172241
Q_000064,MENU_001123,0,18,0.4887844920158386,0.0,0.5,0.0,4.25
Q_000064,MENU_000228,0,19,0.48697003722190857,0.0,0.0,0.0,4.14949178695679
Q_000064,MENU_001107,0,20,0.4859066605567932,0.0,0.5,0.0,4.25
Q_000064,MENU_002364,1,21,0.48493829369544983,0.0,0.5,0.5,4.57420492172241
Q_000064,MENU_002408,1,22,0.48493829369544983,0.0,0.5,0.5,4.2142858505249
Q_000064,MENU_001033,0,23,0.48434746265411377,0.0,0.5,0.0,4.25
Q_000064,MENU_001125,0,24,0.4830586910247803,0.0,0.5,0.0,4.25
Q_000064,MENU_002107,0,25,0.4826553761959076,0.5,0.5,0.5,4.07968902587891
Q_000064,MENU_001084,0,26,0.48259952664375305,0.0,0.5,0.0,4.25
Q_000064,MENU_000236,0,27,0.48229220509529114,0.0,0.5,0.0,4.14949178695679
Q_000064,MENU_001046,0,28,0.4781486392021179,0.0,0.0,0.0,4.25
Q_000064,MENU_000124,0,29,0.4766899645328522,0.0,0.0,0.0,4.63380479812622
Q_000064,MENU_000370,1,30,0.4760717749595642,0.0,0.5,0.0,4.71902799606323
Q_000064,MENU_000346,1,31,0.47434401512145996,0.0,0.5,0.5,4.71902799606323
Q_000064,MENU_000234,0,32,0.4739843010902405,0.0,0.5,0.0,4.14949178695679
Q_000064,MENU_000636,0,33,0.47385895252227783,0.0,0.5,0.0,4.64431381225586
Q_000064,MENU_001075,0,34,0.473369300365448,0.0,0.5,0.0,4.25
Q_000064,MENU_000347,1,35,0.4725492596626282,0.0,0.5,0.5,4.71902799606323
Q_000064,MENU_002112,0,36,0.472332239151001,0.5,0.5,1.0,4.07968902587891
Q_000064,MENU_000225,0,37,0.4723186790943146,0.0,0.5,0.0,4.14949178695679
Q_000064,MENU_000517,0,38,0.4721221923828125,0.0,0.0,0.0,4.62876319885254
Q_000064,MENU_001077,0,39,0.4712996184825897,0.0,0.5,0.0,4.25
Q_000064,MENU_002109,0,40,0.47123244404792786,0.5,0.5,0.5,4.07968902587891
Q_000064,MENU_001773,0,41,0.4685772955417633,0.0,0.0,0.0,4.81443309783936
Q_000064,MENU_000369,1,42,0.46836066246032715,0.0,0.5,0.0,4.71902799606323
Q_000064,MENU_001099,0,43,0.4676940143108368,0.0,0.5,0.0,4.25
Q_000064,MENU_001059,0,44,0.46764829754829407,0.0,0.0,0.0,4.25
Q_000064,MENU_000522,0,45,0.46480032801628113,0.0,0.0,0.0,4.63044404983521
Q_000064,MENU_002108,0,46,0.4627286195755005,0.5,0.0,0.5,4.07968902587891
Q_000064,MENU_000523,0,47,0.46234047412872314,0.5,0.5,0.0,4.63044404983521
Q_000064,MENU_000004,0,48,0.4615422785282135,0.5,0.0,0.0,4.0
Q_000064,MENU_001034,0,49,0.46085354685783386,0.0,0.5,0.0,4.25
Q_000064,MENU_001083,0,50,0.4607046842575073,0.0,0.5,0.0,4.25
Q_000065,MENU_002708,0,1,0.4981474280357361,0.0,0.0,0.0,4.66852378845215
Q_000065,MENU_002158,1,2,0.4760516881942749,0.0,0.3333333333333333,0.0,4.64444398880005
Q_000065,MENU_002142,1,3,0.4730182886123657,0.0,0.3333333333333333,0.0,4.64444398880005
Q_000065,MENU_002725,0,4,0.4696619510650635,0.0,0.0,0.0,4.66852378845215
Q_000065,MENU_002160,1,5,0.46456378698349,0.0,0.3333333333333333,0.0,4.64444398880005
Q_000065,MENU_001135,0,6,0.45846807956695557,0.0,0.3333333333333333,0.0,4.0
Q_000065,MENU_001902,0,7,0.4475693702697754,0.0,0.0,0.0,4.3829460144043
Q_000065,MENU_000206,0,8,0.44544973969459534,0.0,0.0,0.0,4.7832818031311
Q_000065,MENU_001559,0,9,0.4418811798095703,0.0,0.3333333333333333,0.0,4.51582288742065
Q_000065,MENU_002162,1,10,0.44110244512557983,0.0,0.3333333333333333,0.0,4.64444398880005
Q_000065,MENU_002412,0,11,0.43959105014801025,0.0,0.0,0.0,4.2142858505249
Q_000065,MENU_002367,0,12,0.43959105014801025,0.0,0.0,0.0,4.57420492172241
Q_000065,MENU_000213,0,13,0.4389721155166626,0.0,0.0,0.0,4.7832818031311
Q_000065,MENU_002715,0,14,0.43891483545303345,0.0,0.0,0.0,4.66852378845215
Q_000065,MENU_002137,1,15,0.4388764500617981,0.0,0.3333333333333333,0.0,4.64444398880005
Q_000065,MENU_002718,0,16,0.4362766146659851,0.0,0.0,0.0,4.66852378845215
Q_000065,MENU_002719,0,17,0.42962348461151123,0.0,0.0,0.0,4.66852378845215
Q_000065,MENU_002390,0,18,0.424596905708313,0.0,0.0,0.0,4.2142858505249
Q_000065,MENU_002347,0,19,0.424596905708313,0.0,0.0,0.0,4.57420492172241
Q_000065,MENU_001558,0,20,0.41365888714790344,0.0,0.0,0.0,4.51582288742065
Q_000065,MENU_002712,0,21,0.4086657166481018,0.0,0.0,0.0,4.66852378845215
Q_000065,MENU_001344,0,22,0.407659113407135,0.0,0.0,0.0,4.75340223312378
Q_000065,MENU_002716,0,23,0.40565741062164307,0.0,0.0,0.0,4.66852378845215
Q_000065,MENU_001970,0,24,0.40506988763809204,0.0,0.3333333333333333,0.0,4.74074077606201
Q_000065,MENU_002726,0,25,0.4047869145870209,0.0,0.0,0.0,4.66852378845215
Q_000065,MENU_002147,1,26,0.4019404947757721,0.0,0.3333333333333333,0.0,4.64444398880005
Q_000065,MENU_002723,0,27,0.40098950266838074,0.0,0.0,0.0,4.66852378845215
Q_000065,MENU_002722,0,28,0.4003242254257202,0.0,0.0,0.0,4.66852378845215
Q_000065,MENU_002161,0,29,0.39964425563812256,0.0,0.0,0.0,4.64444398880005
Q_000065,MENU_002164,1,30,0.39862239360809326,0.0,0.3333333333333333,0.0,4.64444398880005
Q_000065,MENU_002131,1,31,0.39832139015197754,0.0,0.3333333333333333,0.0,4.64444398880005
Q_000065,MENU_002713,0,32,0.3958454728126526,0.0,0.0,0.0,4.66852378845215
Q_000065,MENU_002724,0,33,0.3948885500431061,0.0,0.0,0.0,4.66852378845215
Q_000065,MENU_002710,0,34,0.39344874024391174,0.0,0.0,0.0,4.66852378845215
Q_000065,MENU_002375,0,35,0.38969528675079346,0.0,0.0,0.0,4.57420492172241
Q_000065,MENU_002421,0,36,0.38969528675079346,0.0,0.0,0.0,4.2142858505249
Q_000065,MENU_001744,0,37,0.38916122913360596,0.0,0.0,0.0,4.81443309783936
Q_000065,MENU_000212,0,38,0.38881316781044006,0.0,0.0,0.0,4.7832818031311
Q_000065,MENU_002349,0,39,0.38625264167785645,0.0,0.0,0.0,4.57420492172241
Q_000065,MENU_002392,0,40,0.38625264167785645,0.0,0.0,0.0,4.2142858505249
Q_000065,MENU_002706,0,41,0.3860251009464264,0.0,0.0,0.0,4.66852378845215
Q_000065,MENU_002709,0,42,0.38281381130218506,0.0,0.0,0.0,4.66852378845215
Q_000065,MENU_002157,0,43,0.3825147747993469,0.0,0.0,0.0,4.64444398880005
Q_000065,MENU_001555,0,44,0.38090279698371887,0.0,0.0,0.0,4.51582288742065
Q_000065,MENU_002729,0,45,0.3803359270095825,0.0,0.0,0.0,4.66852378845215
Q_000065,MENU_000209,0,46,0.3783175051212311,0.0,0.0,0.0,4.7832818031311
Q_000065,MENU_001557,0,47,0.37813642621040344,0.0,0.0,0.0,4.51582288742065
Q_000065,MENU_002721,0,48,0.3778606653213501,0.0,0.0,0.0,4.66852378845215
Q_000065,MENU_002395,0,49,0.37542539834976196,0.0,0.0,0.0,4.2142858505249
Q_000065,MENU_002352,0,50,0.37542539834976196,0.0,0.0,0.0,4.57420492172241
Q_000066,MENU_000901,1,1,0.6238152384757996,0.0,0.6666666666666666,0.0,4.0
Q_000066,MENU_000293,0,2,0.6116518974304199,0.3333333333333333,0.0,0.0,4.74764919281006
Q_000066,MENU_000972,1,3,0.5944522619247437,0.0,0.6666666666666666,0.0,4.0
Q_000066,MENU_000956,1,4,0.5736401081085205,0.3333333333333333,0.6666666666666666,0.0,4.0
Q_000066,MENU_000942,1,5,0.566551923751831,0.0,0.6666666666666666,0.0,4.0
Q_000066,MENU_000981,1,6,0.5508714914321899,0.0,0.6666666666666666,0.0,4.0
Q_000066,MENU_000882,1,7,0.5053626894950867,0.3333333333333333,0.6666666666666666,0.0,4.0
Q_000066,MENU_000949,1,8,0.5028603076934814,0.3333333333333333,0.6666666666666666,0.0,4.0
Q_000066,MENU_000969,1,9,0.4908548593521118,0.3333333333333333,0.6666666666666666,0.0,4.0
Q_000066,MENU_000966,1,10,0.4798816442489624,0.3333333333333333,0.6666666666666666,0.0,4.0
Q_000066,MENU_001812,0,11,0.45134401321411133,0.0,0.0,0.3333333333333333,4.6991171836853
Q_000066,MENU_001811,0,12,0.4492403566837311,0.0,0.0,0.3333333333333333,4.6991171836853
Q_000066,MENU_000902,0,13,0.44468799233436584,0.0,0.3333333333333333,0.0,4.0
Q_000066,MENU_002773,0,14,0.40836846828460693,0.0,0.0,0.0,0.0
Q_000066,MENU_000904,0,15,0.40255606174468994,0.0,0.3333333333333333,0.0,4.0
Q_000066,MENU_001490,0,16,0.39787882566452026,0.3333333333333333,0.0,0.0,4.7914719581604
Q_000066,MENU_000955,0,17,0.39574724435806274,0.0,0.3333333333333333,0.0,4.0
Q_000066,MENU_000893,0,18,0.3931497037410736,0.0,0.3333333333333333,0.0,4.0
Q_000066,MENU_000957,0,19,0.3891933560371399,0.0,0.3333333333333333,0.0,4.0
Q_000066,MENU_001815,0,20,0.3842988908290863,0.0,0.0,0.3333333333333333,4.6991171836853
Q_000066,MENU_000894,0,21,0.38325896859169006,0.0,0.3333333333333333,0.0,4.0
Q_000066,MENU_001814,0,22,0.3829677999019623,0.0,0.0,0.3333333333333333,4.6991171836853
Q_000066,MENU_000994,0,23,0.3825911283493042,0.0,0.3333333333333333,0.0,4.0
Q_000066,MENU_000971,0,24,0.38042426109313965,0.0,0.3333333333333333,0.0,4.0
Q_000066,MENU_000905,0,25,0.37697726488113403,0.0,0.3333333333333333,0.0,4.0
Q_000066,MENU_000881,0,26,0.3766523003578186,0.0,0.3333333333333333,0.0,4.0
Q_000066,MENU_000963,0,27,0.37530362606048584,0.0,0.3333333333333333,0.0,4.0
Q_000066,MENU_000413,0,28,0.3743712306022644,0.0,0.0,0.0,4.68128681182861
Q_000066,MENU_000412,0,29,0.368233859539032,0.0,0.0,0.0,4.68128681182861
Q_000066,MENU_000922,0,30,0.36816442012786865,0.0,0.0,0.0,4.0
Q_000066,MENU_000968,0,31,0.3616335690021515,0.0,0.3333333333333333,0.0,4.0
Q_000066,MENU_000983,0,32,0.360525906085968,0.0,0.3333333333333333,0.0,4.0
Q_000066,MENU_001932,0,33,0.36051231622695923,0.0,0.0,0.0,4.81481504440308
Q_000066,MENU_000948,0,34,0.35886383056640625,0.0,0.3333333333333333,0.0,4.0
Q_000066,MENU_000935,0,35,0.3574705123901367,0.0,0.3333333333333333,0.0,4.0
Q_000066,MENU_001747,0,36,0.3574656844139099,0.0,0.0,0.0,4.81443309783936
Q_000066,MENU_000967,0,37,0.3555814325809479,0.0,0.3333333333333333,0.0,4.0
Q_000066,MENU_002514,0,38,0.3555196523666382,0.0,0.3333333333333333,0.0,4.66060876846313
Q_000066,MENU_000965,0,39,0.351868599653244,0.0,0.3333333333333333,0.0,4.0
Q_000066,MENU_000411,0,40,0.34388968348503113,0.0,0.0,0.0,4.68128681182861
Q_000066,MENU_001983,0,41,0.3422786295413971,0.0,0.0,0.0,4.59150314331055
Q_000066,MENU_000970,0,42,0.33877700567245483,0.0,0.3333333333333333,0.0,4.0
Q_000066,MENU_001986,0,43,0.33422213792800903,0.0,0.0,0.0,4.59150314331055
Q_000066,MENU_000555,0,44,0.3326977491378784,0.3333333333333333,0.0,0.0,4.23846197128296
Q_000066,MENU_001001,0,45,0.32839083671569824,0.0,0.0,0.0,4.65962409973145
Q_000066,MENU_000951,0,46,0.3251197636127472,0.0,0.3333333333333333,0.0,4.0
Q_000066,MENU_000988,0,47,0.32329171895980835,0.0,0.0,0.0,4.0
Q_000066,MENU_000976,0,48,0.32172664999961853,0.0,0.0,0.0,4.0
Q_000066,MENU_002850,0,49,0.32062000036239624,0.0,0.0,0.3333333333333333,0.0
Q_000066,MENU_000975,0,50,0.31908684968948364,0.0,0.0,0.0,4.0
Q_000067,MENU_000153,0,1,0.5681363344192505,0.0,0.5,0.0,4.63380479812622
Q_000067,MENU_002114,1,2,0.5599443316459656,0.0,0.5,0.0,4.07968902587891
Q_000067,MENU_000252,0,3,0.5555064082145691,0.0,0.0,0.0,4.14949178695679
Q_000067,MENU_002113,1,4,0.5488243103027344,0.0,0.5,0.0,4.07968902587891
Q_000067,MENU_000233,0,5,0.542506217956543,0.0,0.0,0.0,4.14949178695679
Q_000067,MENU_001698,0,6,0.5387508869171143,0.0,0.0,0.0,3.84737396240234
Q_000067,MENU_000253,0,7,0.5384182929992676,0.0,0.0,0.0,4.14949178695679
Q_000067,MENU_000197,0,8,0.537848949432373,0.0,0.5,0.0,4.63380479812622
Q_000067,MENU_000131,0,9,0.5377086997032166,0.0,0.5,0.0,4.63380479812622
Q_000067,MENU_000120,0,10,0.537136971950531,0.0,0.5,0.0,4.63380479812622
Q_000067,MENU_000313,0,11,0.5365623235702515,0.0,0.5,0.0,4.74902009963989
Q_000067,MENU_000244,0,12,0.535432755947113,0.0,0.0,0.0,4.14949178695679
Q_000067,MENU_001259,0,13,0.5324414968490601,0.0,0.0,0.0,4.75340223312378
Q_000067,MENU_002115,0,14,0.5310519337654114,0.0,0.0,0.0,4.07968902587891
Q_000067,MENU_000243,0,15,0.5260593891143799,0.0,0.0,0.0,4.14949178695679
Q_000067,MENU_001131,1,16,0.5253788232803345,0.0,0.5,0.0,4.63961410522461
Q_000067,MENU_000312,0,17,0.5251740217208862,0.0,0.5,0.0,4.74902009963989
Q_000067,MENU_000231,0,18,0.5197130441665649,0.0,0.0,0.0,4.14949178695679
Q_000067,MENU_002520,0,19,0.5171079635620117,0.0,0.0,0.0,4.38983106613159
Q_000067,MENU_001667,0,20,0.5126005411148071,0.0,0.0,0.0,3.84737396240234
Q_000067,MENU_000196,0,21,0.5121209621429443,0.0,0.5,0.0,4.63380479812622
Q_000067,MENU_002789,0,22,0.5121098160743713,0.0,0.0,0.0,0.0
Q_000067,MENU_001260,0,23,0.5073726177215576,0.0,0.0,0.0,4.75340223312378
Q_000067,MENU_000245,0,24,0.5050692558288574,0.0,0.0,0.0,4.14949178695679
Q_000067,MENU_002116,1,25,0.503886342048645,0.0,0.5,0.0,4.07968902587891
Q_000067,MENU_000237,0,26,0.49983179569244385,0.0,0.0,0.0,4.14949178695679
Q_000067,MENU_001680,0,27,0.4995957911014557,0.0,0.0,0.0,3.84737396240234
Q_000067,MENU_001328,0,28,0.49950817227363586,0.0,0.0,0.0,4.75340223312378
Q_000067,MENU_000227,0,29,0.497110515832901,0.0,0.0,0.0,4.14949178695679
Q_000067,MENU_001261,0,30,0.49654215574264526,0.0,0.0,0.0,4.75340223312378
Q_000067,MENU_002739,0,31,0.4957951307296753,0.0,0.0,0.0,0.0
Q_000067,MENU_000229,0,32,0.4950859546661377,0.0,0.0,0.0,4.14949178695679
Q_000067,MENU_002117,1,33,0.4949113130569458,0.0,0.5,0.0,4.07968902587891
Q_000067,MENU_002516,0,34,0.4940105080604553,0.0,0.0,0.0,4.38983106613159
Q_000067,MENU_001683,0,35,0.4938403367996216,0.0,0.0,0.0,3.84737396240234
Q_000067,MENU_002743,0,36,0.4934937059879303,0.0,0.0,0.0,0.0
Q_000067,MENU_001685,0,37,0.49338245391845703,0.0,0.0,0.0,3.84737396240234
Q_000067,MENU_001720,0,38,0.4929092228412628,0.0,0.0,0.0,3.84737396240234
Q_000067,MENU_002759,0,39,0.49126964807510376,0.0,0.0,0.0,0.0
Q_000067,MENU_000251,0,40,0.49032777547836304,0.0,0.0,0.0,4.14949178695679
Q_000067,MENU_001719,0,41,0.49015238881111145,0.0,0.0,0.0,3.84737396240234
Q_000067,MENU_001681,0,42,0.49008119106292725,0.0,0.0,0.0,3.84737396240234
Q_000067,MENU_001722,0,43,0.4893639087677002,0.0,0.0,0.0,3.84737396240234
Q_000067,MENU_001355,0,44,0.4881763756275177,0.0,0.0,0.0,4.75340223312378
Q_000067,MENU_000232,0,45,0.4877786636352539,0.0,0.0,0.0,4.14949178695679
Q_000067,MENU_002373,0,46,0.48612499237060547,0.0,0.0,0.0,4.57420492172241
Q_000067,MENU_002419,0,47,0.48612499237060547,0.0,0.0,0.0,4.2142858505249
Q_000067,MENU_002760,0,48,0.48597434163093567,0.0,0.0,0.0,0.0
Q_000067,MENU_002776,0,49,0.4855532646179199,0.0,0.0,0.0,0.0
Q_000067,MENU_002505,1,50,0.48518675565719604,0.0,0.5,0.0,4.61388111114502
Q_000068,MENU_000997,0,1,0.5737007856369019,0.0,0.0,0.0,4.65557909011841
Q_000068,MENU_002274,1,2,0.569968581199646,0.0,0.5,0.0,4.58823490142822
Q_000068,MENU_000380,0,3,0.5611077547073364,0.0,0.0,0.0,0.0
Q_000068,MENU_000518,1,4,0.5607993602752686,0.0,0.5,0.0,4.63044404983521
Q_000068,MENU_000452,0,5,0.5462310314178467,0.0,0.0,0.0,4.68128681182861
Q_000068,MENU_000062,0,6,0.5387580394744873,0.0,0.0,0.0,4.82178211212158
Q_000068,MENU_000448,0,7,0.5351458787918091,0.0,0.0,0.0,4.68128681182861
Q_000068,MENU_002318,1,8,0.5344210863113403,0.0,0.5,0.0,4.67123317718506
Q_000068,MENU_000052,0,9,0.5342216491699219,0.0,0.0,0.0,4.82178211212158
Q_000068,MENU_000521,1,10,0.5337362289428711,0.0,0.5,0.0,4.63044404983521
Q_000068,MENU_000399,0,11,0.5336241722106934,0.0,0.0,0.0,4.68128681182861
Q_000068,MENU_000451,0,12,0.5330473780632019,0.0,0.0,0.0,4.68128681182861
Q_000068,MENU_001789,0,13,0.530733585357666,0.0,0.0,0.0,4.81443309783936
Q_000068,MENU_000449,0,14,0.5289947390556335,0.0,0.0,0.0,4.68128681182861
Q_000068,MENU_001374,0,15,0.5277278423309326,0.0,0.0,0.0,4.75340223312378
Q_000068,MENU_000055,0,16,0.5273932218551636,0.0,0.0,0.0,4.82178211212158
Q_000068,MENU_002317,1,17,0.5269462466239929,0.0,0.5,0.0,4.67123317718506
Q_000068,MENU_000416,0,18,0.5245615839958191,0.0,0.0,0.0,4.68128681182861
Q_000068,MENU_000398,0,19,0.52018141746521,0.0,0.0,0.0,4.68128681182861
Q_000068,MENU_001400,0,20,0.5185102224349976,0.0,0.0,0.0,4.59437894821167
Q_000068,MENU_000478,0,21,0.5182725191116333,0.0,0.0,0.0,4.68128681182861
Q_000068,MENU_000401,0,22,0.5173693299293518,0.0,0.0,0.0,4.68128681182861
Q_000068,MENU_000415,0,23,0.5165744423866272,0.0,0.0,0.0,4.68128681182861
Q_000068,MENU_000566,0,24,0.5142886638641357,0.0,0.0,0.0,3.98560500144959
Q_000068,MENU_000400,0,25,0.5138788819313049,0.0,0.0,0.0,4.68128681182861
Q_000068,MENU_000059,0,26,0.5111985802650452,0.0,0.0,0.0,4.82178211212158
Q_000068,MENU_000447,0,27,0.5087618827819824,0.0,0.0,0.0,4.68128681182861
Q_000068,MENU_001764,0,28,0.507631778717041,0.0,0.0,0.0,4.81443309783936
Q_000068,MENU_000404,0,29,0.5066719055175781,0.0,0.0,0.0,4.68128681182861
Q_000068,MENU_000408,0,30,0.5048664212226868,0.0,0.0,0.0,4.68128681182861
Q_000068,MENU_001297,0,31,0.5041735172271729,0.0,0.0,0.0,4.75340223312378
Q_000068,MENU_001766,0,32,0.5030514001846313,0.0,0.0,0.0,4.81443309783936
Q_000068,MENU_000773,0,33,0.5009353160858154,0.0,0.5,0.0,4.60988092422485
Q_000068,MENU_001763,0,34,0.5007719397544861,0.0,0.0,0.0,4.81443309783936
Q_000068,MENU_001724,0,35,0.5001131892204285,0.0,0.5,0.0,3.84737396240234
Q_000068,MENU_000417,0,36,0.49722421169281006,0.0,0.0,0.0,4.68128681182861
Q_000068,MENU_000065,0,37,0.49535292387008667,0.0,0.0,0.0,4.82178211212158
Q_000068,MENU_001762,0,38,0.4940640330314636,0.0,0.0,0.0,4.81443309783936
Q_000068,MENU_000053,0,39,0.4920900762081146,0.0,0.0,0.0,4.82178211212158
Q_000068,MENU_000837,0,40,0.48949724435806274,0.0,0.0,0.0,4.71359920501709
Q_000068,MENU_001665,0,41,0.4890637993812561,0.0,0.5,0.0,3.84737396240234
Q_000068,MENU_001965,0,42,0.48898810148239136,0.0,0.0,0.0,4.74074077606201
Q_000068,MENU_001035,0,43,0.4858246147632599,0.0,0.0,0.0,4.25
Q_000068,MENU_000487,0,44,0.4845566153526306,0.0,0.0,0.0,4.68128681182861
Q_000068,MENU_000667,0,45,0.48435208201408386,0.0,0.0,0.0,4.72276020050049
Q_000068,MENU_000410,0,46,0.48419177532196045,0.0,0.0,0.0,4.68128681182861
Q_000068,MENU_002311,1,47,0.4835868775844574,0.0,0.5,0.0,4.67123317718506
Q_000068,MENU_000434,0,48,0.4824536442756653,0.0,0.0,0.0,4.68128681182861
Q_000068,MENU_001375,0,49,0.4821912348270416,0.0,0.0,0.0,4.75340223312378
Q_000068,MENU_000563,0,50,0.4810238480567932,0.0,0.0,0.0,3.98560500144959
Q_000069,MENU_001765,1,1,0.5417605042457581,0.3333333333333333,0.3333333333333333,0.0,4.81443309783936
Q_000069,MENU_001767,1,2,0.5292707681655884,0.3333333333333333,0.3333333333333333,0.0,4.81443309783936
Q_000069,MENU_001762,1,3,0.5163503885269165,0.0,0.3333333333333333,0.0,4.81443309783936
Q_000069,MENU_000522,0,4,0.5153892040252686,0.3333333333333333,0.0,0.3333333333333333,4.63044404983521
Q_000069,MENU_001764,1,5,0.49730929732322693,0.0,0.3333333333333333,0.0,4.81443309783936
Q_000069,MENU_001789,1,6,0.48879194259643555,0.3333333333333333,0.3333333333333333,0.0,4.81443309783936
Q_000069,MENU_001773,1,7,0.48388245701789856,0.3333333333333333,0.3333333333333333,0.3333333333333333,4.81443309783936
Q_000069,MENU_000636,0,8,0.48202526569366455,0.3333333333333333,0.0,0.0,4.64431381225586
Q_000069,MENU_001766,1,9,0.4818793833255768,0.3333333333333333,0.3333333333333333,0.0,4.81443309783936
Q_000069,MENU_000517,0,10,0.46261829137802124,0.3333333333333333,0.0,0.3333333333333333,4.62876319885254
Q_000069,MENU_001204,0,11,0.46067410707473755,0.0,0.0,0.3333333333333333,4.29862880706787
Q_000069,MENU_001752,1,12,0.44159913063049316,0.3333333333333333,0.3333333333333333,0.0,4.81443309783936
Q_000069,MENU_000777,0,13,0.4406967759132385,0.0,0.0,0.0,4.60988092422485
Q_000069,MENU_000776,0,14,0.4402322769165039,0.0,0.0,0.0,4.60988092422485
Q_000069,MENU_000778,0,15,0.4248615503311157,0.0,0.0,0.0,4.60988092422485
Q_000069,MENU_002618,0,16,0.4237315058708191,0.3333333333333333,0.3333333333333333,0.3333333333333333,4.18518495559692
Q_000069,MENU_001763,0,17,0.42101526260375977,0.0,0.0,0.0,4.81443309783936
Q_000069,MENU_001623,0,18,0.42056435346603394,0.0,0.0,0.0,4.58868885040283
Q_000069,MENU_002175,0,19,0.4130423963069916,0.0,0.0,0.0,4.65195322036743
Q_000069,MENU_001971,0,20,0.4053165912628174,0.0,0.0,0.0,4.74074077606201
Q_000069,MENU_001196,0,21,0.40453779697418213,0.3333333333333333,0.0,0.3333333333333333,4.29862880706787
Q_000069,MENU_001375,0,22,0.40361493825912476,0.0,0.0,0.0,4.75340223312378
Q_000069,MENU_001107,0,23,0.39791953563690186,0.0,0.0,0.0,4.25
Q_000069,MENU_002379,0,24,0.3919486999511719,0.0,0.0,0.0,4.57420492172241
Q_000069,MENU_002425,0,25,0.3919486999511719,0.0,0.0,0.0,4.2142858505249
Q_000069,MENU_002565,0,26,0.39157986640930176,0.0,0.0,0.0,4.67702722549438
Q_000069,MENU_000234,0,27,0.3888600766658783,0.0,0.0,0.0,4.14949178695679
Q_000069,MENU_001028,0,28,0.3869028091430664,0.0,0.0,0.0,4.25
Q_000069,MENU_000228,0,29,0.38604629039764404,0.0,0.0,0.0,4.14949178695679
Q_000069,MENU_001046,0,30,0.38535118103027344,0.0,0.0,0.0,4.25
Q_000069,MENU_002190,0,31,0.3841382563114166,0.0,0.0,0.0,4.65195322036743
Q_000069,MENU_000362,0,32,0.38261181116104126,0.0,0.0,0.0,4.71902799606323
Q_000069,MENU_001400,0,33,0.3823757469654083,0.0,0.0,0.0,4.59437894821167
Q_000069,MENU_000523,0,34,0.38189032673835754,0.0,0.0,0.0,4.63044404983521
Q_000069,MENU_000225,0,35,0.38180190324783325,0.0,0.0,0.0,4.14949178695679
Q_000069,MENU_000784,0,36,0.38171201944351196,0.0,0.0,0.0,4.70389223098755
Q_000069,MENU_000459,0,37,0.37993374466896057,0.0,0.0,0.0,4.68128681182861
Q_000069,MENU_001207,0,38,0.37980222702026367,0.0,0.0,0.0,4.29862880706787
Q_000069,MENU_000816,0,39,0.3787923753261566,0.0,0.0,0.0,4.64895582199097
Q_000069,MENU_002374,0,40,0.37761586904525757,0.0,0.0,0.0,4.57420492172241
Q_000069,MENU_002420,0,41,0.37761586904525757,0.0,0.0,0.0,4.2142858505249
Q_000069,MENU_000526,0,42,0.3769552707672119,0.0,0.0,0.0,4.63044404983521
Q_000069,MENU_002063,0,43,0.3765731751918793,0.0,0.0,0.0,4.77914094924927
Q_000069,MENU_000538,0,44,0.37653037905693054,0.0,0.0,0.0,4.23846197128296
Q_000069,MENU_000566,0,45,0.3760840892791748,0.0,0.0,0.0,3.98560500144959
Q_000069,MENU_001790,0,46,0.37473857402801514,0.0,0.0,0.0,4.81443309783936
Q_000069,MENU_000565,0,47,0.37355566024780273,0.0,0.0,0.0,3.98560500144959
Q_000069,MENU_002396,0,48,0.37339091300964355,0.0,0.0,0.0,4.2142858505249
Q_000069,MENU_002353,0,49,0.37339091300964355,0.0,0.0,0.0,4.57420492172241
Q_000069,MENU_000530,0,50,0.37193673849105835,0.0,0.0,0.0,4.80430507659912
Q_000070,MENU_002166,1,1,0.6263035535812378,0.0,0.5,0.0,4.64444398880005
Q_000070,MENU_001397,0,2,0.6173074245452881,0.0,0.5,0.0,4.75340223312378
Q_000070,MENU_001337,0,3,0.5855603218078613,0.0,0.0,0.0,4.75340223312378
Q_000070,MENU_002162,0,4,0.5851204991340637,0.0,0.0,0.0,4.64444398880005
Q_000070,MENU_002151,1,5,0.5722494125366211,0.0,0.5,0.0,4.64444398880005
Q_000070,MENU_001347,0,6,0.5689975023269653,0.0,0.5,0.0,4.75340223312378
Q_000070,MENU_002134,0,7,0.5677745342254639,0.0,0.0,0.0,4.64444398880005
Q_000070,MENU_001863,0,8,0.5651397705078125,0.0,0.0,0.0,4.6991171836853
Q_000070,MENU_002118,0,9,0.5589514374732971,0.0,0.0,0.0,4.64444398880005
Q_000070,MENU_002121,0,10,0.5571974515914917,0.0,0.0,0.0,4.64444398880005
Q_000070,MENU_002157,0,11,0.5539754629135132,0.0,0.0,0.0,4.64444398880005
Q_000070,MENU_002145,0,12,0.551044225692749,0.0,0.0,0.0,4.64444398880005
Q_000070,MENU_000144,0,13,0.5503610968589783,0.0,0.5,0.0,4.63380479812622
Q_000070,MENU_002150,1,14,0.5492998361587524,0.0,0.5,0.0,4.64444398880005
Q_000070,MENU_002137,0,15,0.5491489171981812,0.0,0.0,0.0,4.64444398880005
Q_000070,MENU_002154,1,16,0.5410985350608826,0.0,0.5,0.0,4.64444398880005
Q_000070,MENU_002149,0,17,0.5404385328292847,0.0,0.0,0.0,4.64444398880005
Q_000070,MENU_000271,0,18,0.533503532409668,0.0,0.0,0.0,4.65069389343262
Q_000070,MENU_002133,0,19,0.5327430963516235,0.0,0.0,0.0,4.64444398880005
Q_000070,MENU_001292,0,20,0.5298091173171997,0.0,0.5,0.0,4.75340223312378
Q_000070,MENU_002159,0,21,0.5284156203269958,0.0,0.0,0.0,4.64444398880005
Q_000070,MENU_002126,0,22,0.5276761054992676,0.0,0.0,0.0,4.64444398880005
Q_000070,MENU_000159,0,23,0.5256386995315552,0.0,0.5,0.0,4.63380479812622
Q_000070,MENU_000171,0,24,0.5234851837158203,0.0,0.0,0.0,4.63380479812622
Q_000070,MENU_002127,0,25,0.5230109691619873,0.0,0.0,0.0,4.64444398880005
Q_000070,MENU_000507,0,26,0.5220015645027161,0.0,0.0,0.0,4.69177389144897
Q_000070,MENU_002163,1,27,0.5210353136062622,0.0,0.5,0.0,4.64444398880005
Q_000070,MENU_002129,1,28,0.5210130214691162,0.0,0.5,0.0,4.64444398880005
Q_000070,MENU_002164,0,29,0.5206966400146484,0.0,0.0,0.0,4.64444398880005
Q_000070,MENU_002153,0,30,0.516115665435791,0.0,0.0,0.0,4.64444398880005
Q_000070,MENU_002119,0,31,0.5151205062866211,0.0,0.0,0.0,4.64444398880005
Q_000070,MENU_002146,0,32,0.5136025547981262,0.0,0.0,0.0,4.64444398880005
Q_000070,MENU_000714,1,33,0.5133296847343445,0.0,0.5,0.0,4.58141183853149
Q_000070,MENU_002132,0,34,0.5097605586051941,0.0,0.0,0.0,4.64444398880005
Q_000070,MENU_000320,0,35,0.5096803307533264,0.0,0.0,0.0,4.74902009963989
Q_000070,MENU_000148,0,36,0.5096465945243835,0.0,0.5,0.0,4.63380479812622
Q_000070,MENU_002147,0,37,0.5069531798362732,0.0,0.0,0.0,4.64444398880005
Q_000070,MENU_002120,0,38,0.5068304538726807,0.0,0.0,0.0,4.64444398880005
Q_000070,MENU_002128,0,39,0.5059841871261597,0.0,0.0,0.0,4.64444398880005
Q_000070,MENU_002158,0,40,0.5041413307189941,0.0,0.0,0.0,4.64444398880005
Q_000070,MENU_002152,0,41,0.5025504231452942,0.0,0.0,0.0,4.64444398880005
Q_000070,MENU_000112,0,42,0.5011500120162964,0.0,0.0,0.0,3.0
Q_000070,MENU_002160,0,43,0.4955163598060608,0.0,0.0,0.0,4.64444398880005
Q_000070,MENU_002155,0,44,0.49550625681877136,0.0,0.0,0.0,4.64444398880005
Q_000070,MENU_002139,0,45,0.49359220266342163,0.0,0.0,0.0,4.64444398880005
Q_000070,MENU_001268,0,46,0.4893248975276947,0.0,0.0,0.0,4.75340223312378
Q_000070,MENU_002143,0,47,0.48899808526039124,0.0,0.0,0.0,4.64444398880005
Q_000070,MENU_001301,0,48,0.48868420720100403,0.0,0.0,0.0,4.75340223312378
Q_000070,MENU_000659,0,49,0.48783671855926514,0.0,0.0,0.0,4.72276020050049
Q_000070,MENU_002142,0,50,0.4873647689819336,0.0,0.0,0.0,4.64444398880005
Q_000071,MENU_001383,1,1,0.3359500467777252,0.0,0.5,0.0,4.75340223312378
Q_000071,MENU_001351,1,2,0.3356548845767975,0.0,0.5,0.0,4.75340223312378
Q_000071,MENU_001352,1,3,0.32635998725891113,0.0,0.5,0.0,4.75340223312378
Q_000071,MENU_001384,1,4,0.32439327239990234,0.0,0.5,0.0,4.75340223312378
Q_000071,MENU_001679,0,5,0.3204902410507202,0.0,0.0,0.0,3.84737396240234
Q_000071,MENU_001692,0,6,0.3065403699874878,0.0,0.0,0.0,3.84737396240234
Q_000071,MENU_001353,1,7,0.3026667833328247,0.0,0.5,0.0,4.75340223312378
Q_000071,MENU_000789,0,8,0.2991693615913391,0.0,0.25,0.0,4.70389223098755
Q_000071,MENU_001669,0,9,0.29573965072631836,0.0,0.0,0.0,3.84737396240234
Q_000071,MENU_001372,1,10,0.29195937514305115,0.0,0.5,0.0,4.75340223312378
Q_000071,MENU_001354,1,11,0.2887425422668457,0.0,0.5,0.0,4.75340223312378
Q_000071,MENU_001705,0,12,0.2877926826477051,0.0,0.0,0.0,3.84737396240234
Q_000071,MENU_001364,1,13,0.2856919467449188,0.0,0.5,0.0,4.75340223312378
Q_000071,MENU_001681,0,14,0.2781504690647125,0.0,0.0,0.0,3.84737396240234
Q_000071,MENU_002560,0,15,0.2706582844257355,0.0,0.0,0.0,4.67702722549438
Q_000071,MENU_000111,0,16,0.2661736011505127,0.0,0.0,0.0,4.5357141494751
Q_000071,MENU_001396,1,17,0.265251487493515,0.0,0.5,0.0,4.75340223312378
Q_000071,MENU_000783,0,18,0.26031529903411865,0.0,0.25,0.0,4.70389223098755
Q_000071,MENU_000579,0,19,0.25829166173934937,0.0,0.25,0.0,4.49110698699951
Q_000071,MENU_001688,0,20,0.25685030221939087,0.0,0.0,0.0,3.84737396240234
Q_000071,MENU_001694,0,21,0.2543830871582031,0.0,0.0,0.0,3.84737396240234
Q_000071,MENU_001663,0,22,0.2520812749862671,0.0,0.0,0.0,3.84737396240234
Q_000071,MENU_001371,1,23,0.2504996061325073,0.0,0.5,0.0,4.75340223312378
Q_000071,MENU_002559,0,24,0.2485160231590271,0.0,0.0,0.0,4.67702722549438
Q_000071,MENU_001879,0,25,0.24609261751174927,0.0,0.0,0.0,4.6991171836853
Q_000071,MENU_001880,0,26,0.2442784607410431,0.0,0.0,0.0,4.6991171836853
Q_000071,MENU_001881,0,27,0.2442784607410431,0.0,0.0,0.0,4.6991171836853
Q_000071,MENU_001259,1,28,0.24304574728012085,0.0,0.5,0.0,4.75340223312378
Q_000071,MENU_001227,0,29,0.2425604611635208,0.0,0.0,0.0,4.75703001022339
Q_000071,MENU_001878,0,30,0.24245518445968628,0.0,0.0,0.0,4.6991171836853
Q_000071,MENU_001260,1,31,0.24076898396015167,0.0,0.5,0.0,4.75340223312378
Q_000071,MENU_002396,0,32,0.2407526671886444,0.0,0.0,0.0,4.2142858505249
Q_000071,MENU_002353,0,33,0.2407526671886444,0.0,0.0,0.0,4.57420492172241
Q_000071,MENU_000691,0,34,0.23865002393722534,0.0,0.0,0.0,4.72276020050049
Q_000071,MENU_001877,0,35,0.2370578646659851,0.0,0.0,0.0,4.6991171836853
Q_000071,MENU_001232,0,36,0.23323357105255127,0.0,0.0,0.0,4.75703001022339
Q_000071,MENU_002348,0,37,0.23291845619678497,0.0,0.0,0.25,4.57420492172241
Q_000071,MENU_002391,0,38,0.23291845619678497,0.0,0.0,0.25,4.2142858505249
Q_000071,MENU_001754,0,39,0.230260968208313,0.0,0.0,0.0,4.81443309783936
Q_000071,MENU_002515,0,40,0.22954386472702026,0.0,0.0,0.0,4.66060876846313
Q_000071,MENU_002501,0,41,0.22943013906478882,0.0,0.0,0.0,4.28089904785156
Q_000071,MENU_000781,0,42,0.22655092179775238,0.0,0.25,0.0,4.70389223098755
Q_000071,MENU_000876,0,43,0.22613799571990967,0.0,0.0,0.0,0.0
Q_000071,MENU_001116,0,44,0.22557148337364197,0.0,0.0,0.0,4.25
Q_000071,MENU_001690,0,45,0.22478808462619781,0.0,0.0,0.0,3.84737396240234
Q_000071,MENU_002323,0,46,0.22468188405036926,0.0,0.0,0.0,4.681480884552
Q_000071,MENU_000871,0,47,0.22454756498336792,0.0,0.0,0.0,4.8529257774353
Q_000071,MENU_002679,0,48,0.2244771122932434,0.0,0.0,0.0,4.7348837852478
Q_000071,MENU_002603,0,49,0.2235601395368576,0.0,0.0,0.0,4.76699018478394
Q_000071,MENU_000795,0,50,0.22344955801963806,0.0,0.0,0.0,4.70389223098755
Q_000072,MENU_000203,0,1,0.458370566368103,0.0,0.0,0.0,4.63380479812622
Q_000072,MENU_000195,0,2,0.45481520891189575,0.0,0.0,0.0,4.63380479812622
Q_000072,MENU_000182,0,3,0.4314470887184143,0.0,0.0,0.0,4.63380479812622
Q_000072,MENU_002399,0,4,0.4296998977661133,0.0,0.0,0.0,4.2142858505249
Q_000072,MENU_002356,0,5,0.4296998977661133,0.0,0.0,0.0,4.57420492172241
Q_000072,MENU_000119,0,6,0.4213809072971344,0.0,0.0,0.0,4.63380479812622
Q_000072,MENU_000135,0,7,0.4191567003726959,0.0,0.0,0.0,4.63380479812622
Q_000072,MENU_001078,0,8,0.4138621985912323,0.0,0.0,0.0,4.25
Q_000072,MENU_000191,0,9,0.4128706455230713,0.0,0.0,0.0,4.63380479812622
Q_000072,MENU_001900,0,10,0.3914773464202881,0.0,0.0,0.0,4.58653783798218
Q_000072,MENU_001754,0,11,0.3901861011981964,0.0,0.0,0.0,4.81443309783936
Q_000072,MENU_000143,0,12,0.3855462074279785,0.0,0.0,0.0,4.63380479812622
Q_000072,MENU_002348,0,13,0.3793661594390869,0.0,0.0,0.0,4.57420492172241
Q_000072,MENU_002391,0,14,0.3793661594390869,0.0,0.0,0.0,4.2142858505249
Q_000072,MENU_001743,0,15,0.37705788016319275,0.0,0.0,0.0,4.81443309783936
Q_000072,MENU_000125,0,16,0.3742862343788147,0.0,0.0,0.0,4.63380479812622
Q_000072,MENU_001889,0,17,0.3723645806312561,0.0,0.0,0.0,3.94736790657043
Q_000072,MENU_001997,0,18,0.371442973613739,0.0,0.0,0.0,4.81096696853638
Q_000072,MENU_000124,0,19,0.3711889088153839,0.0,0.0,0.0,4.63380479812622
Q_000072,MENU_002396,0,20,0.37022751569747925,0.0,0.0,0.0,4.2142858505249
Q_000072,MENU_002353,0,21,0.37022751569747925,0.0,0.0,0.0,4.57420492172241
Q_000072,MENU_001413,0,22,0.36986982822418213,0.0,0.0,0.0,4.46881008148193
Q_000072,MENU_000243,0,23,0.3697490692138672,0.0,0.0,0.0,4.14949178695679
Q_000072,MENU_000989,1,24,0.36630532145500183,0.0,0.5,0.0,4.0
Q_000072,MENU_002373,0,25,0.3650462031364441,0.0,0.0,0.0,4.57420492172241
Q_000072,MENU_002419,0,26,0.3650462031364441,0.0,0.0,0.0,4.2142858505249
Q_000072,MENU_001790,0,27,0.3646679222583771,0.0,0.0,0.0,4.81443309783936
Q_000072,MENU_002350,0,28,0.36390000581741333,0.0,0.0,0.0,4.57420492172241
Q_000072,MENU_002393,0,29,0.36390000581741333,0.0,0.0,0.0,4.2142858505249
Q_000072,MENU_002420,0,30,0.3634851574897766,0.0,0.0,0.0,4.2142858505249
Q_000072,MENU_002374,0,31,0.3634851574897766,0.0,0.0,0.0,4.57420492172241
Q_000072,MENU_002400,0,32,0.36280491948127747,0.0,0.0,0.5,4.2142858505249
Q_000072,MENU_002357,0,33,0.36280491948127747,0.0,0.0,0.5,4.57420492172241
Q_000072,MENU_001134,0,34,0.3622550368309021,0.0,0.0,0.0,4.0
Q_000072,MENU_001063,0,35,0.35815078020095825,0.0,0.0,0.0,4.25
Q_000072,MENU_001964,0,36,0.3562530279159546,0.0,0.0,0.0,4.74074077606201
Q_000072,MENU_002570,0,37,0.35594409704208374,0.0,0.0,0.0,4.67702722549438
Q_000072,MENU_001371,0,38,0.35580572485923767,0.0,0.0,0.0,4.75340223312378
Q_000072,MENU_002352,0,39,0.35526931285858154,0.0,0.0,0.0,4.57420492172241
Q_000072,MENU_002395,0,40,0.35526931285858154,0.0,0.0,0.0,4.2142858505249
Q_000072,MENU_001071,0,41,0.3536611795425415,0.0,0.0,0.0,4.25
Q_000072,MENU_001372,0,42,0.3534843325614929,0.0,0.0,0.0,4.75340223312378
Q_000072,MENU_002216,0,43,0.3518450856208801,0.0,0.0,0.0,4.65195322036743
Q_000072,MENU_001899,0,44,0.3500201404094696,0.0,0.0,0.0,4.58653783798218
Q_000072,MENU_002351,0,45,0.34949472546577454,0.0,0.0,0.0,4.57420492172241
Q_000072,MENU_002394,0,46,0.34949472546577454,0.0,0.0,0.0,4.2142858505249
Q_000072,MENU_002425,0,47,0.3480231761932373,0.0,0.0,0.5,4.2142858505249
Q_000072,MENU_002379,0,48,0.3480231761932373,0.0,0.0,0.5,4.57420492172241
Q_000072,MENU_001242,0,49,0.34793606400489807,0.0,0.0,0.0,4.22527122497559
Q_000072,MENU_000133,0,50,0.3475324213504791,0.0,0.0,0.0,4.63380479812622
Q_000073,MENU_001327,0,1,0.6274816989898682,0.0,0.3333333333333333,0.0,4.75340223312378
Q_000073,MENU_001328,0,2,0.6235814094543457,0.0,0.0,0.0,4.75340223312378
Q_000073,MENU_001355,0,3,0.6234662532806396,0.0,0.3333333333333333,0.0,4.75340223312378
Q_000073,MENU_000153,1,4,0.6151924729347229,0.0,0.6666666666666666,0.0,4.63380479812622
Q_000073,MENU_001680,0,5,0.6101023554801941,0.0,0.0,0.0,3.84737396240234
Q_000073,MENU_001259,0,6,0.6059653759002686,0.0,0.0,0.0,4.75340223312378
Q_000073,MENU_000197,1,7,0.6056604981422424,0.0,0.6666666666666666,0.0,4.63380479812622
Q_000073,MENU_001683,0,8,0.6054351329803467,0.0,0.0,0.0,3.84737396240234
Q_000073,MENU_001722,0,9,0.6015615463256836,0.0,0.0,0.0,3.84737396240234
Q_000073,MENU_001721,0,10,0.5994350910186768,0.0,0.0,0.0,3.84737396240234
Q_000073,MENU_001681,0,11,0.5994300842285156,0.0,0.0,0.0,3.84737396240234
Q_000073,MENU_000179,1,12,0.5993170142173767,0.0,0.6666666666666666,0.0,4.63380479812622
Q_000073,MENU_002114,0,13,0.5960022807121277,0.0,0.3333333333333333,0.0,4.07968902587891
Q_000073,MENU_002377,0,14,0.5956945419311523,0.0,0.3333333333333333,0.3333333333333333,4.57420492172241
Q_000073,MENU_002423,0,15,0.5956945419311523,0.0,0.3333333333333333,0.3333333333333333,4.2142858505249
Q_000073,MENU_001580,0,16,0.5936537981033325,0.0,0.3333333333333333,0.0,4.88386678695679
Q_000073,MENU_001393,0,17,0.5931472778320312,0.0,0.3333333333333333,0.0,4.75340223312378
Q_000073,MENU_001293,0,18,0.5902692079544067,0.0,0.3333333333333333,0.0,4.75340223312378
Q_000073,MENU_000120,1,19,0.5884032249450684,0.0,0.6666666666666666,0.0,4.63380479812622
Q_000073,MENU_002384,0,20,0.585883617401123,0.0,0.3333333333333333,0.3333333333333333,4.57420492172241
Q_000073,MENU_002429,0,21,0.585883617401123,0.0,0.3333333333333333,0.3333333333333333,4.2142858505249
Q_000073,MENU_002017,0,22,0.5837503671646118,0.0,0.3333333333333333,0.0,4.1811408996582
Q_000073,MENU_001394,0,23,0.5833122730255127,0.0,0.3333333333333333,0.0,4.75340223312378
Q_000073,MENU_001357,0,24,0.5829504728317261,0.0,0.3333333333333333,0.0,4.75340223312378
Q_000073,MENU_001418,0,25,0.582751989364624,0.0,0.3333333333333333,0.0,4.46881008148193
Q_000073,MENU_000224,0,26,0.5827004909515381,0.0,0.0,0.0,4.14949178695679
Q_000073,MENU_001062,0,27,0.5825352668762207,0.0,0.3333333333333333,0.0,4.25
Q_000073,MENU_002419,0,28,0.5824607014656067,0.0,0.3333333333333333,0.0,4.2142858505249
Q_000073,MENU_002373,0,29,0.5824607014656067,0.0,0.3333333333333333,0.0,4.57420492172241
Q_000073,MENU_001409,0,30,0.5813418030738831,0.0,0.3333333333333333,0.0,4.46881008148193
Q_000073,MENU_001420,0,31,0.5810867547988892,0.0,0.3333333333333333,0.0,4.46881008148193
Q_000073,MENU_000131,1,32,0.58067387342453,0.0,0.6666666666666666,0.0,4.63380479812622
Q_000073,MENU_001351,0,33,0.5788151025772095,0.0,0.0,0.0,4.75340223312378
Q_000073,MENU_001339,0,34,0.577178955078125,0.0,0.3333333333333333,0.0,4.75340223312378
Q_000073,MENU_001371,0,35,0.5766751170158386,0.0,0.0,0.0,4.75340223312378
Q_000073,MENU_001365,0,36,0.5766525268554688,0.0,0.3333333333333333,0.0,4.75340223312378
Q_000073,MENU_000252,0,37,0.5765019655227661,0.0,0.0,0.0,4.14949178695679
Q_000073,MENU_001324,0,38,0.5743656754493713,0.0,0.3333333333333333,0.0,4.75340223312378
Q_000073,MENU_000821,0,39,0.5742354393005371,0.0,0.0,0.0,4.64895582199097
Q_000073,MENU_001340,0,40,0.5739256143569946,0.0,0.3333333333333333,0.0,4.75340223312378
Q_000073,MENU_000646,0,41,0.5738928318023682,0.0,0.0,0.0,4.64431381225586
Q_000073,MENU_001416,0,42,0.5720525979995728,0.0,0.3333333333333333,0.0,4.46881008148193
Q_000073,MENU_001325,0,43,0.5703765153884888,0.0,0.3333333333333333,0.0,4.75340223312378
Q_000073,MENU_001094,0,44,0.5695207715034485,0.0,0.3333333333333333,0.0,4.25
Q_000073,MENU_001358,0,45,0.5692470073699951,0.0,0.3333333333333333,0.0,4.75340223312378
Q_000073,MENU_002115,0,46,0.5689891576766968,0.0,0.0,0.0,4.07968902587891
Q_000073,MENU_001381,0,47,0.5687155723571777,0.0,0.3333333333333333,0.0,4.75340223312378
Q_000073,MENU_002105,0,48,0.5678812265396118,0.0,0.0,0.0,4.07968902587891
Q_000073,MENU_000196,1,49,0.5673436522483826,0.0,0.6666666666666666,0.0,4.63380479812622
Q_000073,MENU_001329,0,50,0.5665568709373474,0.0,0.3333333333333333,0.0,4.75340223312378
Q_000074,MENU_001652,1,1,0.6094890832901001,0.0,0.3333333333333333,0.0,4.58868885040283
Q_000074,MENU_001642,1,2,0.6054056882858276,0.0,0.3333333333333333,0.0,4.58868885040283
Q_000074,MENU_001635,1,3,0.5847643613815308,0.0,0.3333333333333333,0.0,4.58868885040283
Q_000074,MENU_001655,1,4,0.5825181007385254,0.0,0.3333333333333333,0.0,4.58868885040283
Q_000074,MENU_000077,0,5,0.5514119267463684,0.0,0.0,0.0,4.76417207717896
Q_000074,MENU_000217,0,6,0.5417175889015198,0.0,0.3333333333333333,0.0,4.35269689559937
Q_000074,MENU_001640,1,7,0.5267115831375122,0.0,0.3333333333333333,0.0,4.58868885040283
Q_000074,MENU_001625,1,8,0.489810585975647,0.0,0.3333333333333333,0.0,4.58868885040283
Q_000074,MENU_001199,0,9,0.4840072989463806,0.0,0.0,0.0,4.29862880706787
Q_000074,MENU_000479,0,10,0.4778229296207428,0.0,0.0,0.0,4.68128681182861
Q_000074,MENU_000409,0,11,0.47485870122909546,0.0,0.0,0.0,4.68128681182861
Q_000074,MENU_000445,0,12,0.46436238288879395,0.0,0.0,0.0,4.68128681182861
Q_000074,MENU_001675,0,13,0.4641115963459015,0.0,0.0,0.0,3.84737396240234
Q_000074,MENU_001713,0,14,0.45890992879867554,0.0,0.0,0.0,3.84737396240234
Q_000074,MENU_002078,0,15,0.4577130079269409,0.0,0.0,0.0,4.67941522598267
Q_000074,MENU_002698,0,16,0.4537433385848999,0.0,0.0,0.0,4.78461503982544
Q_000074,MENU_000178,0,17,0.452436238527298,0.0,0.0,0.0,4.63380479812622
Q_000074,MENU_000381,0,18,0.44496530294418335,0.0,0.0,0.0,4.68128681182861
Q_000074,MENU_001726,0,19,0.4337078332901001,0.0,0.0,0.0,3.84737396240234
Q_000074,MENU_001232,0,20,0.4320935010910034,0.0,0.0,0.0,4.75703001022339
Q_000074,MENU_000177,0,21,0.4314174950122833,0.0,0.0,0.0,4.63380479812622
Q_000074,MENU_001730,0,22,0.43003350496292114,0.0,0.0,0.0,3.84737396240234
Q_000074,MENU_001214,0,23,0.4292148947715759,0.0,0.0,0.0,4.75703001022339
Q_000074,MENU_001694,0,24,0.4247429370880127,0.0,0.0,0.0,3.84737396240234
Q_000074,MENU_001398,0,25,0.41721397638320923,0.0,0.0,0.0,4.92768096923828
Q_000074,MENU_001399,0,26,0.41207629442214966,0.0,0.0,0.0,4.92768096923828
Q_000074,MENU_001676,0,27,0.41165995597839355,0.0,0.0,0.0,3.84737396240234
Q_000074,MENU_002005,0,28,0.40826258063316345,0.0,0.0,0.0,4.1811408996582
Q_000074,MENU_001734,0,29,0.4054797291755676,0.0,0.0,0.0,4.81443309783936
Q_000074,MENU_002080,0,30,0.4037960171699524,0.0,0.0,0.0,4.67941522598267
Q_000074,MENU_001688,0,31,0.40158888697624207,0.0,0.0,0.0,3.84737396240234
Q_000074,MENU_002610,0,32,0.400837779045105,0.0,0.0,0.0,4.76699018478394
Q_000074,MENU_002079,0,33,0.3985177278518677,0.0,0.0,0.0,4.67941522598267
Q_000074,MENU_002354,0,34,0.3977455496788025,0.0,0.0,0.0,4.57420492172241
Q_000074,MENU_002202,0,35,0.39618170261383057,0.0,0.0,0.0,4.65195322036743
Q_000074,MENU_002258,0,36,0.3958761692047119,0.0,0.0,0.0,4.58823490142822
Q_000074,MENU_001670,0,37,0.39542585611343384,0.0,0.0,0.0,3.84737396240234
Q_000074,MENU_001375,0,38,0.39474350214004517,0.0,0.0,0.0,4.75340223312378
Q_000074,MENU_001707,0,39,0.39418813586235046,0.0,0.0,0.0,3.84737396240234
Q_000074,MENU_002262,0,40,0.3938639760017395,0.0,0.0,0.0,4.58823490142822
Q_000074,MENU_001705,0,41,0.3935134708881378,0.0,0.0,0.0,3.84737396240234
Q_000074,MENU_000198,0,42,0.3916797637939453,0.0,0.0,0.0,4.63380479812622
Q_000074,MENU_000312,0,43,0.39147138595581055,0.0,0.0,0.0,4.74902009963989
Q_000074,MENU_002611,0,44,0.38779157400131226,0.0,0.0,0.0,4.76699018478394
Q_000074,MENU_001733,0,45,0.3877711296081543,0.0,0.0,0.0,4.81443309783936
Q_000074,MENU_001211,0,46,0.38746729493141174,0.0,0.0,0.0,4.36710977554321
Q_000074,MENU_001671,0,47,0.3844996690750122,0.0,0.0,0.0,3.84737396240234
Q_000074,MENU_002504,0,48,0.38317689299583435,0.0,0.0,0.0,4.61388111114502
Q_000074,MENU_002115,0,49,0.38286927342414856,0.0,0.0,0.0,4.07968902587891
Q_000074,MENU_001233,0,50,0.38266822695732117,0.0,0.0,0.0,4.75703001022339
Q_000075,MENU_001396,0,1,0.5357643961906433,0.0,0.0,0.0,4.75340223312378
Q_000075,MENU_001395,0,2,0.5243310928344727,0.0,0.0,0.0,4.75340223312378
Q_000075,MENU_002391,0,3,0.49623894691467285,0.0,0.0,0.0,4.2142858505249
Q_000075,MENU_002348,0,4,0.49623894691467285,0.0,0.0,0.0,4.57420492172241
Q_000075,MENU_001351,0,5,0.49352267384529114,0.0,0.0,0.0,4.75340223312378
Q_000075,MENU_001420,0,6,0.48630762100219727,0.0,0.0,0.0,4.46881008148193
Q_000075,MENU_002501,0,7,0.48617982864379883,0.0,0.0,0.0,4.28089904785156
Q_000075,MENU_001867,0,8,0.47566884756088257,0.0,0.0,0.0,4.6991171836853
Q_000075,MENU_001263,0,9,0.47342437505722046,0.0,0.0,0.0,4.75340223312378
Q_000075,MENU_001053,0,10,0.47307702898979187,0.0,0.0,0.0,4.25
Q_000075,MENU_001424,0,11,0.4707464873790741,0.0,0.0,0.0,4.46881008148193
Q_000075,MENU_001352,0,12,0.46894174814224243,0.0,0.0,0.0,4.75340223312378
Q_000075,MENU_000315,0,13,0.4681030511856079,0.0,0.0,0.0,4.74902009963989
Q_000075,MENU_001055,0,14,0.46450352668762207,0.0,0.0,0.0,4.25
Q_000075,MENU_001373,0,15,0.46151408553123474,0.0,0.0,0.0,4.75340223312378
Q_000075,MENU_001371,0,16,0.46096524596214294,0.0,0.0,0.0,4.75340223312378
Q_000075,MENU_001837,0,17,0.45721447467803955,0.0,0.0,0.0,4.6991171836853
Q_000075,MENU_000122,0,18,0.4560496211051941,0.0,0.0,0.0,4.63380479812622
Q_000075,MENU_001884,0,19,0.45552998781204224,0.0,0.0,0.0,4.6991171836853
Q_000075,MENU_001032,0,20,0.4553655683994293,0.0,0.0,0.0,4.25
Q_000075,MENU_000194,0,21,0.45468389987945557,0.0,0.0,0.0,4.63380479812622
Q_000075,MENU_001681,0,22,0.4543723464012146,0.0,0.0,0.0,3.84737396240234
Q_000075,MENU_001380,0,23,0.4529823660850525,0.0,0.0,0.0,4.75340223312378
Q_000075,MENU_000228,0,24,0.4526310861110687,0.0,0.0,0.0,4.14949178695679
Q_000075,MENU_000663,0,25,0.4523123502731323,0.0,0.0,0.0,4.72276020050049
Q_000075,MENU_001353,0,26,0.45190608501434326,0.0,0.0,0.0,4.75340223312378
Q_000075,MENU_002409,0,27,0.4516370892524719,0.0,0.0,0.0,4.2142858505249
Q_000075,MENU_001048,0,28,0.4514661133289337,0.0,0.0,0.0,4.25
Q_000075,MENU_001344,0,29,0.45050492882728577,0.0,0.5,0.0,4.75340223312378
Q_000075,MENU_000176,0,30,0.4503507614135742,0.0,0.0,0.0,4.63380479812622
Q_000075,MENU_002683,0,31,0.44930922985076904,0.0,0.0,0.0,4.78461503982544
Q_000075,MENU_001385,0,32,0.4491037130355835,0.0,0.0,0.0,4.75340223312378
Q_000075,MENU_002428,0,33,0.4490599036216736,0.0,0.0,0.0,4.2142858505249
Q_000075,MENU_002383,0,34,0.4490599036216736,0.0,0.0,0.0,4.57420492172241
Q_000075,MENU_001845,0,35,0.4487914443016052,0.0,0.0,0.0,4.6991171836853
Q_000075,MENU_000668,0,36,0.44821488857269287,0.0,0.0,0.0,4.72276020050049
Q_000075,MENU_002555,0,37,0.44768667221069336,0.0,0.0,0.0,4.6232762336731
Q_000075,MENU_001372,0,38,0.4476313591003418,0.0,0.0,0.0,4.75340223312378
Q_000075,MENU_001256,0,39,0.44624030590057373,0.0,0.0,0.0,4.75340223312378
Q_000075,MENU_001383,0,40,0.4448966383934021,0.0,0.0,0.0,4.75340223312378
Q_000075,MENU_000065,0,41,0.4445039927959442,0.0,0.0,0.0,4.82178211212158
Q_000075,MENU_002684,0,42,0.4435363709926605,0.0,0.0,0.0,4.78461503982544
Q_000075,MENU_002420,0,43,0.44316160678863525,0.0,0.0,0.0,4.2142858505249
Q_000075,MENU_002374,0,44,0.44316160678863525,0.0,0.0,0.0,4.57420492172241
Q_000075,MENU_001975,0,45,0.4427054524421692,0.0,0.0,0.0,4.74074077606201
Q_000075,MENU_002355,0,46,0.4426782727241516,0.0,0.0,0.0,4.57420492172241
Q_000075,MENU_001294,0,47,0.4424627423286438,0.0,0.0,0.0,4.75340223312378
Q_000075,MENU_001126,0,48,0.4418810307979584,0.0,0.0,0.0,4.25
Q_000075,MENU_001354,0,49,0.4415258765220642,0.0,0.0,0.0,4.75340223312378
Q_000075,MENU_001282,0,50,0.44128310680389404,0.0,0.0,0.0,4.75340223312378
Q_000076,MENU_000711,0,1,0.4901348948478699,0.3333333333333333,0.0,0.3333333333333333,4.58141183853149
Q_000076,MENU_001026,0,2,0.46734005212783813,0.3333333333333333,0.0,0.3333333333333333,4.25
Q_000076,MENU_002091,1,3,0.46597757935523987,0.3333333333333333,0.3333333333333333,0.3333333333333333,4.47690582275391
Q_000076,MENU_000710,0,4,0.46270042657852173,0.3333333333333333,0.0,0.3333333333333333,4.58141183853149
Q_000076,MENU_002090,1,5,0.45349130034446716,0.3333333333333333,0.3333333333333333,0.3333333333333333,4.47690582275391
Q_000076,MENU_000042,0,6,0.4393825829029083,0.0,0.3333333333333333,0.0,4.42056798934937
Q_000076,MENU_000043,0,7,0.4376859664916992,0.0,0.3333333333333333,0.0,4.42056798934937
Q_000076,MENU_002002,0,8,0.42726200819015503,0.0,0.0,0.3333333333333333,4.1811408996582
Q_000076,MENU_002009,0,9,0.42498958110809326,0.3333333333333333,0.3333333333333333,0.3333333333333333,4.1811408996582
Q_000076,MENU_000114,0,10,0.4235755205154419,0.3333333333333333,0.0,0.0,3.0
Q_000076,MENU_002089,1,11,0.4225759208202362,0.3333333333333333,0.3333333333333333,0.3333333333333333,4.47690582275391
Q_000076,MENU_001027,0,12,0.4202386736869812,0.3333333333333333,0.0,0.0,4.25
Q_000076,MENU_002042,0,13,0.41254952549934387,0.3333333333333333,0.3333333333333333,0.3333333333333333,4.1811408996582
Q_000076,MENU_002039,0,14,0.4096275568008423,0.3333333333333333,0.3333333333333333,0.3333333333333333,4.1811408996582
Q_000076,MENU_002087,1,15,0.4096182584762573,0.3333333333333333,0.3333333333333333,0.3333333333333333,4.47690582275391
Q_000076,MENU_002118,0,16,0.40722429752349854,0.3333333333333333,0.0,0.3333333333333333,4.64444398880005
Q_000076,MENU_002088,1,17,0.406365305185318,0.3333333333333333,0.3333333333333333,0.3333333333333333,4.47690582275391
Q_000076,MENU_002045,0,18,0.40617483854293823,0.3333333333333333,0.3333333333333333,0.3333333333333333,4.1811408996582
Q_000076,MENU_000203,0,19,0.4045971632003784,0.3333333333333333,0.0,0.3333333333333333,4.63380479812622
Q_000076,MENU_002734,0,20,0.39410948753356934,0.3333333333333333,0.0,0.0,0.0
Q_000076,MENU_001743,0,21,0.38616448640823364,0.3333333333333333,0.0,0.3333333333333333,4.81443309783936
Q_000076,MENU_001870,0,22,0.38285031914711,0.0,0.0,0.3333333333333333,4.6991171836853
Q_000076,MENU_002733,0,23,0.3807227909564972,0.3333333333333333,0.0,0.0,0.0
Q_000076,MENU_001871,0,24,0.37866902351379395,0.0,0.0,0.3333333333333333,4.6991171836853
Q_000076,MENU_000111,0,25,0.3705473244190216,0.0,0.0,0.0,4.5357141494751
Q_000076,MENU_000847,0,26,0.36049020290374756,0.3333333333333333,0.0,0.3333333333333333,4.65116310119629
Q_000076,MENU_000872,0,27,0.34873273968696594,0.0,0.0,0.0,4.46214008331299
Q_000076,MENU_002396,0,28,0.3449164628982544,0.0,0.0,0.0,4.2142858505249
Q_000076,MENU_002353,0,29,0.3449164628982544,0.0,0.0,0.0,4.57420492172241
Q_000076,MENU_002323,0,30,0.3267436623573303,0.0,0.0,0.0,4.681480884552
Q_000076,MENU_000582,0,31,0.3239634037017822,0.0,0.0,0.0,4.49110698699951
Q_000076,MENU_002348,0,32,0.31972169876098633,0.0,0.0,0.0,4.57420492172241
Q_000076,MENU_002391,0,33,0.31972169876098633,0.0,0.0,0.0,4.2142858505249
Q_000076,MENU_000709,0,34,0.31719163060188293,0.0,0.0,0.0,4.58141183853149
Q_000076,MENU_001763,0,35,0.31660979986190796,0.0,0.0,0.0,4.81443309783936
Q_000076,MENU_002519,0,36,0.31653475761413574,0.0,0.0,0.0,4.38983106613159
Q_000076,MENU_000228,0,37,0.3149612843990326,0.0,0.0,0.0,4.14949178695679
Q_000076,MENU_000579,0,38,0.31208181381225586,0.0,0.0,0.0,4.49110698699951
Q_000076,MENU_002513,0,39,0.30909258127212524,0.0,0.0,0.0,4.67408514022827
Q_000076,MENU_001039,0,40,0.3037272095680237,0.0,0.0,0.0,4.25
Q_000076,MENU_000532,0,41,0.2999732494354248,0.0,0.0,0.0,4.54899787902832
Q_000076,MENU_000915,0,42,0.29958921670913696,0.0,0.0,0.0,4.0
Q_000076,MENU_001764,0,43,0.29861751198768616,0.0,0.0,0.0,4.81443309783936
Q_000076,MENU_000220,0,44,0.2982296347618103,0.0,0.0,0.0,4.14949178695679
Q_000076,MENU_001690,0,45,0.29780155420303345,0.0,0.0,0.0,3.84737396240234
Q_000076,MENU_001260,0,46,0.2976795732975006,0.0,0.0,0.0,4.75340223312378
Q_000076,MENU_001681,0,47,0.2970472574234009,0.0,0.0,0.0,3.84737396240234
Q_000076,MENU_000179,0,48,0.2948259115219116,0.0,0.0,0.0,4.63380479812622
Q_000076,MENU_001097,0,49,0.29375791549682617,0.0,0.0,0.0,4.25
Q_000076,MENU_001692,0,50,0.29046475887298584,0.0,0.0,0.0,3.84737396240234
Q_000077,MENU_000516,0,1,0.569158673286438,0.0,0.16666666666666666,0.0,4.64538478851318
Q_000077,MENU_002529,0,2,0.5428312420845032,0.0,0.0,0.0,4.70963716506958
Q_000077,MENU_002522,0,3,0.5157301425933838,0.0,0.16666666666666666,0.16666666666666666,4.70963716506958
Q_000077,MENU_001459,0,4,0.5152127742767334,0.0,0.0,0.0,4.60264015197754
Q_000077,MENU_002526,0,5,0.5138081312179565,0.0,0.16666666666666666,0.16666666666666666,4.70963716506958
Q_000077,MENU_001453,0,6,0.4988158941268921,0.16666666666666666,0.0,0.0,4.60264015197754
Q_000077,MENU_002521,0,7,0.4985942840576172,0.0,0.16666666666666666,0.16666666666666666,4.70963716506958
Q_000077,MENU_002524,0,8,0.4982982873916626,0.0,0.16666666666666666,0.16666666666666666,4.70963716506958
Q_000077,MENU_002525,0,9,0.49675631523132324,0.0,0.16666666666666666,0.16666666666666666,4.70963716506958
Q_000077,MENU_000532,0,10,0.4960201680660248,0.0,0.16666666666666666,0.0,4.54899787902832
Q_000077,MENU_002523,0,11,0.49008500576019287,0.0,0.16666666666666666,0.16666666666666666,4.70963716506958
Q_000077,MENU_001454,0,12,0.4875566363334656,0.16666666666666666,0.0,0.0,4.60264015197754
Q_000077,MENU_000874,0,13,0.4872731566429138,0.0,0.16666666666666666,0.0,4.46214008331299
Q_000077,MENU_002701,0,14,0.47945892810821533,0.0,0.0,0.0,4.78461503982544
Q_000077,MENU_000677,0,15,0.46893471479415894,0.0,0.0,0.0,4.72276020050049
Q_000077,MENU_001062,0,16,0.4683252274990082,0.0,0.0,0.0,4.25
Q_000077,MENU_001455,0,17,0.468108206987381,0.16666666666666666,0.0,0.0,4.60264015197754
Q_000077,MENU_001088,0,18,0.46365147829055786,0.0,0.16666666666666666,0.0,4.25
Q_000077,MENU_000688,0,19,0.46288809180259705,0.0,0.0,0.0,4.72276020050049
Q_000077,MENU_000950,0,20,0.460395485162735,0.0,0.0,0.0,4.0
Q_000077,MENU_000110,0,21,0.45745378732681274,0.0,0.0,0.0,4.69767379760742
Q_000077,MENU_000575,1,22,0.4569920599460602,0.0,0.6666666666666666,0.0,4.48866987228394
Q_000077,MENU_000710,0,23,0.4552537202835083,0.0,0.0,0.0,4.58141183853149
Q_000077,MENU_002474,0,24,0.4550511837005615,0.0,0.0,0.0,4.68452405929565
Q_000077,MENU_001760,0,25,0.454806923866272,0.0,0.0,0.0,4.81443309783936
Q_000077,MENU_001097,0,26,0.45472389459609985,0.0,0.16666666666666666,0.0,4.25
Q_000077,MENU_002544,0,27,0.4544777274131775,0.0,0.0,0.0,4.0580267906189
Q_000077,MENU_002062,0,28,0.4537188708782196,0.0,0.0,0.0,4.77914094924927
Q_000077,MENU_002736,0,29,0.45305612683296204,0.0,0.0,0.0,0.0
Q_000077,MENU_001073,0,30,0.45052069425582886,0.16666666666666666,0.16666666666666666,0.0,4.25
Q_000077,MENU_002702,0,31,0.45049965381622314,0.16666666666666666,0.0,0.0,4.78461503982544
Q_000077,MENU_000817,0,32,0.4495168924331665,0.0,0.0,0.0,4.64895582199097
Q_000077,MENU_000656,0,33,0.4470309615135193,0.0,0.0,0.0,4.72276020050049
Q_000077,MENU_001344,0,34,0.4469273090362549,0.0,0.0,0.0,4.75340223312378
Q_000077,MENU_000651,0,35,0.44686710834503174,0.0,0.0,0.0,4.72276020050049
Q_000077,MENU_000824,0,36,0.44681453704833984,0.0,0.0,0.0,4.64895582199097
Q_000077,MENU_001975,0,37,0.4463663399219513,0.0,0.0,0.0,4.74074077606201
Q_000077,MENU_002531,0,38,0.4461885690689087,0.0,0.0,0.0,4.70963716506958
Q_000077,MENU_001259,0,39,0.44571658968925476,0.0,0.0,0.0,4.75340223312378
Q_000077,MENU_001074,0,40,0.44560885429382324,0.0,0.16666666666666666,0.0,4.25
Q_000077,MENU_000577,1,41,0.4450661838054657,0.0,0.6666666666666666,0.0,4.48866987228394
Q_000077,MENU_001599,0,42,0.4438508152961731,0.0,0.0,0.0,4.86808490753174
Q_000077,MENU_001732,0,43,0.4429672956466675,0.0,0.16666666666666666,0.0,4.7578501701355
Q_000077,MENU_002509,0,44,0.44290032982826233,0.0,0.0,0.0,4.67408514022827
Q_000077,MENU_000680,0,45,0.44172340631484985,0.0,0.0,0.0,4.72276020050049
Q_000077,MENU_001465,0,46,0.43945765495300293,0.0,0.0,0.0,4.60264015197754
Q_000077,MENU_000711,0,47,0.4387805461883545,0.0,0.0,0.0,4.58141183853149
Q_000077,MENU_000873,0,48,0.4383900761604309,0.0,0.0,0.0,4.46214008331299
Q_000077,MENU_000823,0,49,0.4363086521625519,0.0,0.0,0.0,4.64895582199097
Q_000077,MENU_002528,0,50,0.43535009026527405,0.0,0.0,0.0,4.70963716506958
Q_000078,MENU_001718,1,1,0.7280808687210083,0.0,0.6666666666666666,0.0,3.84737396240234
Q_000078,MENU_001706,1,2,0.7256040573120117,0.0,0.6666666666666666,0.0,3.84737396240234
Q_000078,MENU_001670,1,3,0.7157853841781616,0.0,0.6666666666666666,0.0,3.84737396240234
Q_000078,MENU_001673,1,4,0.7135868072509766,0.0,0.6666666666666666,0.0,3.84737396240234
Q_000078,MENU_001704,1,5,0.7074708938598633,0.0,0.6666666666666666,0.0,3.84737396240234
Q_000078,MENU_001700,1,6,0.7048689126968384,0.0,0.6666666666666666,0.0,3.84737396240234
Q_000078,MENU_001674,1,7,0.7011873722076416,0.0,0.6666666666666666,0.0,3.84737396240234
Q_000078,MENU_001702,1,8,0.6992270946502686,0.0,0.6666666666666666,0.0,3.84737396240234
Q_000078,MENU_001712,1,9,0.6972558498382568,0.0,0.6666666666666666,0.0,3.84737396240234
Q_000078,MENU_001682,1,10,0.6959632635116577,0.0,0.6666666666666666,0.0,3.84737396240234
Q_000078,MENU_001672,1,11,0.6951237320899963,0.0,0.6666666666666666,0.0,3.84737396240234
Q_000078,MENU_001703,1,12,0.6943800449371338,0.0,0.6666666666666666,0.0,3.84737396240234
Q_000078,MENU_001671,1,13,0.6915929317474365,0.0,0.6666666666666666,0.0,3.84737396240234
Q_000078,MENU_001708,1,14,0.6881656646728516,0.0,0.6666666666666666,0.0,3.84737396240234
Q_000078,MENU_001693,1,15,0.6850980520248413,0.0,0.6666666666666666,0.0,3.84737396240234
Q_000078,MENU_001715,1,16,0.6838983297348022,0.0,0.6666666666666666,0.0,3.84737396240234
Q_000078,MENU_001701,1,17,0.680626392364502,0.0,0.6666666666666666,0.0,3.84737396240234
Q_000078,MENU_001711,1,18,0.6804215908050537,0.0,0.6666666666666666,0.0,3.84737396240234
Q_000078,MENU_001695,1,19,0.6792250871658325,0.0,0.6666666666666666,0.0,3.84737396240234
Q_000078,MENU_001707,1,20,0.6781981587409973,0.0,0.6666666666666666,0.0,3.84737396240234
Q_000078,MENU_001717,1,21,0.6774827241897583,0.0,0.6666666666666666,0.0,3.84737396240234
Q_000078,MENU_001710,1,22,0.6759816408157349,0.0,0.6666666666666666,0.0,3.84737396240234
Q_000078,MENU_001696,1,23,0.6667990684509277,0.0,0.6666666666666666,0.0,3.84737396240234
Q_000078,MENU_001709,1,24,0.6588068008422852,0.0,0.6666666666666666,0.0,3.84737396240234
Q_000078,MENU_002257,0,25,0.5370447635650635,0.0,0.3333333333333333,0.0,4.58823490142822
Q_000078,MENU_001724,0,26,0.5319826602935791,0.0,0.3333333333333333,0.0,3.84737396240234
Q_000078,MENU_002495,0,27,0.5028901100158691,0.0,0.0,0.0,4.79312086105347
Q_000078,MENU_001705,0,28,0.49067309498786926,0.0,0.0,0.0,3.84737396240234
Q_000078,MENU_002270,0,29,0.4879798889160156,0.0,0.3333333333333333,0.0,4.58823490142822
Q_000078,MENU_001665,0,30,0.4842667281627655,0.0,0.3333333333333333,0.0,3.84737396240234
Q_000078,MENU_002313,0,31,0.48057422041893005,0.0,0.3333333333333333,0.0,4.67123317718506
Q_000078,MENU_002258,0,32,0.47204363346099854,0.0,0.3333333333333333,0.0,4.58823490142822
Q_000078,MENU_002302,0,33,0.4703472852706909,0.0,0.3333333333333333,0.0,4.58823490142822
Q_000078,MENU_002309,0,34,0.46952539682388306,0.0,0.3333333333333333,0.0,4.67123317718506
Q_000078,MENU_002280,0,35,0.4694461524486542,0.0,0.3333333333333333,0.0,4.58823490142822
Q_000078,MENU_002262,0,36,0.45716971158981323,0.0,0.3333333333333333,0.0,4.58823490142822
Q_000078,MENU_002315,0,37,0.45409488677978516,0.0,0.3333333333333333,0.0,4.67123317718506
Q_000078,MENU_002282,0,38,0.4523429572582245,0.0,0.3333333333333333,0.0,4.58823490142822
Q_000078,MENU_002822,0,39,0.44835925102233887,0.0,0.0,0.0,0.0
Q_000078,MENU_002303,0,40,0.44457727670669556,0.0,0.0,0.0,4.58823490142822
Q_000078,MENU_002301,0,41,0.4444642663002014,0.0,0.0,0.0,4.58823490142822
Q_000078,MENU_000775,0,42,0.44276362657546997,0.0,0.0,0.0,4.60988092422485
Q_000078,MENU_001635,0,43,0.44234421849250793,0.0,0.0,0.0,4.58868885040283
Q_000078,MENU_002284,0,44,0.4417308568954468,0.0,0.3333333333333333,0.0,4.58823490142822
Q_000078,MENU_002271,0,45,0.44008952379226685,0.0,0.3333333333333333,0.0,4.58823490142822
Q_000078,MENU_002275,0,46,0.43738454580307007,0.0,0.3333333333333333,0.0,4.58823490142822
Q_000078,MENU_002307,0,47,0.4367462396621704,0.0,0.0,0.3333333333333333,4.54545497894287
Q_000078,MENU_000013,0,48,0.4348503351211548,0.0,0.0,0.0,4.85917997360229
Q_000078,MENU_002261,0,49,0.434124618768692,0.0,0.0,0.0,4.58823490142822
Q_000078,MENU_002826,0,50,0.4327690601348877,0.0,0.0,0.0,0.0
Q_000079,MENU_000663,1,1,0.42503809928894043,0.0,0.5,0.25,4.72276020050049
Q_000079,MENU_000679,1,2,0.4212438464164734,0.0,0.5,0.25,4.72276020050049
Q_000079,MENU_002179,0,3,0.41294384002685547,0.0,0.0,0.25,4.65195322036743
Q_000079,MENU_002268,0,4,0.40498268604278564,0.0,0.25,0.0,4.58823490142822
Q_000079,MENU_001726,0,5,0.3948829472064972,0.0,0.0,0.0,3.84737396240234
Q_000079,MENU_001232,0,6,0.38802987337112427,0.0,0.0,0.0,4.75703001022339
Q_000079,MENU_000672,1,7,0.3842056393623352,0.0,0.5,0.25,4.72276020050049
Q_000079,MENU_001730,0,8,0.381732314825058,0.0,0.0,0.0,3.84737396240234
Q_000079,MENU_001676,0,9,0.3802429735660553,0.0,0.0,0.0,3.84737396240234
Q_000079,MENU_002614,0,10,0.37694013118743896,0.0,0.0,0.0,4.76699018478394
Q_000079,MENU_002319,0,11,0.37528905272483826,0.0,0.25,0.0,4.67123317718506
Q_000079,MENU_002631,0,12,0.36728984117507935,0.0,0.0,0.0,4.58833312988281
Q_000079,MENU_000659,0,13,0.3655177354812622,0.0,0.0,0.0,4.72276020050049
Q_000079,MENU_001552,0,14,0.3642734885215759,0.0,0.0,0.0,4.20552682876587
Q_000079,MENU_001315,0,15,0.3569988012313843,0.0,0.0,0.0,4.75340223312378
Q_000079,MENU_000687,1,16,0.35668349266052246,0.0,0.5,0.25,4.72276020050049
Q_000079,MENU_001265,0,17,0.3548756241798401,0.0,0.0,0.0,4.75340223312378
Q_000079,MENU_001722,0,18,0.35455915331840515,0.0,0.0,0.0,3.84737396240234
Q_000079,MENU_002367,0,19,0.35395580530166626,0.0,0.0,0.0,4.57420492172241
Q_000079,MENU_002412,0,20,0.35395580530166626,0.0,0.0,0.0,4.2142858505249
Q_000079,MENU_001294,0,21,0.3535683751106262,0.0,0.0,0.0,4.75340223312378
Q_000079,MENU_001394,0,22,0.3521271049976349,0.0,0.0,0.0,4.75340223312378
Q_000079,MENU_002056,0,23,0.3498033285140991,0.0,0.0,0.0,4.1811408996582
Q_000079,MENU_001388,0,24,0.34816455841064453,0.0,0.0,0.0,4.75340223312378
Q_000079,MENU_000217,0,25,0.3478809595108032,0.0,0.0,0.0,4.35269689559937
Q_000079,MENU_002651,0,26,0.3469791114330292,0.0,0.0,0.0,4.58833312988281
Q_000079,MENU_002708,0,27,0.34678369760513306,0.0,0.0,0.0,4.66852378845215
Q_000079,MENU_002619,0,28,0.34502896666526794,0.0,0.25,0.0,4.66666698455811
Q_000079,MENU_001316,0,29,0.344885915517807,0.0,0.0,0.0,4.75340223312378
Q_000079,MENU_001233,0,30,0.34323206543922424,0.0,0.0,0.0,4.75703001022339
Q_000079,MENU_002398,0,31,0.3431518077850342,0.0,0.0,0.75,4.2142858505249
Q_000079,MENU_002397,0,32,0.34183380007743835,0.0,0.0,0.5,4.2142858505249
Q_000079,MENU_000182,0,33,0.34161704778671265,0.0,0.0,0.0,4.63380479812622
Q_000079,MENU_001683,0,34,0.3407973349094391,0.0,0.0,0.0,3.84737396240234
Q_000079,MENU_000587,0,35,0.3404023051261902,0.0,0.0,0.25,4.80404376983643
Q_000079,MENU_002068,0,36,0.34024062752723694,0.0,0.25,0.0,4.56661987304688
Q_000079,MENU_001975,0,37,0.3402150273323059,0.0,0.0,0.0,4.74074077606201
Q_000079,MENU_001721,0,38,0.3396003246307373,0.0,0.0,0.0,3.84737396240234
Q_000079,MENU_001214,0,39,0.33902251720428467,0.0,0.0,0.0,4.75703001022339
Q_000079,MENU_001317,0,40,0.33638235926628113,0.0,0.0,0.0,4.75340223312378
Q_000079,MENU_001284,0,41,0.3359116315841675,0.0,0.0,0.0,4.75340223312378
Q_000079,MENU_001226,0,42,0.3353542685508728,0.0,0.0,0.0,4.75703001022339
Q_000079,MENU_001725,0,43,0.33368363976478577,0.0,0.0,0.0,3.84737396240234
Q_000079,MENU_001209,0,44,0.33234554529190063,0.0,0.0,0.0,4.36710977554321
Q_000079,MENU_001666,0,45,0.3320859968662262,0.0,0.0,0.0,3.84737396240234
Q_000079,MENU_000907,0,46,0.33159884810447693,0.0,0.0,0.0,4.0
Q_000079,MENU_001680,0,47,0.33125489950180054,0.0,0.0,0.0,3.84737396240234
Q_000079,MENU_001681,0,48,0.331089586019516,0.0,0.0,0.0,3.84737396240234
Q_000079,MENU_000828,0,49,0.3304266929626465,0.0,0.25,0.0,4.55801105499268
Q_000079,MENU_001299,0,50,0.3302963376045227,0.0,0.0,0.0,4.75340223312378
Q_000080,MENU_001037,0,1,0.6357824206352234,0.3333333333333333,0.3333333333333333,0.0,4.25
Q_000080,MENU_002379,0,2,0.6129418611526489,0.0,0.3333333333333333,0.6666666666666666,4.57420492172241
Q_000080,MENU_002425,0,3,0.6129418611526489,0.0,0.3333333333333333,0.6666666666666666,4.2142858505249
Q_000080,MENU_001038,0,4,0.6100131273269653,0.3333333333333333,0.3333333333333333,0.0,4.25
Q_000080,MENU_001095,0,5,0.6049928665161133,0.0,0.3333333333333333,0.0,4.25
Q_000080,MENU_001109,0,6,0.6031038165092468,0.3333333333333333,0.3333333333333333,0.0,4.25
Q_000080,MENU_001123,0,7,0.6016560792922974,0.0,0.3333333333333333,0.0,4.25
Q_000080,MENU_001100,0,8,0.5969598293304443,0.0,0.0,0.0,4.25
Q_000080,MENU_001125,0,9,0.5934288501739502,0.0,0.3333333333333333,0.0,4.25
Q_000080,MENU_000784,0,10,0.5914226174354553,0.3333333333333333,0.0,0.0,4.70389223098755
Q_000080,MENU_001277,0,11,0.5870975852012634,0.3333333333333333,0.3333333333333333,0.0,4.75340223312378
Q_000080,MENU_001028,0,12,0.5869421362876892,0.0,0.3333333333333333,0.0,4.25
Q_000080,MENU_001121,0,13,0.5855367183685303,0.0,0.3333333333333333,0.0,4.25
Q_000080,MENU_000636,0,14,0.5855048894882202,0.0,0.3333333333333333,0.0,4.64431381225586
Q_000080,MENU_001107,0,15,0.5835291147232056,0.0,0.3333333333333333,0.0,4.25
Q_000080,MENU_000593,0,16,0.5825557708740234,0.3333333333333333,0.3333333333333333,0.0,4.64431381225586
Q_000080,MENU_000004,0,17,0.5802809596061707,0.3333333333333333,0.0,0.0,4.0
Q_000080,MENU_001971,0,18,0.580162763595581,0.3333333333333333,0.0,0.0,4.74074077606201
Q_000080,MENU_001084,0,19,0.5768626928329468,0.0,0.3333333333333333,0.0,4.25
Q_000080,MENU_001099,0,20,0.5767791867256165,0.0,0.3333333333333333,0.0,4.25
Q_000080,MENU_000124,0,21,0.5709972381591797,0.0,0.0,0.0,4.63380479812622
Q_000080,MENU_001485,0,22,0.5705397725105286,0.0,0.0,0.0,4.60264015197754
Q_000080,MENU_001034,0,23,0.5704152584075928,0.0,0.3333333333333333,0.0,4.25
Q_000080,MENU_001120,0,24,0.5660338401794434,0.0,0.3333333333333333,0.0,4.25
Q_000080,MENU_001431,0,25,0.5638790130615234,0.0,0.0,0.0,4.60449504852295
Q_000080,MENU_001789,0,26,0.5623109340667725,0.0,0.0,0.0,4.81443309783936
Q_000080,MENU_001033,0,27,0.5618447661399841,0.0,0.3333333333333333,0.0,4.25
Q_000080,MENU_001059,0,28,0.5589950084686279,0.0,0.0,0.0,4.25
Q_000080,MENU_001058,0,29,0.5588030815124512,0.0,0.3333333333333333,0.0,4.25
Q_000080,MENU_001035,0,30,0.5570927262306213,0.0,0.3333333333333333,0.0,4.25
Q_000080,MENU_002488,0,31,0.5567376017570496,0.0,0.3333333333333333,0.0,4.68452405929565
Q_000080,MENU_000485,0,32,0.556719183921814,0.0,0.0,0.0,4.68128681182861
Q_000080,MENU_001077,0,33,0.5564446449279785,0.0,0.3333333333333333,0.0,4.25
Q_000080,MENU_001083,0,34,0.5559312105178833,0.0,0.3333333333333333,0.0,4.25
Q_000080,MENU_001031,0,35,0.5557570457458496,0.0,0.0,0.0,4.25
Q_000080,MENU_001046,0,36,0.5545126795768738,0.0,0.0,0.0,4.25
Q_000080,MENU_001075,0,37,0.5533309578895569,0.0,0.3333333333333333,0.0,4.25
Q_000080,MENU_001205,0,38,0.5523509979248047,0.3333333333333333,0.0,0.0,4.29862880706787
Q_000080,MENU_002792,1,39,0.5521345138549805,0.3333333333333333,0.6666666666666666,0.0,0.0
Q_000080,MENU_001086,0,40,0.5511173605918884,0.0,0.3333333333333333,0.0,4.25
Q_000080,MENU_000236,0,41,0.5490312576293945,0.0,0.3333333333333333,0.0,4.14949178695679
Q_000080,MENU_002190,0,42,0.5478924512863159,0.0,0.0,0.0,4.65195322036743
Q_000080,MENU_001030,0,43,0.5472738742828369,0.0,0.3333333333333333,0.0,4.25
Q_000080,MENU_000390,0,44,0.547184944152832,0.0,0.0,0.0,4.68128681182861
Q_000080,MENU_001279,0,45,0.5465666055679321,0.3333333333333333,0.3333333333333333,0.0,4.75340223312378
Q_000080,MENU_002103,0,46,0.5451780557632446,0.3333333333333333,0.3333333333333333,0.3333333333333333,4.07968902587891
Q_000080,MENU_001759,0,47,0.5444614291191101,0.3333333333333333,0.0,0.3333333333333333,4.81443309783936
Q_000080,MENU_001129,0,48,0.5442479848861694,0.0,0.3333333333333333,0.0,4.25
Q_000080,MENU_001102,0,49,0.5439348220825195,0.0,0.0,0.0,4.25
Q_000080,MENU_001105,0,50,0.5436685681343079,0.0,0.3333333333333333,0.0,4.25
Q_000081,MENU_000269,0,1,0.5691404342651367,0.25,0.5,0.0,4.65069389343262
Q_000081,MENU_000266,0,2,0.5575005412101746,0.25,0.5,0.0,4.65069389343262
Q_000081,MENU_001344,0,3,0.546442449092865,0.0,0.0,0.0,4.75340223312378
Q_000081,MENU_001282,0,4,0.5454641580581665,0.0,0.0,0.0,4.75340223312378
Q_000081,MENU_000271,0,5,0.5395992994308472,0.25,0.5,0.0,4.65069389343262
Q_000081,MENU_000551,0,6,0.5391232967376709,0.0,0.0,0.0,4.23846197128296
Q_000081,MENU_001053,0,7,0.5382716655731201,0.0,0.0,0.0,4.25
Q_000081,MENU_001055,0,8,0.5380416512489319,0.0,0.0,0.0,4.25
Q_000081,MENU_001722,0,9,0.5366296768188477,0.0,0.25,0.0,3.84737396240234
Q_000081,MENU_001721,0,10,0.5353595614433289,0.0,0.25,0.0,3.84737396240234
Q_000081,MENU_001680,0,11,0.5346871614456177,0.0,0.25,0.0,3.84737396240234
Q_000081,MENU_001973,0,12,0.5344792604446411,0.0,0.0,0.0,4.74074077606201
Q_000081,MENU_001579,0,13,0.5344257354736328,0.0,0.0,0.0,4.88386678695679
Q_000081,MENU_001380,0,14,0.5344110727310181,0.0,0.0,0.0,4.75340223312378
Q_000081,MENU_001048,0,15,0.5326144099235535,0.0,0.0,0.0,4.25
Q_000081,MENU_001256,0,16,0.5313196182250977,0.0,0.0,0.0,4.75340223312378
Q_000081,MENU_000041,0,17,0.5305696725845337,0.0,0.25,0.0,4.03416109085083
Q_000081,MENU_001059,0,18,0.5290863513946533,0.0,0.0,0.0,4.25
Q_000081,MENU_000548,0,19,0.5282269716262817,0.0,0.0,0.0,4.23846197128296
Q_000081,MENU_000670,0,20,0.5272713899612427,0.0,0.0,0.0,4.72276020050049
Q_000081,MENU_000681,0,21,0.5270848274230957,0.0,0.0,0.0,4.72276020050049
Q_000081,MENU_001683,0,22,0.526896595954895,0.0,0.25,0.0,3.84737396240234
Q_000081,MENU_001363,0,23,0.5268747806549072,0.0,0.0,0.25,4.75340223312378
Q_000081,MENU_002529,0,24,0.5264849662780762,0.0,0.0,0.0,4.70963716506958
Q_000081,MENU_000040,0,25,0.5264660120010376,0.0,0.0,0.0,4.03416109085083
Q_000081,MENU_001062,0,26,0.5244408249855042,0.0,0.0,0.0,4.25
Q_000081,MENU_000562,0,27,0.5236035585403442,0.0,0.0,0.0,4.23846197128296
Q_000081,MENU_000559,0,28,0.5234522819519043,0.0,0.0,0.0,4.23846197128296
Q_000081,MENU_000142,0,29,0.5229988098144531,0.0,0.0,0.0,4.63380479812622
Q_000081,MENU_000695,0,30,0.5217084884643555,0.0,0.0,0.0,4.72276020050049
Q_000081,MENU_002474,0,31,0.5212331414222717,0.0,0.0,0.0,4.68452405929565
Q_000081,MENU_001289,0,32,0.5194779634475708,0.0,0.0,0.0,4.75340223312378
Q_000081,MENU_001280,0,33,0.5190314054489136,0.0,0.0,0.0,4.75340223312378
Q_000081,MENU_000709,0,34,0.5182266235351562,0.0,0.0,0.0,4.58141183853149
Q_000081,MENU_000553,0,35,0.5174013376235962,0.0,0.0,0.0,4.23846197128296
Q_000081,MENU_001049,0,36,0.517309844493866,0.0,0.0,0.0,4.25
Q_000081,MENU_000133,0,37,0.5162035226821899,0.0,0.0,0.0,4.63380479812622
Q_000081,MENU_001085,0,38,0.5161730051040649,0.0,0.0,0.0,4.25
Q_000081,MENU_000541,0,39,0.5155525803565979,0.0,0.0,0.0,4.23846197128296
Q_000081,MENU_000270,0,40,0.5155307054519653,0.25,0.5,0.0,4.65069389343262
Q_000081,MENU_002450,0,41,0.5147541165351868,0.25,0.25,0.0,4.77699613571167
Q_000081,MENU_000183,0,42,0.5144570469856262,0.0,0.0,0.0,4.63380479812622
Q_000081,MENU_001975,0,43,0.5138971209526062,0.0,0.0,0.0,4.74074077606201
Q_000081,MENU_000554,0,44,0.512822151184082,0.0,0.0,0.0,4.23846197128296
Q_000081,MENU_000680,0,45,0.5128061175346375,0.0,0.0,0.0,4.72276020050049
Q_000081,MENU_000688,0,46,0.5127310752868652,0.0,0.0,0.0,4.72276020050049
Q_000081,MENU_001061,0,47,0.5120077133178711,0.0,0.0,0.0,4.25
Q_000081,MENU_000710,0,48,0.5117131471633911,0.0,0.0,0.0,4.58141183853149
Q_000081,MENU_001964,0,49,0.5116475820541382,0.0,0.0,0.0,4.74074077606201
Q_000081,MENU_000690,0,50,0.5114844441413879,0.0,0.0,0.0,4.72276020050049
Q_000082,MENU_002603,0,1,0.6170831322669983,0.0,0.3333333333333333,0.0,4.76699018478394
Q_000082,MENU_002606,0,2,0.61644047498703,0.0,0.3333333333333333,0.0,4.76699018478394
Q_000082,MENU_002602,0,3,0.6118549108505249,0.0,0.3333333333333333,0.0,4.76699018478394
Q_000082,MENU_002614,0,4,0.6077892780303955,0.0,0.3333333333333333,0.0,4.76699018478394
Q_000082,MENU_001213,1,5,0.5877484083175659,0.0,0.6666666666666666,0.0,4.75703001022339
Q_000082,MENU_001237,1,6,0.5873858332633972,0.0,0.6666666666666666,0.0,4.75703001022339
Q_000082,MENU_001217,1,7,0.58109450340271,0.0,0.6666666666666666,0.0,4.75703001022339
Q_000082,MENU_002608,0,8,0.5803950428962708,0.0,0.3333333333333333,0.0,4.76699018478394
Q_000082,MENU_001112,0,9,0.5783706903457642,0.0,0.3333333333333333,0.0,4.25
Q_000082,MENU_002605,0,10,0.5758090019226074,0.0,0.3333333333333333,0.0,4.76699018478394
Q_000082,MENU_001215,1,11,0.5720281600952148,0.0,0.6666666666666666,0.0,4.75703001022339
Q_000082,MENU_002615,0,12,0.568940281867981,0.0,0.3333333333333333,0.0,4.76699018478394
Q_000082,MENU_002617,0,13,0.5673248171806335,0.0,0.3333333333333333,0.0,4.76699018478394
Q_000082,MENU_001231,1,14,0.5665007829666138,0.0,0.6666666666666666,0.0,4.75703001022339
Q_000082,MENU_002607,0,15,0.5639634728431702,0.0,0.3333333333333333,0.0,4.76699018478394
Q_000082,MENU_001124,0,16,0.5635388493537903,0.0,0.3333333333333333,0.0,4.25
Q_000082,MENU_002612,0,17,0.5621907711029053,0.0,0.3333333333333333,0.0,4.76699018478394
Q_000082,MENU_002610,0,18,0.5545635223388672,0.0,0.3333333333333333,0.0,4.76699018478394
Q_000082,MENU_002613,0,19,0.5510596632957458,0.0,0.3333333333333333,0.0,4.76699018478394
Q_000082,MENU_001080,0,20,0.5455607175827026,0.0,0.3333333333333333,0.0,4.25
Q_000082,MENU_002609,0,21,0.5444427728652954,0.0,0.3333333333333333,0.0,4.76699018478394
Q_000082,MENU_001224,1,22,0.5437674522399902,0.0,0.6666666666666666,0.0,4.75703001022339
Q_000082,MENU_001232,0,23,0.5360656976699829,0.0,0.3333333333333333,0.0,4.75703001022339
Q_000082,MENU_001238,0,24,0.5300259590148926,0.0,0.3333333333333333,0.0,4.75703001022339
Q_000082,MENU_002604,0,25,0.5284572839736938,0.0,0.3333333333333333,0.0,4.76699018478394
Q_000082,MENU_001060,0,26,0.5237618684768677,0.0,0.3333333333333333,0.0,4.25
Q_000082,MENU_001225,0,27,0.5219787955284119,0.0,0.3333333333333333,0.0,4.75703001022339
Q_000082,MENU_002616,0,28,0.5204741358757019,0.0,0.3333333333333333,0.0,4.76699018478394
Q_000082,MENU_001228,0,29,0.5179857611656189,0.0,0.3333333333333333,0.0,4.75703001022339
Q_000082,MENU_002611,0,30,0.5159834623336792,0.0,0.3333333333333333,0.0,4.76699018478394
Q_000082,MENU_001214,0,31,0.5131534337997437,0.0,0.3333333333333333,0.0,4.75703001022339
Q_000082,MENU_001233,0,32,0.5088300108909607,0.0,0.3333333333333333,0.0,4.75703001022339
Q_000082,MENU_001096,0,33,0.5075178742408752,0.0,0.3333333333333333,0.0,4.25
Q_000082,MENU_001230,0,34,0.49905189871788025,0.0,0.3333333333333333,0.0,4.75703001022339
Q_000082,MENU_001758,0,35,0.4888189733028412,0.0,0.0,0.0,4.81443309783936
Q_000082,MENU_001226,0,36,0.48684361577033997,0.0,0.3333333333333333,0.0,4.75703001022339
Q_000082,MENU_002092,0,37,0.4833911061286926,0.0,0.0,0.0,4.71530199050903
Q_000082,MENU_000500,0,38,0.47907134890556335,0.0,0.0,0.0,4.77500009536743
Q_000082,MENU_001222,0,39,0.47829294204711914,0.0,0.3333333333333333,0.0,4.75703001022339
Q_000082,MENU_000495,0,40,0.4779075086116791,0.0,0.0,0.0,4.77500009536743
Q_000082,MENU_001223,0,41,0.4741315245628357,0.0,0.3333333333333333,0.0,4.75703001022339
Q_000082,MENU_002264,0,42,0.46912187337875366,0.0,0.0,0.0,4.58823490142822
Q_000082,MENU_001757,0,43,0.4639308452606201,0.0,0.0,0.0,4.81443309783936
Q_000082,MENU_001236,0,44,0.46016475558280945,0.0,0.3333333333333333,0.0,4.75703001022339
Q_000082,MENU_001234,0,45,0.45474183559417725,0.0,0.3333333333333333,0.0,4.75703001022339
Q_000082,MENU_001516,0,46,0.44716009497642517,0.0,0.0,0.0,4.65221118927002
Q_000082,MENU_002267,0,47,0.44271379709243774,0.0,0.0,0.0,4.58823490142822
Q_000082,MENU_001227,0,48,0.43081241846084595,0.0,0.3333333333333333,0.0,4.75703001022339
Q_000082,MENU_001071,0,49,0.4302840530872345,0.0,0.0,0.0,4.25
Q_000082,MENU_001735,0,50,0.4296196699142456,0.0,0.0,0.0,4.81443309783936
Q_000083,MENU_002822,1,1,0.6850139498710632,0.5,0.5,0.25,0.0
Q_000083,MENU_002774,1,2,0.6140603423118591,0.0,0.5,0.5,0.0
Q_000083,MENU_002821,1,3,0.6134437322616577,0.25,0.5,0.5,0.0
Q_000083,MENU_002755,1,4,0.5407812595367432,0.0,0.5,0.0,0.0
Q_000083,MENU_002826,1,5,0.5152976512908936,0.0,0.5,0.0,0.0
Q_000083,MENU_000013,0,6,0.4872052073478699,0.25,0.25,0.5,4.85917997360229
Q_000083,MENU_002748,1,7,0.46864399313926697,0.0,0.5,0.0,0.0
Q_000083,MENU_002302,0,8,0.4498238265514374,0.0,0.0,0.0,4.58823490142822
Q_000083,MENU_002681,0,9,0.4430321753025055,0.0,0.25,0.5,4.74509811401367
Q_000083,MENU_002280,0,10,0.44139939546585083,0.0,0.0,0.0,4.58823490142822
Q_000083,MENU_002494,0,11,0.43045854568481445,0.0,0.25,0.0,4.79312086105347
Q_000083,MENU_001494,0,12,0.4226955771446228,0.25,0.0,0.25,4.26522302627563
Q_000083,MENU_002269,0,13,0.41481560468673706,0.0,0.0,0.25,4.58823490142822
Q_000083,MENU_002306,0,14,0.4126949608325958,0.0,0.0,0.0,4.54545497894287
Q_000083,MENU_002281,0,15,0.4074169397354126,0.0,0.0,0.0,4.54545497894287
Q_000083,MENU_000406,0,16,0.4010547995567322,0.0,0.0,0.0,4.68128681182861
Q_000083,MENU_000775,0,17,0.39943158626556396,0.25,0.0,0.5,4.60988092422485
Q_000083,MENU_001706,0,18,0.3986753821372986,0.25,0.0,0.0,3.84737396240234
Q_000083,MENU_000016,0,19,0.39839327335357666,0.0,0.0,0.25,4.85917997360229
Q_000083,MENU_002282,0,20,0.3972485363483429,0.0,0.0,0.0,4.58823490142822
Q_000083,MENU_002257,0,21,0.39548563957214355,0.0,0.0,0.0,4.58823490142822
Q_000083,MENU_001693,0,22,0.3952781558036804,0.0,0.0,0.0,3.84737396240234
Q_000083,MENU_002267,0,23,0.3951186537742615,0.0,0.0,0.0,4.58823490142822
Q_000083,MENU_000161,0,24,0.3946303129196167,0.25,0.0,0.0,4.63380479812622
Q_000083,MENU_000770,0,25,0.3911859095096588,0.0,0.0,0.25,4.75563907623291
Q_000083,MENU_002288,0,26,0.39037343859672546,0.0,0.0,0.0,4.58823490142822
Q_000083,MENU_002309,0,27,0.3892780542373657,0.0,0.0,0.0,4.67123317718506
Q_000083,MENU_002273,0,28,0.3882110118865967,0.0,0.0,0.0,4.58823490142822
Q_000083,MENU_002276,0,29,0.38791775703430176,0.0,0.0,0.0,4.58823490142822
Q_000083,MENU_001707,0,30,0.3875693082809448,0.0,0.0,0.0,3.84737396240234
Q_000083,MENU_002272,0,31,0.3871137201786041,0.0,0.0,0.25,4.58823490142822
Q_000083,MENU_002268,0,32,0.3867674171924591,0.0,0.0,0.25,4.58823490142822
Q_000083,MENU_000769,0,33,0.38669320940971375,0.0,0.0,0.25,4.75563907623291
Q_000083,MENU_000474,0,34,0.38586297631263733,0.0,0.0,0.0,4.68128681182861
Q_000083,MENU_000477,0,35,0.38538265228271484,0.0,0.0,0.0,4.68128681182861
Q_000083,MENU_000768,0,36,0.3848927617073059,0.0,0.0,0.25,4.75563907623291
Q_000083,MENU_000012,0,37,0.3834112882614136,0.0,0.0,0.25,4.85917997360229
Q_000083,MENU_002279,0,38,0.3831932842731476,0.0,0.0,0.25,4.58823490142822
Q_000083,MENU_001696,0,39,0.382796049118042,0.0,0.0,0.0,3.84737396240234
Q_000083,MENU_000475,0,40,0.38226625323295593,0.0,0.0,0.0,4.68128681182861
Q_000083,MENU_002316,0,41,0.3821747303009033,0.0,0.0,0.25,4.67123317718506
Q_000083,MENU_000671,0,42,0.3790704607963562,0.25,0.0,0.0,4.72276020050049
Q_000083,MENU_000168,0,43,0.37814170122146606,0.25,0.0,0.0,4.63380479812622
Q_000083,MENU_001709,0,44,0.3755168914794922,0.0,0.0,0.0,3.84737396240234
Q_000083,MENU_002315,0,45,0.37540769577026367,0.0,0.0,0.0,4.67123317718506
Q_000083,MENU_002498,0,46,0.374748557806015,0.0,0.25,0.0,4.79312086105347
Q_000083,MENU_002263,0,47,0.37453073263168335,0.0,0.0,0.25,4.58823490142822
Q_000083,MENU_001493,0,48,0.3710371255874634,0.25,0.0,0.0,4.26522302627563
Q_000083,MENU_002270,0,49,0.370151162147522,0.0,0.0,0.0,4.58823490142822
Q_000083,MENU_001708,0,50,0.37011098861694336,0.25,0.0,0.0,3.84737396240234
Q_000084,MENU_000690,1,1,0.5964128971099854,0.0,0.5,0.0,4.72276020050049
Q_000084,MENU_000692,1,2,0.5505622625350952,0.0,0.5,0.0,4.72276020050049
Q_000084,MENU_000688,1,3,0.538101077079773,0.0,0.5,0.0,4.72276020050049
Q_000084,MENU_000680,1,4,0.5350635051727295,0.0,0.5,0.0,4.72276020050049
Q_000084,MENU_000694,1,5,0.5349733233451843,0.0,0.5,0.0,4.72276020050049
Q_000084,MENU_000671,1,6,0.534089207649231,0.0,0.5,0.0,4.72276020050049
Q_000084,MENU_000550,0,7,0.533122181892395,0.0,0.0,0.0,4.23846197128296
Q_000084,MENU_000548,0,8,0.5292360782623291,0.0,0.0,0.0,4.23846197128296
Q_000084,MENU_000710,0,9,0.521083652973175,0.0,0.0,0.0,4.58141183853149
Q_000084,MENU_000711,0,10,0.5106242299079895,0.0,0.0,0.0,4.58141183853149
Q_000084,MENU_000549,0,11,0.5069684982299805,0.0,0.0,0.0,4.23846197128296
Q_000084,MENU_002322,0,12,0.4991898536682129,0.0,0.5,0.0,4.681480884552
Q_000084,MENU_000701,1,13,0.4966890215873718,0.0,0.5,0.0,4.72276020050049
Q_000084,MENU_000554,0,14,0.4943177402019501,0.0,0.0,0.0,4.23846197128296
Q_000084,MENU_000079,0,15,0.49186548590660095,0.0,0.0,0.0,4.39440584182739
Q_000084,MENU_001344,0,16,0.49179115891456604,0.0,0.0,0.0,4.75340223312378
Q_000084,MENU_000551,0,17,0.489790141582489,0.0,0.0,0.0,4.23846197128296
Q_000084,MENU_000683,1,18,0.4890851676464081,0.0,0.5,0.0,4.72276020050049
Q_000084,MENU_000677,0,19,0.4890749454498291,0.0,0.0,0.0,4.72276020050049
Q_000084,MENU_000380,0,20,0.48900455236434937,0.0,0.0,0.0,0.0
Q_000084,MENU_000316,0,21,0.4854889512062073,0.0,0.0,0.0,4.74902009963989
Q_000084,MENU_000184,0,22,0.4823455214500427,0.0,0.0,0.0,4.63380479812622
Q_000084,MENU_000667,1,23,0.4811558723449707,0.0,0.5,0.0,4.72276020050049
Q_000084,MENU_000194,0,24,0.4791161119937897,0.0,0.0,0.0,4.63380479812622
Q_000084,MENU_000311,0,25,0.4789661765098572,0.0,0.0,0.0,4.74902009963989
Q_000084,MENU_000546,0,26,0.4786480963230133,0.0,0.0,0.0,4.23846197128296
Q_000084,MENU_000541,0,27,0.4780532717704773,0.0,0.0,0.0,4.23846197128296
Q_000084,MENU_001806,0,28,0.47717565298080444,0.0,0.0,0.0,4.6991171836853
Q_000084,MENU_000652,0,29,0.4766039252281189,0.0,0.0,0.0,4.72259521484375
Q_000084,MENU_000552,0,30,0.4765443205833435,0.0,0.0,0.0,4.23846197128296
Q_000084,MENU_000555,0,31,0.4756826162338257,0.0,0.0,0.0,4.23846197128296
Q_000084,MENU_000665,1,32,0.4741954803466797,0.0,0.5,0.0,4.72276020050049
Q_000084,MENU_000183,0,33,0.4734399914741516,0.0,0.0,0.0,4.63380479812622
Q_000084,MENU_000558,0,34,0.4722139835357666,0.0,0.0,0.0,4.23846197128296
Q_000084,MENU_002501,0,35,0.4718586206436157,0.0,0.0,0.0,4.28089904785156
Q_000084,MENU_000141,0,36,0.47062236070632935,0.0,0.0,0.0,4.63380479812622
Q_000084,MENU_001891,0,37,0.46965402364730835,0.0,0.0,0.0,5.0
Q_000084,MENU_002535,0,38,0.46719348430633545,0.0,0.0,0.0,4.41281080245972
Q_000084,MENU_001088,0,39,0.46681395173072815,0.0,0.0,0.0,4.25
Q_000084,MENU_000709,0,40,0.466322660446167,0.0,0.0,0.0,4.58141183853149
Q_000084,MENU_000540,0,41,0.4661474823951721,0.0,0.0,0.0,4.23846197128296
Q_000084,MENU_001660,0,42,0.4659666419029236,0.0,0.0,0.0,3.70588207244873
Q_000084,MENU_000365,0,43,0.4651999771595001,0.0,0.0,0.0,4.71902799606323
Q_000084,MENU_000545,0,44,0.4644855260848999,0.0,0.0,0.0,4.23846197128296
Q_000084,MENU_000997,0,45,0.463951051235199,0.0,0.0,0.0,4.65557909011841
Q_000084,MENU_000317,0,46,0.46357330679893494,0.0,0.0,0.0,4.74902009963989
Q_000084,MENU_002509,0,47,0.46304887533187866,0.0,0.0,0.0,4.67408514022827
Q_000084,MENU_000557,0,48,0.4629795253276825,0.0,0.0,0.0,4.23846197128296
Q_000084,MENU_001270,0,49,0.46276944875717163,0.0,0.0,0.0,4.75340223312378
Q_000084,MENU_001884,0,50,0.4623637795448303,0.0,0.0,0.0,4.6991171836853
Q_000085,MENU_001652,1,1,0.6160813570022583,0.0,0.5,0.0,4.58868885040283
Q_000085,MENU_001642,1,2,0.6110809445381165,0.0,0.5,0.0,4.58868885040283
Q_000085,MENU_001655,1,3,0.5805433988571167,0.0,0.5,0.0,4.58868885040283
Q_000085,MENU_001635,1,4,0.5774506330490112,0.0,0.5,0.0,4.58868885040283
Q_000085,MENU_000077,0,5,0.56822669506073,0.0,0.0,0.0,4.76417207717896
Q_000085,MENU_000217,0,6,0.5604517459869385,0.0,0.5,0.0,4.35269689559937
Q_000085,MENU_001640,1,7,0.5385149717330933,0.0,0.5,0.0,4.58868885040283
Q_000085,MENU_001199,0,8,0.5192531943321228,0.0,0.0,0.0,4.29862880706787
Q_000085,MENU_001625,1,9,0.4988958537578583,0.0,0.5,0.0,4.58868885040283
Q_000085,MENU_002698,0,10,0.47309815883636475,0.0,0.0,0.0,4.78461503982544
Q_000085,MENU_000479,0,11,0.46293938159942627,0.0,0.0,0.0,4.68128681182861
Q_000085,MENU_000409,0,12,0.4496442973613739,0.0,0.0,0.0,4.68128681182861
Q_000085,MENU_001211,0,13,0.4365085959434509,0.0,0.0,0.0,4.36710977554321
Q_000085,MENU_000445,0,14,0.4303548336029053,0.0,0.0,0.0,4.68128681182861
Q_000085,MENU_002078,0,15,0.42922818660736084,0.0,0.0,0.0,4.67941522598267
Q_000085,MENU_001675,0,16,0.42865270376205444,0.0,0.0,0.0,3.84737396240234
Q_000085,MENU_000178,0,17,0.42230722308158875,0.0,0.0,0.0,4.63380479812622
Q_000085,MENU_001713,0,18,0.417608380317688,0.0,0.0,0.0,3.84737396240234
Q_000085,MENU_001726,0,19,0.41543737053871155,0.0,0.0,0.0,3.84737396240234
Q_000085,MENU_002005,0,20,0.4108542203903198,0.0,0.0,0.0,4.1811408996582
Q_000085,MENU_001232,0,21,0.41012996435165405,0.0,0.0,0.0,4.75703001022339
Q_000085,MENU_002299,0,22,0.40976467728614807,0.0,0.0,0.0,4.58823490142822
Q_000085,MENU_002354,0,23,0.40900301933288574,0.0,0.0,0.0,4.57420492172241
Q_000085,MENU_001398,0,24,0.4044235944747925,0.0,0.0,0.0,4.92768096923828
Q_000085,MENU_001730,0,25,0.40237122774124146,0.0,0.0,0.0,3.84737396240234
Q_000085,MENU_002316,0,26,0.40138792991638184,0.0,0.0,0.0,4.67123317718506
Q_000085,MENU_002202,0,27,0.400482177734375,0.0,0.0,0.0,4.65195322036743
Q_000085,MENU_000177,0,28,0.3990928530693054,0.0,0.0,0.0,4.63380479812622
Q_000085,MENU_000381,0,29,0.3957701325416565,0.0,0.0,0.0,4.68128681182861
Q_000085,MENU_001734,0,30,0.39430296421051025,0.0,0.0,0.0,4.81443309783936
Q_000085,MENU_002258,0,31,0.3941240906715393,0.0,0.0,0.0,4.58823490142822
Q_000085,MENU_001214,0,32,0.3914186954498291,0.0,0.0,0.0,4.75703001022339
Q_000085,MENU_002257,0,33,0.39131757616996765,0.0,0.0,0.0,4.58823490142822
Q_000085,MENU_002319,0,34,0.38950884342193604,0.0,0.0,0.0,4.67123317718506
Q_000085,MENU_002307,0,35,0.3886736035346985,0.0,0.0,0.5,4.54545497894287
Q_000085,MENU_002278,0,36,0.38831180334091187,0.0,0.0,0.0,4.58823490142822
Q_000085,MENU_002610,0,37,0.38800084590911865,0.0,0.0,0.0,4.76699018478394
Q_000085,MENU_002845,0,38,0.3854641020298004,0.0,0.0,0.0,0.0
Q_000085,MENU_001399,0,39,0.38528621196746826,0.0,0.0,0.0,4.92768096923828
Q_000085,MENU_002830,0,40,0.3850371837615967,0.0,0.0,0.0,0.0
Q_000085,MENU_002279,0,41,0.3830633759498596,0.0,0.0,0.0,4.58823490142822
Q_000085,MENU_002739,0,42,0.38270723819732666,0.0,0.0,0.0,0.0
Q_000085,MENU_000067,0,43,0.3810354769229889,0.0,0.0,0.0,4.82178211212158
Q_000085,MENU_002611,0,44,0.3808717727661133,0.0,0.0,0.0,4.76699018478394
Q_000085,MENU_002608,0,45,0.3806944489479065,0.0,0.0,0.0,4.76699018478394
Q_000085,MENU_001676,0,46,0.38039326667785645,0.0,0.0,0.0,3.84737396240234
Q_000085,MENU_002294,0,47,0.38018110394477844,0.0,0.0,0.0,4.58823490142822
Q_000085,MENU_002504,0,48,0.37924665212631226,0.0,0.0,0.0,4.61388111114502
Q_000085,MENU_001694,0,49,0.3784745931625366,0.0,0.0,0.0,3.84737396240234
Q_000085,MENU_002262,0,50,0.3782741129398346,0.0,0.0,0.0,4.58823490142822
Q_000086,MENU_000286,0,1,0.5097680687904358,0.0,0.0,0.0,4.65069389343262
Q_000086,MENU_001564,0,2,0.5040372014045715,0.0,0.0,0.0,4.88310480117798
Q_000086,MENU_001252,0,3,0.5020425915718079,0.0,0.0,0.0,4.75340223312378
Q_000086,MENU_001705,0,4,0.48789963126182556,0.0,0.0,0.0,3.84737396240234
Q_000086,MENU_001727,0,5,0.48769259452819824,0.0,0.3333333333333333,0.0,3.84737396240234
Q_000086,MENU_001527,0,6,0.48471009731292725,0.0,0.0,0.0,4.20552682876587
Q_000086,MENU_001250,0,7,0.48469752073287964,0.0,0.0,0.0,4.75340223312378
Q_000086,MENU_001581,0,8,0.4834618866443634,0.0,0.0,0.0,4.88310480117798
Q_000086,MENU_001729,0,9,0.4787170886993408,0.0,0.3333333333333333,0.0,3.84737396240234
Q_000086,MENU_001716,0,10,0.4781114459037781,0.0,0.3333333333333333,0.0,3.84737396240234
Q_000086,MENU_000287,0,11,0.47801709175109863,0.0,0.0,0.0,4.65069389343262
Q_000086,MENU_000259,0,12,0.4776064157485962,0.0,0.0,0.0,4.65069389343262
Q_000086,MENU_000274,0,13,0.4739583134651184,0.0,0.0,0.0,4.65069389343262
Q_000086,MENU_001520,0,14,0.4686802625656128,0.0,0.0,0.0,4.20552682876587
Q_000086,MENU_001249,0,15,0.46855399012565613,0.0,0.0,0.0,4.75340223312378
Q_000086,MENU_002004,0,16,0.4678134024143219,0.0,0.0,0.0,4.1811408996582
Q_000086,MENU_000842,0,17,0.467401921749115,0.0,0.3333333333333333,0.0,4.71359920501709
Q_000086,MENU_000285,0,18,0.46700844168663025,0.0,0.0,0.0,4.65069389343262
Q_000086,MENU_000256,0,19,0.4667282998561859,0.0,0.0,0.0,4.65069389343262
Q_000086,MENU_000174,1,20,0.46283429861068726,0.0,0.3333333333333333,0.0,4.63380479812622
Q_000086,MENU_000703,0,21,0.46280163526535034,0.0,0.0,0.0,4.72276020050049
Q_000086,MENU_000113,0,22,0.46129110455513,0.0,0.0,0.0,3.0
Q_000086,MENU_000841,0,23,0.45808684825897217,0.0,0.3333333333333333,0.0,4.71359920501709
Q_000086,MENU_001540,0,24,0.45799705386161804,0.0,0.0,0.0,4.20552682876587
Q_000086,MENU_001169,0,25,0.4576597213745117,0.0,0.3333333333333333,0.0,4.82336378097534
Q_000086,MENU_000169,1,26,0.456889271736145,0.0,0.3333333333333333,0.0,4.63380479812622
Q_000086,MENU_000255,0,27,0.45667630434036255,0.0,0.0,0.0,4.65069389343262
Q_000086,MENU_000117,0,28,0.4566130042076111,0.0,0.0,0.0,3.0
Q_000086,MENU_001547,0,29,0.4537404775619507,0.0,0.0,0.0,4.20552682876587
Q_000086,MENU_000257,0,30,0.4514121413230896,0.0,0.0,0.0,4.65069389343262
Q_000086,MENU_000838,0,31,0.44980672001838684,0.0,0.3333333333333333,0.0,4.71359920501709
Q_000086,MENU_001678,0,32,0.44890284538269043,0.0,0.3333333333333333,0.0,3.84737396240234
Q_000086,MENU_000675,0,33,0.4479951858520508,0.0,0.0,0.0,4.72276020050049
Q_000086,MENU_001679,0,34,0.447232723236084,0.0,0.0,0.0,3.84737396240234
Q_000086,MENU_000190,1,35,0.4470289349555969,0.0,0.3333333333333333,0.0,4.63380479812622
Q_000086,MENU_001251,0,36,0.4457314610481262,0.0,0.0,0.0,4.75340223312378
Q_000086,MENU_000560,0,37,0.4450376033782959,0.0,0.0,0.0,4.23846197128296
Q_000086,MENU_000840,0,38,0.44493865966796875,0.0,0.3333333333333333,0.0,4.71359920501709
Q_000086,MENU_002156,0,39,0.4446675181388855,0.0,0.3333333333333333,0.0,4.64444398880005
Q_000086,MENU_000669,0,40,0.4446597695350647,0.0,0.0,0.0,4.72276020050049
Q_000086,MENU_002125,0,41,0.4415063261985779,0.0,0.3333333333333333,0.0,4.64444398880005
Q_000086,MENU_000547,0,42,0.44052621722221375,0.0,0.0,0.0,4.23846197128296
Q_000086,MENU_000116,0,43,0.4390281140804291,0.0,0.0,0.0,3.0
Q_000086,MENU_002092,0,44,0.4388136565685272,0.0,0.0,0.0,4.71530199050903
Q_000086,MENU_002043,0,45,0.43877604603767395,0.0,0.0,0.0,4.1811408996582
Q_000086,MENU_000653,0,46,0.4380837380886078,0.0,0.0,0.0,4.72276020050049
Q_000086,MENU_002295,0,47,0.43759018182754517,0.0,0.0,0.0,4.54545497894287
Q_000086,MENU_001861,0,48,0.43667930364608765,0.0,0.0,0.0,4.6991171836853
Q_000086,MENU_000322,0,49,0.4354091286659241,0.0,0.3333333333333333,0.0,4.60093212127686
Q_000086,MENU_000339,0,50,0.4354091286659241,0.0,0.3333333333333333,0.0,4.71902799606323
Q_000087,MENU_002270,1,1,0.6436334848403931,0.0,0.5,0.0,4.58823490142822
Q_000087,MENU_002271,1,2,0.587489902973175,0.0,0.5,0.0,4.58823490142822
Q_000087,MENU_002681,0,3,0.5793038606643677,0.25,0.0,0.0,4.74509811401367
Q_000087,MENU_001705,0,4,0.5715054869651794,0.0,0.0,0.0,3.84737396240234
Q_000087,MENU_002257,0,5,0.5674288868904114,0.0,0.25,0.0,4.58823490142822
Q_000087,MENU_002273,1,6,0.551914393901825,0.0,0.5,0.0,4.58823490142822
Q_000087,MENU_002774,0,7,0.5470302104949951,0.25,0.0,0.25,0.0
Q_000087,MENU_001704,0,8,0.5414893627166748,0.0,0.25,0.0,3.84737396240234
Q_000087,MENU_001706,0,9,0.5413774251937866,0.0,0.25,0.0,3.84737396240234
Q_000087,MENU_001700,0,10,0.5396808385848999,0.0,0.25,0.0,3.84737396240234
Q_000087,MENU_001708,0,11,0.534068763256073,0.0,0.25,0.0,3.84737396240234
Q_000087,MENU_002282,1,12,0.5334481000900269,0.25,0.5,0.25,4.58823490142822
Q_000087,MENU_001710,0,13,0.5299180150032043,0.0,0.25,0.0,3.84737396240234
Q_000087,MENU_001701,0,14,0.5293413996696472,0.0,0.25,0.0,3.84737396240234
Q_000087,MENU_001709,0,15,0.5231590867042542,0.0,0.25,0.0,3.84737396240234
Q_000087,MENU_000013,0,16,0.5230238437652588,0.0,0.0,0.0,4.85917997360229
Q_000087,MENU_001707,0,17,0.5181329250335693,0.0,0.25,0.0,3.84737396240234
Q_000087,MENU_000768,0,18,0.5172039270401001,0.25,0.0,0.25,4.75563907623291
Q_000087,MENU_001702,0,19,0.5170682668685913,0.0,0.25,0.0,3.84737396240234
Q_000087,MENU_000769,0,20,0.516709566116333,0.25,0.0,0.25,4.75563907623291
Q_000087,MENU_002313,0,21,0.5154722332954407,0.0,0.25,0.0,4.67123317718506
Q_000087,MENU_000770,0,22,0.5126888751983643,0.25,0.0,0.25,4.75563907623291
Q_000087,MENU_002280,1,23,0.5044633150100708,0.0,0.5,0.0,4.58823490142822
Q_000087,MENU_001671,0,24,0.503937304019928,0.0,0.25,0.0,3.84737396240234
Q_000087,MENU_001703,0,25,0.5018965601921082,0.0,0.25,0.0,3.84737396240234
Q_000087,MENU_001670,0,26,0.49729594588279724,0.0,0.25,0.0,3.84737396240234
Q_000087,MENU_002316,1,27,0.49483489990234375,0.0,0.5,0.0,4.67123317718506
Q_000087,MENU_000169,0,28,0.4939681887626648,0.0,0.0,0.0,4.63380479812622
Q_000087,MENU_001717,0,29,0.4925810992717743,0.0,0.25,0.0,3.84737396240234
Q_000087,MENU_002262,0,30,0.48974937200546265,0.0,0.25,0.0,4.58823490142822
Q_000087,MENU_002315,1,31,0.4897037744522095,0.0,0.5,0.0,4.67123317718506
Q_000087,MENU_001718,0,32,0.48634839057922363,0.0,0.25,0.0,3.84737396240234
Q_000087,MENU_002258,0,33,0.48625606298446655,0.0,0.25,0.0,4.58823490142822
Q_000087,MENU_001711,0,34,0.48617058992385864,0.0,0.25,0.0,3.84737396240234
Q_000087,MENU_002267,0,35,0.48265257477760315,0.0,0.25,0.0,4.58823490142822
Q_000087,MENU_002272,0,36,0.4806286692619324,0.0,0.0,0.0,4.58823490142822
Q_000087,MENU_001712,0,37,0.4803556799888611,0.0,0.25,0.0,3.84737396240234
Q_000087,MENU_001695,0,38,0.47900038957595825,0.0,0.25,0.0,3.84737396240234
Q_000087,MENU_001672,0,39,0.47849225997924805,0.0,0.25,0.0,3.84737396240234
Q_000087,MENU_002281,1,40,0.47828665375709534,0.0,0.5,0.0,4.54545497894287
Q_000087,MENU_001693,0,41,0.47630253434181213,0.0,0.25,0.0,3.84737396240234
Q_000087,MENU_002291,0,42,0.47617754340171814,0.0,0.25,0.0,4.54545497894287
Q_000087,MENU_001696,0,43,0.4740857481956482,0.0,0.25,0.0,3.84737396240234
Q_000087,MENU_002275,1,44,0.47345125675201416,0.0,0.5,0.0,4.58823490142822
Q_000087,MENU_002312,0,45,0.4695495367050171,0.0,0.25,0.0,4.67123317718506
Q_000087,MENU_002279,1,46,0.4673359990119934,0.0,0.5,0.0,4.58823490142822
Q_000087,MENU_002276,1,47,0.46692416071891785,0.0,0.5,0.0,4.58823490142822
Q_000087,MENU_002278,1,48,0.46409204602241516,0.0,0.5,0.0,4.58823490142822
Q_000087,MENU_000286,0,49,0.4603514075279236,0.0,0.0,0.0,4.65069389343262
Q_000087,MENU_001673,0,50,0.4599143862724304,0.0,0.25,0.0,3.84737396240234
Q_000088,MENU_001037,0,1,0.5539488792419434,0.25,0.25,0.0,4.25
Q_000088,MENU_001121,0,2,0.5531662702560425,0.0,0.25,0.0,4.25
Q_000088,MENU_001109,0,3,0.5512531995773315,0.25,0.25,0.0,4.25
Q_000088,MENU_000228,0,4,0.543721079826355,0.0,0.25,0.0,4.14949178695679
Q_000088,MENU_001277,0,5,0.5377064943313599,0.25,0.25,0.0,4.75340223312378
Q_000088,MENU_001117,0,6,0.5331510901451111,0.0,0.0,0.0,4.25
Q_000088,MENU_001100,0,7,0.5313107371330261,0.0,0.0,0.0,4.25
Q_000088,MENU_001971,0,8,0.5272908210754395,0.25,0.0,0.0,4.74074077606201
Q_000088,MENU_001028,0,9,0.5267845392227173,0.0,0.25,0.0,4.25
Q_000088,MENU_000221,1,10,0.5237109661102295,0.0,0.5,0.0,4.14949178695679
Q_000088,MENU_001125,0,11,0.5207973718643188,0.0,0.25,0.0,4.25
Q_000088,MENU_001099,0,12,0.5197480916976929,0.0,0.25,0.0,4.25
Q_000088,MENU_001681,0,13,0.519328236579895,0.0,0.0,0.0,3.84737396240234
Q_000088,MENU_001053,0,14,0.5176277160644531,0.0,0.0,0.0,4.25
Q_000088,MENU_001046,0,15,0.5162861347198486,0.0,0.0,0.0,4.25
Q_000088,MENU_001048,0,16,0.5156083106994629,0.0,0.0,0.0,4.25
Q_000088,MENU_001055,0,17,0.514598548412323,0.0,0.0,0.0,4.25
Q_000088,MENU_001107,0,18,0.5131179094314575,0.0,0.25,0.0,4.25
Q_000088,MENU_001062,0,19,0.512173056602478,0.0,0.0,0.0,4.25
Q_000088,MENU_001056,0,20,0.5117316842079163,0.0,0.0,0.0,4.25
Q_000088,MENU_001033,0,21,0.5115240216255188,0.0,0.25,0.0,4.25
Q_000088,MENU_001038,0,22,0.5099189281463623,0.25,0.25,0.0,4.25
Q_000088,MENU_000784,0,23,0.5095076560974121,0.25,0.0,0.0,4.70389223098755
Q_000088,MENU_001084,0,24,0.5088376402854919,0.0,0.25,0.0,4.25
Q_000088,MENU_001077,0,25,0.5087261199951172,0.0,0.25,0.0,4.25
Q_000088,MENU_001029,0,26,0.5049146413803101,0.0,0.0,0.0,4.25
Q_000088,MENU_001722,0,27,0.5039434432983398,0.0,0.25,0.0,3.84737396240234
Q_000088,MENU_000681,0,28,0.5015604496002197,0.0,0.0,0.25,4.72276020050049
Q_000088,MENU_000133,0,29,0.5012446641921997,0.0,0.0,0.0,4.63380479812622
Q_000088,MENU_000362,0,30,0.5003985166549683,0.0,0.25,0.25,4.71902799606323
Q_000088,MENU_001721,0,31,0.49985581636428833,0.0,0.25,0.0,3.84737396240234
Q_000088,MENU_001059,0,32,0.49944204092025757,0.0,0.0,0.0,4.25
Q_000088,MENU_002379,0,33,0.4975188970565796,0.0,0.25,0.25,4.57420492172241
Q_000088,MENU_002425,0,34,0.4975188970565796,0.0,0.25,0.25,4.2142858505249
Q_000088,MENU_002190,0,35,0.49501746892929077,0.0,0.0,0.0,4.65195322036743
Q_000088,MENU_001663,0,36,0.4947545826435089,0.0,0.0,0.0,3.84737396240234
Q_000088,MENU_000236,1,37,0.4943971633911133,0.0,0.5,0.0,4.14949178695679
Q_000088,MENU_001102,0,38,0.4922483563423157,0.0,0.0,0.0,4.25
Q_000088,MENU_001034,0,39,0.49198949337005615,0.0,0.25,0.0,4.25
Q_000088,MENU_001680,0,40,0.491364449262619,0.0,0.25,0.0,3.84737396240234
Q_000088,MENU_001083,0,41,0.4912029206752777,0.0,0.25,0.0,4.25
Q_000088,MENU_001095,0,42,0.49009883403778076,0.0,0.25,0.0,4.25
Q_000088,MENU_001975,0,43,0.4893639087677002,0.0,0.0,0.0,4.74074077606201
Q_000088,MENU_001031,0,44,0.48754626512527466,0.0,0.0,0.0,4.25
Q_000088,MENU_000593,0,45,0.48676666617393494,0.25,0.25,0.0,4.64431381225586
Q_000088,MENU_001351,0,46,0.48676013946533203,0.0,0.0,0.0,4.75340223312378
Q_000088,MENU_000370,0,47,0.48539793491363525,0.0,0.25,0.0,4.71902799606323
Q_000088,MENU_001683,0,48,0.4852267801761627,0.0,0.25,0.0,3.84737396240234
Q_000088,MENU_000247,1,49,0.4837927222251892,0.0,0.5,0.0,4.14949178695679
Q_000088,MENU_000693,0,50,0.4812774956226349,0.0,0.0,0.25,4.72276020050049
Q_000089,MENU_000135,1,1,0.36676448583602905,0.0,0.5,0.0,4.63380479812622
Q_000089,MENU_000182,1,2,0.353181391954422,0.0,0.5,0.0,4.63380479812622
Q_000089,MENU_000865,0,3,0.3484158515930176,0.0,0.0,0.0,4.85320281982422
Q_000089,MENU_002398,0,4,0.3413453698158264,0.0,0.25,0.5,4.2142858505249
Q_000089,MENU_002399,0,5,0.34017401933670044,0.0,0.0,0.0,4.2142858505249
Q_000089,MENU_002356,0,6,0.34017401933670044,0.0,0.0,0.0,4.57420492172241
Q_000089,MENU_000191,1,7,0.3314760625362396,0.0,0.5,0.0,4.63380479812622
Q_000089,MENU_000263,0,8,0.33030617237091064,0.0,0.0,0.0,4.65069389343262
Q_000089,MENU_002397,0,9,0.32396894693374634,0.0,0.25,0.25,4.2142858505249
Q_000089,MENU_001232,0,10,0.3225066065788269,0.0,0.0,0.0,4.75703001022339
Q_000089,MENU_001078,0,11,0.32245635986328125,0.0,0.0,0.0,4.25
Q_000089,MENU_000203,1,12,0.32005441188812256,0.0,0.5,0.0,4.63380479812622
Q_000089,MENU_001628,0,13,0.3179991841316223,0.0,0.0,0.0,4.58868885040283
Q_000089,MENU_000119,1,14,0.31576573848724365,0.0,0.5,0.0,4.63380479812622
Q_000089,MENU_000989,0,15,0.30912572145462036,0.0,0.0,0.0,4.0
Q_000089,MENU_001889,0,16,0.3086163401603699,0.0,0.25,0.0,3.94736790657043
Q_000089,MENU_002179,0,17,0.30743640661239624,0.0,0.0,0.0,4.65195322036743
Q_000089,MENU_002681,0,18,0.3074154853820801,0.0,0.0,0.25,4.74509811401367
Q_000089,MENU_000125,1,19,0.3069899082183838,0.0,0.5,0.0,4.63380479812622
Q_000089,MENU_001082,0,20,0.30557096004486084,0.0,0.0,0.0,4.25
Q_000089,MENU_000265,0,21,0.3037690818309784,0.0,0.0,0.0,4.65069389343262
Q_000089,MENU_001642,0,22,0.30369025468826294,0.0,0.0,0.0,4.58868885040283
Q_000089,MENU_002373,0,23,0.2999342978000641,0.0,0.0,0.0,4.57420492172241
Q_000089,MENU_002419,0,24,0.2999342978000641,0.0,0.0,0.0,4.2142858505249
Q_000089,MENU_002355,0,25,0.29947584867477417,0.0,0.0,0.0,4.57420492172241
Q_000089,MENU_000659,0,26,0.29634684324264526,0.0,0.0,0.0,4.72276020050049
Q_000089,MENU_000195,1,27,0.29613903164863586,0.0,0.5,0.0,4.63380479812622
Q_000089,MENU_001759,0,28,0.2947830557823181,0.0,0.0,0.0,4.81443309783936
Q_000089,MENU_000530,0,29,0.2908332943916321,0.0,0.0,0.0,4.80430507659912
Q_000089,MENU_002357,0,30,0.2901202142238617,0.0,0.0,0.0,4.57420492172241
Q_000089,MENU_002400,0,31,0.2901202142238617,0.0,0.0,0.0,4.2142858505249
Q_000089,MENU_000987,0,32,0.29011934995651245,0.0,0.0,0.0,4.0
Q_000089,MENU_000261,0,33,0.2895253598690033,0.0,0.0,0.0,4.65069389343262
Q_000089,MENU_001771,0,34,0.2890636622905731,0.0,0.0,0.0,4.81443309783936
Q_000089,MENU_001624,0,35,0.28881514072418213,0.0,0.0,0.0,4.58868885040283
Q_000089,MENU_000528,0,36,0.28809356689453125,0.0,0.0,0.0,4.80430507659912
Q_000089,MENU_002390,0,37,0.28736233711242676,0.0,0.0,0.0,4.2142858505249
Q_000089,MENU_002347,0,38,0.28736233711242676,0.0,0.0,0.0,4.57420492172241
Q_000089,MENU_002570,0,39,0.28598880767822266,0.0,0.0,0.0,4.67702722549438
Q_000089,MENU_002325,0,40,0.2852742373943329,0.0,0.25,0.0,4.79864883422852
Q_000089,MENU_002578,0,41,0.28418925404548645,0.0,0.0,0.0,4.67702722549438
Q_000089,MENU_002683,0,42,0.28299450874328613,0.0,0.0,0.0,4.78461503982544
Q_000089,MENU_001555,0,43,0.28162097930908203,0.0,0.0,0.0,4.51582288742065
Q_000089,MENU_000953,0,44,0.2806304395198822,0.0,0.0,0.0,4.0
Q_000089,MENU_002655,0,45,0.28019988536834717,0.0,0.0,0.0,4.58833312988281
Q_000089,MENU_000868,0,46,0.28019505739212036,0.0,0.0,0.0,4.85320281982422
Q_000089,MENU_001793,0,47,0.27925023436546326,0.0,0.0,0.0,4.81443309783936
Q_000089,MENU_001787,0,48,0.2791717052459717,0.0,0.0,0.0,4.81443309783936
Q_000089,MENU_001763,0,49,0.2773020565509796,0.0,0.0,0.0,4.81443309783936
Q_000089,MENU_001722,0,50,0.277282178401947,0.0,0.0,0.0,3.84737396240234
Q_000090,MENU_002425,0,1,0.5983376502990723,0.0,0.3333333333333333,0.3333333333333333,4.2142858505249
Q_000090,MENU_002379,0,2,0.5983376502990723,0.0,0.3333333333333333,0.3333333333333333,4.57420492172241
Q_000090,MENU_001038,0,3,0.586898922920227,0.6666666666666666,0.3333333333333333,0.0,4.25
Q_000090,MENU_001037,0,4,0.5840134620666504,0.3333333333333333,0.3333333333333333,0.0,4.25
Q_000090,MENU_001028,0,5,0.5706645846366882,0.0,0.3333333333333333,0.0,4.25
Q_000090,MENU_000591,1,6,0.5647515654563904,0.3333333333333333,0.6666666666666666,0.0,4.64431381225586
Q_000090,MENU_002103,0,7,0.5632355809211731,0.3333333333333333,0.3333333333333333,0.3333333333333333,4.07968902587891
Q_000090,MENU_001387,0,8,0.5627504587173462,0.3333333333333333,0.0,0.3333333333333333,4.75340223312378
Q_000090,MENU_002112,0,9,0.5589969754219055,0.3333333333333333,0.3333333333333333,0.3333333333333333,4.07968902587891
Q_000090,MENU_001194,0,10,0.5542480945587158,0.3333333333333333,0.0,0.0,4.29862880706787
Q_000090,MENU_001388,0,11,0.5540053248405457,0.3333333333333333,0.0,0.0,4.75340223312378
Q_000090,MENU_002016,0,12,0.5489165782928467,0.3333333333333333,0.0,0.0,4.1811408996582
Q_000090,MENU_001294,0,13,0.5463835000991821,0.3333333333333333,0.0,0.0,4.75340223312378
Q_000090,MENU_000523,0,14,0.5442489385604858,0.3333333333333333,0.3333333333333333,0.0,4.63044404983521
Q_000090,MENU_002107,0,15,0.5397135019302368,0.3333333333333333,0.3333333333333333,0.3333333333333333,4.07968902587891
Q_000090,MENU_002752,0,16,0.5393543243408203,0.6666666666666666,0.3333333333333333,0.0,0.0
Q_000090,MENU_000607,1,17,0.5376826524734497,0.3333333333333333,0.6666666666666666,0.0,4.64431381225586
Q_000090,MENU_001107,0,18,0.5373747944831848,0.0,0.3333333333333333,0.0,4.25
Q_000090,MENU_002699,0,19,0.5367181301116943,0.3333333333333333,0.0,0.3333333333333333,4.78461503982544
Q_000090,MENU_001351,0,20,0.5343921184539795,0.0,0.0,0.3333333333333333,4.75340223312378
Q_000090,MENU_001393,0,21,0.5337762832641602,0.3333333333333333,0.0,0.3333333333333333,4.75340223312378
Q_000090,MENU_000613,1,22,0.5335531234741211,0.3333333333333333,0.6666666666666666,0.0,4.64431381225586
Q_000090,MENU_000646,1,23,0.5333918333053589,0.3333333333333333,0.6666666666666666,0.0,4.64431381225586
Q_000090,MENU_002696,0,24,0.5332472920417786,0.3333333333333333,0.0,0.0,4.78461503982544
Q_000090,MENU_002109,0,25,0.5315919518470764,0.3333333333333333,0.3333333333333333,0.3333333333333333,4.07968902587891
Q_000090,MENU_000228,0,26,0.5313051342964172,0.3333333333333333,0.0,0.0,4.14949178695679
Q_000090,MENU_001293,0,27,0.5309970378875732,0.3333333333333333,0.0,0.3333333333333333,4.75340223312378
Q_000090,MENU_001094,0,28,0.5292661190032959,0.0,0.0,0.0,4.25
Q_000090,MENU_002356,0,29,0.5278065204620361,0.0,0.3333333333333333,0.0,4.57420492172241
Q_000090,MENU_002399,0,30,0.5278065204620361,0.0,0.3333333333333333,0.0,4.2142858505249
Q_000090,MENU_002012,0,31,0.5261585712432861,0.3333333333333333,0.0,0.0,4.1811408996582
Q_000090,MENU_001100,0,32,0.5248112082481384,0.0,0.0,0.0,4.25
Q_000090,MENU_001975,0,33,0.5241908431053162,0.3333333333333333,0.0,0.0,4.74074077606201
Q_000090,MENU_002408,0,34,0.523890495300293,0.0,0.3333333333333333,0.0,4.2142858505249
Q_000090,MENU_002364,0,35,0.523890495300293,0.0,0.3333333333333333,0.0,4.57420492172241
Q_000090,MENU_001046,0,36,0.5229416489601135,0.0,0.0,0.0,4.25
Q_000090,MENU_002108,0,37,0.5228880643844604,0.3333333333333333,0.0,0.3333333333333333,4.07968902587891
Q_000090,MENU_001277,0,38,0.5216330289840698,0.3333333333333333,0.3333333333333333,0.0,4.75340223312378
Q_000090,MENU_001394,0,39,0.5211122632026672,0.3333333333333333,0.0,0.0,4.75340223312378
Q_000090,MENU_001325,0,40,0.5195413827896118,0.3333333333333333,0.0,0.3333333333333333,4.75340223312378
Q_000090,MENU_002419,0,41,0.5191330909729004,0.0,0.0,0.0,4.2142858505249
Q_000090,MENU_002373,0,42,0.5191330909729004,0.0,0.0,0.0,4.57420492172241
Q_000090,MENU_000822,1,43,0.5188935995101929,0.3333333333333333,0.6666666666666666,0.0,4.64895582199097
Q_000090,MENU_002110,0,44,0.5171337127685547,0.3333333333333333,0.0,0.3333333333333333,4.07968902587891
Q_000090,MENU_000346,0,45,0.5169114470481873,0.0,0.3333333333333333,0.3333333333333333,4.71902799606323
Q_000090,MENU_002811,0,46,0.5168437957763672,0.3333333333333333,0.3333333333333333,0.0,0.0
Q_000090,MENU_000799,1,47,0.5163300633430481,0.3333333333333333,0.6666666666666666,0.0,4.64895582199097
Q_000090,MENU_001366,0,48,0.5163059234619141,0.0,0.0,0.3333333333333333,4.75340223312378
Q_000090,MENU_001355,0,49,0.5161652565002441,0.3333333333333333,0.0,0.3333333333333333,4.75340223312378
Q_000090,MENU_001359,0,50,0.514370322227478,0.3333333333333333,0.0,0.0,4.75340223312378
Q_000091,MENU_002522,1,1,0.5726133584976196,0.0,0.5,0.5,4.70963716506958
Q_000091,MENU_002526,1,2,0.5703836679458618,0.0,0.5,0.5,4.70963716506958
Q_000091,MENU_002523,1,3,0.5495656728744507,0.0,0.5,0.5,4.70963716506958
Q_000091,MENU_002521,1,4,0.5482810139656067,0.0,0.5,0.5,4.70963716506958
Q_000091,MENU_002524,1,5,0.5461856126785278,0.0,0.5,0.5,4.70963716506958
Q_000091,MENU_002525,1,6,0.5457376837730408,0.0,0.5,0.5,4.70963716506958
Q_000091,MENU_002529,0,7,0.5043933987617493,0.0,0.0,0.0,4.70963716506958
Q_000091,MENU_000516,0,8,0.4991014301776886,0.0,0.5,0.0,4.64538478851318
Q_000091,MENU_002531,0,9,0.482536256313324,0.0,0.0,0.0,4.70963716506958
Q_000091,MENU_000950,0,10,0.4607456922531128,0.0,0.0,0.0,4.0
Q_000091,MENU_001351,0,11,0.4603801369667053,0.0,0.0,0.0,4.75340223312378
Q_000091,MENU_001459,0,12,0.45312386751174927,0.0,0.0,0.0,4.60264015197754
Q_000091,MENU_002530,0,13,0.443378746509552,0.0,0.0,0.0,4.70963716506958
Q_000091,MENU_000532,0,14,0.43636083602905273,0.0,0.5,0.0,4.54899787902832
Q_000091,MENU_000874,0,15,0.433756947517395,0.0,0.5,0.0,4.46214008331299
Q_000091,MENU_001465,0,16,0.4305424690246582,0.0,0.0,0.0,4.60264015197754
Q_000091,MENU_001453,0,17,0.4268641471862793,0.0,0.0,0.0,4.60264015197754
Q_000091,MENU_001454,0,18,0.42593657970428467,0.0,0.0,0.0,4.60264015197754
Q_000091,MENU_002736,0,19,0.42495542764663696,0.0,0.0,0.0,0.0
Q_000091,MENU_002759,0,20,0.4222855865955353,0.0,0.0,0.0,0.0
Q_000091,MENU_002528,0,21,0.4203171730041504,0.0,0.0,0.0,4.70963716506958
Q_000091,MENU_001261,0,22,0.4193132519721985,0.0,0.0,0.0,4.75340223312378
Q_000091,MENU_001259,0,23,0.4189571142196655,0.0,0.0,0.0,4.75340223312378
Q_000091,MENU_001383,0,24,0.4179324805736542,0.0,0.0,0.0,4.75340223312378
Q_000091,MENU_001353,0,25,0.41732674837112427,0.0,0.0,0.0,4.75340223312378
Q_000091,MENU_001732,0,26,0.4141794443130493,0.0,0.5,0.0,4.7578501701355
Q_000091,MENU_002807,0,27,0.41196969151496887,0.0,0.0,0.0,0.0
Q_000091,MENU_001460,0,28,0.4099906384944916,0.0,0.0,0.0,4.60264015197754
Q_000091,MENU_001344,0,29,0.4089125394821167,0.0,0.0,0.0,4.75340223312378
Q_000091,MENU_001468,0,30,0.40517371892929077,0.0,0.0,0.0,4.60264015197754
Q_000091,MENU_000228,0,31,0.4040580987930298,0.0,0.0,0.0,4.14949178695679
Q_000091,MENU_001481,0,32,0.40391576290130615,0.0,0.0,0.0,4.60264015197754
Q_000091,MENU_001328,0,33,0.40293797850608826,0.0,0.0,0.0,4.75340223312378
Q_000091,MENU_002732,0,34,0.402739942073822,0.0,0.0,0.0,0.0
Q_000091,MENU_001352,0,35,0.3999486267566681,0.0,0.0,0.0,4.75340223312378
Q_000091,MENU_001455,0,36,0.39085498452186584,0.0,0.0,0.0,4.60264015197754
Q_000091,MENU_000575,0,37,0.39042308926582336,0.0,0.5,0.0,4.48866987228394
Q_000091,MENU_001312,0,38,0.3903653025627136,0.0,0.0,0.0,4.75340223312378
Q_000091,MENU_001470,0,39,0.3895202875137329,0.0,0.0,0.0,4.60264015197754
Q_000091,MENU_001900,0,40,0.3890748620033264,0.0,0.0,0.0,4.58653783798218
Q_000091,MENU_002509,0,41,0.3884192109107971,0.0,0.0,0.0,4.67408514022827
Q_000091,MENU_001097,0,42,0.38836413621902466,0.0,0.0,0.0,4.25
Q_000091,MENU_000210,0,43,0.3857421278953552,0.0,0.0,0.0,4.7832818031311
Q_000091,MENU_001384,0,44,0.38549718260765076,0.0,0.0,0.0,4.75340223312378
Q_000091,MENU_000577,0,45,0.38326412439346313,0.0,0.5,0.0,4.48866987228394
Q_000091,MENU_001263,0,46,0.38210296630859375,0.0,0.0,0.0,4.75340223312378
Q_000091,MENU_001062,0,47,0.3802017867565155,0.0,0.0,0.0,4.25
Q_000091,MENU_002696,0,48,0.37983328104019165,0.0,0.0,0.0,4.78461503982544
Q_000091,MENU_001354,0,49,0.37921565771102905,0.0,0.0,0.0,4.75340223312378
Q_000091,MENU_001262,0,50,0.3782285451889038,0.0,0.0,0.0,4.75340223312378
Q_000092,MENU_002652,1,1,0.7281713485717773,0.625,0.75,0.0,4.58833312988281
Q_000092,MENU_002625,1,2,0.7151288986206055,0.625,0.75,0.0,4.58833312988281
Q_000092,MENU_002628,1,3,0.7075755596160889,0.625,0.75,0.0,4.58833312988281
Q_000092,MENU_002649,1,4,0.7055202126502991,0.625,0.75,0.0,4.58833312988281
Q_000092,MENU_002645,1,5,0.6897896528244019,0.625,0.75,0.0,4.58833312988281
Q_000092,MENU_002647,1,6,0.6806992292404175,0.625,0.75,0.0,4.58833312988281
Q_000092,MENU_000185,0,7,0.5541566610336304,0.25,0.0,0.25,4.63380479812622
Q_000092,MENU_000040,0,8,0.48228415846824646,0.125,0.0,0.0,4.03416109085083
Q_000092,MENU_002637,0,9,0.4762060046195984,0.125,0.0,0.375,4.58833312988281
Q_000092,MENU_002573,0,10,0.47177985310554504,0.125,0.125,0.125,4.67702722549438
Q_000092,MENU_000002,0,11,0.4677732288837433,0.0,0.0,0.125,4.0
Q_000092,MENU_002130,0,12,0.46514075994491577,0.125,0.0,0.0,4.64444398880005
Q_000092,MENU_002463,0,13,0.46390241384506226,0.0,0.125,0.125,4.77699613571167
Q_000092,MENU_002460,0,14,0.46284812688827515,0.0,0.0,0.0,4.77699613571167
Q_000092,MENU_002443,0,15,0.45415404438972473,0.0,0.125,0.125,4.77699613571167
Q_000092,MENU_001912,0,16,0.4485521614551544,0.125,0.125,0.25,4.81481504440308
Q_000092,MENU_002391,0,17,0.4480496644973755,0.0,0.0,0.125,4.2142858505249
Q_000092,MENU_002348,0,18,0.4480496644973755,0.0,0.0,0.125,4.57420492172241
Q_000092,MENU_001344,0,19,0.4470687508583069,0.0,0.0,0.0,4.75340223312378
Q_000092,MENU_002452,0,20,0.4467865824699402,0.0,0.0,0.0,4.77699613571167
Q_000092,MENU_001496,0,21,0.44243139028549194,0.0,0.0,0.25,4.26522302627563
Q_000092,MENU_002455,0,22,0.43623852729797363,0.0,0.0,0.0,4.77699613571167
Q_000092,MENU_000045,0,23,0.4345145523548126,0.125,0.0,0.25,4.0
Q_000092,MENU_002708,0,24,0.4322856366634369,0.0,0.0,0.125,4.66852378845215
Q_000092,MENU_001894,0,25,0.4290180206298828,0.125,0.0,0.25,5.0
Q_000092,MENU_001602,0,26,0.42808032035827637,0.125,0.0,0.0,4.87649393081665
Q_000092,MENU_002587,0,27,0.427826464176178,0.125,0.125,0.125,4.67702722549438
Q_000092,MENU_001492,0,28,0.427284300327301,0.0,0.0,0.125,4.7914719581604
Q_000092,MENU_001372,0,29,0.4269258975982666,0.0,0.0,0.25,4.75340223312378
Q_000092,MENU_002465,0,30,0.42378515005111694,0.0,0.0,0.0,4.77699613571167
Q_000092,MENU_000104,0,31,0.421785831451416,0.0,0.0,0.0,4.34729814529419
Q_000092,MENU_002829,0,32,0.41996511816978455,0.0,0.0,0.0,0.0
Q_000092,MENU_001507,0,33,0.4198986887931824,0.0,0.0,0.0,4.26522302627563
Q_000092,MENU_002392,0,34,0.4188365936279297,0.0,0.0,0.125,4.2142858505249
Q_000092,MENU_002349,0,35,0.4188365936279297,0.0,0.0,0.125,4.57420492172241
Q_000092,MENU_000182,0,36,0.41705843806266785,0.0,0.0,0.125,4.63380479812622
Q_000092,MENU_002589,0,37,0.4170268774032593,0.125,0.125,0.0,4.67702722549438
Q_000092,MENU_001901,0,38,0.4170117974281311,0.0,0.0,0.0,4.69818210601807
Q_000092,MENU_002841,0,39,0.4166692793369293,0.0,0.0,0.0,0.0
Q_000092,MENU_001023,0,40,0.4164699614048004,0.125,0.0,0.125,4.82307195663452
Q_000092,MENU_000208,0,41,0.4156174063682556,0.0,0.0,0.0,4.7832818031311
Q_000092,MENU_000827,0,42,0.41537466645240784,0.0,0.0,0.125,4.55801105499268
Q_000092,MENU_001336,0,43,0.41535574197769165,0.0,0.0,0.25,4.75340223312378
Q_000092,MENU_001364,0,44,0.41516152024269104,0.0,0.0,0.125,4.75340223312378
Q_000092,MENU_000817,0,45,0.41508975625038147,0.125,0.0,0.0,4.64895582199097
Q_000092,MENU_002134,0,46,0.41433027386665344,0.0,0.0,0.0,4.64444398880005
Q_000092,MENU_002145,0,47,0.41314697265625,0.0,0.0,0.0,4.64444398880005
Q_000092,MENU_000571,0,48,0.4129446744918823,0.0,0.0,0.0,4.49110698699951
Q_000092,MENU_002562,0,49,0.4111136198043823,0.125,0.125,0.125,4.67702722549438
Q_000092,MENU_002444,0,50,0.4105413556098938,0.0,0.0,0.0,4.77699613571167
Q_000093,MENU_002676,1,1,0.36883872747421265,0.0,0.5,0.0,4.7348837852478
Q_000093,MENU_002673,1,2,0.3621710538864136,0.0,0.5,0.0,4.7348837852478
Q_000093,MENU_002678,1,3,0.36100608110427856,0.0,0.5,0.0,4.7348837852478
Q_000093,MENU_002672,1,4,0.3595203459262848,0.0,0.5,0.0,4.7348837852478
Q_000093,MENU_002677,1,5,0.35498741269111633,0.0,0.5,0.0,4.7348837852478
Q_000093,MENU_002675,1,6,0.3437868356704712,0.0,0.5,0.0,4.7348837852478
Q_000093,MENU_002674,1,7,0.3437807559967041,0.0,0.5,0.0,4.7348837852478
Q_000093,MENU_002534,0,8,0.28680986166000366,0.0,0.0,0.0,4.41281080245972
Q_000093,MENU_001793,0,9,0.27745163440704346,0.0,0.0,0.0,4.81443309783936
Q_000093,MENU_001787,0,10,0.2755098044872284,0.0,0.0,0.0,4.81443309783936
Q_000093,MENU_001406,0,11,0.2716129422187805,0.0,0.0,0.0,4.46881008148193
Q_000093,MENU_000653,0,12,0.2685885727405548,0.0,0.0,0.0,4.72276020050049
Q_000093,MENU_000363,0,13,0.26706361770629883,0.0,0.0,0.0,4.71859407424927
Q_000093,MENU_000332,0,14,0.26706361770629883,0.0,0.0,0.0,4.60093212127686
Q_000093,MENU_002079,0,15,0.26426270604133606,0.0,0.0,0.0,4.67941522598267
Q_000093,MENU_000676,0,16,0.26341402530670166,0.0,0.0,0.0,4.72276020050049
Q_000093,MENU_001501,0,17,0.2605647146701813,0.0,0.0,0.0,4.26522302627563
Q_000093,MENU_000703,0,18,0.2600783109664917,0.0,0.0,0.0,4.72276020050049
Q_000093,MENU_000345,0,19,0.2596299648284912,0.0,0.0,0.0,4.71902799606323
Q_000093,MENU_000323,0,20,0.2596299648284912,0.0,0.0,0.0,4.60093212127686
Q_000093,MENU_002025,0,21,0.259240984916687,0.0,0.0,0.0,4.1811408996582
Q_000093,MENU_000674,0,22,0.25917863845825195,0.0,0.0,0.0,4.72276020050049
Q_000093,MENU_001730,0,23,0.25502145290374756,0.0,0.0,0.0,3.84737396240234
Q_000093,MENU_001736,0,24,0.25290852785110474,0.0,0.0,0.0,4.81443309783936
Q_000093,MENU_002043,0,25,0.2518743872642517,0.0,0.0,0.0,4.1811408996582
Q_000093,MENU_001652,0,26,0.25173068046569824,0.0,0.0,0.0,4.58868885040283
Q_000093,MENU_001209,0,27,0.24884217977523804,0.0,0.0,0.0,4.36710977554321
Q_000093,MENU_001565,0,28,0.24848270416259766,0.0,0.0,0.25,4.88310480117798
Q_000093,MENU_001757,0,29,0.24830645322799683,0.0,0.0,0.0,4.81443309783936
Q_000093,MENU_001726,0,30,0.24614275991916656,0.0,0.0,0.0,3.84737396240234
Q_000093,MENU_001232,0,31,0.2454729676246643,0.0,0.0,0.0,4.75703001022339
Q_000093,MENU_000039,0,32,0.24317394196987152,0.0,0.0,0.0,4.83308601379395
Q_000093,MENU_001530,0,33,0.24165722727775574,0.0,0.0,0.0,4.20552682876587
Q_000093,MENU_001788,0,34,0.2412845492362976,0.0,0.0,0.0,4.81443309783936
Q_000093,MENU_001763,0,35,0.23976771533489227,0.0,0.0,0.0,4.81443309783936
Q_000093,MENU_001494,0,36,0.23976120352745056,0.0,0.0,0.0,4.26522302627563
Q_000093,MENU_001756,0,37,0.23956283926963806,0.0,0.0,0.0,4.81443309783936
Q_000093,MENU_001643,0,38,0.23863162100315094,0.0,0.0,0.0,4.58868885040283
Q_000093,MENU_000077,0,39,0.23856496810913086,0.0,0.0,0.0,4.76417207717896
Q_000093,MENU_001506,0,40,0.23845481872558594,0.0,0.0,0.0,4.26522302627563
Q_000093,MENU_001988,0,41,0.23813435435295105,0.0,0.0,0.0,4.67871189117432
Q_000093,MENU_002642,0,42,0.23782223463058472,0.0,0.0,0.0,4.58833312988281
Q_000093,MENU_001733,0,43,0.2370457798242569,0.0,0.0,0.0,4.81443309783936
Q_000093,MENU_001968,0,44,0.23516100645065308,0.0,0.0,0.0,4.74074077606201
Q_000093,MENU_002080,0,45,0.2351120412349701,0.0,0.0,0.0,4.67941522598267
Q_000093,MENU_001676,0,46,0.23505891859531403,0.0,0.0,0.0,3.84737396240234
Q_000093,MENU_001772,0,47,0.23497572541236877,0.0,0.0,0.25,4.81443309783936
Q_000093,MENU_002571,0,48,0.23445361852645874,0.0,0.0,0.0,4.67702722549438
Q_000093,MENU_001761,0,49,0.23310676217079163,0.0,0.0,0.0,4.81443309783936
Q_000093,MENU_000675,0,50,0.2330038696527481,0.0,0.0,0.0,4.72276020050049
Q_000094,MENU_002189,1,1,0.5701589584350586,0.5,0.5,0.0,4.65195322036743
Q_000094,MENU_002573,1,2,0.5512330532073975,0.5,0.5,0.5,4.67702722549438
Q_000094,MENU_001912,1,3,0.5441469550132751,0.5,0.5,0.5,4.81481504440308
Q_000094,MENU_002589,1,4,0.5342229604721069,0.5,0.5,0.0,4.67702722549438
Q_000094,MENU_002175,1,5,0.5299816131591797,0.5,0.5,0.5,4.65195322036743
Q_000094,MENU_001023,0,6,0.5077873468399048,0.5,0.0,0.5,4.82307195663452
Q_000094,MENU_002562,1,7,0.50579833984375,0.5,0.5,0.5,4.67702722549438
Q_000094,MENU_000741,1,8,0.4947288930416107,0.5,0.5,0.0,4.67195796966553
Q_000094,MENU_000185,0,9,0.49236536026000977,0.5,0.0,0.5,4.63380479812622
Q_000094,MENU_000723,1,10,0.49231666326522827,0.5,0.5,0.5,4.67195796966553
Q_000094,MENU_001894,0,11,0.49140557646751404,0.5,0.0,0.5,5.0
Q_000094,MENU_001492,0,12,0.4907505512237549,0.0,0.0,0.5,4.7914719581604
Q_000094,MENU_002587,1,13,0.4892238676548004,0.5,0.5,0.5,4.67702722549438
Q_000094,MENU_001938,1,14,0.48053622245788574,0.0,0.5,0.5,4.81481504440308
Q_000094,MENU_000639,0,15,0.47791510820388794,0.5,0.0,0.0,4.64431381225586
Q_000094,MENU_002443,0,16,0.4774740934371948,0.0,0.5,0.5,4.77699613571167
Q_000094,MENU_002566,1,17,0.4763941764831543,0.5,0.5,0.0,4.67702722549438
Q_000094,MENU_001942,1,18,0.4740416407585144,0.0,0.5,0.5,4.81481504440308
Q_000094,MENU_000755,1,19,0.4720589220523834,0.5,0.5,0.0,4.67195796966553
Q_000094,MENU_002221,1,20,0.4687148332595825,0.5,0.5,0.5,4.65195322036743
Q_000094,MENU_002637,0,21,0.4650976061820984,0.5,0.0,0.5,4.58833312988281
Q_000094,MENU_001602,0,22,0.46312543749809265,0.5,0.0,0.0,4.87649393081665
Q_000094,MENU_000075,0,23,0.4548039436340332,0.5,0.0,0.0,4.72087717056274
Q_000094,MENU_002254,0,24,0.45249438285827637,0.0,0.0,0.0,4.81660079956055
Q_000094,MENU_002619,0,25,0.4518175721168518,0.5,0.0,0.0,4.66666698455811
Q_000094,MENU_001919,1,26,0.4474746882915497,0.0,0.5,0.5,4.81481504440308
Q_000094,MENU_000131,0,27,0.4474134147167206,0.0,0.0,0.0,4.63380479812622
Q_000094,MENU_000045,0,28,0.4447585344314575,0.5,0.0,0.5,4.0
Q_000094,MENU_000198,0,29,0.44308608770370483,0.0,0.0,0.0,4.63380479812622
Q_000094,MENU_001945,1,30,0.4380374848842621,0.0,0.5,0.5,4.81481504440308
Q_000094,MENU_002233,1,31,0.4334833025932312,0.5,0.5,0.5,4.65195322036743
Q_000094,MENU_000373,0,32,0.4299854338169098,0.0,0.0,0.5,4.71902799606323
Q_000094,MENU_000194,0,33,0.42995211482048035,0.0,0.0,0.0,4.63380479812622
Q_000094,MENU_001933,0,34,0.4248838722705841,0.5,0.0,0.0,4.81481504440308
Q_000094,MENU_000751,0,35,0.42378512024879456,0.5,0.0,0.5,4.67195796966553
Q_000094,MENU_001473,0,36,0.42375659942626953,0.5,0.5,0.0,4.60264015197754
Q_000094,MENU_001916,1,37,0.4234780967235565,0.5,0.5,0.5,4.81481504440308
Q_000094,MENU_002058,0,38,0.4197332262992859,0.5,0.0,0.5,4.83122396469116
Q_000094,MENU_001455,0,39,0.4182479679584503,0.5,0.0,0.0,4.60264015197754
Q_000094,MENU_002463,0,40,0.4174162447452545,0.0,0.5,0.5,4.77699613571167
Q_000094,MENU_001434,0,41,0.4119322896003723,0.5,0.0,0.0,4.6047158241272
Q_000094,MENU_001278,0,42,0.41141706705093384,0.0,0.0,0.0,4.75340223312378
Q_000094,MENU_001413,0,43,0.4099767208099365,0.0,0.0,0.0,4.46881008148193
Q_000094,MENU_002625,0,44,0.4099156856536865,0.5,0.5,0.0,4.58833312988281
Q_000094,MENU_000372,0,45,0.40812188386917114,0.0,0.0,0.5,4.71902799606323
Q_000094,MENU_002130,0,46,0.4066433906555176,0.5,0.0,0.0,4.64444398880005
Q_000094,MENU_002017,0,47,0.40551406145095825,0.0,0.0,0.0,4.1811408996582
Q_000094,MENU_001173,0,48,0.4054422378540039,0.0,0.0,0.5,4.82336378097534
Q_000094,MENU_002690,0,49,0.40472501516342163,0.0,0.0,0.0,4.78461503982544
Q_000094,MENU_001137,0,50,0.40432482957839966,0.0,0.0,0.5,4.82336378097534
Q_000095,MENU_001971,0,1,0.4521341323852539,0.25,0.0,0.0,4.74074077606201
Q_000095,MENU_001277,0,2,0.44662344455718994,0.25,0.25,0.0,4.75340223312378
Q_000095,MENU_002379,0,3,0.44602563977241516,0.0,0.25,0.25,4.57420492172241
Q_000095,MENU_002425,0,4,0.44602563977241516,0.0,0.25,0.25,4.2142858505249
Q_000095,MENU_001037,0,5,0.437339723110199,0.25,0.25,0.0,4.25
Q_000095,MENU_001759,0,6,0.4267531931400299,0.25,0.0,0.25,4.81443309783936
Q_000095,MENU_002752,0,7,0.4259031414985657,0.25,0.5,0.0,0.0
Q_000095,MENU_002356,0,8,0.42281097173690796,0.0,0.25,0.0,4.57420492172241
Q_000095,MENU_002399,0,9,0.42281097173690796,0.0,0.25,0.0,4.2142858505249
Q_000095,MENU_000228,0,10,0.420631468296051,0.0,0.25,0.0,4.14949178695679
Q_000095,MENU_001038,0,11,0.4181162714958191,0.25,0.25,0.0,4.25
Q_000095,MENU_000236,1,12,0.4174477756023407,0.0,0.5,0.0,4.14949178695679
Q_000095,MENU_000247,1,13,0.41681036353111267,0.0,0.5,0.0,4.14949178695679
Q_000095,MENU_002754,0,14,0.41673582792282104,0.25,0.5,0.0,0.0
Q_000095,MENU_000784,0,15,0.4154275953769684,0.25,0.0,0.0,4.70389223098755
Q_000095,MENU_000221,1,16,0.4095858931541443,0.0,0.5,0.0,4.14949178695679
Q_000095,MENU_001095,0,17,0.4047667980194092,0.0,0.25,0.0,4.25
Q_000095,MENU_001084,0,18,0.40466564893722534,0.0,0.25,0.0,4.25
Q_000095,MENU_001107,0,19,0.4040202796459198,0.0,0.25,0.0,4.25
Q_000095,MENU_002002,0,20,0.4014894664287567,0.0,0.25,0.0,4.1811408996582
Q_000095,MENU_000041,0,21,0.4013749063014984,0.0,0.25,0.0,4.03416109085083
Q_000095,MENU_001109,0,22,0.40134912729263306,0.25,0.25,0.0,4.25
Q_000095,MENU_000370,0,23,0.3996667265892029,0.0,0.25,0.0,4.71902799606323
Q_000095,MENU_000681,0,24,0.39916181564331055,0.0,0.0,0.25,4.72276020050049
Q_000095,MENU_000362,0,25,0.3962544798851013,0.0,0.25,0.25,4.71902799606323
Q_000095,MENU_000234,1,26,0.3948691487312317,0.0,0.5,0.0,4.14949178695679
Q_000095,MENU_001100,0,27,0.3908590078353882,0.0,0.0,0.0,4.25
Q_000095,MENU_000593,0,28,0.3904397487640381,0.25,0.25,0.0,4.64431381225586
Q_000095,MENU_002792,0,29,0.3893732726573944,0.25,0.25,0.0,0.0
Q_000095,MENU_002408,0,30,0.3885016143321991,0.0,0.25,0.25,4.2142858505249
Q_000095,MENU_002364,0,31,0.3885016143321991,0.0,0.25,0.25,4.57420492172241
Q_000095,MENU_000670,0,32,0.3878259062767029,0.0,0.0,0.25,4.72276020050049
Q_000095,MENU_001121,0,33,0.3876201808452606,0.0,0.25,0.0,4.25
Q_000095,MENU_001680,0,34,0.3867225646972656,0.0,0.25,0.0,3.84737396240234
Q_000095,MENU_000235,1,35,0.38629674911499023,0.0,0.5,0.0,4.14949178695679
Q_000095,MENU_000346,0,36,0.3861164450645447,0.0,0.25,0.25,4.71902799606323
Q_000095,MENU_001028,0,37,0.3857933282852173,0.0,0.25,0.0,4.25
Q_000095,MENU_002730,0,38,0.3854272663593292,0.25,0.25,0.0,0.0
Q_000095,MENU_000223,1,39,0.38533735275268555,0.0,0.5,0.0,4.14949178695679
Q_000095,MENU_001683,0,40,0.38532736897468567,0.0,0.25,0.0,3.84737396240234
Q_000095,MENU_000249,1,41,0.38493645191192627,0.0,0.5,0.0,4.14949178695679
Q_000095,MENU_000225,1,42,0.38479679822921753,0.0,0.5,0.0,4.14949178695679
Q_000095,MENU_000369,0,43,0.3838454782962799,0.0,0.25,0.0,4.71902799606323
Q_000095,MENU_001722,0,44,0.38384491205215454,0.0,0.25,0.0,3.84737396240234
Q_000095,MENU_000663,0,45,0.38311344385147095,0.0,0.0,0.25,4.72276020050049
Q_000095,MENU_001294,0,46,0.3827253580093384,0.0,0.0,0.0,4.75340223312378
Q_000095,MENU_001099,0,47,0.38241851329803467,0.0,0.25,0.0,4.25
Q_000095,MENU_002753,0,48,0.38149911165237427,0.25,0.25,0.0,0.0
Q_000095,MENU_001773,0,49,0.38143664598464966,0.0,0.0,0.0,4.81443309783936
Q_000095,MENU_001123,0,50,0.3808690011501312,0.0,0.25,0.0,4.25
Q_000096,MENU_001359,0,1,0.5724051594734192,0.0,0.3333333333333333,0.0,4.75340223312378
Q_000096,MENU_001394,0,2,0.5626248717308044,0.0,0.3333333333333333,0.0,4.75340223312378
Q_000096,MENU_002377,0,3,0.5611594915390015,0.0,0.3333333333333333,0.0,4.57420492172241
Q_000096,MENU_002423,0,4,0.5611594915390015,0.0,0.3333333333333333,0.0,4.2142858505249
Q_000096,MENU_001365,0,5,0.5565036535263062,0.0,0.3333333333333333,0.0,4.75340223312378
Q_000096,MENU_001388,0,6,0.547784686088562,0.0,0.3333333333333333,0.0,4.75340223312378
Q_000096,MENU_001294,0,7,0.5439389944076538,0.0,0.3333333333333333,0.0,4.75340223312378
Q_000096,MENU_001393,0,8,0.5387915372848511,0.0,0.3333333333333333,0.0,4.75340223312378
Q_000096,MENU_001358,0,9,0.5375615358352661,0.0,0.3333333333333333,0.0,4.75340223312378
Q_000096,MENU_001357,0,10,0.5367394089698792,0.0,0.3333333333333333,0.0,4.75340223312378
Q_000096,MENU_001325,0,11,0.5364435315132141,0.0,0.3333333333333333,0.0,4.75340223312378
Q_000096,MENU_001387,0,12,0.5342518091201782,0.0,0.3333333333333333,0.0,4.75340223312378
Q_000096,MENU_001293,0,13,0.5325281620025635,0.0,0.3333333333333333,0.0,4.75340223312378
Q_000096,MENU_002702,1,14,0.5312062501907349,0.0,0.3333333333333333,0.0,4.78461503982544
Q_000096,MENU_001355,0,15,0.5296593904495239,0.0,0.3333333333333333,0.0,4.75340223312378
Q_000096,MENU_001262,0,16,0.5274407863616943,0.0,0.3333333333333333,0.0,4.75340223312378
Q_000096,MENU_001263,0,17,0.5247020721435547,0.0,0.3333333333333333,0.0,4.75340223312378
Q_000096,MENU_001324,0,18,0.5244607925415039,0.0,0.3333333333333333,0.0,4.75340223312378
Q_000096,MENU_001327,0,19,0.5237786769866943,0.0,0.3333333333333333,0.0,4.75340223312378
Q_000096,MENU_002699,1,20,0.5225435495376587,0.0,0.3333333333333333,0.0,4.78461503982544
Q_000096,MENU_002416,0,21,0.522094190120697,0.0,0.3333333333333333,0.3333333333333333,4.2142858505249
Q_000096,MENU_002370,0,22,0.522094190120697,0.0,0.3333333333333333,0.3333333333333333,4.57420492172241
Q_000096,MENU_002016,0,23,0.5219833254814148,0.0,0.3333333333333333,0.0,4.1811408996582
Q_000096,MENU_001340,0,24,0.5203548669815063,0.0,0.3333333333333333,0.0,4.75340223312378
Q_000096,MENU_002012,0,25,0.5177967548370361,0.0,0.3333333333333333,0.0,4.1811408996582
Q_000096,MENU_001298,0,26,0.5129565000534058,0.0,0.3333333333333333,0.0,4.75340223312378
Q_000096,MENU_001038,0,27,0.5128895044326782,0.0,0.3333333333333333,0.0,4.25
Q_000096,MENU_001975,0,28,0.5092801451683044,0.0,0.0,0.0,4.74074077606201
Q_000096,MENU_001281,0,29,0.5075965523719788,0.0,0.3333333333333333,0.0,4.75340223312378
Q_000096,MENU_001328,0,30,0.5057521462440491,0.0,0.0,0.0,4.75340223312378
Q_000096,MENU_001331,0,31,0.5021252632141113,0.0,0.3333333333333333,0.0,4.75340223312378
Q_000096,MENU_000591,0,32,0.5019039511680603,0.0,0.0,0.0,4.64431381225586
Q_000096,MENU_001322,0,33,0.5008816719055176,0.0,0.3333333333333333,0.0,4.75340223312378
Q_000096,MENU_001311,0,34,0.49935728311538696,0.0,0.3333333333333333,0.0,4.75340223312378
Q_000096,MENU_001339,0,35,0.49754565954208374,0.0,0.3333333333333333,0.0,4.75340223312378
Q_000096,MENU_002409,0,36,0.4973883032798767,0.0,0.3333333333333333,0.0,4.2142858505249
Q_000096,MENU_001062,0,37,0.49552276730537415,0.0,0.3333333333333333,0.0,4.25
Q_000096,MENU_001107,0,38,0.49323931336402893,0.0,0.3333333333333333,0.0,4.25
Q_000096,MENU_002696,1,39,0.4896765947341919,0.0,0.3333333333333333,0.0,4.78461503982544
Q_000096,MENU_001036,0,40,0.4894620478153229,0.0,0.3333333333333333,0.0,4.25
Q_000096,MENU_001326,0,41,0.48917877674102783,0.0,0.3333333333333333,0.0,4.75340223312378
Q_000096,MENU_001382,0,42,0.48699837923049927,0.0,0.3333333333333333,0.0,4.75340223312378
Q_000096,MENU_002010,0,43,0.48615509271621704,0.0,0.3333333333333333,0.0,4.1811408996582
Q_000096,MENU_001332,0,44,0.48588186502456665,0.0,0.0,0.0,4.75340223312378
Q_000096,MENU_001721,0,45,0.4857409596443176,0.0,0.0,0.0,3.84737396240234
Q_000096,MENU_001366,0,46,0.48474135994911194,0.0,0.3333333333333333,0.0,4.75340223312378
Q_000096,MENU_001037,0,47,0.48432987928390503,0.0,0.3333333333333333,0.0,4.25
Q_000096,MENU_001381,0,48,0.48408493399620056,0.0,0.3333333333333333,0.0,4.75340223312378
Q_000096,MENU_002366,0,49,0.4822500944137573,0.0,0.3333333333333333,0.0,4.57420492172241
Q_000096,MENU_002411,0,50,0.4822500944137573,0.0,0.3333333333333333,0.0,4.2142858505249
Q_000097,MENU_000220,0,1,0.4532005488872528,0.0,0.0,0.0,4.14949178695679
Q_000097,MENU_000246,0,2,0.45239800214767456,0.0,0.0,0.0,4.14949178695679
Q_000097,MENU_000353,0,3,0.44736480712890625,0.0,0.0,0.0,4.71902799606323
Q_000097,MENU_002420,0,4,0.43928438425064087,0.0,0.0,0.0,4.2142858505249
Q_000097,MENU_002374,0,5,0.43928438425064087,0.0,0.0,0.0,4.57420492172241
Q_000097,MENU_002409,0,6,0.432597279548645,0.0,0.0,0.0,4.2142858505249
Q_000097,MENU_002210,0,7,0.42908716201782227,0.0,0.0,0.0,4.65195322036743
Q_000097,MENU_000367,0,8,0.42739325761795044,0.0,0.0,0.3333333333333333,4.71902799606323
Q_000097,MENU_000365,0,9,0.4242323040962219,0.0,0.0,0.3333333333333333,4.71902799606323
Q_000097,MENU_000352,0,10,0.423824667930603,0.0,0.0,0.0,4.71902799606323
Q_000097,MENU_000366,0,11,0.4208827614784241,0.0,0.0,0.3333333333333333,4.71902799606323
Q_000097,MENU_001908,1,12,0.41484665870666504,0.0,0.3333333333333333,0.0,4.81481504440308
Q_000097,MENU_000375,0,13,0.4144896864891052,0.0,0.0,0.0,4.71902799606323
Q_000097,MENU_000222,0,14,0.4121538996696472,0.0,0.0,0.3333333333333333,4.14949178695679
Q_000097,MENU_002180,0,15,0.4113312363624573,0.0,0.0,0.0,4.65195322036743
Q_000097,MENU_000001,0,16,0.408894419670105,0.0,0.0,0.0,4.0
Q_000097,MENU_000355,0,17,0.4079214930534363,0.0,0.0,0.0,4.71902799606323
Q_000097,MENU_000356,0,18,0.4052751064300537,0.0,0.0,0.0,4.71902799606323
Q_000097,MENU_000677,0,19,0.40166783332824707,0.0,0.0,0.0,4.72276020050049
Q_000097,MENU_001907,1,20,0.4012775421142578,0.0,0.3333333333333333,0.0,4.81481504440308
Q_000097,MENU_002170,0,21,0.3935524821281433,0.0,0.0,0.0,4.65195322036743
Q_000097,MENU_002561,0,22,0.39293015003204346,0.0,0.0,0.0,4.67702722549438
Q_000097,MENU_002588,0,23,0.3923601806163788,0.0,0.0,0.0,4.67702722549438
Q_000097,MENU_002217,0,24,0.3894190788269043,0.0,0.0,0.0,4.65195322036743
Q_000097,MENU_001289,0,25,0.38619041442871094,0.0,0.0,0.0,4.75340223312378
Q_000097,MENU_002766,0,26,0.3841303884983063,0.0,0.0,0.0,0.0
Q_000097,MENU_001943,1,27,0.3840155005455017,0.0,0.3333333333333333,0.0,4.81481504440308
Q_000097,MENU_001911,1,28,0.3829607367515564,0.0,0.3333333333333333,0.0,4.81481504440308
Q_000097,MENU_001256,0,29,0.3813502788543701,0.0,0.0,0.0,4.75340223312378
Q_000097,MENU_002568,0,30,0.3805057406425476,0.0,0.0,0.0,4.67702722549438
Q_000097,MENU_002220,0,31,0.37838172912597656,0.0,0.0,0.0,4.65195322036743
Q_000097,MENU_001269,0,32,0.3773635923862457,0.0,0.0,0.0,4.75340223312378
Q_000097,MENU_000374,0,33,0.3752502202987671,0.0,0.0,0.0,4.71902799606323
Q_000097,MENU_001954,1,34,0.37455466389656067,0.0,0.3333333333333333,0.0,4.81481504440308
Q_000097,MENU_002001,0,35,0.37413084506988525,0.0,0.0,0.0,4.1811408996582
Q_000097,MENU_002779,0,36,0.37389159202575684,0.0,0.0,0.0,0.0
Q_000097,MENU_002002,0,37,0.3725806772708893,0.0,0.0,0.0,4.1811408996582
Q_000097,MENU_000755,0,38,0.37216150760650635,0.0,0.0,0.0,4.67195796966553
Q_000097,MENU_002765,0,39,0.3717556595802307,0.0,0.0,0.0,0.0
Q_000097,MENU_002200,0,40,0.3704524338245392,0.0,0.0,0.0,4.65195322036743
Q_000097,MENU_000266,0,41,0.36950239539146423,0.0,0.0,0.0,4.65069389343262
Q_000097,MENU_002501,0,42,0.36936721205711365,0.0,0.0,0.0,4.28089904785156
Q_000097,MENU_000232,0,43,0.36866509914398193,0.0,0.0,0.0,4.14949178695679
Q_000097,MENU_000231,0,44,0.36851343512535095,0.0,0.0,0.0,4.14949178695679
Q_000097,MENU_001906,1,45,0.3676387667655945,0.0,0.3333333333333333,0.0,4.81481504440308
Q_000097,MENU_000371,0,46,0.36706483364105225,0.0,0.0,0.0,4.71902799606323
Q_000097,MENU_000176,0,47,0.3659193515777588,0.0,0.0,0.0,4.63380479812622
Q_000097,MENU_000354,0,48,0.36542820930480957,0.0,0.0,0.0,4.71902799606323
Q_000097,MENU_002664,0,49,0.36509957909584045,0.0,0.0,0.0,4.7348837852478
Q_000097,MENU_000350,0,50,0.36454153060913086,0.0,0.0,0.0,4.71902799606323
Q_000098,MENU_002416,1,1,0.6354882717132568,0.0,0.5,0.5,4.2142858505249
Q_000098,MENU_002370,1,2,0.6354882717132568,0.0,0.5,0.5,4.57420492172241
Q_000098,MENU_002377,1,3,0.6309940814971924,0.0,0.5,0.0,4.57420492172241
Q_000098,MENU_002423,1,4,0.6309940814971924,0.0,0.5,0.0,4.2142858505249
Q_000098,MENU_002426,1,5,0.592908501625061,0.0,0.5,0.25,4.2142858505249
Q_000098,MENU_002381,1,6,0.592908501625061,0.0,0.5,0.25,4.57420492172241
Q_000098,MENU_002419,1,7,0.5905297994613647,0.0,0.5,0.25,4.2142858505249
Q_000098,MENU_002373,1,8,0.5905297994613647,0.0,0.5,0.25,4.57420492172241
Q_000098,MENU_001263,0,9,0.5747990608215332,0.0,0.25,0.0,4.75340223312378
Q_000098,MENU_001359,0,10,0.5722416639328003,0.0,0.25,0.0,4.75340223312378
Q_000098,MENU_001262,0,11,0.5639709234237671,0.0,0.25,0.0,4.75340223312378
Q_000098,MENU_001394,0,12,0.554189920425415,0.0,0.25,0.0,4.75340223312378
Q_000098,MENU_002409,1,13,0.5540597438812256,0.0,0.5,0.0,4.2142858505249
Q_000098,MENU_001294,0,14,0.5473974347114563,0.0,0.25,0.0,4.75340223312378
Q_000098,MENU_002702,0,15,0.5377436280250549,0.0,0.25,0.0,4.78461503982544
Q_000098,MENU_001340,0,16,0.5350644588470459,0.0,0.25,0.0,4.75340223312378
Q_000098,MENU_001388,0,17,0.5314177870750427,0.0,0.25,0.0,4.75340223312378
Q_000098,MENU_001358,0,18,0.5311529040336609,0.0,0.25,0.0,4.75340223312378
Q_000098,MENU_001365,0,19,0.5283204317092896,0.0,0.25,0.0,4.75340223312378
Q_000098,MENU_001293,0,20,0.5276128649711609,0.0,0.25,0.0,4.75340223312378
Q_000098,MENU_002406,1,21,0.5260699391365051,0.0,0.5,0.0,4.2142858505249
Q_000098,MENU_002363,1,22,0.5260699391365051,0.0,0.5,0.0,4.57420492172241
Q_000098,MENU_001325,0,23,0.5257448554039001,0.0,0.25,0.0,4.75340223312378
Q_000098,MENU_002374,1,24,0.5239123702049255,0.0,0.5,0.0,4.57420492172241
Q_000098,MENU_002420,1,25,0.5239123702049255,0.0,0.5,0.0,4.2142858505249
Q_000098,MENU_001975,0,26,0.5237237215042114,0.0,0.0,0.0,4.74074077606201
Q_000098,MENU_002699,0,27,0.5205680727958679,0.0,0.25,0.0,4.78461503982544
Q_000098,MENU_001038,0,28,0.520235538482666,0.0,0.25,0.0,4.25
Q_000098,MENU_001351,0,29,0.5201653242111206,0.0,0.0,0.0,4.75340223312378
Q_000098,MENU_001393,0,30,0.5199927091598511,0.0,0.25,0.0,4.75340223312378
Q_000098,MENU_001371,0,31,0.5197991728782654,0.0,0.0,0.0,4.75340223312378
Q_000098,MENU_000246,0,32,0.5178736448287964,0.0,0.0,0.0,4.14949178695679
Q_000098,MENU_001281,0,33,0.5178588628768921,0.0,0.25,0.0,4.75340223312378
Q_000098,MENU_001382,0,34,0.51779705286026,0.0,0.25,0.0,4.75340223312378
Q_000098,MENU_001387,0,35,0.5157382488250732,0.0,0.25,0.0,4.75340223312378
Q_000098,MENU_002366,1,36,0.514699399471283,0.0,0.5,0.0,4.57420492172241
Q_000098,MENU_002411,1,37,0.514699399471283,0.0,0.5,0.0,4.2142858505249
Q_000098,MENU_001355,0,38,0.51466965675354,0.0,0.25,0.0,4.75340223312378
Q_000098,MENU_002696,0,39,0.5144291520118713,0.0,0.25,0.0,4.78461503982544
Q_000098,MENU_002361,1,40,0.5142636895179749,0.0,0.5,0.0,4.57420492172241
Q_000098,MENU_002404,1,41,0.5142636895179749,0.0,0.5,0.0,4.2142858505249
Q_000098,MENU_001339,0,42,0.5137451887130737,0.0,0.25,0.0,4.75340223312378
Q_000098,MENU_001969,0,43,0.5124959945678711,0.0,0.0,0.0,4.74074077606201
Q_000098,MENU_001324,0,44,0.5124943852424622,0.0,0.25,0.0,4.75340223312378
Q_000098,MENU_002357,1,45,0.5122036933898926,0.0,0.5,0.25,4.57420492172241
Q_000098,MENU_002400,1,46,0.5122036933898926,0.0,0.5,0.25,4.2142858505249
Q_000098,MENU_001357,0,47,0.5111000537872314,0.0,0.25,0.0,4.75340223312378
Q_000098,MENU_001722,0,48,0.5098839998245239,0.0,0.0,0.0,3.84737396240234
Q_000098,MENU_001322,0,49,0.5091526508331299,0.0,0.25,0.0,4.75340223312378
Q_000098,MENU_001298,0,50,0.5086901187896729,0.0,0.25,0.0,4.75340223312378
Q_000099,MENU_002676,1,1,0.36883872747421265,0.0,0.5,0.0,4.7348837852478
Q_000099,MENU_002673,1,2,0.3621710538864136,0.0,0.5,0.0,4.7348837852478
Q_000099,MENU_002678,1,3,0.36100608110427856,0.0,0.5,0.0,4.7348837852478
Q_000099,MENU_002672,1,4,0.3595203459262848,0.0,0.5,0.0,4.7348837852478
Q_000099,MENU_002677,1,5,0.35498741269111633,0.0,0.5,0.0,4.7348837852478
Q_000099,MENU_002675,1,6,0.3437868356704712,0.0,0.5,0.0,4.7348837852478
Q_000099,MENU_002674,1,7,0.3437807559967041,0.0,0.5,0.0,4.7348837852478
Q_000099,MENU_002534,0,8,0.28680986166000366,0.0,0.0,0.0,4.41281080245972
Q_000099,MENU_001793,0,9,0.27745163440704346,0.0,0.0,0.0,4.81443309783936
Q_000099,MENU_001787,0,10,0.2755098044872284,0.0,0.0,0.0,4.81443309783936
Q_000099,MENU_001406,0,11,0.2716129422187805,0.0,0.0,0.0,4.46881008148193
Q_000099,MENU_000653,0,12,0.2685885727405548,0.0,0.0,0.0,4.72276020050049
Q_000099,MENU_000363,0,13,0.26706361770629883,0.0,0.0,0.0,4.71859407424927
Q_000099,MENU_000332,0,14,0.26706361770629883,0.0,0.0,0.0,4.60093212127686
Q_000099,MENU_002079,0,15,0.26426270604133606,0.0,0.0,0.0,4.67941522598267
Q_000099,MENU_000676,0,16,0.26341402530670166,0.0,0.0,0.0,4.72276020050049
Q_000099,MENU_001501,0,17,0.2605647146701813,0.0,0.0,0.0,4.26522302627563
Q_000099,MENU_000703,0,18,0.2600783109664917,0.0,0.0,0.0,4.72276020050049
Q_000099,MENU_000345,0,19,0.2596299648284912,0.0,0.0,0.0,4.71902799606323
Q_000099,MENU_000323,0,20,0.2596299648284912,0.0,0.0,0.0,4.60093212127686
Q_000099,MENU_002025,0,21,0.259240984916687,0.0,0.0,0.0,4.1811408996582
Q_000099,MENU_000674,0,22,0.25917863845825195,0.0,0.0,0.0,4.72276020050049
Q_000099,MENU_001730,0,23,0.25502145290374756,0.0,0.0,0.0,3.84737396240234
Q_000099,MENU_001736,0,24,0.25290852785110474,0.0,0.0,0.0,4.81443309783936
Q_000099,MENU_002043,0,25,0.2518743872642517,0.0,0.0,0.0,4.1811408996582
Q_000099,MENU_001652,0,26,0.25173068046569824,0.0,0.0,0.0,4.58868885040283
Q_000099,MENU_001209,0,27,0.24884217977523804,0.0,0.0,0.0,4.36710977554321
Q_000099,MENU_001565,0,28,0.24848270416259766,0.0,0.0,0.25,4.88310480117798
Q_000099,MENU_001757,0,29,0.24830645322799683,0.0,0.0,0.0,4.81443309783936
Q_000099,MENU_001726,0,30,0.24614275991916656,0.0,0.0,0.0,3.84737396240234
Q_000099,MENU_001232,0,31,0.2454729676246643,0.0,0.0,0.0,4.75703001022339
Q_000099,MENU_000039,0,32,0.24317394196987152,0.0,0.0,0.0,4.83308601379395
Q_000099,MENU_001530,0,33,0.24165722727775574,0.0,0.0,0.0,4.20552682876587
Q_000099,MENU_001788,0,34,0.2412845492362976,0.0,0.0,0.0,4.81443309783936
Q_000099,MENU_001763,0,35,0.23976771533489227,0.0,0.0,0.0,4.81443309783936
Q_000099,MENU_001494,0,36,0.23976120352745056,0.0,0.0,0.0,4.26522302627563
Q_000099,MENU_001756,0,37,0.23956283926963806,0.0,0.0,0.0,4.81443309783936
Q_000099,MENU_001643,0,38,0.23863162100315094,0.0,0.0,0.0,4.58868885040283
Q_000099,MENU_000077,0,39,0.23856496810913086,0.0,0.0,0.0,4.76417207717896
Q_000099,MENU_001506,0,40,0.23845481872558594,0.0,0.0,0.0,4.26522302627563
Q_000099,MENU_001988,0,41,0.23813435435295105,0.0,0.0,0.0,4.67871189117432
Q_000099,MENU_002642,0,42,0.23782223463058472,0.0,0.0,0.0,4.58833312988281
Q_000099,MENU_001733,0,43,0.2370457798242569,0.0,0.0,0.0,4.81443309783936
Q_000099,MENU_001968,0,44,0.23516100645065308,0.0,0.0,0.0,4.74074077606201
Q_000099,MENU_002080,0,45,0.2351120412349701,0.0,0.0,0.0,4.67941522598267
Q_000099,MENU_001676,0,46,0.23505891859531403,0.0,0.0,0.0,3.84737396240234
Q_000099,MENU_001772,0,47,0.23497572541236877,0.0,0.0,0.25,4.81443309783936
Q_000099,MENU_002571,0,48,0.23445361852645874,0.0,0.0,0.0,4.67702722549438
Q_000099,MENU_001761,0,49,0.23310676217079163,0.0,0.0,0.0,4.81443309783936
Q_000099,MENU_000675,0,50,0.2330038696527481,0.0,0.0,0.0,4.72276020050049
Q_000100,MENU_000786,1,1,0.6337590217590332,0.0,0.3333333333333333,0.0,4.70389223098755
Q_000100,MENU_000793,1,2,0.6307214498519897,0.0,0.3333333333333333,0.0,4.70389223098755
Q_000100,MENU_000453,1,3,0.6236302852630615,0.0,0.3333333333333333,0.0,4.68128681182861
Q_000100,MENU_000794,1,4,0.6236149072647095,0.0,0.3333333333333333,0.0,4.70389223098755
Q_000100,MENU_000142,0,5,0.6058584451675415,0.0,0.0,0.0,4.63380479812622
Q_000100,MENU_000464,1,6,0.6042904853820801,0.0,0.3333333333333333,0.0,4.68128681182861
Q_000100,MENU_000785,1,7,0.6041008234024048,0.0,0.3333333333333333,0.0,4.70389223098755
Q_000100,MENU_000790,1,8,0.6026380062103271,0.0,0.3333333333333333,0.0,4.70389223098755
Q_000100,MENU_000465,1,9,0.5995850563049316,0.0,0.3333333333333333,0.0,4.68128681182861
Q_000100,MENU_000481,1,10,0.5988292694091797,0.0,0.3333333333333333,0.0,4.68128681182861
Q_000100,MENU_000421,1,11,0.5984599590301514,0.0,0.3333333333333333,0.0,4.68128681182861
Q_000100,MENU_000434,1,12,0.5946118831634521,0.0,0.3333333333333333,0.0,4.68128681182861
Q_000100,MENU_000782,1,13,0.593007504940033,0.0,0.3333333333333333,0.0,4.70389223098755
Q_000100,MENU_000386,1,14,0.5883890390396118,0.0,0.3333333333333333,0.0,4.68128681182861
Q_000100,MENU_000060,0,15,0.574876070022583,0.0,0.0,0.0,4.82178211212158
Q_000100,MENU_001075,0,16,0.5631572604179382,0.0,0.0,0.0,4.25
Q_000100,MENU_001376,0,17,0.5581638813018799,0.0,0.0,0.0,4.75340223312378
Q_000100,MENU_001735,0,18,0.5529561042785645,0.0,0.0,0.0,4.81443309783936
Q_000100,MENU_000472,1,19,0.5474886298179626,0.0,0.3333333333333333,0.0,4.68128681182861
Q_000100,MENU_000470,1,20,0.5426508188247681,0.0,0.3333333333333333,0.0,4.68128681182861
Q_000100,MENU_001058,0,21,0.5426068305969238,0.0,0.0,0.0,4.25
Q_000100,MENU_000226,0,22,0.49550825357437134,0.0,0.0,0.0,4.14949178695679
Q_000100,MENU_002071,0,23,0.49489545822143555,0.0,0.0,0.0,4.66840696334839
Q_000100,MENU_002074,0,24,0.49489545822143555,0.0,0.0,0.0,4.64740180969238
Q_000100,MENU_001742,0,25,0.483053058385849,0.0,0.0,0.0,4.81443309783936
Q_000100,MENU_001746,0,26,0.47365930676460266,0.0,0.0,0.0,4.81443309783936
Q_000100,MENU_000248,0,27,0.4562639594078064,0.0,0.0,0.0,4.14949178695679
Q_000100,MENU_000301,0,28,0.45345014333724976,0.0,0.0,0.0,4.29166698455811
Q_000100,MENU_000250,0,29,0.4495347738265991,0.0,0.0,0.0,4.14949178695679
Q_000100,MENU_002311,0,30,0.44842827320098877,0.0,0.0,0.0,4.67123317718506
Q_000100,MENU_000242,0,31,0.44565263390541077,0.0,0.0,0.0,4.14949178695679
Q_000100,MENU_000223,0,32,0.44096726179122925,0.0,0.0,0.0,4.14949178695679
Q_000100,MENU_000302,0,33,0.44003060460090637,0.0,0.0,0.0,4.29166698455811
Q_000100,MENU_000235,0,34,0.4393755793571472,0.0,0.0,0.0,4.14949178695679
Q_000100,MENU_000240,0,35,0.4389452338218689,0.0,0.0,0.0,4.14949178695679
Q_000100,MENU_000307,0,36,0.4388462007045746,0.0,0.0,0.0,4.29166698455811
Q_000100,MENU_000305,0,37,0.43146538734436035,0.0,0.0,0.0,4.29166698455811
Q_000100,MENU_001694,0,38,0.4282647967338562,0.0,0.0,0.0,3.84737396240234
Q_000100,MENU_000309,0,39,0.4281454086303711,0.0,0.0,0.0,4.29166698455811
Q_000100,MENU_000065,0,40,0.4277641177177429,0.0,0.0,0.0,4.82178211212158
Q_000100,MENU_000859,0,41,0.42592763900756836,0.0,0.0,0.0,0.0
Q_000100,MENU_000303,0,42,0.4222645163536072,0.0,0.0,0.0,4.29166698455811
Q_000100,MENU_000308,0,43,0.4176090359687805,0.0,0.0,0.0,4.29166698455811
Q_000100,MENU_000306,0,44,0.4138256907463074,0.0,0.0,0.0,4.29166698455811
Q_000100,MENU_000546,0,45,0.41372716426849365,0.0,0.0,0.0,4.23846197128296
Q_000100,MENU_002813,0,46,0.4135798513889313,0.0,0.0,0.0,0.0
Q_000100,MENU_001400,0,47,0.4128202199935913,0.0,0.0,0.0,4.59437894821167
Q_000100,MENU_000310,0,48,0.4125760495662689,0.0,0.0,0.0,4.29166698455811
Q_000100,MENU_001707,0,49,0.41053763031959534,0.0,0.0,0.0,3.84737396240234
Q_000100,MENU_001946,0,50,0.40930628776550293,0.0,0.0,0.0,4.81481504440308
Q_000101,MENU_001628,1,1,0.6587873697280884,0.0,0.6,0.4,4.58868885040283
Q_000101,MENU_001642,0,2,0.6021082997322083,0.0,0.0,0.4,4.58868885040283
Q_000101,MENU_001647,0,3,0.5717141032218933,0.0,0.0,0.4,4.58868885040283
Q_000101,MENU_000077,0,4,0.5646363496780396,0.0,0.0,0.4,4.76417207717896
Q_000101,MENU_001650,1,5,0.5591326355934143,0.0,0.6,0.4,4.58868885040283
Q_000101,MENU_001651,1,6,0.5489488840103149,0.0,0.6,0.4,4.58868885040283
Q_000101,MENU_001657,1,7,0.5474679470062256,0.0,0.6,0.4,4.58868885040283
Q_000101,MENU_001639,1,8,0.5308501720428467,0.0,0.6,0.4,4.58868885040283
Q_000101,MENU_001623,1,9,0.5271611213684082,0.0,0.6,0.4,4.58868885040283
Q_000101,MENU_001655,0,10,0.5234436988830566,0.0,0.0,0.4,4.58868885040283
Q_000101,MENU_001648,0,11,0.5232331156730652,0.0,0.0,0.4,4.58868885040283
Q_000101,MENU_001630,1,12,0.5213547945022583,0.0,0.6,0.4,4.58868885040283
Q_000101,MENU_001622,0,13,0.507898211479187,0.0,0.0,0.6,4.58868885040283
Q_000101,MENU_001658,1,14,0.5030133724212646,0.0,0.6,0.4,4.58868885040283
Q_000101,MENU_001624,1,15,0.5008111000061035,0.0,0.6,0.0,4.58868885040283
Q_000101,MENU_001631,1,16,0.49648088216781616,0.0,0.6,0.4,4.58868885040283
Q_000101,MENU_000076,0,17,0.49393272399902344,0.0,0.0,0.4,4.76417207717896
Q_000101,MENU_001646,1,18,0.4887029528617859,0.0,0.6,0.4,4.58868885040283
Q_000101,MENU_001637,1,19,0.48575273156166077,0.0,0.6,0.4,4.58868885040283
Q_000101,MENU_002814,0,20,0.484761118888855,0.0,0.0,0.4,0.0
Q_000101,MENU_001640,0,21,0.48098284006118774,0.2,0.0,0.4,4.58868885040283
Q_000101,MENU_001199,0,22,0.48020386695861816,0.0,0.0,0.4,4.29862880706787
Q_000101,MENU_001634,0,23,0.47736307978630066,0.0,0.0,0.6,4.58868885040283
Q_000101,MENU_002271,0,24,0.4768863320350647,0.0,0.0,0.4,4.58823490142822
Q_000101,MENU_001652,0,25,0.4716409146785736,0.0,0.0,0.4,4.58868885040283
Q_000101,MENU_002080,0,26,0.4708380401134491,0.0,0.0,0.2,4.67941522598267
Q_000101,MENU_001705,0,27,0.47064125537872314,0.0,0.0,0.0,3.84737396240234
Q_000101,MENU_001649,1,28,0.4682650566101074,0.0,0.6,0.4,4.58868885040283
Q_000101,MENU_001232,0,29,0.46814703941345215,0.0,0.0,0.0,4.75703001022339
Q_000101,MENU_001725,0,30,0.46686694025993347,0.0,0.0,0.0,3.84737396240234
Q_000101,MENU_000478,0,31,0.46486175060272217,0.0,0.0,0.0,4.68128681182861
Q_000101,MENU_001635,0,32,0.4639331102371216,0.0,0.0,0.4,4.58868885040283
Q_000101,MENU_002106,0,33,0.4597262144088745,0.0,0.0,0.4,4.07968902587891
Q_000101,MENU_001633,0,34,0.4591100513935089,0.4,0.4,0.4,4.58868885040283
Q_000101,MENU_001694,0,35,0.4568546414375305,0.0,0.0,0.0,3.84737396240234
Q_000101,MENU_002830,0,36,0.45516476035118103,0.0,0.0,0.4,0.0
Q_000101,MENU_000566,0,37,0.45432764291763306,0.0,0.0,0.0,3.98560500144959
Q_000101,MENU_001707,0,38,0.45337235927581787,0.0,0.0,0.0,3.84737396240234
Q_000101,MENU_001133,0,39,0.4526057243347168,0.0,0.0,0.0,4.67459297180176
Q_000101,MENU_002078,0,40,0.4513646364212036,0.0,0.0,0.2,4.67941522598267
Q_000101,MENU_000200,0,41,0.4504810571670532,0.0,0.0,0.0,4.63380479812622
Q_000101,MENU_000487,0,42,0.44847917556762695,0.0,0.0,0.0,4.68128681182861
Q_000101,MENU_001636,0,43,0.4481385350227356,0.0,0.0,0.0,4.58868885040283
Q_000101,MENU_001709,0,44,0.44747719168663025,0.0,0.0,0.0,3.84737396240234
Q_000101,MENU_001231,0,45,0.44543084502220154,0.0,0.0,0.0,4.75703001022339
Q_000101,MENU_001632,0,46,0.4417448937892914,0.0,0.4,0.6,4.58868885040283
Q_000101,MENU_002079,0,47,0.44160324335098267,0.0,0.0,0.2,4.67941522598267
Q_000101,MENU_002035,0,48,0.44064193964004517,0.0,0.0,0.0,4.1811408996582
Q_000101,MENU_000565,0,49,0.4404252767562866,0.0,0.0,0.0,3.98560500144959
Q_000101,MENU_000169,0,50,0.44030553102493286,0.0,0.0,0.0,4.63380479812622
Q_000102,MENU_002425,0,1,0.5546255707740784,0.0,0.25,0.25,4.2142858505249
Q_000102,MENU_002379,0,2,0.5546255707740784,0.0,0.25,0.25,4.57420492172241
Q_000102,MENU_001759,0,3,0.5041462182998657,0.25,0.0,0.25,4.81443309783936
Q_000102,MENU_000593,1,4,0.5023702383041382,0.25,0.5,0.0,4.64431381225586
Q_000102,MENU_001971,0,5,0.4997984766960144,0.25,0.0,0.0,4.74074077606201
Q_000102,MENU_000784,0,6,0.48083731532096863,0.25,0.25,0.0,4.70389223098755
Q_000102,MENU_000592,1,7,0.4774763882160187,0.0,0.5,0.0,4.64431381225586
Q_000102,MENU_002356,0,8,0.47657281160354614,0.0,0.25,0.0,4.57420492172241
Q_000102,MENU_002399,0,9,0.47657281160354614,0.0,0.25,0.0,4.2142858505249
Q_000102,MENU_000636,1,10,0.4707662761211395,0.0,0.5,0.0,4.64431381225586
Q_000102,MENU_001037,0,11,0.4627934694290161,0.25,0.25,0.0,4.25
Q_000102,MENU_000517,0,12,0.4589340090751648,0.0,0.0,0.0,4.62876319885254
Q_000102,MENU_001107,0,13,0.4529697597026825,0.0,0.25,0.0,4.25
Q_000102,MENU_000650,0,14,0.4516677260398865,0.0,0.25,0.25,4.72276020050049
Q_000102,MENU_000243,1,15,0.4502095878124237,0.0,0.5,0.0,4.14949178695679
Q_000102,MENU_001038,0,16,0.44656288623809814,0.25,0.25,0.0,4.25
Q_000102,MENU_001277,0,17,0.445734441280365,0.25,0.25,0.0,4.75340223312378
Q_000102,MENU_002364,0,18,0.445095419883728,0.0,0.25,0.25,4.57420492172241
Q_000102,MENU_002408,0,19,0.445095419883728,0.0,0.25,0.25,4.2142858505249
Q_000102,MENU_002103,0,20,0.4440048336982727,0.25,0.25,0.25,4.07968902587891
Q_000102,MENU_000596,1,21,0.443925142288208,0.0,0.5,0.0,4.64431381225586
Q_000102,MENU_002488,0,22,0.43244242668151855,0.0,0.25,0.0,4.68452405929565
Q_000102,MENU_000632,1,23,0.431382954120636,0.0,0.5,0.0,4.64431381225586
Q_000102,MENU_000234,0,24,0.430437296628952,0.0,0.25,0.0,4.14949178695679
Q_000102,MENU_001121,0,25,0.4295591413974762,0.0,0.25,0.0,4.25
Q_000102,MENU_001962,0,26,0.42845213413238525,0.25,0.25,0.0,4.74074077606201
Q_000102,MENU_000643,1,27,0.4284318685531616,0.0,0.5,0.0,4.64431381225586
Q_000102,MENU_002746,0,28,0.4284249544143677,0.0,0.25,0.0,0.0
Q_000102,MENU_001095,0,29,0.427569180727005,0.0,0.25,0.0,4.25
Q_000102,MENU_000362,0,30,0.4261512756347656,0.0,0.25,0.25,4.71902799606323
Q_000102,MENU_002752,0,31,0.4260059595108032,0.25,0.25,0.0,0.0
Q_000102,MENU_000343,0,32,0.42544978857040405,0.0,0.25,0.0,4.71902799606323
Q_000102,MENU_000344,0,33,0.4237242639064789,0.0,0.25,0.0,4.71902799606323
Q_000102,MENU_000225,0,34,0.42357391119003296,0.0,0.25,0.0,4.14949178695679
Q_000102,MENU_000603,1,35,0.4203363060951233,0.0,0.5,0.0,4.64431381225586
Q_000102,MENU_001109,0,36,0.4175940155982971,0.25,0.25,0.0,4.25
Q_000102,MENU_001773,0,37,0.4171904921531677,0.0,0.0,0.0,4.81443309783936
Q_000102,MENU_000693,0,38,0.4170546531677246,0.0,0.25,0.25,4.72276020050049
Q_000102,MENU_000670,0,39,0.41698503494262695,0.0,0.0,0.5,4.72276020050049
Q_000102,MENU_001028,0,40,0.4169318675994873,0.0,0.25,0.0,4.25
Q_000102,MENU_002754,0,41,0.41579878330230713,0.25,0.25,0.0,0.0
Q_000102,MENU_000681,0,42,0.4156271815299988,0.0,0.25,0.25,4.72276020050049
Q_000102,MENU_000614,1,43,0.4149547815322876,0.0,0.5,0.0,4.64431381225586
Q_000102,MENU_001123,0,44,0.41316521167755127,0.0,0.25,0.0,4.25
Q_000102,MENU_000004,0,45,0.4122540354728699,0.25,0.0,0.0,4.0
Q_000102,MENU_002107,0,46,0.41129907965660095,0.25,0.25,0.25,4.07968902587891
Q_000102,MENU_000639,1,47,0.41038164496421814,0.0,0.5,0.0,4.64431381225586
Q_000102,MENU_002744,0,48,0.41037875413894653,0.0,0.25,0.0,0.0
Q_000102,MENU_000236,0,49,0.4102921783924103,0.0,0.25,0.0,4.14949178695679
Q_000102,MENU_000124,0,50,0.40930747985839844,0.0,0.0,0.0,4.63380479812622
Q_000103,MENU_002427,1,1,0.5603874921798706,0.0,0.6666666666666666,0.6666666666666666,4.2142858505249
Q_000103,MENU_002382,1,2,0.5603874921798706,0.0,0.6666666666666666,0.6666666666666666,4.57420492172241
Q_000103,MENU_002424,1,3,0.5587504506111145,0.0,0.6666666666666666,0.3333333333333333,4.2142858505249
Q_000103,MENU_002378,1,4,0.5587504506111145,0.0,0.6666666666666666,0.3333333333333333,4.57420492172241
Q_000103,MENU_002367,1,5,0.5298831462860107,0.0,0.6666666666666666,0.3333333333333333,4.57420492172241
Q_000103,MENU_002412,1,6,0.5298831462860107,0.0,0.6666666666666666,0.3333333333333333,4.2142858505249
Q_000103,MENU_002405,1,7,0.5289061069488525,0.0,0.6666666666666666,0.0,4.2142858505249
Q_000103,MENU_002362,1,8,0.5289061069488525,0.0,0.6666666666666666,0.0,4.57420492172241
Q_000103,MENU_002365,1,9,0.5062720775604248,0.0,0.6666666666666666,0.3333333333333333,4.57420492172241
Q_000103,MENU_002410,1,10,0.5062720775604248,0.0,0.6666666666666666,0.3333333333333333,4.2142858505249
Q_000103,MENU_002422,1,11,0.5017493367195129,0.0,0.6666666666666666,0.0,4.2142858505249
Q_000103,MENU_002376,1,12,0.5017493367195129,0.0,0.6666666666666666,0.0,4.57420492172241
Q_000103,MENU_002418,1,13,0.48326054215431213,0.0,0.6666666666666666,0.3333333333333333,4.2142858505249
Q_000103,MENU_002372,1,14,0.48326054215431213,0.0,0.6666666666666666,0.3333333333333333,4.57420492172241
Q_000103,MENU_002369,1,15,0.45807886123657227,0.0,0.6666666666666666,0.3333333333333333,4.57420492172241
Q_000103,MENU_002415,1,16,0.45807886123657227,0.0,0.6666666666666666,0.3333333333333333,4.2142858505249
Q_000103,MENU_001300,0,17,0.4320030212402344,0.0,0.0,0.3333333333333333,4.75340223312378
Q_000103,MENU_001267,0,18,0.42703479528427124,0.0,0.0,0.3333333333333333,4.75340223312378
Q_000103,MENU_002273,0,19,0.4261719286441803,0.0,0.0,0.0,4.58823490142822
Q_000103,MENU_002360,1,20,0.42598873376846313,0.0,0.6666666666666666,0.0,4.57420492172241
Q_000103,MENU_002403,1,21,0.42598873376846313,0.0,0.6666666666666666,0.0,4.2142858505249
Q_000103,MENU_002264,0,22,0.42253100872039795,0.0,0.0,0.0,4.58823490142822
Q_000103,MENU_000077,0,23,0.41290390491485596,0.0,0.0,0.0,4.76417207717896
Q_000103,MENU_002408,0,24,0.4073728621006012,0.0,0.0,0.0,4.2142858505249
Q_000103,MENU_002364,0,25,0.4073728621006012,0.0,0.0,0.0,4.57420492172241
Q_000103,MENU_002267,0,26,0.3969282805919647,0.0,0.0,0.0,4.58823490142822
Q_000103,MENU_001735,0,27,0.3952999711036682,0.0,0.0,0.0,4.81443309783936
Q_000103,MENU_000774,0,28,0.39203178882598877,0.0,0.0,0.0,4.60988092422485
Q_000103,MENU_002507,0,29,0.39151448011398315,0.0,0.0,0.0,4.78878402709961
Q_000103,MENU_001214,0,30,0.39046066999435425,0.0,0.0,0.0,4.75703001022339
Q_000103,MENU_001303,0,31,0.3880767226219177,0.0,0.0,0.6666666666666666,4.75340223312378
Q_000103,MENU_002304,0,32,0.3865029215812683,0.0,0.0,0.0,4.58823490142822
Q_000103,MENU_001228,0,33,0.38315385580062866,0.0,0.0,0.0,4.75703001022339
Q_000103,MENU_001270,0,34,0.3795391321182251,0.0,0.0,0.6666666666666666,4.75340223312378
Q_000103,MENU_002696,0,35,0.378853976726532,0.0,0.0,0.3333333333333333,4.78461503982544
Q_000103,MENU_002832,0,36,0.3774466812610626,0.0,0.0,0.0,0.0
Q_000103,MENU_002265,0,37,0.3762972950935364,0.0,0.0,0.0,4.58823490142822
Q_000103,MENU_001751,0,38,0.37550485134124756,0.0,0.0,0.0,4.81443309783936
Q_000103,MENU_002283,0,39,0.37487372756004333,0.0,0.0,0.0,4.58823490142822
Q_000103,MENU_001242,0,40,0.3748205900192261,0.0,0.0,0.0,4.22527122497559
Q_000103,MENU_001733,0,41,0.3719319999217987,0.0,0.0,0.0,4.81443309783936
Q_000103,MENU_002830,0,42,0.3704846203327179,0.0,0.0,0.0,0.0
Q_000103,MENU_000500,0,43,0.36930811405181885,0.0,0.0,0.0,4.77500009536743
Q_000103,MENU_000495,0,44,0.36644890904426575,0.0,0.0,0.0,4.77500009536743
Q_000103,MENU_001199,0,45,0.36633479595184326,0.0,0.0,0.0,4.29862880706787
Q_000103,MENU_002201,0,46,0.3651654124259949,0.0,0.0,0.0,4.65195322036743
Q_000103,MENU_001729,0,47,0.3642542362213135,0.0,0.0,0.0,3.84737396240234
Q_000103,MENU_001232,0,48,0.36335864663124084,0.0,0.0,0.0,4.75703001022339
Q_000103,MENU_001734,0,49,0.36331409215927124,0.0,0.0,0.0,4.81443309783936
Q_000103,MENU_002108,0,50,0.361889511346817,0.0,0.0,0.0,4.07968902587891
Q_000104,MENU_001122,1,1,0.7158814668655396,0.0,0.6666666666666666,0.0,4.25
Q_000104,MENU_001046,1,2,0.700849175453186,0.0,0.6666666666666666,0.0,4.25
Q_000104,MENU_001100,1,3,0.6983124017715454,0.0,0.6666666666666666,0.0,4.25
Q_000104,MENU_001059,1,4,0.6501092314720154,0.0,0.6666666666666666,0.0,4.25
Q_000104,MENU_001102,1,5,0.6462200284004211,0.0,0.6666666666666666,0.0,4.25
Q_000104,MENU_001089,1,6,0.628105640411377,0.0,0.6666666666666666,0.0,4.25
Q_000104,MENU_000523,0,7,0.6233879923820496,0.0,0.0,0.0,4.63044404983521
Q_000104,MENU_001117,1,8,0.6185082793235779,0.0,0.6666666666666666,0.0,4.25
Q_000104,MENU_001290,0,9,0.584036648273468,0.0,0.0,0.0,4.75340223312378
Q_000104,MENU_001366,0,10,0.5826071500778198,0.0,0.0,0.0,4.75340223312378
Q_000104,MENU_001062,0,11,0.5743685960769653,0.0,0.3333333333333333,0.0,4.25
Q_000104,MENU_000524,0,12,0.5726401209831238,0.0,0.0,0.0,4.63044404983521
Q_000104,MENU_001291,0,13,0.5640320777893066,0.0,0.0,0.0,4.75340223312378
Q_000104,MENU_001367,0,14,0.5507223606109619,0.0,0.0,0.0,4.75340223312378
Q_000104,MENU_001072,1,15,0.5476601123809814,0.0,0.6666666666666666,0.0,4.25
Q_000104,MENU_001065,0,16,0.544659435749054,0.0,0.0,0.0,4.25
Q_000104,MENU_000896,0,17,0.5387229323387146,0.3333333333333333,0.0,0.0,4.0
Q_000104,MENU_001296,0,18,0.5337216854095459,0.0,0.0,0.0,4.75340223312378
Q_000104,MENU_001054,0,19,0.5311464071273804,0.0,0.3333333333333333,0.0,4.25
Q_000104,MENU_001068,0,20,0.5287517309188843,0.0,0.3333333333333333,0.0,4.25
Q_000104,MENU_001067,0,21,0.5231379270553589,0.0,0.3333333333333333,0.0,4.25
Q_000104,MENU_001070,0,22,0.5216788649559021,0.0,0.3333333333333333,0.0,4.25
Q_000104,MENU_001037,0,23,0.5141048431396484,0.0,0.0,0.0,4.25
Q_000104,MENU_001084,0,24,0.5139381885528564,0.0,0.0,0.0,4.25
Q_000104,MENU_001295,0,25,0.5115461945533752,0.0,0.0,0.0,4.75340223312378
Q_000104,MENU_001469,0,26,0.5108593702316284,0.3333333333333333,0.3333333333333333,0.0,4.60264015197754
Q_000104,MENU_001125,0,27,0.5100173950195312,0.0,0.0,0.0,4.25
Q_000104,MENU_001038,0,28,0.5092868804931641,0.0,0.0,0.0,4.25
Q_000104,MENU_001277,0,29,0.5084139108657837,0.0,0.0,0.0,4.75340223312378
Q_000104,MENU_000526,0,30,0.5061161518096924,0.0,0.0,0.0,4.63044404983521
Q_000104,MENU_001049,0,31,0.5056900978088379,0.0,0.3333333333333333,0.0,4.25
Q_000104,MENU_001056,0,32,0.5013961791992188,0.0,0.3333333333333333,0.0,4.25
Q_000104,MENU_002121,0,33,0.5008246898651123,0.0,0.0,0.0,4.64444398880005
Q_000104,MENU_002134,0,34,0.5003095269203186,0.0,0.0,0.0,4.64444398880005
Q_000104,MENU_001063,0,35,0.5002138614654541,0.0,0.3333333333333333,0.0,4.25
Q_000104,MENU_000952,0,36,0.49803048372268677,0.0,0.0,0.0,4.0
Q_000104,MENU_001031,0,37,0.49699103832244873,0.0,0.3333333333333333,0.0,4.25
Q_000104,MENU_001069,0,38,0.4965699017047882,0.0,0.3333333333333333,0.0,4.25
Q_000104,MENU_001053,0,39,0.4961313009262085,0.0,0.3333333333333333,0.0,4.25
Q_000104,MENU_001055,0,40,0.49597394466400146,0.0,0.3333333333333333,0.0,4.25
Q_000104,MENU_001382,0,41,0.49359893798828125,0.0,0.0,0.0,4.75340223312378
Q_000104,MENU_001128,0,42,0.49044471979141235,0.0,0.3333333333333333,0.0,4.25
Q_000104,MENU_002133,0,43,0.4874841272830963,0.0,0.0,0.0,4.64444398880005
Q_000104,MENU_001381,0,44,0.48584264516830444,0.0,0.0,0.0,4.75340223312378
Q_000104,MENU_001061,0,45,0.48429667949676514,0.0,0.3333333333333333,0.0,4.25
Q_000104,MENU_001083,0,46,0.4827459752559662,0.0,0.0,0.0,4.25
Q_000104,MENU_001048,0,47,0.48186227679252625,0.0,0.3333333333333333,0.0,4.25
Q_000104,MENU_001397,0,48,0.481566846370697,0.0,0.0,0.0,4.75340223312378
Q_000104,MENU_001294,0,49,0.48075124621391296,0.0,0.0,0.0,4.75340223312378
Q_000104,MENU_000320,0,50,0.480282723903656,0.0,0.0,0.0,4.74902009963989
Q_000105,MENU_000035,1,1,0.5482617020606995,0.0,0.5,0.0,4.83308601379395
Q_000105,MENU_000033,1,2,0.538053035736084,0.0,0.5,0.0,4.83308601379395
Q_000105,MENU_000037,1,3,0.502221941947937,0.0,0.5,0.25,4.83308601379395
Q_000105,MENU_000038,1,4,0.4859449565410614,0.0,0.5,0.0,4.83308601379395
Q_000105,MENU_000036,1,5,0.4753313660621643,0.0,0.5,0.0,4.83308601379395
Q_000105,MENU_000679,0,6,0.46738362312316895,0.25,0.0,0.25,4.72276020050049
Q_000105,MENU_002073,0,7,0.45547741651535034,0.25,0.0,0.0,4.64740180969238
Q_000105,MENU_002070,0,8,0.45547741651535034,0.25,0.0,0.0,4.66840696334839
Q_000105,MENU_001390,0,9,0.4379628896713257,0.0,0.0,0.0,4.75340223312378
Q_000105,MENU_001050,0,10,0.43356606364250183,0.0,0.25,0.0,4.25
Q_000105,MENU_001389,0,11,0.4324192702770233,0.0,0.0,0.0,4.75340223312378
Q_000105,MENU_002068,0,12,0.42729681730270386,0.25,0.0,0.0,4.56661987304688
Q_000105,MENU_002553,0,13,0.4123082160949707,0.0,0.0,0.0,2.0
Q_000105,MENU_001126,0,14,0.408875048160553,0.0,0.25,0.0,4.25
Q_000105,MENU_001271,0,15,0.4050373136997223,0.0,0.0,0.0,4.75340223312378
Q_000105,MENU_000143,0,16,0.39731714129447937,0.25,0.0,0.0,4.63380479812622
Q_000105,MENU_001000,0,17,0.3972702920436859,0.0,0.0,0.0,4.80000019073486
Q_000105,MENU_001304,0,18,0.3964003622531891,0.0,0.0,0.0,4.75340223312378
Q_000105,MENU_001349,0,19,0.392950177192688,0.0,0.0,0.0,4.75340223312378
Q_000105,MENU_001370,0,20,0.3915196657180786,0.0,0.0,0.0,4.75340223312378
Q_000105,MENU_002798,0,21,0.39108407497406006,0.0,0.0,0.0,0.0
Q_000105,MENU_002806,0,22,0.38781002163887024,0.0,0.0,0.0,0.0
Q_000105,MENU_002554,0,23,0.38745948672294617,0.0,0.0,0.0,2.0
Q_000105,MENU_001368,0,24,0.38503849506378174,0.0,0.0,0.0,4.75340223312378
Q_000105,MENU_001279,0,25,0.38128596544265747,0.0,0.0,0.0,4.75340223312378
Q_000105,MENU_002850,0,26,0.3752173185348511,0.0,0.0,0.0,0.0
Q_000105,MENU_002775,0,27,0.37091264128685,0.0,0.0,0.0,0.0
Q_000105,MENU_001747,0,28,0.36803507804870605,0.0,0.0,0.25,4.81443309783936
Q_000105,MENU_001032,0,29,0.3665179908275604,0.0,0.25,0.0,4.25
Q_000105,MENU_000318,0,30,0.3654524087905884,0.0,0.0,0.25,4.74902009963989
Q_000105,MENU_001369,0,31,0.36473727226257324,0.0,0.0,0.0,4.75340223312378
Q_000105,MENU_002786,0,32,0.3639218211174011,0.0,0.0,0.0,0.0
Q_000105,MENU_001350,0,33,0.36152902245521545,0.0,0.0,0.0,4.75340223312378
Q_000105,MENU_002742,0,34,0.3614405691623688,0.0,0.0,0.0,0.0
Q_000105,MENU_002808,0,35,0.360806941986084,0.0,0.0,0.0,0.0
Q_000105,MENU_002773,0,36,0.3576308488845825,0.0,0.0,0.0,0.0
Q_000105,MENU_002849,0,37,0.35433346033096313,0.0,0.0,0.0,0.0
Q_000105,MENU_000672,0,38,0.3538704514503479,0.0,0.0,0.0,4.72276020050049
Q_000105,MENU_002787,0,39,0.353765070438385,0.0,0.0,0.0,0.0
Q_000105,MENU_002788,0,40,0.3504393696784973,0.0,0.0,0.0,0.0
Q_000105,MENU_002669,0,41,0.3496980369091034,0.0,0.0,0.0,4.7348837852478
Q_000105,MENU_000351,0,42,0.34966281056404114,0.0,0.0,0.0,4.71902799606323
Q_000105,MENU_001505,0,43,0.3493726849555969,0.0,0.0,0.0,4.26522302627563
Q_000105,MENU_001069,0,44,0.3491872251033783,0.0,0.25,0.0,4.25
Q_000105,MENU_001903,0,45,0.34860801696777344,0.0,0.0,0.25,4.35897397994995
Q_000105,MENU_002791,0,46,0.34704655408859253,0.0,0.0,0.0,0.0
Q_000105,MENU_002844,0,47,0.3463929295539856,0.0,0.0,0.0,0.0
Q_000105,MENU_002790,0,48,0.3462183475494385,0.0,0.0,0.0,0.0
Q_000105,MENU_000099,0,49,0.3448057174682617,0.0,0.0,0.0,4.34729814529419
Q_000105,MENU_002785,0,50,0.3445107936859131,0.0,0.0,0.0,0.0
Q_000106,MENU_002034,1,1,0.551583468914032,0.3333333333333333,0.3333333333333333,0.0,4.1811408996582
Q_000106,MENU_001527,0,2,0.5367130637168884,0.3333333333333333,0.0,0.0,4.20552682876587
Q_000106,MENU_001541,1,3,0.5289099216461182,0.3333333333333333,0.3333333333333333,0.0,4.20552682876587
Q_000106,MENU_002036,1,4,0.5265173316001892,0.3333333333333333,0.3333333333333333,0.0,4.1811408996582
Q_000106,MENU_000428,0,5,0.5200860500335693,0.3333333333333333,0.0,0.0,4.68128681182861
Q_000106,MENU_001547,0,6,0.5105072259902954,0.3333333333333333,0.0,0.0,4.20552682876587
Q_000106,MENU_002037,1,7,0.5029218196868896,0.3333333333333333,0.3333333333333333,0.0,4.1811408996582
Q_000106,MENU_001540,0,8,0.5022281408309937,0.3333333333333333,0.0,0.0,4.20552682876587
Q_000106,MENU_001543,1,9,0.4929538071155548,0.3333333333333333,0.3333333333333333,0.0,4.20552682876587
Q_000106,MENU_002038,1,10,0.47877928614616394,0.3333333333333333,0.3333333333333333,0.0,4.1811408996582
Q_000106,MENU_001542,1,11,0.4780224561691284,0.3333333333333333,0.3333333333333333,0.0,4.20552682876587
Q_000106,MENU_001548,0,12,0.47256535291671753,0.3333333333333333,0.0,0.0,4.20552682876587
Q_000106,MENU_002035,1,13,0.4724610149860382,0.3333333333333333,0.3333333333333333,0.0,4.1811408996582
Q_000106,MENU_001544,1,14,0.4708808958530426,0.3333333333333333,0.3333333333333333,0.0,4.20552682876587
Q_000106,MENU_001545,1,15,0.4529850482940674,0.3333333333333333,0.3333333333333333,0.0,4.20552682876587
Q_000106,MENU_001716,0,16,0.3872142732143402,0.0,0.0,0.0,3.84737396240234
Q_000106,MENU_000334,0,17,0.3871491551399231,0.0,0.0,0.0,4.60093212127686
Q_000106,MENU_000116,0,18,0.35933762788772583,0.0,0.0,0.0,3.0
Q_000106,MENU_000113,0,19,0.3580244183540344,0.0,0.0,0.0,3.0
Q_000106,MENU_002676,0,20,0.3577098846435547,0.0,0.0,0.0,4.7348837852478
Q_000106,MENU_002011,0,21,0.35600370168685913,0.0,0.0,0.0,4.1811408996582
Q_000106,MENU_001132,0,22,0.3508164882659912,0.0,0.0,0.0,4.92857122421265
Q_000106,MENU_000502,0,23,0.34453511238098145,0.0,0.0,0.0,4.77500009536743
Q_000106,MENU_001227,0,24,0.3440553545951843,0.0,0.0,0.0,4.75703001022339
Q_000106,MENU_001233,0,25,0.3429492712020874,0.0,0.0,0.0,4.75703001022339
Q_000106,MENU_002774,0,26,0.3411349356174469,0.0,0.0,0.0,0.0
Q_000106,MENU_001581,0,27,0.34062159061431885,0.0,0.0,0.0,4.88310480117798
Q_000106,MENU_001984,0,28,0.334639310836792,0.0,0.0,0.0,4.59150314331055
Q_000106,MENU_002031,0,29,0.3344729542732239,0.0,0.0,0.0,4.1811408996582
Q_000106,MENU_001251,0,30,0.3328610062599182,0.0,0.0,0.0,4.75340223312378
Q_000106,MENU_001500,0,31,0.33253785967826843,0.0,0.0,0.3333333333333333,4.26522302627563
Q_000106,MENU_001564,0,32,0.3312378525733948,0.0,0.0,0.0,4.88310480117798
Q_000106,MENU_002046,0,33,0.33096885681152344,0.0,0.0,0.0,4.1811408996582
Q_000106,MENU_000492,0,34,0.3307669460773468,0.0,0.0,0.0,4.77500009536743
Q_000106,MENU_001060,0,35,0.3300185203552246,0.0,0.0,0.0,4.25
Q_000106,MENU_000493,0,36,0.3265964686870575,0.0,0.0,0.0,4.77500009536743
Q_000106,MENU_001253,0,37,0.32649368047714233,0.0,0.0,0.0,4.75340223312378
Q_000106,MENU_002056,0,38,0.32594388723373413,0.0,0.0,0.0,4.1811408996582
Q_000106,MENU_000494,0,39,0.3253914415836334,0.0,0.0,0.0,4.77500009536743
Q_000106,MENU_001130,0,40,0.3250308930873871,0.0,0.0,0.0,4.63961410522461
Q_000106,MENU_002748,0,41,0.3238881528377533,0.0,0.0,0.0,0.0
Q_000106,MENU_002749,0,42,0.32141196727752686,0.0,0.0,0.0,0.0
Q_000106,MENU_002025,0,43,0.32076340913772583,0.0,0.0,0.0,4.1811408996582
Q_000106,MENU_002092,0,44,0.3204105794429779,0.0,0.0,0.0,4.71530199050903
Q_000106,MENU_001230,0,45,0.3201526403427124,0.0,0.0,0.0,4.75703001022339
Q_000106,MENU_002826,0,46,0.3199649751186371,0.0,0.0,0.0,0.0
Q_000106,MENU_001522,0,47,0.3195904791355133,0.0,0.0,0.0,4.20552682876587
Q_000106,MENU_000795,0,48,0.31958308815956116,0.0,0.0,0.0,4.70389223098755
Q_000106,MENU_000943,0,49,0.3183615803718567,0.0,0.0,0.0,4.0
Q_000106,MENU_001226,0,50,0.31821879744529724,0.0,0.0,0.0,4.75703001022339
Q_000107,MENU_001037,1,1,0.6628831028938293,0.25,0.5,0.0,4.25
Q_000107,MENU_001038,1,2,0.653305172920227,0.25,0.5,0.0,4.25
Q_000107,MENU_001028,1,3,0.6457342505455017,0.0,0.5,0.0,4.25
Q_000107,MENU_001107,1,4,0.6196937561035156,0.0,0.5,0.0,4.25
Q_000107,MENU_002379,0,5,0.5976217985153198,0.0,0.25,0.25,4.57420492172241
Q_000107,MENU_002425,0,6,0.5976217985153198,0.0,0.25,0.25,4.2142858505249
Q_000107,MENU_000523,0,7,0.5897071957588196,0.25,0.5,0.0,4.63044404983521
Q_000107,MENU_001046,0,8,0.5788936018943787,0.0,0.0,0.0,4.25
Q_000107,MENU_001117,0,9,0.5788356065750122,0.0,0.0,0.0,4.25
Q_000107,MENU_001100,0,10,0.5769350528717041,0.0,0.0,0.0,4.25
Q_000107,MENU_001277,0,11,0.5755706429481506,0.25,0.25,0.0,4.75340223312378
Q_000107,MENU_000591,0,12,0.5704559087753296,0.0,0.25,0.0,4.64431381225586
Q_000107,MENU_001062,0,13,0.5683951377868652,0.0,0.25,0.0,4.25
Q_000107,MENU_002107,0,14,0.5639761686325073,0.25,0.25,0.25,4.07968902587891
Q_000107,MENU_001104,1,15,0.5639315843582153,0.0,0.5,0.0,4.25
Q_000107,MENU_001121,0,16,0.563385546207428,0.0,0.25,0.0,4.25
Q_000107,MENU_002699,0,17,0.5632317662239075,0.0,0.25,0.0,4.78461503982544
Q_000107,MENU_002109,0,18,0.5613447427749634,0.25,0.25,0.25,4.07968902587891
Q_000107,MENU_001109,0,19,0.5586958527565002,0.25,0.25,0.0,4.25
Q_000107,MENU_001084,1,20,0.5586611032485962,0.0,0.5,0.0,4.25
Q_000107,MENU_002103,0,21,0.5580542087554932,0.25,0.25,0.25,4.07968902587891
Q_000107,MENU_001681,0,22,0.5546008348464966,0.0,0.0,0.0,3.84737396240234
Q_000107,MENU_000799,0,23,0.5539702773094177,0.0,0.25,0.0,4.64895582199097
Q_000107,MENU_000607,0,24,0.551735520362854,0.0,0.25,0.0,4.64431381225586
Q_000107,MENU_002108,0,25,0.5495864748954773,0.25,0.0,0.25,4.07968902587891
Q_000107,MENU_002110,0,26,0.5489698052406311,0.25,0.0,0.25,4.07968902587891
Q_000107,MENU_001094,0,27,0.5482497215270996,0.0,0.25,0.0,4.25
Q_000107,MENU_000646,0,28,0.5474786758422852,0.0,0.25,0.0,4.64431381225586
Q_000107,MENU_002112,0,29,0.5452066659927368,0.25,0.25,0.25,4.07968902587891
Q_000107,MENU_000822,0,30,0.5451276898384094,0.0,0.25,0.0,4.64895582199097
Q_000107,MENU_001036,0,31,0.5450689792633057,0.0,0.25,0.0,4.25
Q_000107,MENU_001033,0,32,0.5446944236755371,0.0,0.25,0.0,4.25
Q_000107,MENU_000228,0,33,0.5437977313995361,0.0,0.0,0.0,4.14949178695679
Q_000107,MENU_001975,0,34,0.5436218976974487,0.0,0.0,0.0,4.74074077606201
Q_000107,MENU_002696,0,35,0.5435177087783813,0.0,0.25,0.0,4.78461503982544
Q_000107,MENU_001388,0,36,0.5434820055961609,0.0,0.25,0.0,4.75340223312378
Q_000107,MENU_001102,0,37,0.543173611164093,0.0,0.0,0.0,4.25
Q_000107,MENU_000808,0,38,0.542602002620697,0.0,0.25,0.0,4.64895582199097
Q_000107,MENU_000613,0,39,0.5417428016662598,0.0,0.25,0.0,4.64431381225586
Q_000107,MENU_002016,0,40,0.5388115644454956,0.0,0.25,0.0,4.1811408996582
Q_000107,MENU_001031,0,41,0.5375586152076721,0.0,0.0,0.0,4.25
Q_000107,MENU_001294,0,42,0.5375331044197083,0.0,0.25,0.0,4.75340223312378
Q_000107,MENU_001971,0,43,0.5370578765869141,0.25,0.0,0.0,4.74074077606201
Q_000107,MENU_001194,0,44,0.5369328260421753,0.0,0.0,0.0,4.29862880706787
Q_000107,MENU_002752,0,45,0.5368190407752991,0.25,0.25,0.0,0.0
Q_000107,MENU_000821,0,46,0.5340095162391663,0.0,0.25,0.0,4.64895582199097
Q_000107,MENU_000777,0,47,0.5327564477920532,0.0,0.25,0.0,4.60988092422485
Q_000107,MENU_002408,0,48,0.5318728089332581,0.0,0.25,0.0,4.2142858505249
Q_000107,MENU_002364,0,49,0.5318728089332581,0.0,0.25,0.0,4.57420492172241
Q_000107,MENU_000373,0,50,0.531419038772583,0.0,0.25,0.0,4.71902799606323
Q_000108,MENU_002092,0,1,0.44801396131515503,0.0,0.0,0.0,4.71530199050903
Q_000108,MENU_002743,1,2,0.4455363154411316,0.0,0.5,0.0,0.0
Q_000108,MENU_002759,1,3,0.43329352140426636,0.0,0.5,0.0,0.0
Q_000108,MENU_002765,1,4,0.42470547556877136,0.0,0.5,0.0,0.0
Q_000108,MENU_001227,0,5,0.4233575463294983,0.0,0.0,0.0,4.75703001022339
Q_000108,MENU_002757,1,6,0.42271870374679565,0.0,0.5,0.0,0.0
Q_000108,MENU_002739,1,7,0.41341692209243774,0.0,0.5,0.0,0.0
Q_000108,MENU_002807,1,8,0.40948718786239624,0.0,0.5,0.0,0.0
Q_000108,MENU_000245,0,9,0.4026545286178589,0.0,0.0,0.0,4.14949178695679
Q_000108,MENU_002734,1,10,0.4017735719680786,0.0,0.5,0.0,0.0
Q_000108,MENU_002733,1,11,0.39208900928497314,0.0,0.5,0.0,0.0
Q_000108,MENU_000876,0,12,0.3799508213996887,0.0,0.0,0.0,0.0
Q_000108,MENU_001096,0,13,0.371372252702713,0.0,0.0,0.0,4.25
Q_000108,MENU_000230,0,14,0.36937764286994934,0.0,0.0,0.0,4.14949178695679
Q_000108,MENU_002823,0,15,0.36815357208251953,0.0,0.0,0.0,0.0
Q_000108,MENU_001216,0,16,0.3681337833404541,0.0,0.0,0.0,4.75703001022339
Q_000108,MENU_000795,0,17,0.36809372901916504,0.0,0.0,0.0,4.70389223098755
Q_000108,MENU_000407,0,18,0.36568164825439453,0.0,0.0,0.0,4.68128681182861
Q_000108,MENU_000533,0,19,0.36558014154434204,0.0,0.0,0.0,4.54899787902832
Q_000108,MENU_000389,0,20,0.36404356360435486,0.0,0.0,0.0,4.68128681182861
Q_000108,MENU_000791,0,21,0.36336809396743774,0.0,0.0,0.0,4.70389223098755
Q_000108,MENU_000391,0,22,0.36080512404441833,0.0,0.0,0.0,4.68128681182861
Q_000108,MENU_002322,0,23,0.3607311546802521,0.0,0.0,0.0,4.681480884552
Q_000108,MENU_002831,0,24,0.36001938581466675,0.0,0.0,0.0,0.0
Q_000108,MENU_001074,0,25,0.3570265471935272,0.0,0.25,0.0,4.25
Q_000108,MENU_000442,0,26,0.35696783661842346,0.0,0.0,0.0,4.68128681182861
Q_000108,MENU_000237,0,27,0.35579442977905273,0.0,0.0,0.0,4.14949178695679
Q_000108,MENU_000441,0,28,0.35570988059043884,0.0,0.0,0.0,4.68128681182861
Q_000108,MENU_002323,0,29,0.35356125235557556,0.0,0.0,0.0,4.681480884552
Q_000108,MENU_000424,0,30,0.35150474309921265,0.0,0.0,0.0,4.68128681182861
Q_000108,MENU_000789,0,31,0.35138553380966187,0.0,0.0,0.0,4.70389223098755
Q_000108,MENU_000229,0,32,0.3506079316139221,0.0,0.0,0.0,4.14949178695679
Q_000108,MENU_000433,0,33,0.34966886043548584,0.0,0.0,0.0,4.68128681182861
Q_000108,MENU_000227,0,34,0.3495946526527405,0.0,0.0,0.0,4.14949178695679
Q_000108,MENU_001203,0,35,0.34824004769325256,0.0,0.0,0.0,4.29862880706787
Q_000108,MENU_000388,0,36,0.34737083315849304,0.0,0.0,0.0,4.68128681182861
Q_000108,MENU_000432,0,37,0.34719353914260864,0.0,0.0,0.0,4.68128681182861
Q_000108,MENU_002256,0,38,0.34719210863113403,0.0,0.0,0.0,4.72893619537354
Q_000108,MENU_000443,0,39,0.34633952379226685,0.0,0.0,0.0,4.68128681182861
Q_000108,MENU_000390,0,40,0.3460911512374878,0.0,0.0,0.0,4.68128681182861
Q_000108,MENU_001564,0,41,0.3452431857585907,0.0,0.0,0.0,4.88310480117798
Q_000108,MENU_000243,0,42,0.34519678354263306,0.0,0.0,0.0,4.14949178695679
Q_000108,MENU_002034,0,43,0.3451247215270996,0.0,0.0,0.0,4.1811408996582
Q_000108,MENU_000469,0,44,0.34454670548439026,0.0,0.0,0.0,4.68128681182861
Q_000108,MENU_000044,0,45,0.344192236661911,0.0,0.0,0.0,4.41972017288208
Q_000108,MENU_000468,0,46,0.3441314101219177,0.0,0.0,0.0,4.68128681182861
Q_000108,MENU_000783,0,47,0.34383058547973633,0.0,0.0,0.0,4.70389223098755
Q_000108,MENU_000669,0,48,0.34377920627593994,0.0,0.0,0.0,4.72276020050049
Q_000108,MENU_000231,0,49,0.3432495892047882,0.0,0.0,0.0,4.14949178695679
Q_000108,MENU_000221,0,50,0.34125107526779175,0.0,0.0,0.0,4.14949178695679
Q_000109,MENU_002092,0,1,0.4650396406650543,0.0,0.0,0.0,4.71530199050903
Q_000109,MENU_002765,1,2,0.4624936878681183,0.0,0.5,0.0,0.0
Q_000109,MENU_002743,1,3,0.45141828060150146,0.0,0.5,0.0,0.0
Q_000109,MENU_002757,1,4,0.4496421813964844,0.0,0.5,0.0,0.0
Q_000109,MENU_002759,1,5,0.4421970248222351,0.0,0.5,0.0,0.0
Q_000109,MENU_002739,1,6,0.43830204010009766,0.0,0.5,0.0,0.0
Q_000109,MENU_002734,1,7,0.42419880628585815,0.0,0.5,0.0,0.0
Q_000109,MENU_000876,0,8,0.421619713306427,0.0,0.0,0.0,0.0
Q_000109,MENU_002807,1,9,0.41949039697647095,0.0,0.5,0.0,0.0
Q_000109,MENU_002733,1,10,0.4182722568511963,0.0,0.5,0.0,0.0
Q_000109,MENU_000245,0,11,0.3992729187011719,0.0,0.0,0.0,4.14949178695679
Q_000109,MENU_000229,0,12,0.3938228487968445,0.0,0.0,0.0,4.14949178695679
Q_000109,MENU_001232,0,13,0.3925149738788605,0.0,0.0,0.0,4.75703001022339
Q_000109,MENU_000391,0,14,0.3856930434703827,0.0,0.0,0.0,4.68128681182861
Q_000109,MENU_000231,0,15,0.38538962602615356,0.0,0.0,0.0,4.14949178695679
Q_000109,MENU_000389,0,16,0.38303983211517334,0.0,0.0,0.0,4.68128681182861
Q_000109,MENU_000243,0,17,0.38266223669052124,0.0,0.0,0.0,4.14949178695679
Q_000109,MENU_000223,0,18,0.3814960718154907,0.0,0.0,0.0,4.14949178695679
Q_000109,MENU_000247,0,19,0.38087159395217896,0.0,0.0,0.0,4.14949178695679
Q_000109,MENU_000237,0,20,0.37910640239715576,0.0,0.0,0.0,4.14949178695679
Q_000109,MENU_000390,0,21,0.378013551235199,0.0,0.0,0.0,4.68128681182861
Q_000109,MENU_000232,0,22,0.3779318332672119,0.0,0.0,0.0,4.14949178695679
Q_000109,MENU_000230,0,23,0.3777073621749878,0.0,0.0,0.0,4.14949178695679
Q_000109,MENU_000221,0,24,0.3732396364212036,0.0,0.0,0.0,4.14949178695679
Q_000109,MENU_000474,0,25,0.3732292056083679,0.0,0.0,0.0,4.68128681182861
Q_000109,MENU_002823,0,26,0.372286856174469,0.0,0.0,0.0,0.0
Q_000109,MENU_000227,0,27,0.37188100814819336,0.0,0.0,0.0,4.14949178695679
Q_000109,MENU_000224,0,28,0.37101227045059204,0.0,0.0,0.0,4.14949178695679
Q_000109,MENU_000475,0,29,0.36924058198928833,0.0,0.0,0.0,4.68128681182861
Q_000109,MENU_000235,0,30,0.3687562048435211,0.0,0.0,0.0,4.14949178695679
Q_000109,MENU_002529,0,31,0.368708074092865,0.0,0.0,0.0,4.70963716506958
Q_000109,MENU_000388,0,32,0.3683001399040222,0.0,0.0,0.0,4.68128681182861
Q_000109,MENU_000240,0,33,0.36537301540374756,0.0,0.0,0.0,4.14949178695679
Q_000109,MENU_000424,0,34,0.36509811878204346,0.0,0.0,0.0,4.68128681182861
Q_000109,MENU_000444,0,35,0.36501359939575195,0.0,0.0,0.0,4.68128681182861
Q_000109,MENU_000443,0,36,0.3636830747127533,0.0,0.0,0.0,4.68128681182861
Q_000109,MENU_000469,0,37,0.36259451508522034,0.0,0.0,0.0,4.68128681182861
Q_000109,MENU_000441,0,38,0.3625284433364868,0.0,0.0,0.0,4.68128681182861
Q_000109,MENU_000487,0,39,0.3624493181705475,0.0,0.0,0.0,4.68128681182861
Q_000109,MENU_000442,0,40,0.3620817959308624,0.0,0.0,0.0,4.68128681182861
Q_000109,MENU_002831,0,41,0.36198318004608154,0.0,0.0,0.0,0.0
Q_000109,MENU_000690,0,42,0.35968056321144104,0.0,0.0,0.0,4.72276020050049
Q_000109,MENU_000408,0,43,0.35744205117225647,0.0,0.0,0.0,4.68128681182861
Q_000109,MENU_000437,0,44,0.3572172522544861,0.0,0.0,0.0,4.68128681182861
Q_000109,MENU_000468,0,45,0.3572058081626892,0.0,0.0,0.0,4.68128681182861
Q_000109,MENU_001227,0,46,0.356830358505249,0.0,0.0,0.0,4.75703001022339
Q_000109,MENU_002256,0,47,0.35677748918533325,0.0,0.0,0.0,4.72893619537354
Q_000109,MENU_000486,0,48,0.35577192902565,0.0,0.0,0.0,4.68128681182861
Q_000109,MENU_000476,0,49,0.3534319996833801,0.0,0.0,0.0,4.68128681182861
Q_000109,MENU_000217,0,50,0.35323846340179443,0.0,0.0,0.0,4.35269689559937
Q_000110,MENU_001418,1,1,0.6095008850097656,0.0,0.5,0.0,4.46881008148193
Q_000110,MENU_001420,1,2,0.5927380323410034,0.0,0.5,0.0,4.46881008148193
Q_000110,MENU_001412,1,3,0.5685829520225525,0.0,0.5,0.0,4.46881008148193
Q_000110,MENU_001681,0,4,0.5482593774795532,0.0,0.0,0.0,3.84737396240234
Q_000110,MENU_001424,1,5,0.547702431678772,0.0,0.5,0.0,4.46881008148193
Q_000110,MENU_001094,0,6,0.5447027087211609,0.0,0.5,0.0,4.25
Q_000110,MENU_001413,1,7,0.5441086292266846,0.0,0.5,0.0,4.46881008148193
Q_000110,MENU_002377,0,8,0.543167769908905,0.0,0.25,0.0,4.57420492172241
Q_000110,MENU_002423,0,9,0.543167769908905,0.0,0.25,0.0,4.2142858505249
Q_000110,MENU_001351,0,10,0.5404369235038757,0.0,0.0,0.0,4.75340223312378
Q_000110,MENU_001036,0,11,0.5367603302001953,0.0,0.5,0.0,4.25
Q_000110,MENU_001419,1,12,0.5335416793823242,0.0,0.5,0.0,4.46881008148193
Q_000110,MENU_002696,0,13,0.5241858959197998,0.0,0.25,0.0,4.78461503982544
Q_000110,MENU_001263,0,14,0.5231694579124451,0.0,0.25,0.0,4.75340223312378
Q_000110,MENU_000179,0,15,0.5186160206794739,0.0,0.25,0.0,4.63380479812622
Q_000110,MENU_001975,0,16,0.5182356834411621,0.0,0.0,0.0,4.74074077606201
Q_000110,MENU_001415,1,17,0.5158548951148987,0.0,0.5,0.0,4.46881008148193
Q_000110,MENU_001969,0,18,0.5142785906791687,0.0,0.0,0.0,4.74074077606201
Q_000110,MENU_001340,0,19,0.5130710005760193,0.0,0.25,0.0,4.75340223312378
Q_000110,MENU_001328,0,20,0.5119774341583252,0.0,0.0,0.0,4.75340223312378
Q_000110,MENU_001262,0,21,0.5111668109893799,0.0,0.25,0.0,4.75340223312378
Q_000110,MENU_002348,0,22,0.5092178583145142,0.0,0.0,0.0,4.57420492172241
Q_000110,MENU_002391,0,23,0.5092178583145142,0.0,0.0,0.0,4.2142858505249
Q_000110,MENU_001371,0,24,0.5089192390441895,0.0,0.0,0.0,4.75340223312378
Q_000110,MENU_001281,0,25,0.506761908531189,0.0,0.25,0.0,4.75340223312378
Q_000110,MENU_001332,0,26,0.5067358613014221,0.0,0.0,0.0,4.75340223312378
Q_000110,MENU_001298,0,27,0.5066218376159668,0.0,0.25,0.0,4.75340223312378
Q_000110,MENU_001359,0,28,0.5062044262886047,0.0,0.25,0.0,4.75340223312378
Q_000110,MENU_001411,1,29,0.5061542391777039,0.0,0.5,0.0,4.46881008148193
Q_000110,MENU_001353,0,30,0.5055835247039795,0.0,0.0,0.0,4.75340223312378
Q_000110,MENU_000524,0,31,0.502332866191864,0.0,0.25,0.0,4.63044404983521
Q_000110,MENU_001383,0,32,0.4953679144382477,0.0,0.0,0.0,4.75340223312378
Q_000110,MENU_001721,0,33,0.4953129291534424,0.0,0.0,0.0,3.84737396240234
Q_000110,MENU_001722,0,34,0.4932793974876404,0.0,0.0,0.0,3.84737396240234
Q_000110,MENU_001259,0,35,0.49295705556869507,0.0,0.0,0.0,4.75340223312378
Q_000110,MENU_001680,0,36,0.4908985495567322,0.0,0.0,0.0,3.84737396240234
Q_000110,MENU_001062,0,37,0.48934733867645264,0.0,0.5,0.0,4.25
Q_000110,MENU_002012,0,38,0.4882977604866028,0.0,0.25,0.0,4.1811408996582
Q_000110,MENU_001090,0,39,0.48811501264572144,0.0,0.5,0.0,4.25
Q_000110,MENU_001683,0,40,0.48731979727745056,0.0,0.0,0.0,3.84737396240234
Q_000110,MENU_001294,0,41,0.4870084822177887,0.0,0.25,0.0,4.75340223312378
Q_000110,MENU_001311,0,42,0.486624151468277,0.0,0.25,0.0,4.75340223312378
Q_000110,MENU_000523,0,43,0.4862573444843292,0.0,0.25,0.0,4.63044404983521
Q_000110,MENU_002016,0,44,0.48545771837234497,0.0,0.25,0.0,4.1811408996582
Q_000110,MENU_001407,0,45,0.48514074087142944,0.0,0.25,0.0,4.46881008148193
Q_000110,MENU_001339,0,46,0.4844585955142975,0.0,0.25,0.0,4.75340223312378
Q_000110,MENU_001111,0,47,0.4826752543449402,0.0,0.5,0.0,4.25
Q_000110,MENU_002688,0,48,0.48184895515441895,0.0,0.25,0.25,4.78461503982544
Q_000110,MENU_001282,0,49,0.48176854848861694,0.0,0.25,0.0,4.75340223312378
Q_000110,MENU_001388,0,50,0.4808439016342163,0.0,0.25,0.0,4.75340223312378
Q_000111,MENU_001206,1,1,0.6081820726394653,0.0,0.6666666666666666,0.0,4.29862880706787
Q_000111,MENU_001205,1,2,0.6057343482971191,0.0,0.6666666666666666,0.0,4.29862880706787
Q_000111,MENU_001200,1,3,0.5771430730819702,0.0,0.6666666666666666,0.0,4.29862880706787
Q_000111,MENU_001196,1,4,0.5740575194358826,0.0,0.6666666666666666,0.0,4.29862880706787
Q_000111,MENU_001194,1,5,0.5691689252853394,0.0,0.6666666666666666,0.0,4.29862880706787
Q_000111,MENU_001195,1,6,0.5659464597702026,0.0,0.6666666666666666,0.0,4.29862880706787
Q_000111,MENU_001201,1,7,0.5213897824287415,0.0,0.6666666666666666,0.0,4.29862880706787
Q_000111,MENU_001197,1,8,0.5009468793869019,0.0,0.6666666666666666,0.0,4.29862880706787
Q_000111,MENU_001202,1,9,0.49296534061431885,0.0,0.6666666666666666,0.0,4.29862880706787
Q_000111,MENU_001204,0,10,0.40503668785095215,0.0,0.0,0.0,4.29862880706787
Q_000111,MENU_001198,0,11,0.37827685475349426,0.0,0.0,0.0,4.29862880706787
Q_000111,MENU_001199,0,12,0.37641650438308716,0.0,0.0,0.0,4.29862880706787
Q_000111,MENU_000538,0,13,0.3668018579483032,0.0,0.0,0.0,4.23846197128296
Q_000111,MENU_001962,0,14,0.36225831508636475,0.0,0.0,0.0,4.74074077606201
Q_000111,MENU_002140,0,15,0.3611193597316742,0.0,0.0,0.0,4.64444398880005
Q_000111,MENU_002103,0,16,0.36089181900024414,0.0,0.0,0.0,4.07968902587891
Q_000111,MENU_001134,0,17,0.360317200422287,0.0,0.0,0.0,4.0
Q_000111,MENU_001961,0,18,0.3598982095718384,0.0,0.0,0.0,4.74074077606201
Q_000111,MENU_001131,0,19,0.35944637656211853,0.0,0.0,0.0,4.63961410522461
Q_000111,MENU_001789,0,20,0.35941699147224426,0.0,0.0,0.0,4.81443309783936
Q_000111,MENU_000559,0,21,0.35922110080718994,0.0,0.0,0.0,4.23846197128296
Q_000111,MENU_002190,0,22,0.3587111830711365,0.0,0.0,0.0,4.65195322036743
Q_000111,MENU_000243,0,23,0.35848405957221985,0.0,0.0,0.0,4.14949178695679
Q_000111,MENU_001063,0,24,0.35592591762542725,0.0,0.0,0.0,4.25
Q_000111,MENU_002175,0,25,0.3545653820037842,0.0,0.0,0.0,4.65195322036743
Q_000111,MENU_001782,0,26,0.35367298126220703,0.0,0.0,0.0,4.81443309783936
Q_000111,MENU_001207,0,27,0.35099169611930847,0.0,0.0,0.0,4.29862880706787
Q_000111,MENU_001714,0,28,0.35035380721092224,0.0,0.0,0.0,3.84737396240234
Q_000111,MENU_002631,0,29,0.3498713970184326,0.0,0.0,0.0,4.58833312988281
Q_000111,MENU_000556,0,30,0.347955584526062,0.0,0.0,0.0,4.23846197128296
Q_000111,MENU_001062,0,31,0.34587016701698303,0.0,0.0,0.0,4.25
Q_000111,MENU_000004,0,32,0.3453494906425476,0.0,0.0,0.0,4.0
Q_000111,MENU_002639,0,33,0.34478896856307983,0.0,0.0,0.0,4.58833312988281
Q_000111,MENU_001420,0,34,0.34294790029525757,0.0,0.0,0.0,4.46881008148193
Q_000111,MENU_002616,0,35,0.34082871675491333,0.0,0.0,0.0,4.76699018478394
Q_000111,MENU_000546,0,36,0.3401345908641815,0.0,0.0,0.0,4.23846197128296
Q_000111,MENU_001406,0,37,0.33946964144706726,0.0,0.0,0.0,4.46881008148193
Q_000111,MENU_000566,0,38,0.3389512896537781,0.0,0.0,0.0,3.98560500144959
Q_000111,MENU_001790,0,39,0.33876216411590576,0.0,0.0,0.0,4.81443309783936
Q_000111,MENU_002635,0,40,0.3384902775287628,0.0,0.0,0.0,4.58833312988281
Q_000111,MENU_001415,0,41,0.33847588300704956,0.0,0.0,0.0,4.46881008148193
Q_000111,MENU_001977,0,42,0.3381863832473755,0.0,0.0,0.0,4.74074077606201
Q_000111,MENU_000636,0,43,0.3359158933162689,0.0,0.0,0.0,4.64431381225586
Q_000111,MENU_001971,0,44,0.33537018299102783,0.0,0.0,0.0,4.74074077606201
Q_000111,MENU_002112,0,45,0.3342503607273102,0.0,0.0,0.3333333333333333,4.07968902587891
Q_000111,MENU_000717,0,46,0.33397191762924194,0.0,0.0,0.0,4.31238794326782
Q_000111,MENU_001617,0,47,0.3334819972515106,0.0,0.0,0.0,4.93333292007446
Q_000111,MENU_002640,0,48,0.33253908157348633,0.0,0.0,0.0,4.58833312988281
Q_000111,MENU_001735,0,49,0.3324907422065735,0.0,0.0,0.0,4.81443309783936
Q_000111,MENU_001059,0,50,0.3309168815612793,0.0,0.0,0.0,4.25
Q_000112,MENU_002374,0,1,0.5351279973983765,0.0,0.0,0.0,4.57420492172241
Q_000112,MENU_002420,0,2,0.5351279973983765,0.0,0.0,0.0,4.2142858505249
Q_000112,MENU_001908,1,3,0.510818600654602,0.0,0.5,0.0,4.81481504440308
Q_000112,MENU_001907,1,4,0.50566565990448,0.0,0.5,0.0,4.81481504440308
Q_000112,MENU_001906,1,5,0.4774668514728546,0.0,0.5,0.0,4.81481504440308
Q_000112,MENU_000371,0,6,0.47293612360954285,0.0,0.0,0.0,4.71902799606323
Q_000112,MENU_000352,0,7,0.4721117615699768,0.0,0.0,0.0,4.71902799606323
Q_000112,MENU_000365,0,8,0.470780611038208,0.0,0.0,0.0,4.71902799606323
Q_000112,MENU_000353,0,9,0.46461719274520874,0.0,0.0,0.0,4.71902799606323
Q_000112,MENU_000246,0,10,0.4636244475841522,0.0,0.0,0.0,4.14949178695679
Q_000112,MENU_002409,0,11,0.4582194685935974,0.0,0.0,0.0,4.2142858505249
Q_000112,MENU_001053,0,12,0.45231980085372925,0.0,0.0,0.0,4.25
Q_000112,MENU_001289,0,13,0.4510323703289032,0.0,0.0,0.0,4.75340223312378
Q_000112,MENU_000366,0,14,0.45044419169425964,0.0,0.0,0.0,4.71902799606323
Q_000112,MENU_000351,0,15,0.4465891718864441,0.0,0.0,0.0,4.71902799606323
Q_000112,MENU_000375,0,16,0.4454263150691986,0.0,0.0,0.0,4.71902799606323
Q_000112,MENU_000220,0,17,0.43674489855766296,0.0,0.0,0.0,4.14949178695679
Q_000112,MENU_001256,0,18,0.43594732880592346,0.0,0.0,0.0,4.75340223312378
Q_000112,MENU_000176,0,19,0.43352246284484863,0.0,0.0,0.0,4.63380479812622
Q_000112,MENU_000266,0,20,0.4313894808292389,0.0,0.0,0.0,4.65069389343262
Q_000112,MENU_001269,0,21,0.43116408586502075,0.0,0.0,0.0,4.75340223312378
Q_000112,MENU_002210,0,22,0.43078166246414185,0.0,0.0,0.0,4.65195322036743
Q_000112,MENU_000001,0,23,0.4297027587890625,0.0,0.0,0.0,4.0
Q_000112,MENU_002121,0,24,0.4279782772064209,0.0,0.0,0.0,4.64444398880005
Q_000112,MENU_002105,0,25,0.42751002311706543,0.0,0.0,0.0,4.07968902587891
Q_000112,MENU_001943,1,26,0.4251917898654938,0.0,0.5,0.0,4.81481504440308
Q_000112,MENU_001287,0,27,0.42369359731674194,0.0,0.0,0.0,4.75340223312378
Q_000112,MENU_002664,0,28,0.4235904812812805,0.0,0.0,0.0,4.7348837852478
Q_000112,MENU_002500,0,29,0.4225022792816162,0.0,0.0,0.0,4.28089904785156
Q_000112,MENU_000714,0,30,0.4216606020927429,0.0,0.0,0.0,4.58141183853149
Q_000112,MENU_002561,0,31,0.42039254307746887,0.0,0.0,0.0,4.67702722549438
Q_000112,MENU_001110,0,32,0.41966256499290466,0.0,0.0,0.0,4.25
Q_000112,MENU_001363,0,33,0.4184029698371887,0.0,0.0,0.0,4.75340223312378
Q_000112,MENU_001302,0,34,0.418140172958374,0.0,0.0,0.0,4.75340223312378
Q_000112,MENU_000222,0,35,0.4175054132938385,0.0,0.0,0.0,4.14949178695679
Q_000112,MENU_000367,0,36,0.4151594042778015,0.0,0.0,0.0,4.71902799606323
Q_000112,MENU_001429,0,37,0.41458070278167725,0.0,0.0,0.0,4.60449504852295
Q_000112,MENU_002663,0,38,0.4125053882598877,0.0,0.0,0.0,4.7348837852478
Q_000112,MENU_000122,0,39,0.4122358560562134,0.0,0.0,0.0,4.63380479812622
Q_000112,MENU_002528,0,40,0.41214293241500854,0.0,0.0,0.0,4.70963716506958
Q_000112,MENU_002217,0,41,0.4109547734260559,0.0,0.0,0.0,4.65195322036743
Q_000112,MENU_000755,0,42,0.41051405668258667,0.0,0.0,0.0,4.67195796966553
Q_000112,MENU_001136,0,43,0.40951788425445557,0.0,0.0,0.0,4.82336378097534
Q_000112,MENU_001681,0,44,0.40943777561187744,0.0,0.0,0.0,3.84737396240234
Q_000112,MENU_002501,0,45,0.409071147441864,0.0,0.0,0.0,4.28089904785156
Q_000112,MENU_000355,0,46,0.4090375304222107,0.0,0.0,0.0,4.71902799606323
Q_000112,MENU_000356,0,47,0.40842103958129883,0.0,0.0,0.0,4.71902799606323
Q_000112,MENU_001913,1,48,0.4075639843940735,0.0,0.5,0.0,4.81481504440308
Q_000112,MENU_000179,0,49,0.40743547677993774,0.0,0.0,0.0,4.63380479812622
Q_000112,MENU_000647,0,50,0.4072549045085907,0.0,0.0,0.0,4.72276020050049
Q_000113,MENU_001813,0,1,0.6577270030975342,0.6666666666666666,0.6666666666666666,0.6666666666666666,4.6991171836853
Q_000113,MENU_001797,0,2,0.6494678258895874,0.6666666666666666,0.6666666666666666,0.6666666666666666,4.6991171836853
Q_000113,MENU_001827,0,3,0.6291018724441528,0.6666666666666666,0.6666666666666666,0.6666666666666666,4.6991171836853
Q_000113,MENU_001858,0,4,0.6280285120010376,0.6666666666666666,0.6666666666666666,0.6666666666666666,4.6991171836853
Q_000113,MENU_001936,0,5,0.6252243518829346,0.6666666666666666,0.3333333333333333,0.0,4.81481504440308
Q_000113,MENU_002184,0,6,0.6174719333648682,0.6666666666666666,0.6666666666666666,0.6666666666666666,4.65195322036743
Q_000113,MENU_002194,0,7,0.6060760021209717,0.6666666666666666,0.6666666666666666,0.6666666666666666,4.65195322036743
Q_000113,MENU_002203,0,8,0.603671669960022,0.6666666666666666,0.6666666666666666,0.6666666666666666,4.65195322036743
Q_000113,MENU_002193,0,9,0.5979533195495605,0.6666666666666666,0.6666666666666666,0.6666666666666666,4.65195322036743
Q_000113,MENU_000737,0,10,0.5921895503997803,0.6666666666666666,0.6666666666666666,0.0,4.67195796966553
Q_000113,MENU_002196,0,11,0.5920811295509338,0.6666666666666666,0.6666666666666666,0.6666666666666666,4.65195322036743
Q_000113,MENU_001840,0,12,0.5874019265174866,0.6666666666666666,0.6666666666666666,0.6666666666666666,4.6991171836853
Q_000113,MENU_001010,0,13,0.5810892581939697,0.6666666666666666,0.0,0.6666666666666666,4.65962409973145
Q_000113,MENU_000961,0,14,0.5735858678817749,0.6666666666666666,0.0,0.0,4.0
Q_000113,MENU_001001,0,15,0.5667446255683899,0.6666666666666666,0.3333333333333333,0.6666666666666666,4.65962409973145
Q_000113,MENU_001153,1,16,0.5661330819129944,0.0,0.6666666666666666,0.6666666666666666,4.82336378097534
Q_000113,MENU_000895,0,17,0.5575472712516785,0.6666666666666666,0.3333333333333333,0.0,4.0
Q_000113,MENU_001155,1,18,0.5572420358657837,0.0,0.6666666666666666,0.6666666666666666,4.82336378097534
Q_000113,MENU_001156,1,19,0.553919792175293,0.0,0.6666666666666666,0.6666666666666666,4.82336378097534
Q_000113,MENU_002195,0,20,0.5471368432044983,0.6666666666666666,0.6666666666666666,0.6666666666666666,4.65195322036743
Q_000113,MENU_001154,1,21,0.5463296175003052,0.0,0.6666666666666666,0.6666666666666666,4.82336378097534
Q_000113,MENU_001158,1,22,0.5411996245384216,0.0,0.6666666666666666,0.6666666666666666,4.82336378097534
Q_000113,MENU_000896,0,23,0.540737509727478,0.6666666666666666,0.3333333333333333,0.0,4.0
Q_000113,MENU_002331,0,24,0.5323543548583984,0.0,0.0,0.3333333333333333,4.79864883422852
Q_000113,MENU_002183,0,25,0.5311107635498047,0.6666666666666666,0.6666666666666666,0.3333333333333333,4.65195322036743
Q_000113,MENU_001831,0,26,0.5290985107421875,0.6666666666666666,0.0,0.0,4.6991171836853
Q_000113,MENU_001005,0,27,0.5281162261962891,0.6666666666666666,0.3333333333333333,0.6666666666666666,4.65962409973145
Q_000113,MENU_002248,0,28,0.5244824886322021,0.3333333333333333,0.6666666666666666,0.0,4.65195322036743
Q_000113,MENU_002245,0,29,0.5226887464523315,0.3333333333333333,0.6666666666666666,0.0,4.65195322036743
Q_000113,MENU_000745,0,30,0.5223106145858765,0.6666666666666666,0.6666666666666666,0.0,4.67195796966553
Q_000113,MENU_001930,0,31,0.5218205451965332,0.3333333333333333,0.3333333333333333,0.0,4.81481504440308
Q_000113,MENU_002185,0,32,0.520357608795166,0.3333333333333333,0.6666666666666666,0.0,4.65195322036743
Q_000113,MENU_002327,0,33,0.5196530222892761,0.0,0.0,0.3333333333333333,4.79864883422852
Q_000113,MENU_002246,0,34,0.5182686448097229,0.3333333333333333,0.6666666666666666,0.0,4.65195322036743
Q_000113,MENU_001847,0,35,0.5162568688392639,0.0,0.0,0.6666666666666666,4.6991171836853
Q_000113,MENU_002328,0,36,0.514086127281189,0.0,0.0,0.3333333333333333,4.79864883422852
Q_000113,MENU_001160,0,37,0.5121254324913025,0.0,0.0,0.6666666666666666,4.82336378097534
Q_000113,MENU_001856,0,38,0.5066967010498047,0.0,0.0,0.3333333333333333,4.6991171836853
Q_000113,MENU_002329,0,39,0.5059816241264343,0.0,0.0,0.3333333333333333,4.79864883422852
Q_000113,MENU_001845,0,40,0.5043805241584778,0.0,0.0,0.3333333333333333,4.6991171836853
Q_000113,MENU_001884,0,41,0.5036317110061646,0.0,0.0,0.3333333333333333,4.6991171836853
Q_000113,MENU_001851,0,42,0.499426007270813,0.0,0.0,0.6666666666666666,4.6991171836853
Q_000113,MENU_001159,0,43,0.4967285990715027,0.0,0.0,0.6666666666666666,4.82336378097534
Q_000113,MENU_001865,0,44,0.49591806530952454,0.3333333333333333,0.0,0.0,4.6991171836853
Q_000113,MENU_002330,0,45,0.4954425096511841,0.0,0.0,0.3333333333333333,4.79864883422852
Q_000113,MENU_001852,0,46,0.4943068325519562,0.0,0.0,0.6666666666666666,4.6991171836853
Q_000113,MENU_001869,0,47,0.4932367205619812,0.3333333333333333,0.0,0.0,4.6991171836853
Q_000113,MENU_002247,0,48,0.49120378494262695,0.3333333333333333,0.6666666666666666,0.0,4.65195322036743
Q_000113,MENU_002174,0,49,0.49107635021209717,0.0,0.6666666666666666,0.0,4.65195322036743
Q_000113,MENU_001738,0,50,0.490473210811615,0.3333333333333333,0.0,0.0,4.81443309783936
Q_000114,MENU_000886,1,1,0.5470758080482483,0.0,0.6666666666666666,0.0,4.0
Q_000114,MENU_000890,1,2,0.5468863248825073,0.0,0.6666666666666666,0.0,4.0
Q_000114,MENU_000888,1,3,0.5276244878768921,0.0,0.6666666666666666,0.0,4.0
Q_000114,MENU_000884,1,4,0.5230420827865601,0.0,0.6666666666666666,0.0,4.0
Q_000114,MENU_000889,1,5,0.5214824676513672,0.0,0.6666666666666666,0.0,4.0
Q_000114,MENU_000887,1,6,0.5085164308547974,0.0,0.6666666666666666,0.0,4.0
Q_000114,MENU_000885,1,7,0.5039732456207275,0.0,0.6666666666666666,0.0,4.0
Q_000114,MENU_000678,0,8,0.5004421472549438,0.0,0.0,0.0,4.72276020050049
Q_000114,MENU_002805,0,9,0.4837995171546936,0.0,0.0,0.0,0.0
Q_000114,MENU_002804,0,10,0.48129189014434814,0.0,0.0,0.0,0.0
Q_000114,MENU_002848,0,11,0.4624655246734619,0.0,0.0,0.0,0.0
Q_000114,MENU_002082,0,12,0.4619036614894867,0.3333333333333333,0.0,0.0,4.52205896377563
Q_000114,MENU_001958,0,13,0.4583057165145874,0.0,0.0,0.0,4.6658787727356
Q_000114,MENU_002818,0,14,0.45798665285110474,0.0,0.0,0.0,0.0
Q_000114,MENU_002790,0,15,0.45667269825935364,0.0,0.0,0.0,0.0
Q_000114,MENU_002802,0,16,0.45332491397857666,0.0,0.0,0.0,0.0
Q_000114,MENU_002806,0,17,0.45303207635879517,0.0,0.0,0.0,0.0
Q_000114,MENU_000830,0,18,0.45192819833755493,0.0,0.0,0.0,4.55801105499268
Q_000114,MENU_002798,0,19,0.4489383399486542,0.0,0.0,0.0,0.0
Q_000114,MENU_000625,0,20,0.44749128818511963,0.0,0.0,0.0,4.64431381225586
Q_000114,MENU_000380,0,21,0.44501954317092896,0.0,0.0,0.0,0.0
Q_000114,MENU_002761,0,22,0.44279852509498596,0.0,0.0,0.0,0.0
Q_000114,MENU_001781,0,23,0.44264864921569824,0.0,0.0,0.0,4.81443309783936
Q_000114,MENU_002679,0,24,0.44211673736572266,0.0,0.0,0.0,4.7348837852478
Q_000114,MENU_002849,0,25,0.44002556800842285,0.0,0.0,0.0,0.0
Q_000114,MENU_001956,0,26,0.4395752251148224,0.0,0.0,0.0,4.6658787727356
Q_000114,MENU_001944,0,27,0.43946534395217896,0.0,0.0,0.0,4.81481504440308
Q_000114,MENU_001966,0,28,0.4388419985771179,0.0,0.0,0.0,4.74074077606201
Q_000114,MENU_002799,0,29,0.4383164644241333,0.0,0.0,0.0,0.0
Q_000114,MENU_002750,0,30,0.43555882573127747,0.0,0.0,0.0,0.0
Q_000114,MENU_001134,0,31,0.4325034022331238,0.0,0.0,0.0,4.0
Q_000114,MENU_002534,0,32,0.43126246333122253,0.0,0.0,0.0,4.41281080245972
Q_000114,MENU_000832,0,33,0.43065404891967773,0.0,0.0,0.3333333333333333,4.55801105499268
Q_000114,MENU_001244,0,34,0.4306378960609436,0.0,0.0,0.3333333333333333,4.22527122497559
Q_000114,MENU_000055,0,35,0.4269956052303314,0.0,0.0,0.0,4.82178211212158
Q_000114,MENU_002494,0,36,0.4266541004180908,0.0,0.0,0.0,4.79312086105347
Q_000114,MENU_000758,0,37,0.42575159668922424,0.0,0.0,0.0,4.67195796966553
Q_000114,MENU_000673,0,38,0.4254664480686188,0.0,0.0,0.0,4.72276020050049
Q_000114,MENU_000044,0,39,0.4235534965991974,0.0,0.0,0.0,4.41972017288208
Q_000114,MENU_001964,0,40,0.423367440700531,0.0,0.0,0.0,4.74074077606201
Q_000114,MENU_001112,0,41,0.42232322692871094,0.0,0.0,0.0,4.25
Q_000114,MENU_002847,0,42,0.421334445476532,0.0,0.0,0.0,0.0
Q_000114,MENU_002751,0,43,0.4211602210998535,0.0,0.0,0.0,0.0
Q_000114,MENU_001771,0,44,0.4204663932323456,0.0,0.0,0.0,4.81443309783936
Q_000114,MENU_000717,0,45,0.42045170068740845,0.0,0.0,0.0,4.31238794326782
Q_000114,MENU_001782,0,46,0.42017561197280884,0.0,0.0,0.0,4.81443309783936
Q_000114,MENU_002582,0,47,0.4201584756374359,0.0,0.0,0.0,4.67702722549438
Q_000114,MENU_002462,0,48,0.41996362805366516,0.0,0.0,0.0,4.77699613571167
Q_000114,MENU_001159,0,49,0.41881492733955383,0.0,0.0,0.0,4.82336378097534
Q_000114,MENU_001368,0,50,0.4179261028766632,0.0,0.0,0.0,4.75340223312378
Q_000115,MENU_000905,1,1,0.4569494128227234,0.25,0.5,0.0,4.0
Q_000115,MENU_000963,1,2,0.4541128873825073,0.25,0.5,0.0,4.0
Q_000115,MENU_000965,1,3,0.4525679349899292,0.25,0.5,0.0,4.0
Q_000115,MENU_000968,1,4,0.43979471921920776,0.25,0.5,0.0,4.0
Q_000115,MENU_000967,1,5,0.43820929527282715,0.25,0.5,0.0,4.0
Q_000115,MENU_000994,1,6,0.43731218576431274,0.25,0.5,0.0,4.0
Q_000115,MENU_001490,0,7,0.43587562441825867,0.25,0.0,0.0,4.7914719581604
Q_000115,MENU_000893,1,8,0.4352855682373047,0.25,0.5,0.0,4.0
Q_000115,MENU_000293,0,9,0.43344682455062866,0.0,0.25,0.0,4.74764919281006
Q_000115,MENU_000955,1,10,0.4320000112056732,0.25,0.5,0.0,4.0
Q_000115,MENU_000881,1,11,0.4302814304828644,0.25,0.5,0.0,4.0
Q_000115,MENU_000971,1,12,0.42785561084747314,0.25,0.5,0.0,4.0
Q_000115,MENU_000948,1,13,0.4260109066963196,0.25,0.5,0.0,4.0
Q_000115,MENU_000894,1,14,0.4199032187461853,0.0,0.5,0.0,4.0
Q_000115,MENU_000983,1,15,0.4160689115524292,0.25,0.5,0.0,4.0
Q_000115,MENU_001811,0,16,0.4099053144454956,0.0,0.0,0.25,4.6991171836853
Q_000115,MENU_001812,0,17,0.4081538915634155,0.0,0.0,0.25,4.6991171836853
Q_000115,MENU_000412,0,18,0.40202999114990234,0.0,0.0,0.0,4.68128681182861
Q_000115,MENU_000413,0,19,0.4006863832473755,0.0,0.0,0.0,4.68128681182861
Q_000115,MENU_001814,0,20,0.39001405239105225,0.0,0.0,0.25,4.6991171836853
Q_000115,MENU_000922,0,21,0.389900267124176,0.25,0.0,0.0,4.0
Q_000115,MENU_001815,0,22,0.38831114768981934,0.0,0.0,0.25,4.6991171836853
Q_000115,MENU_002773,0,23,0.3810579180717468,0.0,0.0,0.0,0.0
Q_000115,MENU_000411,0,24,0.3712630867958069,0.0,0.0,0.0,4.68128681182861
Q_000115,MENU_000901,0,25,0.36633557081222534,0.0,0.25,0.0,4.0
Q_000115,MENU_000904,0,26,0.3649309277534485,0.0,0.25,0.0,4.0
Q_000115,MENU_000555,0,27,0.36453092098236084,0.25,0.0,0.0,4.23846197128296
Q_000115,MENU_000902,0,28,0.356673002243042,0.0,0.25,0.0,4.0
Q_000115,MENU_000672,0,29,0.35067278146743774,0.0,0.0,0.0,4.72276020050049
Q_000115,MENU_000673,0,30,0.34771543741226196,0.0,0.0,0.0,4.72276020050049
Q_000115,MENU_001986,0,31,0.34161266684532166,0.0,0.0,0.0,4.59150314331055
Q_000115,MENU_000972,0,32,0.34139174222946167,0.0,0.25,0.0,4.0
Q_000115,MENU_000942,0,33,0.33833619952201843,0.0,0.25,0.0,4.0
Q_000115,MENU_002082,0,34,0.33685362339019775,0.0,0.0,0.0,4.52205896377563
Q_000115,MENU_001983,0,35,0.3302575349807739,0.0,0.0,0.0,4.59150314331055
Q_000115,MENU_001747,0,36,0.3295372724533081,0.0,0.0,0.25,4.81443309783936
Q_000115,MENU_000956,0,37,0.3261886239051819,0.0,0.25,0.0,4.0
Q_000115,MENU_002190,0,38,0.3254122734069824,0.0,0.0,0.0,4.65195322036743
Q_000115,MENU_002554,0,39,0.3250337243080139,0.0,0.0,0.0,2.0
Q_000115,MENU_000055,0,40,0.32490086555480957,0.0,0.0,0.0,4.82178211212158
Q_000115,MENU_002620,0,41,0.32111620903015137,0.0,0.0,0.25,4.65250015258789
Q_000115,MENU_002068,0,42,0.3207542300224304,0.0,0.0,0.0,4.56661987304688
Q_000115,MENU_000951,0,43,0.3191479444503784,0.0,0.25,0.0,4.0
Q_000115,MENU_000093,0,44,0.3185611367225647,0.0,0.0,0.0,4.34729814529419
Q_000115,MENU_001613,0,45,0.31837716698646545,0.0,0.0,0.0,4.3316330909729
Q_000115,MENU_000957,0,46,0.3179212808609009,0.0,0.25,0.0,4.0
Q_000115,MENU_000410,0,47,0.31705883145332336,0.0,0.0,0.0,4.68128681182861
Q_000115,MENU_000414,0,48,0.316412091255188,0.0,0.0,0.0,4.68128681182861
Q_000115,MENU_002514,0,49,0.316394567489624,0.0,0.25,0.0,4.66060876846313
Q_000115,MENU_000999,0,50,0.31633633375167847,0.0,0.0,0.0,0.0
Q_000116,MENU_002379,0,1,0.5687252879142761,0.0,0.3333333333333333,0.6666666666666666,4.57420492172241
Q_000116,MENU_002425,0,2,0.5687252879142761,0.0,0.3333333333333333,0.6666666666666666,4.2142858505249
Q_000116,MENU_001037,0,3,0.557500958442688,0.3333333333333333,0.3333333333333333,0.0,4.25
Q_000116,MENU_000784,0,4,0.5506249666213989,0.3333333333333333,0.0,0.0,4.70389223098755
Q_000116,MENU_001109,0,5,0.5499302744865417,0.3333333333333333,0.3333333333333333,0.0,4.25
Q_000116,MENU_001277,0,6,0.5493113994598389,0.3333333333333333,0.3333333333333333,0.0,4.75340223312378
Q_000116,MENU_001100,0,7,0.5458507537841797,0.0,0.0,0.0,4.25
Q_000116,MENU_001971,0,8,0.5457793474197388,0.3333333333333333,0.0,0.0,4.74074077606201
Q_000116,MENU_001121,0,9,0.541533887386322,0.0,0.3333333333333333,0.0,4.25
Q_000116,MENU_000228,0,10,0.5369460582733154,0.0,0.3333333333333333,0.0,4.14949178695679
Q_000116,MENU_000236,1,11,0.5339853167533875,0.0,0.6666666666666666,0.0,4.14949178695679
Q_000116,MENU_000370,0,12,0.5306997299194336,0.0,0.3333333333333333,0.0,4.71902799606323
Q_000116,MENU_001046,0,13,0.527397096157074,0.0,0.0,0.0,4.25
Q_000116,MENU_000362,0,14,0.5265284776687622,0.0,0.3333333333333333,0.3333333333333333,4.71902799606323
Q_000116,MENU_001038,0,15,0.525845468044281,0.3333333333333333,0.3333333333333333,0.0,4.25
Q_000116,MENU_001125,0,16,0.5221796035766602,0.0,0.3333333333333333,0.0,4.25
Q_000116,MENU_001059,0,17,0.5205668807029724,0.0,0.0,0.0,4.25
Q_000116,MENU_000369,0,18,0.5174649953842163,0.0,0.3333333333333333,0.0,4.71902799606323
Q_000116,MENU_001028,0,19,0.5165913701057434,0.0,0.3333333333333333,0.0,4.25
Q_000116,MENU_001084,0,20,0.515657901763916,0.0,0.3333333333333333,0.0,4.25
Q_000116,MENU_001099,0,21,0.5137645602226257,0.0,0.3333333333333333,0.0,4.25
Q_000116,MENU_000593,0,22,0.5115811824798584,0.3333333333333333,0.3333333333333333,0.0,4.64431381225586
Q_000116,MENU_001095,0,23,0.5089547634124756,0.0,0.3333333333333333,0.0,4.25
Q_000116,MENU_001033,0,24,0.507107675075531,0.0,0.3333333333333333,0.0,4.25
Q_000116,MENU_001107,0,25,0.5058448314666748,0.0,0.3333333333333333,0.0,4.25
Q_000116,MENU_001102,0,26,0.5056447982788086,0.0,0.0,0.0,4.25
Q_000116,MENU_001056,0,27,0.5052975416183472,0.0,0.0,0.0,4.25
Q_000116,MENU_000636,0,28,0.5040830373764038,0.0,0.3333333333333333,0.0,4.64431381225586
Q_000116,MENU_001048,0,29,0.5035948753356934,0.0,0.0,0.0,4.25
Q_000116,MENU_000346,0,30,0.5031250715255737,0.0,0.3333333333333333,0.3333333333333333,4.71902799606323
Q_000116,MENU_001062,0,31,0.5016688704490662,0.0,0.0,0.0,4.25
Q_000116,MENU_001973,0,32,0.5014114379882812,0.0,0.0,0.0,4.74074077606201
Q_000116,MENU_000221,1,33,0.4999080300331116,0.0,0.6666666666666666,0.0,4.14949178695679
Q_000116,MENU_002792,0,34,0.4989506006240845,0.3333333333333333,0.3333333333333333,0.0,0.0
Q_000116,MENU_000041,0,35,0.49891963601112366,0.0,0.3333333333333333,0.0,4.03416109085083
Q_000116,MENU_000681,0,36,0.49790146946907043,0.0,0.0,0.3333333333333333,4.72276020050049
Q_000116,MENU_000670,0,37,0.4953245520591736,0.0,0.0,0.3333333333333333,4.72276020050049
Q_000116,MENU_000133,0,38,0.4947063624858856,0.0,0.0,0.0,4.63380479812622
Q_000116,MENU_002752,0,39,0.49384400248527527,0.3333333333333333,0.6666666666666666,0.0,0.0
Q_000116,MENU_001279,0,40,0.49287575483322144,0.3333333333333333,0.3333333333333333,0.0,4.75340223312378
Q_000116,MENU_001975,0,41,0.4928443133831024,0.0,0.0,0.0,4.74074077606201
Q_000116,MENU_000223,1,42,0.49232637882232666,0.0,0.6666666666666666,0.0,4.14949178695679
Q_000116,MENU_002103,0,43,0.4920341968536377,0.3333333333333333,0.3333333333333333,0.3333333333333333,4.07968902587891
Q_000116,MENU_001053,0,44,0.4920019507408142,0.0,0.0,0.0,4.25
Q_000116,MENU_000225,1,45,0.4919624924659729,0.0,0.6666666666666666,0.0,4.14949178695679
Q_000116,MENU_001294,0,46,0.49177291989326477,0.0,0.0,0.0,4.75340223312378
Q_000116,MENU_000234,1,47,0.491719126701355,0.0,0.6666666666666666,0.0,4.14949178695679
Q_000116,MENU_001083,0,48,0.4916999638080597,0.0,0.3333333333333333,0.0,4.25
Q_000116,MENU_001773,0,49,0.491685152053833,0.0,0.0,0.0,4.81443309783936
Q_000116,MENU_001123,0,50,0.4908481240272522,0.0,0.3333333333333333,0.0,4.25
Q_000117,MENU_000530,1,1,0.6962317228317261,0.0,0.6666666666666666,0.0,4.80430507659912
Q_000117,MENU_000527,1,2,0.6400119066238403,0.0,0.6666666666666666,0.0,4.8056812286377
Q_000117,MENU_000528,1,3,0.6254733800888062,0.0,0.6666666666666666,0.0,4.80430507659912
Q_000117,MENU_000566,0,4,0.5815204381942749,0.0,0.0,0.0,3.98560500144959
Q_000117,MENU_000531,1,5,0.5777886509895325,0.0,0.6666666666666666,0.0,4.8056812286377
Q_000117,MENU_001762,0,6,0.5369455814361572,0.3333333333333333,0.0,0.0,4.81443309783936
Q_000117,MENU_000565,0,7,0.5244021415710449,0.0,0.0,0.0,3.98560500144959
Q_000117,MENU_000563,0,8,0.5109213590621948,0.0,0.0,0.0,3.98560500144959
Q_000117,MENU_000529,1,9,0.486275315284729,0.0,0.6666666666666666,0.0,4.8056812286377
Q_000117,MENU_001656,0,10,0.48609355092048645,0.0,0.0,0.0,4.58868885040283
Q_000117,MENU_001789,0,11,0.47318124771118164,0.0,0.0,0.0,4.81443309783936
Q_000117,MENU_001400,0,12,0.4650704562664032,0.0,0.0,0.0,4.59437894821167
Q_000117,MENU_000522,0,13,0.46469950675964355,0.0,0.0,0.0,4.63044404983521
Q_000117,MENU_002317,0,14,0.46002915501594543,0.0,0.0,0.0,4.67123317718506
Q_000117,MENU_002292,0,15,0.4594508707523346,0.0,0.0,0.0,4.58823490142822
Q_000117,MENU_001624,0,16,0.4593923091888428,0.0,0.0,0.0,4.58868885040283
Q_000117,MENU_002140,0,17,0.45605361461639404,0.0,0.0,0.0,4.64444398880005
Q_000117,MENU_001374,0,18,0.4541553258895874,0.0,0.0,0.0,4.75340223312378
Q_000117,MENU_000559,0,19,0.4522184133529663,0.0,0.0,0.0,4.23846197128296
Q_000117,MENU_001207,0,20,0.45211076736450195,0.0,0.0,0.0,4.29862880706787
Q_000117,MENU_000538,0,21,0.45191821455955505,0.0,0.0,0.0,4.23846197128296
Q_000117,MENU_001764,0,22,0.45031651854515076,0.0,0.0,0.0,4.81443309783936
Q_000117,MENU_001204,0,23,0.448186993598938,0.0,0.0,0.0,4.29862880706787
Q_000117,MENU_000398,0,24,0.4455469846725464,0.0,0.0,0.0,4.68128681182861
Q_000117,MENU_001767,0,25,0.4438392221927643,0.0,0.0,0.0,4.81443309783936
Q_000117,MENU_001782,0,26,0.4393681287765503,0.0,0.0,0.0,4.81443309783936
Q_000117,MENU_000505,0,27,0.4390571117401123,0.0,0.0,0.0,4.54321002960205
Q_000117,MENU_000448,0,28,0.43838563561439514,0.0,0.0,0.0,4.68128681182861
Q_000117,MENU_000451,0,29,0.4371645450592041,0.0,0.0,0.0,4.68128681182861
Q_000117,MENU_002063,0,30,0.4369347393512726,0.0,0.0,0.0,4.77914094924927
Q_000117,MENU_000517,0,31,0.4354214668273926,0.0,0.0,0.0,4.62876319885254
Q_000117,MENU_001024,0,32,0.43531548976898193,0.0,0.0,0.0,5.0
Q_000117,MENU_001633,0,33,0.431509405374527,0.0,0.0,0.0,4.58868885040283
Q_000117,MENU_001766,0,34,0.42947855591773987,0.0,0.0,0.0,4.81443309783936
Q_000117,MENU_001765,0,35,0.42827466130256653,0.0,0.0,0.0,4.81443309783936
Q_000117,MENU_000399,0,36,0.42611926794052124,0.0,0.0,0.0,4.68128681182861
Q_000117,MENU_000504,0,37,0.4258073568344116,0.0,0.0,0.0,4.54321002960205
Q_000117,MENU_002274,0,38,0.42417433857917786,0.0,0.0,0.0,4.58823490142822
Q_000117,MENU_001647,0,39,0.42372286319732666,0.0,0.0,0.0,4.58868885040283
Q_000117,MENU_001208,0,40,0.4210241436958313,0.0,0.0,0.0,4.29862880706787
Q_000117,MENU_000415,0,41,0.4191630482673645,0.0,0.0,0.0,4.68128681182861
Q_000117,MENU_002059,0,42,0.41856443881988525,0.0,0.0,0.0,4.77914094924927
Q_000117,MENU_001763,0,43,0.41830113530158997,0.0,0.0,0.0,4.81443309783936
Q_000117,MENU_001375,0,44,0.41779056191444397,0.0,0.0,0.0,4.75340223312378
Q_000117,MENU_000449,0,45,0.41140568256378174,0.0,0.0,0.0,4.68128681182861
Q_000117,MENU_001622,0,46,0.41113415360450745,0.0,0.0,0.0,4.58868885040283
Q_000117,MENU_000452,0,47,0.4094076156616211,0.0,0.0,0.0,4.68128681182861
Q_000117,MENU_001623,0,48,0.40911462903022766,0.0,0.0,0.0,4.58868885040283
Q_000117,MENU_001639,0,49,0.4077020287513733,0.0,0.0,0.0,4.58868885040283
Q_000117,MENU_000556,0,50,0.40718311071395874,0.0,0.0,0.0,4.23846197128296
Q_000118,MENU_001386,1,1,0.5174262523651123,0.0,0.5,0.0,4.75340223312378
Q_000118,MENU_001397,1,2,0.48673462867736816,0.0,0.5,0.0,4.75340223312378
Q_000118,MENU_001966,0,3,0.46511638164520264,0.25,0.0,0.0,4.74074077606201
Q_000118,MENU_002145,0,4,0.4636949896812439,0.0,0.0,0.0,4.64444398880005
Q_000118,MENU_002166,0,5,0.45927879214286804,0.0,0.25,0.0,4.64444398880005
Q_000118,MENU_001064,0,6,0.4518246650695801,0.0,0.0,0.0,4.25
Q_000118,MENU_001427,0,7,0.4505385160446167,0.25,0.0,0.25,4.30172395706177
Q_000118,MENU_000680,0,8,0.444985568523407,0.25,0.0,0.0,4.72276020050049
Q_000118,MENU_000681,0,9,0.4297885596752167,0.25,0.0,0.0,4.72276020050049
Q_000118,MENU_001273,0,10,0.42304545640945435,0.0,0.0,0.25,4.75340223312378
Q_000118,MENU_001045,0,11,0.42010730504989624,0.0,0.0,0.0,4.25
Q_000118,MENU_002162,0,12,0.41732317209243774,0.0,0.0,0.0,4.64444398880005
Q_000118,MENU_001514,0,13,0.41721653938293457,0.0,0.0,0.0,4.65221118927002
Q_000118,MENU_001426,0,14,0.4129704236984253,0.25,0.0,0.25,4.30172395706177
Q_000118,MENU_002076,0,15,0.4127635657787323,0.0,0.0,0.25,5.0
Q_000118,MENU_000299,0,16,0.41137292981147766,0.0,0.0,0.25,4.74418592453003
Q_000118,MENU_002120,0,17,0.4047069847583771,0.0,0.0,0.0,4.64444398880005
Q_000118,MENU_001306,0,18,0.4020460546016693,0.0,0.0,0.25,4.75340223312378
Q_000118,MENU_000784,0,19,0.40120089054107666,0.25,0.0,0.25,4.70389223098755
Q_000118,MENU_002134,0,20,0.39952683448791504,0.0,0.0,0.0,4.64444398880005
Q_000118,MENU_002118,0,21,0.39908701181411743,0.0,0.0,0.0,4.64444398880005
Q_000118,MENU_002157,0,22,0.3974505066871643,0.0,0.0,0.0,4.64444398880005
Q_000118,MENU_001348,1,23,0.395932674407959,0.0,0.5,0.0,4.75340223312378
Q_000118,MENU_002367,0,24,0.39419084787368774,0.0,0.0,0.0,4.57420492172241
Q_000118,MENU_002412,0,25,0.39419084787368774,0.0,0.0,0.0,4.2142858505249
Q_000118,MENU_001292,1,26,0.3925800919532776,0.0,0.5,0.0,4.75340223312378
Q_000118,MENU_001337,0,27,0.39008834958076477,0.0,0.0,0.0,4.75340223312378
Q_000118,MENU_001347,1,28,0.38962817192077637,0.0,0.5,0.0,4.75340223312378
Q_000118,MENU_002137,0,29,0.38869768381118774,0.0,0.0,0.0,4.64444398880005
Q_000118,MENU_001268,0,30,0.387592077255249,0.0,0.0,0.0,4.75340223312378
Q_000118,MENU_001904,0,31,0.38712143898010254,0.0,0.0,0.25,4.35897397994995
Q_000118,MENU_000551,0,32,0.3866507112979889,0.25,0.0,0.0,4.23846197128296
Q_000118,MENU_000507,0,33,0.38529112935066223,0.0,0.0,0.0,4.69177389144897
Q_000118,MENU_000144,0,34,0.3810311555862427,0.0,0.25,0.0,4.63380479812622
Q_000118,MENU_000191,0,35,0.3804548382759094,0.0,0.0,0.0,4.63380479812622
Q_000118,MENU_000148,0,36,0.3802853226661682,0.0,0.25,0.0,4.63380479812622
Q_000118,MENU_000659,0,37,0.3799711763858795,0.0,0.0,0.0,4.72276020050049
Q_000118,MENU_002248,0,38,0.3787098526954651,0.0,0.0,0.0,4.65195322036743
Q_000118,MENU_001379,1,39,0.37427976727485657,0.0,0.5,0.0,4.75340223312378
Q_000118,MENU_000315,0,40,0.3728010356426239,0.0,0.0,0.0,4.74902009963989
Q_000118,MENU_001515,0,41,0.37209588289260864,0.0,0.0,0.0,4.65221118927002
Q_000118,MENU_000159,0,42,0.3717656135559082,0.0,0.25,0.0,4.63380479812622
Q_000118,MENU_001301,0,43,0.3714929223060608,0.0,0.0,0.0,4.75340223312378
Q_000118,MENU_002146,0,44,0.37114593386650085,0.0,0.0,0.0,4.64444398880005
Q_000118,MENU_000112,0,45,0.3703421652317047,0.0,0.0,0.0,3.0
Q_000118,MENU_002546,0,46,0.3694334924221039,0.0,0.0,0.0,4.0580267906189
Q_000118,MENU_001099,0,47,0.3686145544052124,0.25,0.0,0.0,4.25
Q_000118,MENU_002124,0,48,0.36825597286224365,0.0,0.0,0.0,4.64444398880005
Q_000118,MENU_002129,0,49,0.3671516180038452,0.0,0.25,0.0,4.64444398880005
Q_000118,MENU_002164,0,50,0.36629217863082886,0.0,0.0,0.0,4.64444398880005
Q_000119,MENU_001813,1,1,0.6515817046165466,0.4,0.6,0.4,4.6991171836853
Q_000119,MENU_001797,1,2,0.5987497568130493,0.4,0.6,0.4,4.6991171836853
Q_000119,MENU_001858,1,3,0.5765135288238525,0.4,0.6,0.4,4.6991171836853
Q_000119,MENU_001840,1,4,0.5696021914482117,0.4,0.6,0.4,4.6991171836853
Q_000119,MENU_002184,0,5,0.5695547461509705,0.4,0.4,0.4,4.65195322036743
Q_000119,MENU_002196,0,6,0.5683926343917847,0.4,0.4,0.4,4.65195322036743
Q_000119,MENU_001827,1,7,0.5607549548149109,0.4,0.6,0.4,4.6991171836853
Q_000119,MENU_002194,0,8,0.5585347414016724,0.4,0.4,0.4,4.65195322036743
Q_000119,MENU_002193,0,9,0.5471358895301819,0.4,0.4,0.4,4.65195322036743
Q_000119,MENU_002203,0,10,0.5374048948287964,0.4,0.4,0.4,4.65195322036743
Q_000119,MENU_001936,0,11,0.5363876223564148,0.4,0.2,0.0,4.81481504440308
Q_000119,MENU_001010,0,12,0.5150004029273987,0.4,0.2,0.4,4.65962409973145
Q_000119,MENU_001155,0,13,0.5033844113349915,0.0,0.4,0.4,4.82336378097534
Q_000119,MENU_000737,0,14,0.5030866265296936,0.4,0.4,0.0,4.67195796966553
Q_000119,MENU_002195,0,15,0.49726659059524536,0.4,0.4,0.4,4.65195322036743
Q_000119,MENU_002248,0,16,0.49069496989250183,0.2,0.4,0.0,4.65195322036743
Q_000119,MENU_000961,0,17,0.4871484041213989,0.4,0.0,0.0,4.0
Q_000119,MENU_001001,0,18,0.4865368604660034,0.4,0.2,0.4,4.65962409973145
Q_000119,MENU_001153,0,19,0.48332881927490234,0.0,0.4,0.4,4.82336378097534
Q_000119,MENU_000895,0,20,0.4815046489238739,0.4,0.2,0.0,4.0
Q_000119,MENU_001869,0,21,0.480859637260437,0.2,0.0,0.0,4.6991171836853
Q_000119,MENU_001154,0,22,0.48000776767730713,0.0,0.4,0.4,4.82336378097534
Q_000119,MENU_001831,0,23,0.47851237654685974,0.4,0.0,0.0,4.6991171836853
Q_000119,MENU_001005,0,24,0.47628286480903625,0.4,0.2,0.4,4.65962409973145
Q_000119,MENU_001158,0,25,0.4757876396179199,0.0,0.4,0.4,4.82336378097534
Q_000119,MENU_001847,0,26,0.4754267930984497,0.0,0.2,0.4,4.6991171836853
Q_000119,MENU_002331,0,27,0.47413352131843567,0.0,0.0,0.2,4.79864883422852
Q_000119,MENU_002185,0,28,0.4694993197917938,0.2,0.4,0.0,4.65195322036743
Q_000119,MENU_001930,0,29,0.468597948551178,0.2,0.2,0.0,4.81481504440308
Q_000119,MENU_001851,0,30,0.4675103724002838,0.0,0.2,0.4,4.6991171836853
Q_000119,MENU_002246,0,31,0.46705320477485657,0.2,0.4,0.0,4.65195322036743
Q_000119,MENU_002341,0,32,0.46700337529182434,0.2,0.0,0.0,4.79864883422852
Q_000119,MENU_002183,0,33,0.4662584662437439,0.4,0.4,0.2,4.65195322036743
Q_000119,MENU_000896,0,34,0.4620875120162964,0.4,0.2,0.0,4.0
Q_000119,MENU_001852,0,35,0.46184438467025757,0.0,0.2,0.4,4.6991171836853
Q_000119,MENU_001156,0,36,0.4612727761268616,0.0,0.4,0.4,4.82336378097534
Q_000119,MENU_002340,0,37,0.460557758808136,0.2,0.0,0.0,4.79864883422852
Q_000119,MENU_002245,0,38,0.45950984954833984,0.2,0.4,0.0,4.65195322036743
Q_000119,MENU_001884,0,39,0.4592994153499603,0.0,0.0,0.2,4.6991171836853
Q_000119,MENU_002327,0,40,0.4562573730945587,0.0,0.0,0.2,4.79864883422852
Q_000119,MENU_001845,0,41,0.4552929997444153,0.0,0.2,0.2,4.6991171836853
Q_000119,MENU_001149,0,42,0.4526432156562805,0.0,0.2,0.4,4.82336378097534
Q_000119,MENU_000745,0,43,0.4500250518321991,0.4,0.4,0.0,4.67195796966553
Q_000119,MENU_000048,0,44,0.4492729604244232,0.2,0.0,0.0,4.69734191894531
Q_000119,MENU_002328,0,45,0.44758331775665283,0.0,0.0,0.2,4.79864883422852
Q_000119,MENU_002502,0,46,0.44749975204467773,0.2,0.0,0.0,4.78250598907471
Q_000119,MENU_001883,0,47,0.44689127802848816,0.0,0.2,0.2,4.6991171836853
Q_000119,MENU_001856,0,48,0.4463844895362854,0.0,0.2,0.2,4.6991171836853
Q_000119,MENU_002174,0,49,0.44569000601768494,0.0,0.4,0.0,4.65195322036743
Q_000119,MENU_001865,0,50,0.4444027543067932,0.2,0.0,0.0,4.6991171836853
Q_000120,MENU_002520,0,1,0.48376011848449707,0.0,0.0,0.0,4.38983106613159
Q_000120,MENU_001975,0,2,0.4771729111671448,0.0,0.0,0.25,4.74074077606201
Q_000120,MENU_002409,0,3,0.47687798738479614,0.25,0.0,0.25,4.2142858505249
Q_000120,MENU_000710,0,4,0.4687498211860657,0.25,0.0,0.0,4.58141183853149
Q_000120,MENU_000711,0,5,0.46585604548454285,0.25,0.0,0.0,4.58141183853149
Q_000120,MENU_000366,0,6,0.46036332845687866,0.25,0.0,0.5,4.71902799606323
Q_000120,MENU_002516,0,7,0.45249441266059875,0.0,0.0,0.0,4.38983106613159
Q_000120,MENU_000677,0,8,0.44834470748901367,0.25,0.0,0.0,4.72276020050049
Q_000120,MENU_002513,0,9,0.447137713432312,0.0,0.0,0.0,4.67408514022827
Q_000120,MENU_002573,0,10,0.4418848752975464,0.0,0.0,0.0,4.67702722549438
Q_000120,MENU_000218,0,11,0.4379667341709137,0.0,0.0,0.25,4.35269689559937
Q_000120,MENU_000365,0,12,0.4355299770832062,0.25,0.0,0.5,4.71902799606323
Q_000120,MENU_000368,0,13,0.43383461236953735,0.25,0.0,0.5,4.71902799606323
Q_000120,MENU_001722,0,14,0.43284159898757935,0.0,0.0,0.0,3.84737396240234
Q_000120,MENU_001769,0,15,0.43104231357574463,0.0,0.0,0.0,4.81443309783936
Q_000120,MENU_001599,0,16,0.4300045967102051,0.25,0.0,0.0,4.86808490753174
Q_000120,MENU_001969,0,17,0.4277558922767639,0.25,0.0,0.0,4.74074077606201
Q_000120,MENU_000961,1,18,0.42729753255844116,0.0,0.5,0.0,4.0
Q_000120,MENU_002517,0,19,0.4270024299621582,0.0,0.0,0.0,4.38983106613159
Q_000120,MENU_000990,1,20,0.4262400269508362,0.25,0.5,0.25,4.0
Q_000120,MENU_001721,0,21,0.42409002780914307,0.0,0.0,0.0,3.84737396240234
Q_000120,MENU_000916,1,22,0.42380663752555847,0.0,0.5,0.0,4.0
Q_000120,MENU_001884,0,23,0.42261266708374023,0.0,0.0,0.0,4.6991171836853
Q_000120,MENU_001891,0,24,0.4219898581504822,0.0,0.0,0.25,5.0
Q_000120,MENU_000516,0,25,0.4218084216117859,0.25,0.25,0.0,4.64538478851318
Q_000120,MENU_000709,0,26,0.4213819205760956,0.25,0.0,0.0,4.58141183853149
Q_000120,MENU_002374,0,27,0.42055201530456543,0.0,0.0,0.0,4.57420492172241
Q_000120,MENU_002420,0,28,0.42055201530456543,0.0,0.0,0.0,4.2142858505249
Q_000120,MENU_000222,0,29,0.4204959571361542,0.0,0.0,0.25,4.14949178695679
Q_000120,MENU_002189,0,30,0.42047715187072754,0.0,0.0,0.0,4.65195322036743
Q_000120,MENU_000219,0,31,0.41917917132377625,0.0,0.0,0.0,4.35269689559937
Q_000120,MENU_000237,0,32,0.4191110134124756,0.0,0.0,0.0,4.14949178695679
Q_000120,MENU_000316,0,33,0.4188998341560364,0.25,0.0,0.0,4.74902009963989
Q_000120,MENU_000367,0,34,0.4184913635253906,0.25,0.0,0.5,4.71902799606323
Q_000120,MENU_001756,0,35,0.4183003008365631,0.0,0.0,0.0,4.81443309783936
Q_000120,MENU_001994,0,36,0.41768449544906616,0.0,0.0,0.0,4.11591005325317
Q_000120,MENU_001595,0,37,0.4167866110801697,0.0,0.0,0.0,4.87649393081665
Q_000120,MENU_000184,0,38,0.4159262180328369,0.25,0.0,0.0,4.63380479812622
Q_000120,MENU_000232,0,39,0.4153572618961334,0.0,0.0,0.0,4.14949178695679
Q_000120,MENU_000873,0,40,0.41535627841949463,0.25,0.25,0.0,4.46214008331299
Q_000120,MENU_002519,0,41,0.41494959592819214,0.0,0.0,0.0,4.38983106613159
Q_000120,MENU_001996,0,42,0.41371023654937744,0.0,0.0,0.0,4.11591005325317
Q_000120,MENU_001995,0,43,0.41342294216156006,0.0,0.0,0.0,4.11591005325317
Q_000120,MENU_002509,0,44,0.41307333111763,0.0,0.0,0.0,4.67408514022827
Q_000120,MENU_001793,0,45,0.4113169312477112,0.0,0.0,0.0,4.81443309783936
Q_000120,MENU_000872,0,46,0.4109349548816681,0.0,0.0,0.0,4.46214008331299
Q_000120,MENU_000958,1,47,0.410314679145813,0.0,0.5,0.0,4.0
Q_000120,MENU_002255,0,48,0.40988609194755554,0.25,0.0,0.25,4.81660079956055
Q_000120,MENU_000227,0,49,0.40908658504486084,0.0,0.0,0.0,4.14949178695679
Q_000120,MENU_001323,0,50,0.4084658920764923,0.25,0.0,0.25,4.75340223312378
Q_000121,MENU_002723,1,1,0.48171257972717285,0.3333333333333333,0.6666666666666666,0.0,4.66852378845215
Q_000121,MENU_002059,0,2,0.47116798162460327,0.0,0.0,0.3333333333333333,4.77914094924927
Q_000121,MENU_000499,0,3,0.4550026059150696,0.3333333333333333,0.0,0.0,4.77500009536743
Q_000121,MENU_000194,0,4,0.45293721556663513,0.0,0.0,0.0,4.63380479812622
Q_000121,MENU_000667,0,5,0.449421226978302,0.0,0.0,0.0,4.72276020050049
Q_000121,MENU_002712,1,6,0.44870197772979736,0.3333333333333333,0.6666666666666666,0.0,4.66852378845215
Q_000121,MENU_002397,0,7,0.44859379529953003,0.3333333333333333,0.0,0.6666666666666666,4.2142858505249
Q_000121,MENU_002708,1,8,0.4446621239185333,0.3333333333333333,0.6666666666666666,0.0,4.66852378845215
Q_000121,MENU_001531,0,9,0.44361644983291626,0.0,0.0,0.3333333333333333,4.20552682876587
Q_000121,MENU_002705,1,10,0.44032618403434753,0.3333333333333333,0.6666666666666666,0.0,4.66852378845215
Q_000121,MENU_002706,1,11,0.4376630485057831,0.3333333333333333,0.6666666666666666,0.0,4.66852378845215
Q_000121,MENU_000559,0,12,0.4362466633319855,0.3333333333333333,0.0,0.0,4.23846197128296
Q_000121,MENU_000639,0,13,0.43594831228256226,0.0,0.0,0.0,4.64431381225586
Q_000121,MENU_002722,1,14,0.43540990352630615,0.3333333333333333,0.6666666666666666,0.0,4.66852378845215
Q_000121,MENU_000187,0,15,0.4318101406097412,0.0,0.0,0.0,4.63380479812622
Q_000121,MENU_002437,0,16,0.43076977133750916,0.3333333333333333,0.0,0.3333333333333333,4.20351505279541
Q_000121,MENU_002432,0,17,0.4280700087547302,0.3333333333333333,0.0,0.3333333333333333,4.20351505279541
Q_000121,MENU_000004,0,18,0.42771992087364197,0.0,0.0,0.0,4.0
Q_000121,MENU_002084,0,19,0.42678403854370117,0.0,0.0,0.0,4.52205896377563
Q_000121,MENU_000556,0,20,0.4252364933490753,0.3333333333333333,0.0,0.0,4.23846197128296
Q_000121,MENU_002710,1,21,0.42437469959259033,0.3333333333333333,0.6666666666666666,0.0,4.66852378845215
Q_000121,MENU_002435,0,22,0.4237969219684601,0.3333333333333333,0.0,0.3333333333333333,4.20351505279541
Q_000121,MENU_002252,0,23,0.4236169457435608,0.0,0.0,0.0,4.65195322036743
Q_000121,MENU_002713,1,24,0.4234478175640106,0.3333333333333333,0.6666666666666666,0.0,4.66852378845215
Q_000121,MENU_002720,1,25,0.4200255274772644,0.3333333333333333,0.6666666666666666,0.0,4.66852378845215
Q_000121,MENU_000500,0,26,0.4194587767124176,0.3333333333333333,0.0,0.0,4.77500009536743
Q_000121,MENU_002482,0,27,0.41828376054763794,0.0,0.0,0.0,4.68452405929565
Q_000121,MENU_002483,0,28,0.4175923764705658,0.0,0.0,0.0,4.68452405929565
Q_000121,MENU_001533,0,29,0.41726332902908325,0.3333333333333333,0.0,0.0,4.20552682876587
Q_000121,MENU_002063,0,30,0.41715365648269653,0.0,0.0,0.0,4.77914094924927
Q_000121,MENU_002716,1,31,0.41439586877822876,0.3333333333333333,0.6666666666666666,0.0,4.66852378845215
Q_000121,MENU_000496,0,32,0.4122847318649292,0.3333333333333333,0.0,0.0,4.77500009536743
Q_000121,MENU_002707,1,33,0.41141951084136963,0.3333333333333333,0.6666666666666666,0.0,4.66852378845215
Q_000121,MENU_002715,1,34,0.40767303109169006,0.3333333333333333,0.6666666666666666,0.0,4.66852378845215
Q_000121,MENU_000538,0,35,0.40694257616996765,0.3333333333333333,0.0,0.0,4.23846197128296
Q_000121,MENU_002027,0,36,0.406882107257843,0.3333333333333333,0.0,0.0,4.1811408996582
Q_000121,MENU_001026,0,37,0.40670132637023926,0.3333333333333333,0.0,0.3333333333333333,4.25
Q_000121,MENU_000503,0,38,0.40633973479270935,0.3333333333333333,0.0,0.0,4.77500009536743
Q_000121,MENU_001546,0,39,0.4049893319606781,0.0,0.0,0.0,4.20552682876587
Q_000121,MENU_000690,0,40,0.4038321375846863,0.0,0.0,0.0,4.72276020050049
Q_000121,MENU_000692,0,41,0.4019935131072998,0.0,0.0,0.0,4.72276020050049
Q_000121,MENU_002726,1,42,0.3997865915298462,0.3333333333333333,0.6666666666666666,0.0,4.66852378845215
Q_000121,MENU_000673,0,43,0.3991243243217468,0.0,0.0,0.0,4.72276020050049
Q_000121,MENU_000495,0,44,0.39716801047325134,0.3333333333333333,0.0,0.0,4.77500009536743
Q_000121,MENU_000680,0,45,0.39698976278305054,0.0,0.0,0.0,4.72276020050049
Q_000121,MENU_001352,0,46,0.3969401717185974,0.0,0.0,0.0,4.75340223312378
Q_000121,MENU_002718,1,47,0.3960951566696167,0.3333333333333333,0.6666666666666666,0.0,4.66852378845215
Q_000121,MENU_000829,0,48,0.39585089683532715,0.0,0.0,0.0,4.55801105499268
Q_000121,MENU_000593,0,49,0.39406299591064453,0.0,0.0,0.0,4.64431381225586
Q_000121,MENU_001581,0,50,0.39383143186569214,0.0,0.0,0.0,4.88310480117798
Q_000122,MENU_000174,0,1,0.5048240423202515,0.0,0.0,0.0,4.63380479812622
Q_000122,MENU_002003,1,2,0.4975493252277374,0.0,0.3333333333333333,0.0,4.1811408996582
Q_000122,MENU_002046,1,3,0.4937831163406372,0.0,0.3333333333333333,0.0,4.1811408996582
Q_000122,MENU_002021,1,4,0.4914320111274719,0.0,0.3333333333333333,0.0,4.1811408996582
Q_000122,MENU_000117,0,5,0.4896446466445923,0.0,0.0,0.0,3.0
Q_000122,MENU_002043,1,6,0.48927587270736694,0.0,0.3333333333333333,0.0,4.1811408996582
Q_000122,MENU_001519,0,7,0.4861135184764862,0.0,0.3333333333333333,0.0,4.20552682876587
Q_000122,MENU_001549,0,8,0.48512566089630127,0.0,0.3333333333333333,0.0,4.20552682876587
Q_000122,MENU_001550,0,9,0.48496976494789124,0.0,0.3333333333333333,0.0,4.20552682876587
Q_000122,MENU_002020,1,10,0.484761506319046,0.0,0.3333333333333333,0.0,4.1811408996582
Q_000122,MENU_002022,1,11,0.484603613615036,0.0,0.3333333333333333,0.0,4.1811408996582
Q_000122,MENU_002026,1,12,0.48265746235847473,0.0,0.3333333333333333,0.0,4.1811408996582
Q_000122,MENU_002006,1,13,0.48246604204177856,0.0,0.3333333333333333,0.0,4.1811408996582
Q_000122,MENU_001520,0,14,0.48061004281044006,0.0,0.3333333333333333,0.0,4.20552682876587
Q_000122,MENU_001532,0,15,0.47762128710746765,0.0,0.3333333333333333,0.0,4.20552682876587
Q_000122,MENU_001525,0,16,0.4724749028682709,0.0,0.3333333333333333,0.0,4.20552682876587
Q_000122,MENU_001679,0,17,0.4718247354030609,0.0,0.0,0.0,3.84737396240234
Q_000122,MENU_001530,0,18,0.4717797338962555,0.0,0.3333333333333333,0.0,4.20552682876587
Q_000122,MENU_001534,0,19,0.46950042247772217,0.0,0.3333333333333333,0.0,4.20552682876587
Q_000122,MENU_001564,0,20,0.46802815794944763,0.0,0.0,0.0,4.88310480117798
Q_000122,MENU_001526,0,21,0.4671647548675537,0.0,0.3333333333333333,0.0,4.20552682876587
Q_000122,MENU_002004,1,22,0.46708911657333374,0.0,0.3333333333333333,0.0,4.1811408996582
Q_000122,MENU_001984,0,23,0.4665960967540741,0.0,0.0,0.0,4.59150314331055
Q_000122,MENU_001524,0,24,0.4659445881843567,0.0,0.3333333333333333,0.0,4.20552682876587
Q_000122,MENU_002025,1,25,0.4635746479034424,0.0,0.3333333333333333,0.0,4.1811408996582
Q_000122,MENU_002023,1,26,0.4626918435096741,0.0,0.3333333333333333,0.0,4.1811408996582
Q_000122,MENU_001521,0,27,0.4608626663684845,0.0,0.3333333333333333,0.0,4.20552682876587
Q_000122,MENU_002044,1,28,0.45450976490974426,0.0,0.3333333333333333,0.0,4.1811408996582
Q_000122,MENU_000536,0,29,0.4529414772987366,0.0,0.0,0.0,4.55335521697998
Q_000122,MENU_001678,0,30,0.4515305757522583,0.0,0.0,0.0,3.84737396240234
Q_000122,MENU_002028,1,31,0.45008230209350586,0.0,0.3333333333333333,0.0,4.1811408996582
Q_000122,MENU_000841,0,32,0.4499797224998474,0.0,0.0,0.0,4.71359920501709
Q_000122,MENU_001528,0,33,0.4497864246368408,0.0,0.3333333333333333,0.0,4.20552682876587
Q_000122,MENU_002019,1,34,0.4488723874092102,0.0,0.3333333333333333,0.0,4.1811408996582
Q_000122,MENU_001527,0,35,0.44805747270584106,0.0,0.0,0.0,4.20552682876587
Q_000122,MENU_001535,0,36,0.4469250440597534,0.0,0.3333333333333333,0.0,4.20552682876587
Q_000122,MENU_000255,0,37,0.4465941786766052,0.0,0.0,0.0,4.65069389343262
Q_000122,MENU_000871,0,38,0.4451128840446472,0.0,0.0,0.0,4.8529257774353
Q_000122,MENU_001539,0,39,0.44485223293304443,0.0,0.3333333333333333,0.0,4.20552682876587
Q_000122,MENU_001533,0,40,0.44458383321762085,0.0,0.3333333333333333,0.0,4.20552682876587
Q_000122,MENU_001537,0,41,0.44455933570861816,0.0,0.3333333333333333,0.0,4.20552682876587
Q_000122,MENU_002007,1,42,0.44433024525642395,0.0,0.3333333333333333,0.0,4.1811408996582
Q_000122,MENU_001529,0,43,0.4439266622066498,0.0,0.3333333333333333,0.0,4.20552682876587
Q_000122,MENU_000327,0,44,0.4422752261161804,0.0,0.0,0.0,4.60093212127686
Q_000122,MENU_000358,0,45,0.4422752261161804,0.0,0.0,0.0,4.71902799606323
Q_000122,MENU_000334,0,46,0.4417763948440552,0.0,0.0,0.0,4.60093212127686
Q_000122,MENU_002029,1,47,0.4392414391040802,0.0,0.3333333333333333,0.0,4.1811408996582
Q_000122,MENU_002057,1,48,0.43915310502052307,0.0,0.3333333333333333,0.0,4.1811408996582
Q_000122,MENU_002031,1,49,0.4376949071884155,0.0,0.3333333333333333,0.0,4.1811408996582
Q_000122,MENU_001523,0,50,0.4360431730747223,0.0,0.3333333333333333,0.0,4.20552682876587
Q_000123,MENU_000246,1,1,0.5835486054420471,0.0,0.5,0.0,4.14949178695679
Q_000123,MENU_000222,1,2,0.5659046173095703,0.0,0.5,0.0,4.14949178695679
Q_000123,MENU_000220,1,3,0.56173175573349,0.0,0.5,0.0,4.14949178695679
Q_000123,MENU_000231,1,4,0.5491849780082703,0.0,0.5,0.0,4.14949178695679
Q_000123,MENU_000228,1,5,0.5411206483840942,0.0,0.5,0.0,4.14949178695679
Q_000123,MENU_000232,1,6,0.5310225486755371,0.0,0.5,0.0,4.14949178695679
Q_000123,MENU_000229,1,7,0.5265209674835205,0.0,0.5,0.0,4.14949178695679
Q_000123,MENU_001053,0,8,0.5230042934417725,0.0,0.0,0.0,4.25
Q_000123,MENU_000227,1,9,0.5160254836082458,0.0,0.5,0.0,4.14949178695679
Q_000123,MENU_001722,0,10,0.5120663642883301,0.0,0.25,0.0,3.84737396240234
Q_000123,MENU_001055,0,11,0.5100141763687134,0.0,0.0,0.0,4.25
Q_000123,MENU_000233,1,12,0.5093159675598145,0.0,0.5,0.0,4.14949178695679
Q_000123,MENU_001721,0,13,0.509055495262146,0.0,0.25,0.0,3.84737396240234
Q_000123,MENU_001063,0,14,0.5046327710151672,0.0,0.0,0.0,4.25
Q_000123,MENU_002190,0,15,0.5028979778289795,0.0,0.0,0.0,4.65195322036743
Q_000123,MENU_000252,1,16,0.5025150775909424,0.0,0.5,0.0,4.14949178695679
Q_000123,MENU_000224,1,17,0.49864715337753296,0.0,0.5,0.0,4.14949178695679
Q_000123,MENU_000681,0,18,0.4975038766860962,0.0,0.0,0.0,4.72276020050049
Q_000123,MENU_001072,0,19,0.4958993196487427,0.0,0.0,0.0,4.25
Q_000123,MENU_001048,0,20,0.49489450454711914,0.0,0.0,0.0,4.25
Q_000123,MENU_000253,1,21,0.4943428933620453,0.0,0.5,0.0,4.14949178695679
Q_000123,MENU_001680,0,22,0.49178147315979004,0.0,0.25,0.0,3.84737396240234
Q_000123,MENU_001683,0,23,0.48889586329460144,0.0,0.25,0.0,3.84737396240234
Q_000123,MENU_000133,0,24,0.4884595274925232,0.0,0.0,0.0,4.63380479812622
Q_000123,MENU_001062,0,25,0.488270103931427,0.0,0.0,0.0,4.25
Q_000123,MENU_001663,0,26,0.4878377914428711,0.0,0.0,0.0,3.84737396240234
Q_000123,MENU_000122,0,27,0.48754411935806274,0.0,0.0,0.0,4.63380479812622
Q_000123,MENU_001896,0,28,0.48493993282318115,0.0,0.0,0.0,5.0
Q_000123,MENU_000567,0,29,0.4846654236316681,0.0,0.0,0.0,4.48866987228394
Q_000123,MENU_001681,0,30,0.4841126501560211,0.0,0.0,0.0,3.84737396240234
Q_000123,MENU_000710,0,31,0.4839465320110321,0.0,0.0,0.0,4.58141183853149
Q_000123,MENU_001458,0,32,0.482159286737442,0.0,0.0,0.0,4.60264015197754
Q_000123,MENU_000680,0,33,0.4816804528236389,0.0,0.0,0.0,4.72276020050049
Q_000123,MENU_000221,0,34,0.48150205612182617,0.0,0.25,0.0,4.14949178695679
Q_000123,MENU_002501,0,35,0.47834450006484985,0.0,0.0,0.0,4.28089904785156
Q_000123,MENU_002391,0,36,0.47771286964416504,0.0,0.0,0.0,4.2142858505249
Q_000123,MENU_002348,0,37,0.47771286964416504,0.0,0.0,0.0,4.57420492172241
Q_000123,MENU_002210,0,38,0.4766494631767273,0.0,0.0,0.0,4.65195322036743
Q_000123,MENU_001449,0,39,0.47487616539001465,0.0,0.0,0.0,4.60264015197754
Q_000123,MENU_001699,0,40,0.4740197956562042,0.0,0.25,0.0,3.84737396240234
Q_000123,MENU_002215,0,41,0.4738006591796875,0.0,0.0,0.0,4.65195322036743
Q_000123,MENU_001049,0,42,0.4737389087677002,0.0,0.0,0.0,4.25
Q_000123,MENU_001117,0,43,0.4722898304462433,0.0,0.0,0.0,4.25
Q_000123,MENU_002684,0,44,0.47195443511009216,0.0,0.0,0.0,4.78461503982544
Q_000123,MENU_001036,0,45,0.47179558873176575,0.0,0.0,0.0,4.25
Q_000123,MENU_002197,0,46,0.4717043936252594,0.0,0.0,0.0,4.65195322036743
Q_000123,MENU_001457,0,47,0.471106618642807,0.0,0.0,0.0,4.60264015197754
Q_000123,MENU_000695,0,48,0.47067415714263916,0.0,0.0,0.0,4.72276020050049
Q_000123,MENU_001105,0,49,0.47025066614151,0.0,0.0,0.0,4.25
Q_000123,MENU_001465,0,50,0.4702226519584656,0.0,0.0,0.0,4.60264015197754
Q_000124,MENU_001095,1,1,0.6468564867973328,0.0,0.6666666666666666,0.0,4.25
Q_000124,MENU_001099,1,2,0.6297430396080017,0.0,0.6666666666666666,0.0,4.25
Q_000124,MENU_001123,1,3,0.6091175675392151,0.0,0.6666666666666666,0.0,4.25
Q_000124,MENU_001034,1,4,0.6023641228675842,0.0,0.6666666666666666,0.0,4.25
Q_000124,MENU_001035,1,5,0.600985050201416,0.0,0.6666666666666666,0.0,4.25
Q_000124,MENU_001058,1,6,0.5923829078674316,0.0,0.6666666666666666,0.0,4.25
Q_000124,MENU_001030,1,7,0.5725788474082947,0.0,0.6666666666666666,0.0,4.25
Q_000124,MENU_001971,0,8,0.5454773902893066,0.16666666666666666,0.0,0.0,4.74074077606201
Q_000124,MENU_000797,0,9,0.5167170763015747,0.16666666666666666,0.16666666666666666,0.0,4.64895582199097
Q_000124,MENU_001109,0,10,0.5063793659210205,0.16666666666666666,0.16666666666666666,0.0,4.25
Q_000124,MENU_001103,1,11,0.5041346549987793,0.0,0.6666666666666666,0.0,4.25
Q_000124,MENU_001277,0,12,0.5016834139823914,0.16666666666666666,0.16666666666666666,0.0,4.75340223312378
Q_000124,MENU_001037,0,13,0.5009775757789612,0.16666666666666666,0.16666666666666666,0.0,4.25
Q_000124,MENU_001125,0,14,0.48650121688842773,0.0,0.16666666666666666,0.0,4.25
Q_000124,MENU_002399,0,15,0.48239824175834656,0.0,0.16666666666666666,0.16666666666666666,4.2142858505249
Q_000124,MENU_002356,0,16,0.48239824175834656,0.0,0.16666666666666666,0.16666666666666666,4.57420492172241
Q_000124,MENU_000805,0,17,0.4813588857650757,0.0,0.16666666666666666,0.0,4.64895582199097
Q_000124,MENU_001121,0,18,0.48135221004486084,0.0,0.16666666666666666,0.0,4.25
Q_000124,MENU_000814,0,19,0.4806303083896637,0.16666666666666666,0.16666666666666666,0.0,4.64895582199097
Q_000124,MENU_000826,0,20,0.4796697795391083,0.16666666666666666,0.16666666666666666,0.0,4.64895582199097
Q_000124,MENU_001028,0,21,0.47830429673194885,0.0,0.16666666666666666,0.0,4.25
Q_000124,MENU_001493,0,22,0.4754794239997864,0.16666666666666666,0.0,0.0,4.26522302627563
Q_000124,MENU_001038,0,23,0.47501140832901,0.16666666666666666,0.16666666666666666,0.0,4.25
Q_000124,MENU_000799,0,24,0.47390350699424744,0.0,0.16666666666666666,0.0,4.64895582199097
Q_000124,MENU_000822,0,25,0.47052961587905884,0.0,0.16666666666666666,0.0,4.64895582199097
Q_000124,MENU_000798,0,26,0.46809959411621094,0.0,0.16666666666666666,0.0,4.64895582199097
Q_000124,MENU_000818,0,27,0.46754562854766846,0.0,0.16666666666666666,0.0,4.64895582199097
Q_000124,MENU_001033,0,28,0.46614423394203186,0.0,0.16666666666666666,0.0,4.25
Q_000124,MENU_000004,0,29,0.46450355648994446,0.16666666666666666,0.0,0.16666666666666666,4.0
Q_000124,MENU_002103,0,30,0.46430474519729614,0.16666666666666666,0.16666666666666666,0.16666666666666666,4.07968902587891
Q_000124,MENU_002379,0,31,0.46279388666152954,0.0,0.16666666666666666,0.16666666666666666,4.57420492172241
Q_000124,MENU_002425,0,32,0.46279388666152954,0.0,0.16666666666666666,0.16666666666666666,4.2142858505249
Q_000124,MENU_000215,0,33,0.46175485849380493,0.3333333333333333,0.0,0.0,4.0
Q_000124,MENU_000815,0,34,0.4603715240955353,0.0,0.16666666666666666,0.0,4.64895582199097
Q_000124,MENU_000221,0,35,0.458307147026062,0.0,0.16666666666666666,0.0,4.14949178695679
Q_000124,MENU_001059,0,36,0.4556899964809418,0.0,0.0,0.0,4.25
Q_000124,MENU_000816,0,37,0.4552932381629944,0.0,0.16666666666666666,0.0,4.64895582199097
Q_000124,MENU_001100,0,38,0.4552113115787506,0.0,0.0,0.0,4.25
Q_000124,MENU_001083,0,39,0.45451846718788147,0.16666666666666666,0.16666666666666666,0.0,4.25
Q_000124,MENU_000216,0,40,0.45234012603759766,0.3333333333333333,0.0,0.0,4.0
Q_000124,MENU_001494,0,41,0.45056354999542236,0.16666666666666666,0.0,0.16666666666666666,4.26522302627563
Q_000124,MENU_001062,0,42,0.4497963786125183,0.0,0.0,0.0,4.25
Q_000124,MENU_000806,0,43,0.44970282912254333,0.0,0.16666666666666666,0.0,4.64895582199097
Q_000124,MENU_001046,0,44,0.44957688450813293,0.0,0.0,0.0,4.25
Q_000124,MENU_001084,0,45,0.4492430090904236,0.16666666666666666,0.16666666666666666,0.0,4.25
Q_000124,MENU_000808,0,46,0.44921571016311646,0.0,0.16666666666666666,0.0,4.64895582199097
Q_000124,MENU_001085,0,47,0.4480145275592804,0.16666666666666666,0.16666666666666666,0.0,4.25
Q_000124,MENU_000801,0,48,0.447133868932724,0.16666666666666666,0.16666666666666666,0.0,4.64895582199097
Q_000124,MENU_000810,0,49,0.44500499963760376,0.16666666666666666,0.16666666666666666,0.0,4.64895582199097
Q_000124,MENU_000607,0,50,0.4446106553077698,0.0,0.16666666666666666,0.0,4.64431381225586
Q_000125,MENU_002758,1,1,0.6086152195930481,0.3333333333333333,0.6666666666666666,0.0,0.0
Q_000125,MENU_001831,0,2,0.5926352739334106,0.3333333333333333,0.0,0.0,4.6991171836853
Q_000125,MENU_001756,0,3,0.585924506187439,0.3333333333333333,0.3333333333333333,0.0,4.81443309783936
Q_000125,MENU_001997,0,4,0.5812821388244629,0.3333333333333333,0.0,0.0,4.81096696853638
Q_000125,MENU_001830,0,5,0.5677005052566528,0.3333333333333333,0.0,0.0,4.6991171836853
Q_000125,MENU_000171,0,6,0.5674501657485962,0.3333333333333333,0.3333333333333333,0.0,4.63380479812622
Q_000125,MENU_002766,1,7,0.5659613609313965,0.3333333333333333,0.6666666666666666,0.0,0.0
Q_000125,MENU_000277,0,8,0.5640562772750854,0.3333333333333333,0.3333333333333333,0.3333333333333333,4.65069389343262
Q_000125,MENU_000341,0,9,0.5638489723205566,0.0,0.3333333333333333,0.0,4.71902799606323
Q_000125,MENU_000342,0,10,0.5638478398323059,0.0,0.3333333333333333,0.0,4.71902799606323
Q_000125,MENU_000172,0,11,0.56357741355896,0.3333333333333333,0.3333333333333333,0.0,4.63380479812622
Q_000125,MENU_002858,1,12,0.5551822185516357,0.3333333333333333,0.6666666666666666,0.0,0.0
Q_000125,MENU_002699,0,13,0.5538790225982666,0.3333333333333333,0.0,0.0,4.78461503982544
Q_000125,MENU_002763,1,14,0.5537520051002502,0.3333333333333333,0.6666666666666666,0.0,0.0
Q_000125,MENU_001832,0,15,0.5504464507102966,0.3333333333333333,0.0,0.0,4.6991171836853
Q_000125,MENU_000276,0,16,0.5455499887466431,0.3333333333333333,0.3333333333333333,0.3333333333333333,4.65069389343262
Q_000125,MENU_000278,0,17,0.5441535711288452,0.3333333333333333,0.3333333333333333,0.3333333333333333,4.65069389343262
Q_000125,MENU_002760,1,18,0.5431551933288574,0.3333333333333333,0.6666666666666666,0.0,0.0
Q_000125,MENU_002639,0,19,0.5292292833328247,0.0,0.0,0.0,4.58833312988281
Q_000125,MENU_001834,0,20,0.528923749923706,0.3333333333333333,0.0,0.0,4.6991171836853
Q_000125,MENU_000279,0,21,0.5265465378761292,0.3333333333333333,0.3333333333333333,0.3333333333333333,4.65069389343262
Q_000125,MENU_002851,1,22,0.5248470902442932,0.3333333333333333,0.6666666666666666,0.0,0.0
Q_000125,MENU_000173,0,23,0.5231990814208984,0.3333333333333333,0.3333333333333333,0.0,4.63380479812622
Q_000125,MENU_001829,0,24,0.5192117691040039,0.3333333333333333,0.0,0.0,4.6991171836853
Q_000125,MENU_001828,0,25,0.5183380842208862,0.3333333333333333,0.0,0.0,4.6991171836853
Q_000125,MENU_002631,0,26,0.5142979621887207,0.0,0.0,0.0,4.58833312988281
Q_000125,MENU_000340,0,27,0.5129440426826477,0.0,0.3333333333333333,0.0,4.71902799606323
Q_000125,MENU_002640,0,28,0.510522723197937,0.0,0.0,0.0,4.58833312988281
Q_000125,MENU_001833,0,29,0.5084377527236938,0.3333333333333333,0.0,0.0,4.6991171836853
Q_000125,MENU_001486,0,30,0.5006892085075378,0.0,0.0,0.0,4.60264015197754
Q_000125,MENU_000170,0,31,0.4981899559497833,0.3333333333333333,0.3333333333333333,0.0,4.63380479812622
Q_000125,MENU_002698,0,32,0.49584102630615234,0.3333333333333333,0.0,0.0,4.78461503982544
Q_000125,MENU_002670,0,33,0.49545663595199585,0.0,0.0,0.0,4.7348837852478
Q_000125,MENU_001484,0,34,0.48654285073280334,0.0,0.0,0.0,4.60264015197754
Q_000125,MENU_001722,0,35,0.48521795868873596,0.0,0.3333333333333333,0.0,3.84737396240234
Q_000125,MENU_001372,0,36,0.4841269850730896,0.0,0.0,0.0,4.75340223312378
Q_000125,MENU_001900,0,37,0.48312637209892273,0.0,0.3333333333333333,0.0,4.58653783798218
Q_000125,MENU_001371,0,38,0.4828283190727234,0.0,0.0,0.0,4.75340223312378
Q_000125,MENU_002671,0,39,0.4826500117778778,0.0,0.0,0.0,4.7348837852478
Q_000125,MENU_002635,0,40,0.48030582070350647,0.0,0.0,0.0,4.58833312988281
Q_000125,MENU_001686,0,41,0.47740864753723145,0.0,0.3333333333333333,0.0,3.84737396240234
Q_000125,MENU_001835,0,42,0.47660529613494873,0.3333333333333333,0.0,0.0,4.6991171836853
Q_000125,MENU_001447,0,43,0.4762975871562958,0.0,0.0,0.0,4.60264015197754
Q_000125,MENU_001457,0,44,0.47578293085098267,0.0,0.0,0.0,4.60264015197754
Q_000125,MENU_001485,0,45,0.4757186770439148,0.0,0.0,0.0,4.60264015197754
Q_000125,MENU_001744,0,46,0.4751622974872589,0.0,0.3333333333333333,0.0,4.81443309783936
Q_000125,MENU_000670,0,47,0.4750959575176239,0.0,0.0,0.0,4.72276020050049
Q_000125,MENU_001482,0,48,0.4749671518802643,0.0,0.0,0.0,4.60264015197754
Q_000125,MENU_001458,0,49,0.47488120198249817,0.0,0.0,0.0,4.60264015197754
Q_000125,MENU_001721,0,50,0.4739838242530823,0.0,0.3333333333333333,0.0,3.84737396240234
Q_000126,MENU_000608,0,1,0.49017783999443054,0.0,0.25,0.0,4.64431381225586
Q_000126,MENU_000631,1,2,0.477754682302475,0.0,0.5,0.0,4.64431381225586
Q_000126,MENU_000615,1,3,0.4644526243209839,0.0,0.5,0.0,4.64431381225586
Q_000126,MENU_000625,0,4,0.4608219861984253,0.0,0.25,0.0,4.64431381225586
Q_000126,MENU_000578,0,5,0.45942339301109314,0.0,0.0,0.0,4.48866987228394
Q_000126,MENU_000610,0,6,0.45808035135269165,0.0,0.25,0.0,4.64431381225586
Q_000126,MENU_000637,1,7,0.4553253650665283,0.0,0.5,0.0,4.64431381225586
Q_000126,MENU_000638,1,8,0.4507720470428467,0.0,0.5,0.0,4.64431381225586
Q_000126,MENU_000623,1,9,0.44589313864707947,0.0,0.5,0.0,4.64431381225586
Q_000126,MENU_000626,1,10,0.44326508045196533,0.0,0.5,0.0,4.64431381225586
Q_000126,MENU_000633,0,11,0.43296030163764954,0.0,0.25,0.0,4.64431381225586
Q_000126,MENU_002492,0,12,0.4318051338195801,0.0,0.0,0.0,4.05000019073486
Q_000126,MENU_000622,1,13,0.42882204055786133,0.0,0.5,0.0,4.64431381225586
Q_000126,MENU_000621,1,14,0.4251500964164734,0.0,0.5,0.0,4.64431381225586
Q_000126,MENU_000616,0,15,0.42232829332351685,0.0,0.25,0.0,4.64431381225586
Q_000126,MENU_000617,1,16,0.41454923152923584,0.0,0.5,0.0,4.64431381225586
Q_000126,MENU_001839,0,17,0.41395583748817444,0.0,0.0,0.0,4.6991171836853
Q_000126,MENU_001536,0,18,0.4097740948200226,0.0,0.0,0.0,4.20552682876587
Q_000126,MENU_000852,0,19,0.4092668890953064,0.0,0.0,0.0,4.65116310119629
Q_000126,MENU_000620,0,20,0.40891125798225403,0.0,0.25,0.0,4.64431381225586
Q_000126,MENU_000598,1,21,0.40886345505714417,0.0,0.5,0.0,4.64431381225586
Q_000126,MENU_002462,0,22,0.4086288511753082,0.0,0.0,0.0,4.77699613571167
Q_000126,MENU_000619,1,23,0.40401607751846313,0.0,0.5,0.0,4.64431381225586
Q_000126,MENU_001877,0,24,0.4027879536151886,0.0,0.0,0.0,4.6991171836853
Q_000126,MENU_001535,0,25,0.39850491285324097,0.0,0.0,0.0,4.20552682876587
Q_000126,MENU_002489,0,26,0.3981481194496155,0.0,0.0,0.0,4.05000019073486
Q_000126,MENU_002679,0,27,0.39455798268318176,0.0,0.0,0.0,4.7348837852478
Q_000126,MENU_000584,0,28,0.3939600884914398,0.0,0.0,0.0,4.49110698699951
Q_000126,MENU_000536,0,29,0.39189624786376953,0.0,0.0,0.0,4.55335521697998
Q_000126,MENU_000830,0,30,0.3918498754501343,0.0,0.0,0.0,4.55801105499268
Q_000126,MENU_000624,0,31,0.39107659459114075,0.0,0.25,0.0,4.64431381225586
Q_000126,MENU_000634,0,32,0.38923782110214233,0.0,0.25,0.0,4.64431381225586
Q_000126,MENU_001537,0,33,0.389085978269577,0.0,0.0,0.0,4.20552682876587
Q_000126,MENU_002490,0,34,0.3889821171760559,0.0,0.0,0.0,4.05000019073486
Q_000126,MENU_000689,0,35,0.38600897789001465,0.0,0.0,0.0,4.72276020050049
Q_000126,MENU_002464,0,36,0.38578274846076965,0.0,0.0,0.0,4.77699613571167
Q_000126,MENU_002064,0,37,0.3850668668746948,0.0,0.0,0.0,4.66853904724121
Q_000126,MENU_001826,0,38,0.3838041424751282,0.0,0.0,0.0,4.6991171836853
Q_000126,MENU_001524,0,39,0.3836199641227722,0.0,0.0,0.0,4.20552682876587
Q_000126,MENU_001528,0,40,0.38327789306640625,0.0,0.0,0.0,4.20552682876587
Q_000126,MENU_000640,0,41,0.381111204624176,0.0,0.0,0.0,4.64431381225586
Q_000126,MENU_001521,0,42,0.3808586001396179,0.0,0.0,0.0,4.20552682876587
Q_000126,MENU_002491,0,43,0.38026776909828186,0.0,0.0,0.0,4.05000019073486
Q_000126,MENU_001504,0,44,0.3780403137207031,0.0,0.0,0.0,4.26522302627563
Q_000126,MENU_000858,0,45,0.3766477108001709,0.0,0.0,0.0,4.65116310119629
Q_000126,MENU_001554,0,46,0.3760129511356354,0.0,0.0,0.0,4.20552682876587
Q_000126,MENU_002622,0,47,0.3756599724292755,0.0,0.0,0.0,4.58833312988281
Q_000126,MENU_001539,0,48,0.37436145544052124,0.0,0.0,0.0,4.20552682876587
Q_000126,MENU_000635,0,49,0.37380194664001465,0.0,0.25,0.0,4.64431381225586
Q_000126,MENU_002560,0,50,0.372084379196167,0.0,0.0,0.0,4.67702722549438
Q_000127,MENU_000006,0,1,0.476909339427948,0.25,0.0,0.25,4.0
Q_000127,MENU_001407,0,2,0.4702211618423462,0.0,0.0,0.0,4.46881008148193
Q_000127,MENU_000007,0,3,0.4632374346256256,0.25,0.0,0.25,4.0
Q_000127,MENU_001036,0,4,0.45840930938720703,0.0,0.0,0.0,4.25
Q_000127,MENU_002633,0,5,0.4566804766654968,0.0,0.0,0.0,4.58833312988281
Q_000127,MENU_001744,0,6,0.45391547679901123,0.0,0.25,0.0,4.81443309783936
Q_000127,MENU_001497,0,7,0.4513189196586609,0.0,0.0,0.25,4.26522302627563
Q_000127,MENU_001082,0,8,0.4504535496234894,0.0,0.0,0.0,4.25
Q_000127,MENU_001408,0,9,0.4476981461048126,0.0,0.0,0.0,4.46881008148193
Q_000127,MENU_001090,0,10,0.44368183612823486,0.0,0.0,0.0,4.25
Q_000127,MENU_000702,0,11,0.44300171732902527,0.0,0.0,0.0,4.72276020050049
Q_000127,MENU_001969,0,12,0.4419301152229309,0.0,0.0,0.0,4.74074077606201
Q_000127,MENU_001414,0,13,0.43759000301361084,0.0,0.0,0.0,4.46881008148193
Q_000127,MENU_002641,0,14,0.4373983144760132,0.0,0.0,0.0,4.58833312988281
Q_000127,MENU_000170,0,15,0.43522489070892334,0.0,0.25,0.0,4.63380479812622
Q_000127,MENU_002025,0,16,0.434102863073349,0.0,0.0,0.0,4.1811408996582
Q_000127,MENU_001084,0,17,0.433837890625,0.0,0.0,0.0,4.25
Q_000127,MENU_001410,0,18,0.4336617588996887,0.0,0.0,0.0,4.46881008148193
Q_000127,MENU_001038,0,19,0.4323498010635376,0.0,0.0,0.0,4.25
Q_000127,MENU_001975,0,20,0.4291751980781555,0.0,0.0,0.0,4.74074077606201
Q_000127,MENU_000701,0,21,0.4288198947906494,0.0,0.0,0.0,4.72276020050049
Q_000127,MENU_001421,0,22,0.4279111921787262,0.0,0.0,0.0,4.46881008148193
Q_000127,MENU_002344,0,23,0.42758047580718994,0.0,0.0,0.0,4.57420492172241
Q_000127,MENU_002387,0,24,0.42758047580718994,0.0,0.0,0.0,4.2142858505249
Q_000127,MENU_002655,0,25,0.42643511295318604,0.0,0.0,0.0,4.58833312988281
Q_000127,MENU_001668,0,26,0.4254080057144165,0.0,0.0,0.0,3.84737396240234
Q_000127,MENU_001365,0,27,0.42528432607650757,0.0,0.0,0.0,4.75340223312378
Q_000127,MENU_001298,0,28,0.4243764877319336,0.0,0.0,0.0,4.75340223312378
Q_000127,MENU_001262,0,29,0.4242580533027649,0.0,0.0,0.0,4.75340223312378
Q_000127,MENU_002654,0,30,0.42418354749679565,0.0,0.0,0.0,4.58833312988281
Q_000127,MENU_001085,0,31,0.42408695816993713,0.0,0.0,0.0,4.25
Q_000127,MENU_001037,0,32,0.4240841865539551,0.0,0.0,0.0,4.25
Q_000127,MENU_001044,0,33,0.42383119463920593,0.0,0.0,0.0,4.25
Q_000127,MENU_002335,1,34,0.4232754111289978,0.0,0.5,0.0,4.79863500595093
Q_000127,MENU_001698,0,35,0.4225453734397888,0.0,0.0,0.0,3.84737396240234
Q_000127,MENU_001680,0,36,0.42236238718032837,0.0,0.0,0.0,3.84737396240234
Q_000127,MENU_001721,0,37,0.42084598541259766,0.0,0.0,0.0,3.84737396240234
Q_000127,MENU_001423,0,38,0.4206949770450592,0.0,0.0,0.0,4.46881008148193
Q_000127,MENU_001263,0,39,0.4205818772315979,0.0,0.0,0.0,4.75340223312378
Q_000127,MENU_001089,0,40,0.41994625329971313,0.0,0.0,0.0,4.25
Q_000127,MENU_001293,0,41,0.4197286367416382,0.0,0.0,0.0,4.75340223312378
Q_000127,MENU_001763,0,42,0.41953444480895996,0.0,0.0,0.0,4.81443309783936
Q_000127,MENU_001787,0,43,0.4191421568393707,0.0,0.0,0.0,4.81443309783936
Q_000127,MENU_002652,0,44,0.4177517890930176,0.0,0.0,0.0,4.58833312988281
Q_000127,MENU_001043,0,45,0.41727548837661743,0.0,0.0,0.0,4.25
Q_000127,MENU_002386,0,46,0.4170984625816345,0.0,0.0,0.0,4.2142858505249
Q_000127,MENU_002343,0,47,0.4170984625816345,0.0,0.0,0.0,4.57420492172241
Q_000127,MENU_001094,0,48,0.4168306589126587,0.0,0.0,0.0,4.25
Q_000127,MENU_002124,0,49,0.4161720871925354,0.0,0.0,0.0,4.64444398880005
Q_000127,MENU_001683,0,50,0.41581881046295166,0.0,0.0,0.0,3.84737396240234
Q_000128,MENU_000135,1,1,0.36676448583602905,0.0,0.5,0.0,4.63380479812622
Q_000128,MENU_000182,1,2,0.353181391954422,0.0,0.5,0.0,4.63380479812622
Q_000128,MENU_000865,0,3,0.3484158515930176,0.0,0.0,0.0,4.85320281982422
Q_000128,MENU_002398,0,4,0.3413453698158264,0.0,0.25,0.5,4.2142858505249
Q_000128,MENU_002399,0,5,0.34017401933670044,0.0,0.0,0.0,4.2142858505249
Q_000128,MENU_002356,0,6,0.34017401933670044,0.0,0.0,0.0,4.57420492172241
Q_000128,MENU_000191,1,7,0.3314760625362396,0.0,0.5,0.0,4.63380479812622
Q_000128,MENU_000263,0,8,0.33030617237091064,0.0,0.0,0.0,4.65069389343262
Q_000128,MENU_002397,0,9,0.32396894693374634,0.0,0.25,0.25,4.2142858505249
Q_000128,MENU_001232,0,10,0.3225066065788269,0.0,0.0,0.0,4.75703001022339
Q_000128,MENU_001078,0,11,0.32245635986328125,0.0,0.0,0.0,4.25
Q_000128,MENU_000203,1,12,0.32005441188812256,0.0,0.5,0.0,4.63380479812622
Q_000128,MENU_001628,0,13,0.3179991841316223,0.0,0.0,0.0,4.58868885040283
Q_000128,MENU_000119,1,14,0.31576573848724365,0.0,0.5,0.0,4.63380479812622
Q_000128,MENU_000989,0,15,0.30912572145462036,0.0,0.0,0.0,4.0
Q_000128,MENU_001889,0,16,0.3086163401603699,0.0,0.25,0.0,3.94736790657043
Q_000128,MENU_002179,0,17,0.30743640661239624,0.0,0.0,0.0,4.65195322036743
Q_000128,MENU_002681,0,18,0.3074154853820801,0.0,0.0,0.25,4.74509811401367
Q_000128,MENU_000125,1,19,0.3069899082183838,0.0,0.5,0.0,4.63380479812622
Q_000128,MENU_001082,0,20,0.30557096004486084,0.0,0.0,0.0,4.25
Q_000128,MENU_000265,0,21,0.3037690818309784,0.0,0.0,0.0,4.65069389343262
Q_000128,MENU_001642,0,22,0.30369025468826294,0.0,0.0,0.0,4.58868885040283
Q_000128,MENU_002373,0,23,0.2999342978000641,0.0,0.0,0.0,4.57420492172241
Q_000128,MENU_002419,0,24,0.2999342978000641,0.0,0.0,0.0,4.2142858505249
Q_000128,MENU_002355,0,25,0.29947584867477417,0.0,0.0,0.0,4.57420492172241
Q_000128,MENU_000659,0,26,0.29634684324264526,0.0,0.0,0.0,4.72276020050049
Q_000128,MENU_000195,1,27,0.29613903164863586,0.0,0.5,0.0,4.63380479812622
Q_000128,MENU_001759,0,28,0.2947830557823181,0.0,0.0,0.0,4.81443309783936
Q_000128,MENU_000530,0,29,0.2908332943916321,0.0,0.0,0.0,4.80430507659912
Q_000128,MENU_002357,0,30,0.2901202142238617,0.0,0.0,0.0,4.57420492172241
Q_000128,MENU_002400,0,31,0.2901202142238617,0.0,0.0,0.0,4.2142858505249
Q_000128,MENU_000987,0,32,0.29011934995651245,0.0,0.0,0.0,4.0
Q_000128,MENU_000261,0,33,0.2895253598690033,0.0,0.0,0.0,4.65069389343262
Q_000128,MENU_001771,0,34,0.2890636622905731,0.0,0.0,0.0,4.81443309783936
Q_000128,MENU_001624,0,35,0.28881514072418213,0.0,0.0,0.0,4.58868885040283
Q_000128,MENU_000528,0,36,0.28809356689453125,0.0,0.0,0.0,4.80430507659912
Q_000128,MENU_002390,0,37,0.28736233711242676,0.0,0.0,0.0,4.2142858505249
Q_000128,MENU_002347,0,38,0.28736233711242676,0.0,0.0,0.0,4.57420492172241
Q_000128,MENU_002570,0,39,0.28598880767822266,0.0,0.0,0.0,4.67702722549438
Q_000128,MENU_002325,0,40,0.2852742373943329,0.0,0.25,0.0,4.79864883422852
Q_000128,MENU_002578,0,41,0.28418925404548645,0.0,0.0,0.0,4.67702722549438
Q_000128,MENU_002683,0,42,0.28299450874328613,0.0,0.0,0.0,4.78461503982544
Q_000128,MENU_001555,0,43,0.28162097930908203,0.0,0.0,0.0,4.51582288742065
Q_000128,MENU_000953,0,44,0.2806304395198822,0.0,0.0,0.0,4.0
Q_000128,MENU_002655,0,45,0.28019988536834717,0.0,0.0,0.0,4.58833312988281
Q_000128,MENU_000868,0,46,0.28019505739212036,0.0,0.0,0.0,4.85320281982422
Q_000128,MENU_001793,0,47,0.27925023436546326,0.0,0.0,0.0,4.81443309783936
Q_000128,MENU_001787,0,48,0.2791717052459717,0.0,0.0,0.0,4.81443309783936
Q_000128,MENU_001763,0,49,0.2773020565509796,0.0,0.0,0.0,4.81443309783936
Q_000128,MENU_001722,0,50,0.277282178401947,0.0,0.0,0.0,3.84737396240234
Q_000129,MENU_001476,1,1,0.6782706379890442,0.5,0.75,0.0,4.60264015197754
Q_000129,MENU_001479,1,2,0.6580077409744263,0.5,0.75,0.0,4.60264015197754
Q_000129,MENU_001451,1,3,0.652499794960022,0.5,0.75,0.0,4.60264015197754
Q_000129,MENU_001480,1,4,0.6430643200874329,0.5,0.75,0.0,4.60264015197754
Q_000129,MENU_001477,1,5,0.6396383047103882,0.5,0.75,0.0,4.60264015197754
Q_000129,MENU_001467,1,6,0.6328521966934204,0.5,0.75,0.0,4.60264015197754
Q_000129,MENU_002223,0,7,0.6236071586608887,0.25,0.0,0.0,4.65195322036743
Q_000129,MENU_001478,1,8,0.6209606528282166,0.5,0.75,0.0,4.60264015197754
Q_000129,MENU_001463,1,9,0.6186700463294983,0.5,0.75,0.0,4.60264015197754
Q_000129,MENU_001484,0,10,0.598504364490509,0.25,0.25,0.0,4.60264015197754
Q_000129,MENU_001433,0,11,0.5963441133499146,0.25,0.25,0.0,4.60264015197754
Q_000129,MENU_001459,0,12,0.5944921374320984,0.5,0.25,0.0,4.60264015197754
Q_000129,MENU_001092,0,13,0.5918737053871155,0.25,0.25,0.25,4.25
Q_000129,MENU_001454,0,14,0.5892571806907654,0.5,0.25,0.0,4.60264015197754
Q_000129,MENU_000165,0,15,0.5839042067527771,0.25,0.0,0.25,4.63380479812622
Q_000129,MENU_000027,0,16,0.5797055959701538,0.25,0.0,0.0,4.47627115249634
Q_000129,MENU_001837,0,17,0.5786923170089722,0.0,0.0,0.25,4.6991171836853
Q_000129,MENU_002197,0,18,0.5750834345817566,0.25,0.0,0.0,4.65195322036743
Q_000129,MENU_001436,0,19,0.5714282393455505,0.25,0.25,0.0,4.60264015197754
Q_000129,MENU_001806,0,20,0.5661360025405884,0.25,0.0,0.0,4.6991171836853
Q_000129,MENU_001618,0,21,0.5659517049789429,0.25,0.0,0.25,4.6399998664856
Q_000129,MENU_000025,0,22,0.5623121857643127,0.25,0.25,0.0,4.47627115249634
Q_000129,MENU_002591,0,23,0.5602200031280518,0.25,0.0,0.0,4.67702722549438
Q_000129,MENU_000686,0,24,0.5584242939949036,0.25,0.0,0.0,4.72276020050049
Q_000129,MENU_002560,0,25,0.5583832263946533,0.25,0.0,0.25,4.67702722549438
Q_000129,MENU_000022,0,26,0.557881236076355,0.25,0.25,0.0,4.47627115249634
Q_000129,MENU_002445,0,27,0.5507053732872009,0.0,0.0,0.25,4.77699613571167
Q_000129,MENU_002598,0,28,0.5499237775802612,0.25,0.0,0.0,4.67702722549438
Q_000129,MENU_002454,0,29,0.5497326850891113,0.25,0.0,0.25,4.77699613571167
Q_000129,MENU_000725,0,30,0.5487860441207886,0.25,0.0,0.0,4.67195796966553
Q_000129,MENU_000102,0,31,0.548547089099884,0.25,0.0,0.0,4.34729814529419
Q_000129,MENU_001807,0,32,0.5471341609954834,0.0,0.0,0.0,4.6991171836853
Q_000129,MENU_001475,0,33,0.5449936389923096,0.25,0.5,0.0,4.60264015197754
Q_000129,MENU_002251,0,34,0.5447008013725281,0.25,0.0,0.0,4.65195322036743
Q_000129,MENU_002230,0,35,0.5403925180435181,0.25,0.0,0.25,4.65195322036743
Q_000129,MENU_001808,0,36,0.5395314693450928,0.0,0.0,0.0,4.6991171836853
Q_000129,MENU_002601,0,37,0.5374745726585388,0.25,0.0,0.25,4.67702722549438
Q_000129,MENU_000564,0,38,0.5371012687683105,0.0,0.0,0.25,3.98560500144959
Q_000129,MENU_001275,0,39,0.5367206335067749,0.0,0.0,0.25,4.75340223312378
Q_000129,MENU_002211,0,40,0.5351422429084778,0.25,0.0,0.25,4.65195322036743
Q_000129,MENU_000028,0,41,0.5350531339645386,0.25,0.0,0.0,4.47627115249634
Q_000129,MENU_000152,0,42,0.5345920920372009,0.25,0.0,0.25,4.63380479812622
Q_000129,MENU_000088,0,43,0.5339828133583069,0.25,0.0,0.25,4.34729814529419
Q_000129,MENU_001660,0,44,0.5335941910743713,0.25,0.0,0.0,3.70588207244873
Q_000129,MENU_002171,0,45,0.5320788621902466,0.0,0.0,0.0,4.65195322036743
Q_000129,MENU_001435,0,46,0.5299094319343567,0.0,0.25,0.0,4.60264015197754
Q_000129,MENU_002801,0,47,0.5295683741569519,0.0,0.0,0.0,0.0
Q_000129,MENU_000149,0,48,0.5291411876678467,0.25,0.0,0.25,4.63380479812622
Q_000129,MENU_001139,0,49,0.5289301872253418,0.0,0.0,0.25,4.82336378097534
Q_000129,MENU_001003,0,50,0.5262291431427002,0.25,0.0,0.25,4.65962409973145
Q_000130,MENU_000816,1,1,0.592769980430603,0.0,0.5,0.0,4.64895582199097
Q_000130,MENU_000818,1,2,0.5837463736534119,0.0,0.5,0.0,4.64895582199097
Q_000130,MENU_000798,1,3,0.5818418860435486,0.0,0.5,0.0,4.64895582199097
Q_000130,MENU_000797,1,4,0.5792600512504578,0.25,0.5,0.0,4.64895582199097
Q_000130,MENU_000826,1,5,0.5776289701461792,0.25,0.5,0.0,4.64895582199097
Q_000130,MENU_000803,1,6,0.5765343308448792,0.0,0.5,0.0,4.64895582199097
Q_000130,MENU_000812,1,7,0.5750112533569336,0.0,0.5,0.0,4.64895582199097
Q_000130,MENU_000807,1,8,0.5696461200714111,0.0,0.5,0.0,4.64895582199097
Q_000130,MENU_002474,0,9,0.5643343925476074,0.0,0.25,0.0,4.68452405929565
Q_000130,MENU_000820,1,10,0.55836421251297,0.0,0.5,0.0,4.64895582199097
Q_000130,MENU_000805,1,11,0.5573737621307373,0.0,0.5,0.0,4.64895582199097
Q_000130,MENU_001107,0,12,0.5545306205749512,0.0,0.25,0.0,4.25
Q_000130,MENU_000813,1,13,0.5543941855430603,0.0,0.5,0.0,4.64895582199097
Q_000130,MENU_001037,0,14,0.5522076487541199,0.25,0.25,0.0,4.25
Q_000130,MENU_000815,1,15,0.552104651927948,0.0,0.5,0.0,4.64895582199097
Q_000130,MENU_000817,1,16,0.5519143342971802,0.0,0.5,0.0,4.64895582199097
Q_000130,MENU_000809,1,17,0.5508089065551758,0.0,0.5,0.0,4.64895582199097
Q_000130,MENU_001277,0,18,0.5500787496566772,0.25,0.25,0.0,4.75340223312378
Q_000130,MENU_000806,1,19,0.548642098903656,0.0,0.5,0.0,4.64895582199097
Q_000130,MENU_000810,1,20,0.5481199026107788,0.25,0.5,0.0,4.64895582199097
Q_000130,MENU_000814,1,21,0.5479512810707092,0.25,0.5,0.0,4.64895582199097
Q_000130,MENU_001117,0,22,0.547156810760498,0.0,0.0,0.0,4.25
Q_000130,MENU_001028,0,23,0.5450147390365601,0.0,0.25,0.0,4.25
Q_000130,MENU_000819,1,24,0.541728138923645,0.0,0.5,0.0,4.64895582199097
Q_000130,MENU_000824,1,25,0.5408318042755127,0.0,0.5,0.0,4.64895582199097
Q_000130,MENU_000823,1,26,0.5395102500915527,0.0,0.5,0.0,4.64895582199097
Q_000130,MENU_000670,0,27,0.5387768745422363,0.0,0.0,0.25,4.72276020050049
Q_000130,MENU_001038,0,28,0.5383438467979431,0.25,0.25,0.0,4.25
Q_000130,MENU_000636,0,29,0.5290231108665466,0.0,0.25,0.0,4.64431381225586
Q_000130,MENU_001773,0,30,0.5286774039268494,0.0,0.0,0.0,4.81443309783936
Q_000130,MENU_001046,0,31,0.5282472372055054,0.0,0.0,0.0,4.25
Q_000130,MENU_000221,0,32,0.5276116132736206,0.0,0.25,0.0,4.14949178695679
Q_000130,MENU_000523,0,33,0.5227072238922119,0.25,0.25,0.0,4.63044404983521
Q_000130,MENU_001062,0,34,0.5218489170074463,0.0,0.0,0.0,4.25
Q_000130,MENU_001121,0,35,0.5173584818840027,0.0,0.25,0.0,4.25
Q_000130,MENU_000228,0,36,0.5156193971633911,0.0,0.0,0.0,4.14949178695679
Q_000130,MENU_001344,0,37,0.5142969489097595,0.0,0.0,0.0,4.75340223312378
Q_000130,MENU_001030,0,38,0.5113152265548706,0.0,0.25,0.0,4.25
Q_000130,MENU_001075,0,39,0.5112645626068115,0.0,0.25,0.0,4.25
Q_000130,MENU_000700,0,40,0.5096325278282166,0.0,0.0,0.25,4.72276020050049
Q_000130,MENU_002425,0,41,0.5088270306587219,0.0,0.25,0.25,4.2142858505249
Q_000130,MENU_002379,0,42,0.5088270306587219,0.0,0.25,0.25,4.57420492172241
Q_000130,MENU_000210,0,43,0.5086843967437744,0.0,0.25,0.0,4.7832818031311
Q_000130,MENU_001100,0,44,0.5076891183853149,0.0,0.0,0.0,4.25
Q_000130,MENU_002002,0,45,0.5066487789154053,0.0,0.0,0.0,4.1811408996582
Q_000130,MENU_001084,0,46,0.5061846971511841,0.0,0.25,0.0,4.25
Q_000130,MENU_000593,0,47,0.5045974850654602,0.25,0.25,0.0,4.64431381225586
Q_000130,MENU_001681,0,48,0.5044505000114441,0.0,0.0,0.0,3.84737396240234
Q_000130,MENU_000799,0,49,0.5040232539176941,0.0,0.25,0.0,4.64895582199097
Q_000130,MENU_001351,0,50,0.5034340023994446,0.0,0.0,0.0,4.75340223312378
Q_000131,MENU_000006,0,1,0.476909339427948,0.25,0.0,0.25,4.0
Q_000131,MENU_001407,0,2,0.4702211618423462,0.0,0.0,0.0,4.46881008148193
Q_000131,MENU_000007,0,3,0.4632374346256256,0.25,0.0,0.25,4.0
Q_000131,MENU_001036,0,4,0.45840930938720703,0.0,0.0,0.0,4.25
Q_000131,MENU_002633,0,5,0.4566804766654968,0.0,0.0,0.0,4.58833312988281
Q_000131,MENU_001744,0,6,0.45391547679901123,0.0,0.25,0.0,4.81443309783936
Q_000131,MENU_001497,0,7,0.4513189196586609,0.0,0.0,0.25,4.26522302627563
Q_000131,MENU_001082,0,8,0.4504535496234894,0.0,0.0,0.0,4.25
Q_000131,MENU_001408,0,9,0.4476981461048126,0.0,0.0,0.0,4.46881008148193
Q_000131,MENU_001090,0,10,0.44368183612823486,0.0,0.0,0.0,4.25
Q_000131,MENU_000702,0,11,0.44300171732902527,0.0,0.0,0.0,4.72276020050049
Q_000131,MENU_001969,0,12,0.4419301152229309,0.0,0.0,0.0,4.74074077606201
Q_000131,MENU_001414,0,13,0.43759000301361084,0.0,0.0,0.0,4.46881008148193
Q_000131,MENU_002641,0,14,0.4373983144760132,0.0,0.0,0.0,4.58833312988281
Q_000131,MENU_000170,0,15,0.43522489070892334,0.0,0.25,0.0,4.63380479812622
Q_000131,MENU_002025,0,16,0.434102863073349,0.0,0.0,0.0,4.1811408996582
Q_000131,MENU_001084,0,17,0.433837890625,0.0,0.0,0.0,4.25
Q_000131,MENU_001410,0,18,0.4336617588996887,0.0,0.0,0.0,4.46881008148193
Q_000131,MENU_001038,0,19,0.4323498010635376,0.0,0.0,0.0,4.25
Q_000131,MENU_001975,0,20,0.4291751980781555,0.0,0.0,0.0,4.74074077606201
Q_000131,MENU_000701,0,21,0.4288198947906494,0.0,0.0,0.0,4.72276020050049
Q_000131,MENU_001421,0,22,0.4279111921787262,0.0,0.0,0.0,4.46881008148193
Q_000131,MENU_002344,0,23,0.42758047580718994,0.0,0.0,0.0,4.57420492172241
Q_000131,MENU_002387,0,24,0.42758047580718994,0.0,0.0,0.0,4.2142858505249
Q_000131,MENU_002655,0,25,0.42643511295318604,0.0,0.0,0.0,4.58833312988281
Q_000131,MENU_001668,0,26,0.4254080057144165,0.0,0.0,0.0,3.84737396240234
Q_000131,MENU_001365,0,27,0.42528432607650757,0.0,0.0,0.0,4.75340223312378
Q_000131,MENU_001298,0,28,0.4243764877319336,0.0,0.0,0.0,4.75340223312378
Q_000131,MENU_001262,0,29,0.4242580533027649,0.0,0.0,0.0,4.75340223312378
Q_000131,MENU_002654,0,30,0.42418354749679565,0.0,0.0,0.0,4.58833312988281
Q_000131,MENU_001085,0,31,0.42408695816993713,0.0,0.0,0.0,4.25
Q_000131,MENU_001037,0,32,0.4240841865539551,0.0,0.0,0.0,4.25
Q_000131,MENU_001044,0,33,0.42383119463920593,0.0,0.0,0.0,4.25
Q_000131,MENU_002335,1,34,0.4232754111289978,0.0,0.5,0.0,4.79863500595093
Q_000131,MENU_001698,0,35,0.4225453734397888,0.0,0.0,0.0,3.84737396240234
Q_000131,MENU_001680,0,36,0.42236238718032837,0.0,0.0,0.0,3.84737396240234
Q_000131,MENU_001721,0,37,0.42084598541259766,0.0,0.0,0.0,3.84737396240234
Q_000131,MENU_001423,0,38,0.4206949770450592,0.0,0.0,0.0,4.46881008148193
Q_000131,MENU_001263,0,39,0.4205818772315979,0.0,0.0,0.0,4.75340223312378
Q_000131,MENU_001089,0,40,0.41994625329971313,0.0,0.0,0.0,4.25
Q_000131,MENU_001293,0,41,0.4197286367416382,0.0,0.0,0.0,4.75340223312378
Q_000131,MENU_001763,0,42,0.41953444480895996,0.0,0.0,0.0,4.81443309783936
Q_000131,MENU_001787,0,43,0.4191421568393707,0.0,0.0,0.0,4.81443309783936
Q_000131,MENU_002652,0,44,0.4177517890930176,0.0,0.0,0.0,4.58833312988281
Q_000131,MENU_001043,0,45,0.41727548837661743,0.0,0.0,0.0,4.25
Q_000131,MENU_002386,0,46,0.4170984625816345,0.0,0.0,0.0,4.2142858505249
Q_000131,MENU_002343,0,47,0.4170984625816345,0.0,0.0,0.0,4.57420492172241
Q_000131,MENU_001094,0,48,0.4168306589126587,0.0,0.0,0.0,4.25
Q_000131,MENU_002124,0,49,0.4161720871925354,0.0,0.0,0.0,4.64444398880005
Q_000131,MENU_001683,0,50,0.41581881046295166,0.0,0.0,0.0,3.84737396240234
Q_000132,MENU_002602,0,1,0.5828201770782471,0.0,0.3333333333333333,0.0,4.76699018478394
Q_000132,MENU_001112,1,2,0.5824990272521973,0.0,0.6666666666666666,0.0,4.25
Q_000132,MENU_002605,0,3,0.5630159378051758,0.0,0.3333333333333333,0.0,4.76699018478394
Q_000132,MENU_001213,0,4,0.562727153301239,0.0,0.3333333333333333,0.0,4.75703001022339
Q_000132,MENU_001231,0,5,0.5596462488174438,0.0,0.3333333333333333,0.0,4.75703001022339
Q_000132,MENU_001215,0,6,0.5536279678344727,0.0,0.3333333333333333,0.0,4.75703001022339
Q_000132,MENU_002603,0,7,0.5502064824104309,0.0,0.3333333333333333,0.0,4.76699018478394
Q_000132,MENU_002609,0,8,0.5455091595649719,0.0,0.3333333333333333,0.0,4.76699018478394
Q_000132,MENU_001060,1,9,0.54549640417099,0.0,0.6666666666666666,0.0,4.25
Q_000132,MENU_002617,0,10,0.5431109070777893,0.0,0.3333333333333333,0.0,4.76699018478394
Q_000132,MENU_002614,0,11,0.5428493618965149,0.0,0.3333333333333333,0.0,4.76699018478394
Q_000132,MENU_001237,0,12,0.54190993309021,0.0,0.3333333333333333,0.0,4.75703001022339
Q_000132,MENU_002607,0,13,0.5416966676712036,0.0,0.3333333333333333,0.0,4.76699018478394
Q_000132,MENU_001124,1,14,0.5396996140480042,0.0,0.6666666666666666,0.0,4.25
Q_000132,MENU_001080,1,15,0.5356490612030029,0.0,0.6666666666666666,0.0,4.25
Q_000132,MENU_002615,0,16,0.534103512763977,0.0,0.3333333333333333,0.0,4.76699018478394
Q_000132,MENU_002606,0,17,0.5335391163825989,0.0,0.3333333333333333,0.0,4.76699018478394
Q_000132,MENU_002608,0,18,0.5295197367668152,0.0,0.3333333333333333,0.0,4.76699018478394
Q_000132,MENU_002616,0,19,0.5293103456497192,0.0,0.3333333333333333,0.0,4.76699018478394
Q_000132,MENU_002612,0,20,0.5258349776268005,0.0,0.3333333333333333,0.0,4.76699018478394
Q_000132,MENU_001096,1,21,0.5240968465805054,0.0,0.6666666666666666,0.0,4.25
Q_000132,MENU_001217,0,22,0.5195391774177551,0.0,0.3333333333333333,0.0,4.75703001022339
Q_000132,MENU_001232,0,23,0.5131244659423828,0.0,0.3333333333333333,0.0,4.75703001022339
Q_000132,MENU_001238,0,24,0.5114651918411255,0.0,0.3333333333333333,0.0,4.75703001022339
Q_000132,MENU_002610,0,25,0.5107221603393555,0.0,0.3333333333333333,0.0,4.76699018478394
Q_000132,MENU_001224,0,26,0.5027475953102112,0.0,0.3333333333333333,0.0,4.75703001022339
Q_000132,MENU_001758,0,27,0.5025367140769958,0.0,0.0,0.0,4.81443309783936
Q_000132,MENU_001228,0,28,0.5007978081703186,0.0,0.3333333333333333,0.0,4.75703001022339
Q_000132,MENU_002611,0,29,0.4983760416507721,0.0,0.3333333333333333,0.0,4.76699018478394
Q_000132,MENU_001757,0,30,0.4945065379142761,0.0,0.0,0.0,4.81443309783936
Q_000132,MENU_002092,0,31,0.49222683906555176,0.0,0.0,0.0,4.71530199050903
Q_000132,MENU_001233,0,32,0.4910241365432739,0.0,0.3333333333333333,0.0,4.75703001022339
Q_000132,MENU_001226,0,33,0.4871319830417633,0.0,0.3333333333333333,0.0,4.75703001022339
Q_000132,MENU_002604,0,34,0.4866526126861572,0.0,0.3333333333333333,0.0,4.76699018478394
Q_000132,MENU_002285,0,35,0.4849913418292999,0.0,0.0,0.0,4.58823490142822
Q_000132,MENU_002295,0,36,0.48369014263153076,0.0,0.3333333333333333,0.0,4.54545497894287
Q_000132,MENU_002613,0,37,0.4829191565513611,0.0,0.3333333333333333,0.0,4.76699018478394
Q_000132,MENU_002296,0,38,0.48269957304000854,0.0,0.3333333333333333,0.0,4.54545497894287
Q_000132,MENU_002287,0,39,0.4804767370223999,0.0,0.0,0.0,4.58823490142822
Q_000132,MENU_001225,0,40,0.47875794768333435,0.0,0.3333333333333333,0.0,4.75703001022339
Q_000132,MENU_001223,0,41,0.47421908378601074,0.0,0.3333333333333333,0.0,4.75703001022339
Q_000132,MENU_001222,0,42,0.4740006923675537,0.0,0.3333333333333333,0.0,4.75703001022339
Q_000132,MENU_001214,0,43,0.47075793147087097,0.0,0.3333333333333333,0.0,4.75703001022339
Q_000132,MENU_002267,0,44,0.4694042205810547,0.0,0.0,0.0,4.58823490142822
Q_000132,MENU_002291,0,45,0.4677187204360962,0.0,0.3333333333333333,0.0,4.54545497894287
Q_000132,MENU_001230,0,46,0.467388778924942,0.0,0.3333333333333333,0.0,4.75703001022339
Q_000132,MENU_002264,0,47,0.4654076099395752,0.0,0.3333333333333333,0.0,4.58823490142822
Q_000132,MENU_002265,0,48,0.4635026752948761,0.0,0.0,0.0,4.58823490142822
Q_000132,MENU_002273,0,49,0.462523877620697,0.0,0.0,0.0,4.58823490142822
Q_000132,MENU_001221,0,50,0.4601946175098419,0.0,0.3333333333333333,0.0,4.75703001022339
Q_000133,MENU_001099,1,1,0.64887535572052,0.0,0.6666666666666666,0.0,4.25
Q_000133,MENU_001095,1,2,0.6444298624992371,0.0,0.6666666666666666,0.0,4.25
Q_000133,MENU_001034,1,3,0.6163445711135864,0.0,0.6666666666666666,0.0,4.25
Q_000133,MENU_001123,1,4,0.6140559911727905,0.0,0.6666666666666666,0.0,4.25
Q_000133,MENU_001035,1,5,0.6125548481941223,0.0,0.6666666666666666,0.0,4.25
Q_000133,MENU_001058,1,6,0.600035548210144,0.0,0.6666666666666666,0.0,4.25
Q_000133,MENU_001030,1,7,0.5875500440597534,0.0,0.6666666666666666,0.0,4.25
Q_000133,MENU_001971,0,8,0.5438672304153442,0.16666666666666666,0.0,0.0,4.74074077606201
Q_000133,MENU_001109,0,9,0.5437399744987488,0.16666666666666666,0.16666666666666666,0.0,4.25
Q_000133,MENU_001121,0,10,0.5314221382141113,0.0,0.16666666666666666,0.0,4.25
Q_000133,MENU_001103,1,11,0.530789852142334,0.0,0.6666666666666666,0.0,4.25
Q_000133,MENU_001037,0,12,0.5303752422332764,0.16666666666666666,0.16666666666666666,0.0,4.25
Q_000133,MENU_000797,0,13,0.5251846313476562,0.16666666666666666,0.16666666666666666,0.0,4.64895582199097
Q_000133,MENU_001125,0,14,0.5230854153633118,0.0,0.16666666666666666,0.0,4.25
Q_000133,MENU_001028,0,15,0.5146607756614685,0.0,0.16666666666666666,0.0,4.25
Q_000133,MENU_001033,0,16,0.5091179609298706,0.0,0.16666666666666666,0.0,4.25
Q_000133,MENU_001277,0,17,0.5087798237800598,0.16666666666666666,0.16666666666666666,0.0,4.75340223312378
Q_000133,MENU_002103,0,18,0.4868175983428955,0.16666666666666666,0.16666666666666666,0.16666666666666666,4.07968902587891
Q_000133,MENU_001046,0,19,0.48591020703315735,0.0,0.0,0.0,4.25
Q_000133,MENU_001038,0,20,0.4856569766998291,0.16666666666666666,0.16666666666666666,0.0,4.25
Q_000133,MENU_000215,0,21,0.48447373509407043,0.3333333333333333,0.0,0.0,4.0
Q_000133,MENU_001077,0,22,0.48415976762771606,0.0,0.16666666666666666,0.0,4.25
Q_000133,MENU_000799,0,23,0.4832911491394043,0.0,0.16666666666666666,0.0,4.64895582199097
Q_000133,MENU_001083,0,24,0.48311829566955566,0.16666666666666666,0.16666666666666666,0.0,4.25
Q_000133,MENU_000814,0,25,0.48187702894210815,0.16666666666666666,0.16666666666666666,0.0,4.64895582199097
Q_000133,MENU_000826,0,26,0.48126935958862305,0.16666666666666666,0.16666666666666666,0.0,4.64895582199097
Q_000133,MENU_000216,0,27,0.4801170229911804,0.3333333333333333,0.0,0.0,4.0
Q_000133,MENU_000805,0,28,0.4752219319343567,0.0,0.16666666666666666,0.0,4.64895582199097
Q_000133,MENU_000784,0,29,0.47520753741264343,0.16666666666666666,0.0,0.0,4.70389223098755
Q_000133,MENU_000801,0,30,0.47515520453453064,0.16666666666666666,0.16666666666666666,0.0,4.64895582199097
Q_000133,MENU_001084,0,31,0.47341981530189514,0.16666666666666666,0.16666666666666666,0.0,4.25
Q_000133,MENU_000221,0,32,0.47226834297180176,0.0,0.16666666666666666,0.0,4.14949178695679
Q_000133,MENU_001120,0,33,0.4707173705101013,0.0,0.16666666666666666,0.0,4.25
Q_000133,MENU_000822,0,34,0.4687853455543518,0.0,0.16666666666666666,0.0,4.64895582199097
Q_000133,MENU_001100,0,35,0.468369722366333,0.0,0.0,0.0,4.25
Q_000133,MENU_002425,0,36,0.46775996685028076,0.0,0.16666666666666666,0.16666666666666666,4.2142858505249
Q_000133,MENU_002379,0,37,0.46775996685028076,0.0,0.16666666666666666,0.16666666666666666,4.57420492172241
Q_000133,MENU_000798,0,38,0.4672907590866089,0.0,0.16666666666666666,0.0,4.64895582199097
Q_000133,MENU_000818,0,39,0.46626102924346924,0.0,0.16666666666666666,0.0,4.64895582199097
Q_000133,MENU_001085,0,40,0.4643631875514984,0.16666666666666666,0.16666666666666666,0.0,4.25
Q_000133,MENU_001062,0,41,0.46430113911628723,0.0,0.0,0.0,4.25
Q_000133,MENU_001059,0,42,0.4623015522956848,0.0,0.0,0.0,4.25
Q_000133,MENU_001093,0,43,0.4618460536003113,0.0,0.16666666666666666,0.0,4.25
Q_000133,MENU_001047,0,44,0.46075528860092163,0.0,0.0,0.0,4.25
Q_000133,MENU_000808,0,45,0.4573417901992798,0.0,0.16666666666666666,0.0,4.64895582199097
Q_000133,MENU_001107,0,46,0.4569820761680603,0.0,0.16666666666666666,0.0,4.25
Q_000133,MENU_002364,0,47,0.4553517699241638,0.0,0.16666666666666666,0.16666666666666666,4.57420492172241
Q_000133,MENU_002408,0,48,0.4553517699241638,0.0,0.16666666666666666,0.16666666666666666,4.2142858505249
Q_000133,MENU_000004,0,49,0.4520779252052307,0.16666666666666666,0.0,0.16666666666666666,4.0
Q_000133,MENU_001086,0,50,0.4512386918067932,0.16666666666666666,0.16666666666666666,0.0,4.25
Q_000134,MENU_001099,1,1,0.6790041327476501,0.0,0.8,0.0,4.25
Q_000134,MENU_001095,1,2,0.6737539768218994,0.0,0.8,0.0,4.25
Q_000134,MENU_001123,1,3,0.6433097720146179,0.0,0.8,0.0,4.25
Q_000134,MENU_001058,1,4,0.6374801397323608,0.0,0.8,0.0,4.25
Q_000134,MENU_001034,1,5,0.6345815658569336,0.0,0.8,0.0,4.25
Q_000134,MENU_001035,1,6,0.6307882070541382,0.0,0.8,0.0,4.25
Q_000134,MENU_001030,1,7,0.60255366563797,0.0,0.8,0.0,4.25
Q_000134,MENU_000797,0,8,0.5535156726837158,0.2,0.2,0.0,4.64895582199097
Q_000134,MENU_001109,0,9,0.5508612394332886,0.2,0.2,0.0,4.25
Q_000134,MENU_001103,1,10,0.550175666809082,0.0,0.8,0.0,4.25
Q_000134,MENU_001971,0,11,0.5425474643707275,0.2,0.0,0.0,4.74074077606201
Q_000134,MENU_001125,0,12,0.5311088562011719,0.0,0.2,0.0,4.25
Q_000134,MENU_001121,0,13,0.5258345603942871,0.0,0.2,0.0,4.25
Q_000134,MENU_001037,0,14,0.5193376541137695,0.2,0.2,0.0,4.25
Q_000134,MENU_000805,0,15,0.5179020166397095,0.0,0.2,0.0,4.64895582199097
Q_000134,MENU_001033,0,16,0.514947772026062,0.0,0.2,0.0,4.25
Q_000134,MENU_001028,0,17,0.5113701224327087,0.0,0.2,0.0,4.25
Q_000134,MENU_000826,0,18,0.5100429654121399,0.2,0.2,0.0,4.64895582199097
Q_000134,MENU_001277,0,19,0.5087146759033203,0.2,0.2,0.0,4.75340223312378
Q_000134,MENU_000814,0,20,0.5069841146469116,0.2,0.2,0.0,4.64895582199097
Q_000134,MENU_001046,0,21,0.5067111253738403,0.0,0.0,0.0,4.25
Q_000134,MENU_002103,0,22,0.5065184831619263,0.2,0.2,0.2,4.07968902587891
Q_000134,MENU_001059,0,23,0.5064346790313721,0.0,0.0,0.0,4.25
Q_000134,MENU_000818,0,24,0.5024401545524597,0.0,0.2,0.0,4.64895582199097
Q_000134,MENU_000798,0,25,0.5020178556442261,0.0,0.2,0.0,4.64895582199097
Q_000134,MENU_000548,0,26,0.4981793761253357,0.0,0.6,0.0,4.23846197128296
Q_000134,MENU_002379,0,27,0.49611780047416687,0.0,0.2,0.4,4.57420492172241
Q_000134,MENU_002425,0,28,0.49611780047416687,0.0,0.2,0.4,4.2142858505249
Q_000134,MENU_000799,0,29,0.4960435628890991,0.0,0.2,0.0,4.64895582199097
Q_000134,MENU_000549,0,30,0.49488765001296997,0.0,0.6,0.0,4.23846197128296
Q_000134,MENU_001493,0,31,0.49388566613197327,0.2,0.0,0.0,4.26522302627563
Q_000134,MENU_000822,0,32,0.4923173189163208,0.0,0.2,0.0,4.64895582199097
Q_000134,MENU_001038,0,33,0.49217551946640015,0.2,0.2,0.0,4.25
Q_000134,MENU_001083,0,34,0.48976099491119385,0.2,0.2,0.0,4.25
Q_000134,MENU_001100,0,35,0.4892657995223999,0.0,0.0,0.0,4.25
Q_000134,MENU_000816,0,36,0.48654037714004517,0.0,0.2,0.0,4.64895582199097
Q_000134,MENU_000815,0,37,0.4860267639160156,0.0,0.2,0.0,4.64895582199097
Q_000134,MENU_000801,0,38,0.4847124516963959,0.2,0.2,0.0,4.64895582199097
Q_000134,MENU_000806,0,39,0.4844636619091034,0.0,0.2,0.0,4.64895582199097
Q_000134,MENU_000810,0,40,0.48085588216781616,0.2,0.2,0.0,4.64895582199097
Q_000134,MENU_001047,0,41,0.4805927872657776,0.0,0.0,0.0,4.25
Q_000134,MENU_001120,0,42,0.48029154539108276,0.0,0.2,0.0,4.25
Q_000134,MENU_001085,0,43,0.479854553937912,0.2,0.2,0.0,4.25
Q_000134,MENU_000636,0,44,0.4795593023300171,0.0,0.2,0.0,4.64431381225586
Q_000134,MENU_001062,0,45,0.4795456826686859,0.0,0.0,0.0,4.25
Q_000134,MENU_000550,0,46,0.4777328073978424,0.0,0.6,0.0,4.23846197128296
Q_000134,MENU_001084,0,47,0.4770399332046509,0.2,0.2,0.0,4.25
Q_000134,MENU_000803,0,48,0.47566336393356323,0.0,0.2,0.0,4.64895582199097
Q_000134,MENU_000784,0,49,0.47473838925361633,0.2,0.0,0.0,4.70389223098755
Q_000134,MENU_002399,0,50,0.4720577299594879,0.0,0.2,0.2,4.2142858505249
Q_000135,MENU_001862,1,1,0.5902735590934753,0.0,0.6666666666666666,0.0,4.6991171836853
Q_000135,MENU_001817,1,2,0.5547630786895752,0.0,0.6666666666666666,0.0,4.6991171836853
Q_000135,MENU_001885,1,3,0.5511727333068848,0.0,0.6666666666666666,0.0,4.6991171836853
Q_000135,MENU_001857,1,4,0.5509697198867798,0.0,0.6666666666666666,0.0,4.6991171836853
Q_000135,MENU_001854,1,5,0.5406939387321472,0.0,0.6666666666666666,0.0,4.6991171836853
Q_000135,MENU_002201,0,6,0.5150282382965088,0.0,0.0,0.0,4.65195322036743
Q_000135,MENU_002213,0,7,0.4895300567150116,0.0,0.0,0.0,4.65195322036743
Q_000135,MENU_001803,0,8,0.48104894161224365,0.0,0.3333333333333333,0.0,4.6991171836853
Q_000135,MENU_001161,0,9,0.47517991065979004,0.0,0.0,0.0,4.82336378097534
Q_000135,MENU_002183,0,10,0.47073763608932495,0.0,0.0,0.0,4.65195322036743
Q_000135,MENU_001175,0,11,0.46965813636779785,0.0,0.0,0.0,4.82336378097534
Q_000135,MENU_001802,0,12,0.4669642448425293,0.0,0.0,0.0,4.6991171836853
Q_000135,MENU_002243,0,13,0.46624553203582764,0.0,0.0,0.0,4.65195322036743
Q_000135,MENU_001836,0,14,0.45713353157043457,0.0,0.3333333333333333,0.0,4.6991171836853
Q_000135,MENU_001187,0,15,0.44714170694351196,0.0,0.0,0.0,4.82336378097534
Q_000135,MENU_002325,0,16,0.44612035155296326,0.0,0.0,0.0,4.79864883422852
Q_000135,MENU_001838,0,17,0.4459834694862366,0.0,0.0,0.0,4.6991171836853
Q_000135,MENU_000870,0,18,0.4365985095500946,0.0,0.0,0.0,4.8529257774353
Q_000135,MENU_001805,0,19,0.4362109303474426,0.0,0.3333333333333333,0.0,4.6991171836853
Q_000135,MENU_001887,0,20,0.43471798300743103,0.0,0.3333333333333333,0.0,4.6991171836853
Q_000135,MENU_001733,0,21,0.4309301972389221,0.0,0.0,0.0,4.81443309783936
Q_000135,MENU_001185,0,22,0.4296615421772003,0.0,0.0,0.0,4.82336378097534
Q_000135,MENU_001424,0,23,0.4293895959854126,0.0,0.0,0.0,4.46881008148193
Q_000135,MENU_002100,0,24,0.42241233587265015,0.0,0.0,0.0,4.58823490142822
Q_000135,MENU_002173,0,25,0.42013925313949585,0.0,0.0,0.0,4.65195322036743
Q_000135,MENU_002199,0,26,0.4201216995716095,0.0,0.0,0.0,4.65195322036743
Q_000135,MENU_001804,0,27,0.41716185212135315,0.0,0.0,0.0,4.6991171836853
Q_000135,MENU_001128,0,28,0.41607287526130676,0.0,0.0,0.0,4.25
Q_000135,MENU_001884,0,29,0.41510242223739624,0.0,0.0,0.0,4.6991171836853
Q_000135,MENU_001867,0,30,0.41504329442977905,0.0,0.3333333333333333,0.0,4.6991171836853
Q_000135,MENU_002250,0,31,0.41497090458869934,0.0,0.0,0.0,4.65195322036743
Q_000135,MENU_001894,0,32,0.413740873336792,0.0,0.0,0.0,5.0
Q_000135,MENU_002362,0,33,0.41374024748802185,0.0,0.0,0.0,4.57420492172241
Q_000135,MENU_002405,0,34,0.41374024748802185,0.0,0.0,0.0,4.2142858505249
Q_000135,MENU_002707,0,35,0.4137319028377533,0.0,0.0,0.0,4.66852378845215
Q_000135,MENU_001419,0,36,0.41315221786499023,0.0,0.0,0.0,4.46881008148193
Q_000135,MENU_001734,0,37,0.41307735443115234,0.0,0.0,0.0,4.81443309783936
Q_000135,MENU_001735,0,38,0.41273176670074463,0.0,0.0,0.0,4.81443309783936
Q_000135,MENU_001354,0,39,0.4123230576515198,0.0,0.0,0.0,4.75340223312378
Q_000135,MENU_002669,0,40,0.4119458794593811,0.0,0.0,0.0,4.7348837852478
Q_000135,MENU_000540,0,41,0.4113426208496094,0.0,0.0,0.0,4.23846197128296
Q_000135,MENU_001198,0,42,0.4089241027832031,0.0,0.0,0.0,4.29862880706787
Q_000135,MENU_001101,0,43,0.40818920731544495,0.0,0.0,0.0,4.25
Q_000135,MENU_001944,0,44,0.4066953957080841,0.0,0.0,0.0,4.81481504440308
Q_000135,MENU_000561,0,45,0.40652036666870117,0.0,0.0,0.0,4.23846197128296
Q_000135,MENU_001160,0,46,0.40633875131607056,0.0,0.0,0.0,4.82336378097534
Q_000135,MENU_002181,0,47,0.40593644976615906,0.0,0.0,0.0,4.65195322036743
Q_000135,MENU_001816,0,48,0.40322190523147583,0.0,0.3333333333333333,0.0,4.6991171836853
Q_000135,MENU_001352,0,49,0.4026329517364502,0.0,0.0,0.0,4.75340223312378
Q_000135,MENU_001800,0,50,0.402244508266449,0.0,0.3333333333333333,0.0,4.6991171836853
Q_000136,MENU_001722,0,1,0.5678505301475525,0.0,0.4,0.0,3.84737396240234
Q_000136,MENU_001109,0,2,0.5622764229774475,0.2,0.2,0.0,4.25
Q_000136,MENU_001121,0,3,0.5615060925483704,0.0,0.2,0.0,4.25
Q_000136,MENU_001683,0,4,0.5589185953140259,0.0,0.4,0.0,3.84737396240234
Q_000136,MENU_001721,0,5,0.5566827058792114,0.0,0.4,0.0,3.84737396240234
Q_000136,MENU_001680,0,6,0.5561063289642334,0.0,0.4,0.0,3.84737396240234
Q_000136,MENU_000228,0,7,0.5539640188217163,0.0,0.2,0.0,4.14949178695679
Q_000136,MENU_002002,0,8,0.5496598482131958,0.2,0.4,0.0,4.1811408996582
Q_000136,MENU_002752,1,9,0.5487144589424133,0.4,0.6,0.0,0.0
Q_000136,MENU_001037,0,10,0.5482703447341919,0.2,0.2,0.0,4.25
Q_000136,MENU_002816,1,11,0.5477595329284668,0.4,0.6,0.0,0.0
Q_000136,MENU_001117,0,12,0.536605179309845,0.0,0.0,0.0,4.25
Q_000136,MENU_001971,0,13,0.5362773537635803,0.2,0.0,0.0,4.74074077606201
Q_000136,MENU_002780,0,14,0.5360443592071533,0.2,0.4,0.0,0.0
Q_000136,MENU_001759,0,15,0.5352780818939209,0.4,0.0,0.2,4.81443309783936
Q_000136,MENU_002754,1,16,0.534058690071106,0.4,0.6,0.0,0.0
Q_000136,MENU_002835,1,17,0.5309873819351196,0.2,0.6,0.0,0.0
Q_000136,MENU_001277,0,18,0.5282243490219116,0.2,0.2,0.0,4.75340223312378
Q_000136,MENU_001125,0,19,0.5282232761383057,0.0,0.2,0.0,4.25
Q_000136,MENU_001100,0,20,0.5278306007385254,0.0,0.0,0.0,4.25
Q_000136,MENU_000133,0,21,0.5257614850997925,0.0,0.0,0.0,4.63380479812622
Q_000136,MENU_001062,0,22,0.5253922343254089,0.0,0.0,0.0,4.25
Q_000136,MENU_002751,1,23,0.5247467756271362,0.4,0.6,0.0,0.0
Q_000136,MENU_000362,0,24,0.5230778455734253,0.0,0.2,0.2,4.71902799606323
Q_000136,MENU_001053,0,25,0.5222737789154053,0.0,0.0,0.0,4.25
Q_000136,MENU_001469,0,26,0.5218061804771423,0.0,0.0,0.0,4.60264015197754
Q_000136,MENU_002190,0,27,0.5207865238189697,0.0,0.0,0.0,4.65195322036743
Q_000136,MENU_001059,0,28,0.5205602049827576,0.0,0.0,0.0,4.25
Q_000136,MENU_001028,0,29,0.5195506811141968,0.0,0.2,0.0,4.25
Q_000136,MENU_001033,0,30,0.5193605422973633,0.0,0.2,0.0,4.25
Q_000136,MENU_001107,0,31,0.5189310908317566,0.0,0.2,0.0,4.25
Q_000136,MENU_001447,0,32,0.5183272361755371,0.0,0.0,0.0,4.60264015197754
Q_000136,MENU_001699,0,33,0.5181825757026672,0.0,0.4,0.0,3.84737396240234
Q_000136,MENU_001453,0,34,0.517813503742218,0.2,0.0,0.0,4.60264015197754
Q_000136,MENU_001449,0,35,0.5174562931060791,0.0,0.0,0.0,4.60264015197754
Q_000136,MENU_001077,0,36,0.5171482563018799,0.0,0.2,0.0,4.25
Q_000136,MENU_001975,0,37,0.5158916711807251,0.0,0.0,0.0,4.74074077606201
Q_000136,MENU_001465,0,38,0.5152865648269653,0.2,0.0,0.0,4.60264015197754
Q_000136,MENU_001454,0,39,0.5149954557418823,0.2,0.0,0.0,4.60264015197754
Q_000136,MENU_001048,0,40,0.5145202875137329,0.0,0.0,0.0,4.25
Q_000136,MENU_001686,0,41,0.5143675208091736,0.0,0.4,0.0,3.84737396240234
Q_000136,MENU_001038,0,42,0.5138370990753174,0.2,0.2,0.0,4.25
Q_000136,MENU_001663,0,43,0.5132982134819031,0.0,0.0,0.0,3.84737396240234
Q_000136,MENU_001029,0,44,0.5121116638183594,0.0,0.0,0.0,4.25
Q_000136,MENU_000221,0,45,0.5116643309593201,0.0,0.4,0.0,4.14949178695679
Q_000136,MENU_000784,0,46,0.5111179351806641,0.2,0.0,0.0,4.70389223098755
Q_000136,MENU_001099,0,47,0.5109398365020752,0.0,0.2,0.0,4.25
Q_000136,MENU_002788,0,48,0.5103630423545837,0.2,0.4,0.0,0.0
Q_000136,MENU_002840,1,49,0.5099760293960571,0.2,0.6,0.0,0.0
Q_000136,MENU_000593,0,50,0.5075893402099609,0.2,0.2,0.0,4.64431381225586
Q_000137,MENU_002046,0,1,0.5039186477661133,0.0,0.5,0.0,4.1811408996582
Q_000137,MENU_000117,0,2,0.5024292469024658,0.0,0.0,0.0,3.0
Q_000137,MENU_002003,0,3,0.49939459562301636,0.0,0.5,0.0,4.1811408996582
Q_000137,MENU_000174,0,4,0.49889862537384033,0.0,0.0,0.0,4.63380479812622
Q_000137,MENU_002025,0,5,0.49003252387046814,0.0,0.5,0.0,4.1811408996582
Q_000137,MENU_002026,0,6,0.484862744808197,0.0,0.5,0.0,4.1811408996582
Q_000137,MENU_002043,0,7,0.48482489585876465,0.0,0.5,0.0,4.1811408996582
Q_000137,MENU_001550,1,8,0.4840858280658722,0.0,0.5,0.0,4.20552682876587
Q_000137,MENU_001530,1,9,0.48381632566452026,0.0,0.5,0.0,4.20552682876587
Q_000137,MENU_002021,0,10,0.48223426938056946,0.0,0.5,0.0,4.1811408996582
Q_000137,MENU_001519,1,11,0.4813649654388428,0.0,0.5,0.0,4.20552682876587
Q_000137,MENU_002023,0,12,0.4777538776397705,0.0,0.5,0.0,4.1811408996582
Q_000137,MENU_002004,0,13,0.4743201434612274,0.0,0.5,0.0,4.1811408996582
Q_000137,MENU_002019,0,14,0.4726029634475708,0.0,0.5,0.0,4.1811408996582
Q_000137,MENU_001532,1,15,0.4723505675792694,0.0,0.5,0.0,4.20552682876587
Q_000137,MENU_002020,0,16,0.47186100482940674,0.0,0.5,0.0,4.1811408996582
Q_000137,MENU_001533,1,17,0.4718284606933594,0.0,0.5,0.0,4.20552682876587
Q_000137,MENU_001549,1,18,0.47098851203918457,0.0,0.5,0.0,4.20552682876587
Q_000137,MENU_002006,0,19,0.4707642197608948,0.0,0.5,0.0,4.1811408996582
Q_000137,MENU_001520,1,20,0.47074028849601746,0.0,0.5,0.0,4.20552682876587
Q_000137,MENU_001529,1,21,0.47070562839508057,0.0,0.5,0.0,4.20552682876587
Q_000137,MENU_002022,0,22,0.4697020649909973,0.0,0.5,0.0,4.1811408996582
Q_000137,MENU_002027,0,23,0.468548059463501,0.0,0.5,0.0,4.1811408996582
Q_000137,MENU_001534,1,24,0.4636309742927551,0.0,0.5,0.0,4.20552682876587
Q_000137,MENU_001552,1,25,0.46356624364852905,0.0,0.5,0.0,4.20552682876587
Q_000137,MENU_002024,0,26,0.458745539188385,0.0,0.5,0.0,4.1811408996582
Q_000137,MENU_002028,0,27,0.4583534002304077,0.0,0.5,0.0,4.1811408996582
Q_000137,MENU_002057,0,28,0.4570578634738922,0.0,0.5,0.0,4.1811408996582
Q_000137,MENU_002056,0,29,0.4569918215274811,0.0,0.5,0.0,4.1811408996582
Q_000137,MENU_002044,0,30,0.4552662670612335,0.0,0.5,0.0,4.1811408996582
Q_000137,MENU_001525,1,31,0.45474815368652344,0.0,0.5,0.0,4.20552682876587
Q_000137,MENU_001581,0,32,0.45462682843208313,0.0,0.0,0.0,4.88310480117798
Q_000137,MENU_002007,0,33,0.4519689083099365,0.0,0.5,0.0,4.1811408996582
Q_000137,MENU_000255,0,34,0.4515525698661804,0.0,0.0,0.0,4.65069389343262
Q_000137,MENU_002033,0,35,0.4510767161846161,0.0,0.5,0.0,4.1811408996582
Q_000137,MENU_001551,1,36,0.45091015100479126,0.0,0.5,0.0,4.20552682876587
Q_000137,MENU_000718,0,37,0.45037055015563965,0.0,0.0,0.0,4.31238794326782
Q_000137,MENU_001539,1,38,0.4484328329563141,0.0,0.5,0.0,4.20552682876587
Q_000137,MENU_000329,0,39,0.44817987084388733,0.0,0.0,0.0,4.60093212127686
Q_000137,MENU_001403,0,40,0.4478206932544708,0.0,0.0,0.0,4.8021821975708
Q_000137,MENU_001528,1,41,0.4472833573818207,0.0,0.5,0.0,4.20552682876587
Q_000137,MENU_002055,0,42,0.44705110788345337,0.0,0.5,0.0,4.1811408996582
Q_000137,MENU_001523,1,43,0.44577789306640625,0.0,0.5,0.0,4.20552682876587
Q_000137,MENU_001524,1,44,0.4422336220741272,0.0,0.5,0.0,4.20552682876587
Q_000137,MENU_002031,0,45,0.4416968822479248,0.0,0.5,0.0,4.1811408996582
Q_000137,MENU_001526,1,46,0.4406203329563141,0.0,0.5,0.0,4.20552682876587
Q_000137,MENU_001215,0,47,0.43949341773986816,0.0,0.0,0.0,4.75703001022339
Q_000137,MENU_001564,0,48,0.43910878896713257,0.0,0.0,0.0,4.88310480117798
Q_000137,MENU_000841,0,49,0.43817681074142456,0.0,0.0,0.0,4.71359920501709
Q_000137,MENU_000875,0,50,0.4375048875808716,0.0,0.0,0.0,4.66089391708374
Q_000138,MENU_001564,0,1,0.48878756165504456,0.0,0.0,0.0,4.88310480117798
Q_000138,MENU_001527,0,2,0.4793024957180023,0.0,0.3333333333333333,0.0,4.20552682876587
Q_000138,MENU_001250,0,3,0.46978873014450073,0.0,0.3333333333333333,0.0,4.75340223312378
Q_000138,MENU_000285,1,4,0.4652644693851471,0.0,0.3333333333333333,0.0,4.65069389343262
Q_000138,MENU_000174,0,5,0.4649401307106018,0.0,0.0,0.0,4.63380479812622
Q_000138,MENU_001716,0,6,0.4637610614299774,0.0,0.0,0.0,3.84737396240234
Q_000138,MENU_000259,1,7,0.46366727352142334,0.0,0.3333333333333333,0.0,4.65069389343262
Q_000138,MENU_001540,0,8,0.45906007289886475,0.0,0.3333333333333333,0.0,4.20552682876587
Q_000138,MENU_000676,0,9,0.4568990468978882,0.0,0.0,0.0,4.72276020050049
Q_000138,MENU_000287,1,10,0.45606112480163574,0.0,0.3333333333333333,0.0,4.65069389343262
Q_000138,MENU_000256,1,11,0.45587268471717834,0.0,0.3333333333333333,0.0,4.65069389343262
Q_000138,MENU_001984,0,12,0.45400094985961914,0.0,0.0,0.0,4.59150314331055
Q_000138,MENU_000669,0,13,0.4524959325790405,0.0,0.0,0.0,4.72276020050049
Q_000138,MENU_000334,0,14,0.45206767320632935,0.0,0.0,0.0,4.60093212127686
Q_000138,MENU_000117,1,15,0.4516143798828125,0.0,0.3333333333333333,0.0,3.0
Q_000138,MENU_000286,1,16,0.4515097439289093,0.0,0.3333333333333333,0.0,4.65069389343262
Q_000138,MENU_000323,0,17,0.45124542713165283,0.0,0.0,0.0,4.60093212127686
Q_000138,MENU_000345,0,18,0.45124542713165283,0.0,0.0,0.0,4.71902799606323
Q_000138,MENU_000257,1,19,0.4505293071269989,0.0,0.3333333333333333,0.0,4.65069389343262
Q_000138,MENU_000703,1,20,0.44971609115600586,0.0,0.3333333333333333,0.0,4.72276020050049
Q_000138,MENU_001860,0,21,0.44895094633102417,0.0,0.3333333333333333,0.0,4.6991171836853
Q_000138,MENU_000675,0,22,0.44813570380210876,0.0,0.0,0.0,4.72276020050049
Q_000138,MENU_001547,0,23,0.4469877779483795,0.0,0.3333333333333333,0.0,4.20552682876587
Q_000138,MENU_001520,0,24,0.4468045234680176,0.0,0.0,0.0,4.20552682876587
Q_000138,MENU_001679,0,25,0.4449447691440582,0.0,0.0,0.0,3.84737396240234
Q_000138,MENU_000274,1,26,0.44409459829330444,0.0,0.3333333333333333,0.0,4.65069389343262
Q_000138,MENU_000255,1,27,0.4440072178840637,0.0,0.3333333333333333,0.0,4.65069389343262
Q_000138,MENU_000536,1,28,0.4434078335762024,0.0,0.3333333333333333,0.0,4.55335521697998
Q_000138,MENU_001678,0,29,0.44106122851371765,0.0,0.0,0.0,3.84737396240234
Q_000138,MENU_000841,0,30,0.43743565678596497,0.0,0.0,0.0,4.71359920501709
Q_000138,MENU_000718,1,31,0.4363119900226593,0.0,0.3333333333333333,0.0,4.31238794326782
Q_000138,MENU_001861,0,32,0.43588149547576904,0.0,0.3333333333333333,0.0,4.6991171836853
Q_000138,MENU_000674,0,33,0.43586087226867676,0.0,0.0,0.0,4.72276020050049
Q_000138,MENU_000113,1,34,0.43583786487579346,0.0,0.3333333333333333,0.0,3.0
Q_000138,MENU_001504,0,35,0.4352239966392517,0.3333333333333333,0.3333333333333333,0.3333333333333333,4.26522302627563
Q_000138,MENU_000838,0,36,0.43472111225128174,0.0,0.0,0.0,4.71359920501709
Q_000138,MENU_000842,0,37,0.43461763858795166,0.0,0.0,0.0,4.71359920501709
Q_000138,MENU_000190,0,38,0.43403661251068115,0.0,0.0,0.0,4.63380479812622
Q_000138,MENU_001705,0,39,0.4333585500717163,0.0,0.0,0.0,3.84737396240234
Q_000138,MENU_000655,0,40,0.43323779106140137,0.0,0.0,0.0,4.72276020050049
Q_000138,MENU_002004,0,41,0.4324702322483063,0.0,0.0,0.0,4.1811408996582
Q_000138,MENU_001581,0,42,0.4311786890029907,0.0,0.0,0.0,4.88310480117798
Q_000138,MENU_000871,0,43,0.430125892162323,0.0,0.3333333333333333,0.0,4.8529257774353
Q_000138,MENU_002676,0,44,0.4300384521484375,0.0,0.0,0.0,4.7348837852478
Q_000138,MENU_001170,0,45,0.42819052934646606,0.0,0.0,0.3333333333333333,4.82336378097534
Q_000138,MENU_000116,1,46,0.42711231112480164,0.0,0.3333333333333333,0.0,3.0
Q_000138,MENU_001727,0,47,0.42699265480041504,0.0,0.0,0.0,3.84737396240234
Q_000138,MENU_000358,0,48,0.42678338289260864,0.0,0.0,0.0,4.71902799606323
Q_000138,MENU_000327,0,49,0.42678338289260864,0.0,0.0,0.0,4.60093212127686
Q_000138,MENU_001252,0,50,0.4251478910446167,0.0,0.3333333333333333,0.0,4.75340223312378
Q_000139,MENU_001476,1,1,0.6782706379890442,0.5,0.75,0.0,4.60264015197754
Q_000139,MENU_001479,1,2,0.6580077409744263,0.5,0.75,0.0,4.60264015197754
Q_000139,MENU_001451,1,3,0.652499794960022,0.5,0.75,0.0,4.60264015197754
Q_000139,MENU_001480,1,4,0.6430643200874329,0.5,0.75,0.0,4.60264015197754
Q_000139,MENU_001477,1,5,0.6396383047103882,0.5,0.75,0.0,4.60264015197754
Q_000139,MENU_001467,1,6,0.6328521966934204,0.5,0.75,0.0,4.60264015197754
Q_000139,MENU_002223,0,7,0.6236071586608887,0.25,0.0,0.0,4.65195322036743
Q_000139,MENU_001478,1,8,0.6209606528282166,0.5,0.75,0.0,4.60264015197754
Q_000139,MENU_001463,1,9,0.6186700463294983,0.5,0.75,0.0,4.60264015197754
Q_000139,MENU_001484,0,10,0.598504364490509,0.25,0.25,0.0,4.60264015197754
Q_000139,MENU_001433,0,11,0.5963441133499146,0.25,0.25,0.0,4.60264015197754
Q_000139,MENU_001459,0,12,0.5944921374320984,0.5,0.25,0.0,4.60264015197754
Q_000139,MENU_001092,0,13,0.5918737053871155,0.25,0.25,0.25,4.25
Q_000139,MENU_001454,0,14,0.5892571806907654,0.5,0.25,0.0,4.60264015197754
Q_000139,MENU_000165,0,15,0.5839042067527771,0.25,0.0,0.25,4.63380479812622
Q_000139,MENU_000027,0,16,0.5797055959701538,0.25,0.0,0.0,4.47627115249634
Q_000139,MENU_001837,0,17,0.5786923170089722,0.0,0.0,0.25,4.6991171836853
Q_000139,MENU_002197,0,18,0.5750834345817566,0.25,0.0,0.0,4.65195322036743
Q_000139,MENU_001436,0,19,0.5714282393455505,0.25,0.25,0.0,4.60264015197754
Q_000139,MENU_001806,0,20,0.5661360025405884,0.25,0.0,0.0,4.6991171836853
Q_000139,MENU_001618,0,21,0.5659517049789429,0.25,0.0,0.25,4.6399998664856
Q_000139,MENU_000025,0,22,0.5623121857643127,0.25,0.25,0.0,4.47627115249634
Q_000139,MENU_002591,0,23,0.5602200031280518,0.25,0.0,0.0,4.67702722549438
Q_000139,MENU_000686,0,24,0.5584242939949036,0.25,0.0,0.0,4.72276020050049
Q_000139,MENU_002560,0,25,0.5583832263946533,0.25,0.0,0.25,4.67702722549438
Q_000139,MENU_000022,0,26,0.557881236076355,0.25,0.25,0.0,4.47627115249634
Q_000139,MENU_002445,0,27,0.5507053732872009,0.0,0.0,0.25,4.77699613571167
Q_000139,MENU_002598,0,28,0.5499237775802612,0.25,0.0,0.0,4.67702722549438
Q_000139,MENU_002454,0,29,0.5497326850891113,0.25,0.0,0.25,4.77699613571167
Q_000139,MENU_000725,0,30,0.5487860441207886,0.25,0.0,0.0,4.67195796966553
Q_000139,MENU_000102,0,31,0.548547089099884,0.25,0.0,0.0,4.34729814529419
Q_000139,MENU_001807,0,32,0.5471341609954834,0.0,0.0,0.0,4.6991171836853
Q_000139,MENU_001475,0,33,0.5449936389923096,0.25,0.5,0.0,4.60264015197754
Q_000139,MENU_002251,0,34,0.5447008013725281,0.25,0.0,0.0,4.65195322036743
Q_000139,MENU_002230,0,35,0.5403925180435181,0.25,0.0,0.25,4.65195322036743
Q_000139,MENU_001808,0,36,0.5395314693450928,0.0,0.0,0.0,4.6991171836853
Q_000139,MENU_002601,0,37,0.5374745726585388,0.25,0.0,0.25,4.67702722549438
Q_000139,MENU_000564,0,38,0.5371012687683105,0.0,0.0,0.25,3.98560500144959
Q_000139,MENU_001275,0,39,0.5367206335067749,0.0,0.0,0.25,4.75340223312378
Q_000139,MENU_002211,0,40,0.5351422429084778,0.25,0.0,0.25,4.65195322036743
Q_000139,MENU_000028,0,41,0.5350531339645386,0.25,0.0,0.0,4.47627115249634
Q_000139,MENU_000152,0,42,0.5345920920372009,0.25,0.0,0.25,4.63380479812622
Q_000139,MENU_000088,0,43,0.5339828133583069,0.25,0.0,0.25,4.34729814529419
Q_000139,MENU_001660,0,44,0.5335941910743713,0.25,0.0,0.0,3.70588207244873
Q_000139,MENU_002171,0,45,0.5320788621902466,0.0,0.0,0.0,4.65195322036743
Q_000139,MENU_001435,0,46,0.5299094319343567,0.0,0.25,0.0,4.60264015197754
Q_000139,MENU_002801,0,47,0.5295683741569519,0.0,0.0,0.0,0.0
Q_000139,MENU_000149,0,48,0.5291411876678467,0.25,0.0,0.25,4.63380479812622
Q_000139,MENU_001139,0,49,0.5289301872253418,0.0,0.0,0.25,4.82336378097534
Q_000139,MENU_001003,0,50,0.5262291431427002,0.25,0.0,0.25,4.65962409973145
Q_000140,MENU_001232,0,1,0.45939040184020996,0.0,0.25,0.0,4.75703001022339
Q_000140,MENU_001238,0,2,0.4522591829299927,0.0,0.25,0.0,4.75703001022339
Q_000140,MENU_001316,1,3,0.44629356265068054,0.25,0.5,0.25,4.75340223312378
Q_000140,MENU_002616,0,4,0.44127973914146423,0.0,0.25,0.0,4.76699018478394
Q_000140,MENU_001235,0,5,0.4402034282684326,0.0,0.25,0.0,4.75703001022339
Q_000140,MENU_001900,0,6,0.43929624557495117,0.25,0.0,0.0,4.58653783798218
Q_000140,MENU_001236,0,7,0.4337396025657654,0.0,0.25,0.0,4.75703001022339
Q_000140,MENU_001563,0,8,0.43319016695022583,0.0,0.0,0.0,4.88386678695679
Q_000140,MENU_001231,0,9,0.4282751679420471,0.0,0.0,0.0,4.75703001022339
Q_000140,MENU_001213,0,10,0.42750120162963867,0.0,0.0,0.0,4.75703001022339
Q_000140,MENU_002487,0,11,0.4274885654449463,0.0,0.25,0.0,4.68452405929565
Q_000140,MENU_001318,1,12,0.42540204524993896,0.25,0.5,0.25,4.75340223312378
Q_000140,MENU_001392,1,13,0.4200080633163452,0.0,0.5,0.0,4.75340223312378
Q_000140,MENU_002548,0,14,0.41938096284866333,0.0,0.0,0.0,4.86301422119141
Q_000140,MENU_001228,0,15,0.41867706179618835,0.0,0.25,0.0,4.75703001022339
Q_000140,MENU_001237,0,16,0.4170323610305786,0.0,0.0,0.0,4.75703001022339
Q_000140,MENU_002478,0,17,0.41573455929756165,0.0,0.25,0.0,4.68452405929565
Q_000140,MENU_002615,0,18,0.41565221548080444,0.0,0.25,0.0,4.76699018478394
Q_000140,MENU_001314,1,19,0.41340672969818115,0.25,0.5,0.25,4.75340223312378
Q_000140,MENU_001224,0,20,0.41319793462753296,0.0,0.0,0.0,4.75703001022339
Q_000140,MENU_000295,0,21,0.4123137593269348,0.0,0.25,0.0,4.74418592453003
Q_000140,MENU_000827,0,22,0.4107058048248291,0.25,0.25,0.25,4.55801105499268
Q_000140,MENU_002543,0,23,0.4081730842590332,0.0,0.0,0.0,4.0580267906189
Q_000140,MENU_002602,0,24,0.40704017877578735,0.0,0.0,0.0,4.76699018478394
Q_000140,MENU_002612,0,25,0.4069622755050659,0.0,0.25,0.0,4.76699018478394
Q_000140,MENU_001749,0,26,0.4061508774757385,0.25,0.25,0.0,4.81443309783936
Q_000140,MENU_001391,1,27,0.4039451777935028,0.0,0.5,0.0,4.75340223312378
Q_000140,MENU_001220,0,28,0.4032338559627533,0.0,0.0,0.0,4.75703001022339
Q_000140,MENU_001405,0,29,0.40184342861175537,0.0,0.0,0.0,4.79053592681885
Q_000140,MENU_001315,0,30,0.4001159071922302,0.25,0.0,0.25,4.75340223312378
Q_000140,MENU_002545,0,31,0.39942666888237,0.0,0.0,0.0,4.0580267906189
Q_000140,MENU_001591,0,32,0.3990752100944519,0.0,0.0,0.25,4.70322608947754
Q_000140,MENU_002605,0,33,0.39844489097595215,0.0,0.25,0.0,4.76699018478394
Q_000140,MENU_001782,0,34,0.398055762052536,0.0,0.25,0.0,4.81443309783936
Q_000140,MENU_001725,0,35,0.39657360315322876,0.0,0.0,0.0,3.84737396240234
Q_000140,MENU_000678,0,36,0.3948255181312561,0.0,0.0,0.0,4.72276020050049
Q_000140,MENU_001733,0,37,0.3945138454437256,0.0,0.0,0.0,4.81443309783936
Q_000140,MENU_002610,0,38,0.3944091796875,0.0,0.25,0.0,4.76699018478394
Q_000140,MENU_002604,0,39,0.39348042011260986,0.0,0.0,0.0,4.76699018478394
Q_000140,MENU_001837,0,40,0.39196956157684326,0.0,0.0,0.0,4.6991171836853
Q_000140,MENU_001223,0,41,0.3914262652397156,0.0,0.25,0.0,4.75703001022339
Q_000140,MENU_000998,0,42,0.39069095253944397,0.0,0.0,0.0,0.0
Q_000140,MENU_001234,0,43,0.3899766504764557,0.0,0.0,0.25,4.75703001022339
Q_000140,MENU_002608,0,44,0.3865230083465576,0.0,0.25,0.0,4.76699018478394
Q_000140,MENU_002033,0,45,0.38630211353302,0.0,0.0,0.0,4.1811408996582
Q_000140,MENU_001280,1,46,0.3860726058483124,0.0,0.5,0.0,4.75340223312378
Q_000140,MENU_001317,0,47,0.38500168919563293,0.25,0.0,0.25,4.75340223312378
Q_000140,MENU_002062,0,48,0.3849923610687256,0.0,0.0,0.0,4.77914094924927
Q_000140,MENU_001783,0,49,0.3848923444747925,0.0,0.25,0.0,4.81443309783936
Q_000140,MENU_001222,0,50,0.384823203086853,0.0,0.25,0.0,4.75703001022339
Q_000141,MENU_001592,1,1,0.4882996380329132,0.0,0.5,0.0,4.70322608947754
Q_000141,MENU_001584,1,2,0.44203728437423706,0.0,0.5,0.0,4.70322608947754
Q_000141,MENU_001587,1,3,0.44198912382125854,0.0,0.5,0.0,4.70322608947754
Q_000141,MENU_001586,1,4,0.43388310074806213,0.0,0.5,0.0,4.70322608947754
Q_000141,MENU_002626,0,5,0.42850571870803833,0.25,0.25,0.0,4.58833312988281
Q_000141,MENU_000071,1,6,0.42643460631370544,0.0,0.5,0.0,3.84999990463257
Q_000141,MENU_001114,0,7,0.4045594036579132,0.0,0.25,0.0,4.25
Q_000141,MENU_002644,0,8,0.4004300534725189,0.0,0.25,0.0,4.58833312988281
Q_000141,MENU_002660,0,9,0.37943288683891296,0.0,0.25,0.0,4.58833312988281
Q_000141,MENU_001743,0,10,0.37705180048942566,0.0,0.0,0.25,4.81443309783936
Q_000141,MENU_001040,0,11,0.37236225605010986,0.0,0.25,0.0,4.25
Q_000141,MENU_000291,0,12,0.3660844564437866,0.25,0.0,0.25,4.65069389343262
Q_000141,MENU_000310,0,13,0.3606974482536316,0.0,0.25,0.0,4.29166698455811
Q_000141,MENU_002052,0,14,0.3589419722557068,0.25,0.0,0.25,4.1811408996582
Q_000141,MENU_000306,0,15,0.3534059524536133,0.0,0.25,0.0,4.29166698455811
Q_000141,MENU_000070,0,16,0.35226428508758545,0.0,0.25,0.0,3.84999990463257
Q_000141,MENU_000308,0,17,0.35043928027153015,0.0,0.25,0.0,4.29166698455811
Q_000141,MENU_000309,0,18,0.3489622473716736,0.0,0.25,0.0,4.29166698455811
Q_000141,MENU_001974,0,19,0.3477681875228882,0.25,0.0,0.0,4.74074077606201
Q_000141,MENU_001591,0,20,0.34743666648864746,0.0,0.0,0.0,4.70322608947754
Q_000141,MENU_000302,0,21,0.3466435670852661,0.0,0.25,0.0,4.29166698455811
Q_000141,MENU_001110,0,22,0.34639331698417664,0.0,0.25,0.0,4.25
Q_000141,MENU_001128,0,23,0.3455590009689331,0.0,0.25,0.0,4.25
Q_000141,MENU_000305,0,24,0.34463000297546387,0.0,0.25,0.0,4.29166698455811
Q_000141,MENU_001614,0,25,0.3442249894142151,0.0,0.0,0.0,4.3316330909729
Q_000141,MENU_002639,0,26,0.34383729100227356,0.0,0.0,0.0,4.58833312988281
Q_000141,MENU_001749,0,27,0.3418644666671753,0.0,0.0,0.0,4.81443309783936
Q_000141,MENU_000307,0,28,0.3387877345085144,0.0,0.25,0.0,4.29166698455811
Q_000141,MENU_001617,0,29,0.3379592299461365,0.0,0.25,0.5,4.93333292007446
Q_000141,MENU_000301,0,30,0.33719536662101746,0.0,0.25,0.0,4.29166698455811
Q_000141,MENU_000304,0,31,0.336437851190567,0.0,0.25,0.0,4.29166698455811
Q_000141,MENU_001588,0,32,0.3326057493686676,0.0,0.0,0.0,4.70322608947754
Q_000141,MENU_001268,0,33,0.3307735323905945,0.0,0.0,0.0,4.75340223312378
Q_000141,MENU_001634,0,34,0.33009442687034607,0.0,0.25,0.0,4.58868885040283
Q_000141,MENU_001314,0,35,0.3289759159088135,0.0,0.0,0.0,4.75340223312378
Q_000141,MENU_000667,0,36,0.3269084095954895,0.0,0.0,0.0,4.72276020050049
Q_000141,MENU_000985,0,37,0.32516080141067505,0.0,0.0,0.0,4.0
Q_000141,MENU_001429,0,38,0.32343801856040955,0.0,0.25,0.0,4.60449504852295
Q_000141,MENU_000303,0,39,0.32321852445602417,0.0,0.25,0.0,4.29166698455811
Q_000141,MENU_000996,0,40,0.32257401943206787,0.0,0.0,0.0,4.14554786682129
Q_000141,MENU_000655,0,41,0.3214394450187683,0.0,0.0,0.0,4.72276020050049
Q_000141,MENU_001412,0,42,0.319157212972641,0.0,0.25,0.0,4.46881008148193
Q_000141,MENU_001313,0,43,0.31763261556625366,0.0,0.0,0.0,4.75340223312378
Q_000141,MENU_001590,0,44,0.3164641857147217,0.0,0.0,0.0,4.70322608947754
Q_000141,MENU_001645,0,45,0.3146122395992279,0.0,0.25,0.0,4.58868885040283
Q_000141,MENU_000581,0,46,0.31405460834503174,0.25,0.25,0.0,4.49110698699951
Q_000141,MENU_000369,0,47,0.3131607472896576,0.0,0.0,0.0,4.71902799606323
Q_000141,MENU_000701,0,48,0.3117419481277466,0.0,0.0,0.0,4.72276020050049
Q_000141,MENU_001420,0,49,0.3110162019729614,0.0,0.25,0.0,4.46881008148193
Q_000141,MENU_001733,0,50,0.30966195464134216,0.0,0.0,0.0,4.81443309783936
Q_000142,MENU_000518,1,1,0.4830693006515503,0.0,0.3333333333333333,0.0,4.63044404983521
Q_000142,MENU_000521,1,2,0.48284173011779785,0.0,0.3333333333333333,0.0,4.63044404983521
Q_000142,MENU_000052,0,3,0.4827840328216553,0.0,0.0,0.0,4.82178211212158
Q_000142,MENU_000997,0,4,0.46380218863487244,0.0,0.0,0.0,4.65557909011841
Q_000142,MENU_000059,0,5,0.4483068287372589,0.0,0.0,0.0,4.82178211212158
Q_000142,MENU_000399,0,6,0.4446220099925995,0.0,0.0,0.0,4.68128681182861
Q_000142,MENU_001665,0,7,0.4401663839817047,0.0,0.3333333333333333,0.0,3.84737396240234
Q_000142,MENU_000452,0,8,0.4382927715778351,0.0,0.0,0.0,4.68128681182861
Q_000142,MENU_000401,0,9,0.43534034490585327,0.0,0.0,0.0,4.68128681182861
Q_000142,MENU_001724,0,10,0.4335976541042328,0.0,0.3333333333333333,0.0,3.84737396240234
Q_000142,MENU_000416,0,11,0.43342772126197815,0.0,0.0,0.0,4.68128681182861
Q_000142,MENU_000400,0,12,0.43112820386886597,0.0,0.0,0.0,4.68128681182861
Q_000142,MENU_000380,0,13,0.4299700856208801,0.0,0.0,0.0,0.0
Q_000142,MENU_002274,1,14,0.42849838733673096,0.0,0.3333333333333333,0.0,4.58823490142822
Q_000142,MENU_001400,0,15,0.4281259775161743,0.0,0.0,0.0,4.59437894821167
Q_000142,MENU_000062,0,16,0.42406952381134033,0.0,0.0,0.0,4.82178211212158
Q_000142,MENU_000398,0,17,0.42322292923927307,0.0,0.0,0.0,4.68128681182861
Q_000142,MENU_000447,0,18,0.41725224256515503,0.0,0.0,0.0,4.68128681182861
Q_000142,MENU_000065,0,19,0.4163427948951721,0.0,0.0,0.0,4.82178211212158
Q_000142,MENU_000404,0,20,0.41606807708740234,0.0,0.0,0.0,4.68128681182861
Q_000142,MENU_000053,0,21,0.4152262210845947,0.0,0.0,0.0,4.82178211212158
Q_000142,MENU_000415,0,22,0.4152126610279083,0.0,0.0,0.0,4.68128681182861
Q_000142,MENU_001763,0,23,0.41317111253738403,0.0,0.0,0.0,4.81443309783936
Q_000142,MENU_000451,0,24,0.41226157546043396,0.0,0.0,0.0,4.68128681182861
Q_000142,MENU_000055,0,25,0.41200217604637146,0.0,0.0,0.0,4.82178211212158
Q_000142,MENU_000796,0,26,0.4118022322654724,0.0,0.0,0.0,4.78873205184937
Q_000142,MENU_001762,0,27,0.41133785247802734,0.0,0.0,0.0,4.81443309783936
Q_000142,MENU_000449,0,28,0.4094597101211548,0.0,0.0,0.0,4.68128681182861
Q_000142,MENU_000417,0,29,0.4088195264339447,0.0,0.0,0.0,4.68128681182861
Q_000142,MENU_000876,0,30,0.40722668170928955,0.0,0.0,0.0,0.0
Q_000142,MENU_001607,0,31,0.4072018265724182,0.0,0.0,0.0,4.19549179077148
Q_000142,MENU_001375,0,32,0.4066023528575897,0.0,0.0,0.0,4.75340223312378
Q_000142,MENU_001764,0,33,0.40617793798446655,0.0,0.0,0.0,4.81443309783936
Q_000142,MENU_000478,0,34,0.4058995246887207,0.0,0.0,0.0,4.68128681182861
Q_000142,MENU_000408,0,35,0.4056883454322815,0.0,0.0,0.0,4.68128681182861
Q_000142,MENU_000448,0,36,0.40445080399513245,0.0,0.0,0.0,4.68128681182861
Q_000142,MENU_001633,0,37,0.40209120512008667,0.0,0.0,0.0,4.58868885040283
Q_000142,MENU_000061,0,38,0.3987380266189575,0.0,0.0,0.0,4.82178211212158
Q_000142,MENU_001789,0,39,0.3987344801425934,0.0,0.0,0.0,4.81443309783936
Q_000142,MENU_001035,0,40,0.39665910601615906,0.0,0.0,0.0,4.25
Q_000142,MENU_001765,0,41,0.39586734771728516,0.0,0.0,0.0,4.81443309783936
Q_000142,MENU_002317,1,42,0.39557525515556335,0.0,0.3333333333333333,0.0,4.67123317718506
Q_000142,MENU_000487,0,43,0.39286625385284424,0.0,0.0,0.0,4.68128681182861
Q_000142,MENU_001787,0,44,0.3915254771709442,0.0,0.0,0.0,4.81443309783936
Q_000142,MENU_000783,0,45,0.391074538230896,0.0,0.0,0.0,4.70389223098755
Q_000142,MENU_001679,0,46,0.39004942774772644,0.0,0.0,0.0,3.84737396240234
Q_000142,MENU_001766,0,47,0.3891679644584656,0.0,0.0,0.0,4.81443309783936
Q_000142,MENU_002545,0,48,0.38707417249679565,0.0,0.0,0.0,4.0580267906189
Q_000142,MENU_000565,0,49,0.38659393787384033,0.0,0.0,0.0,3.98560500144959
Q_000142,MENU_000566,0,50,0.38559916615486145,0.0,0.0,0.0,3.98560500144959
Q_000143,MENU_001385,0,1,0.40751659870147705,0.25,0.0,0.0,4.75340223312378
Q_000143,MENU_000163,1,2,0.3424704372882843,0.0,0.75,0.0,4.63380479812622
Q_000143,MENU_000168,1,3,0.34215056896209717,0.0,0.75,0.0,4.63380479812622
Q_000143,MENU_000137,1,4,0.3378521800041199,0.0,0.75,0.0,4.63380479812622
Q_000143,MENU_000162,1,5,0.33111366629600525,0.0,0.75,0.0,4.63380479812622
Q_000143,MENU_000166,1,6,0.31880509853363037,0.0,0.75,0.0,4.63380479812622
Q_000143,MENU_000121,1,7,0.3163742125034332,0.0,0.75,0.0,4.63380479812622
Q_000143,MENU_000181,1,8,0.31626200675964355,0.0,0.75,0.0,4.63380479812622
Q_000143,MENU_000204,1,9,0.3098096251487732,0.0,0.75,0.0,4.63380479812622
Q_000143,MENU_000156,1,10,0.3067823648452759,0.0,0.75,0.0,4.63380479812622
Q_000143,MENU_000161,1,11,0.30543291568756104,0.0,0.75,0.0,4.63380479812622
Q_000143,MENU_002391,0,12,0.3013412058353424,0.0,0.0,0.0,4.2142858505249
Q_000143,MENU_002348,0,13,0.3013412058353424,0.0,0.0,0.0,4.57420492172241
Q_000143,MENU_000155,1,14,0.30089908838272095,0.0,0.75,0.0,4.63380479812622
Q_000143,MENU_000158,1,15,0.30010855197906494,0.0,0.75,0.0,4.63380479812622
Q_000143,MENU_000167,1,16,0.2989158630371094,0.0,0.75,0.0,4.63380479812622
Q_000143,MENU_002160,0,17,0.29379796981811523,0.0,0.0,0.0,4.64444398880005
Q_000143,MENU_000201,1,18,0.2910485863685608,0.0,0.75,0.0,4.63380479812622
Q_000143,MENU_002353,0,19,0.2888679504394531,0.0,0.0,0.0,4.57420492172241
Q_000143,MENU_002396,0,20,0.2888679504394531,0.0,0.0,0.0,4.2142858505249
Q_000143,MENU_000136,1,21,0.2845860719680786,0.0,0.75,0.0,4.63380479812622
Q_000143,MENU_000175,1,22,0.28121066093444824,0.0,0.75,0.0,4.63380479812622
Q_000143,MENU_000154,1,23,0.27991771697998047,0.0,0.75,0.0,4.63380479812622
Q_000143,MENU_002159,0,24,0.2789987623691559,0.0,0.0,0.0,4.64444398880005
Q_000143,MENU_000160,1,25,0.27878063917160034,0.0,0.75,0.0,4.63380479812622
Q_000143,MENU_000200,1,26,0.2771727442741394,0.0,0.75,0.0,4.63380479812622
Q_000143,MENU_000157,1,27,0.27532047033309937,0.0,0.75,0.0,4.63380479812622
Q_000143,MENU_001176,0,28,0.27452754974365234,0.0,0.0,0.0,4.82336378097534
Q_000143,MENU_000202,1,29,0.26879066228866577,0.0,0.75,0.0,4.63380479812622
Q_000143,MENU_002392,0,30,0.2632315158843994,0.0,0.0,0.0,4.2142858505249
Q_000143,MENU_002349,0,31,0.2632315158843994,0.0,0.0,0.0,4.57420492172241
Q_000143,MENU_002162,0,32,0.26190927624702454,0.0,0.0,0.0,4.64444398880005
Q_000143,MENU_001384,0,33,0.2599946856498718,0.0,0.0,0.0,4.75340223312378
Q_000143,MENU_001352,0,34,0.2596057057380676,0.0,0.0,0.0,4.75340223312378
Q_000143,MENU_001351,0,35,0.2585752606391907,0.0,0.0,0.0,4.75340223312378
Q_000143,MENU_001354,0,36,0.25457680225372314,0.0,0.0,0.0,4.75340223312378
Q_000143,MENU_001347,0,37,0.2525797486305237,0.0,0.0,0.0,4.75340223312378
Q_000143,MENU_002134,0,38,0.2503044605255127,0.0,0.0,0.0,4.64444398880005
Q_000143,MENU_001397,0,39,0.2496093064546585,0.0,0.0,0.0,4.75340223312378
Q_000143,MENU_001364,0,40,0.24495458602905273,0.0,0.0,0.0,4.75340223312378
Q_000143,MENU_001383,0,41,0.24479827284812927,0.0,0.0,0.0,4.75340223312378
Q_000143,MENU_001283,0,42,0.24460169672966003,0.0,0.0,0.0,4.75340223312378
Q_000143,MENU_001372,0,43,0.24450509250164032,0.0,0.0,0.0,4.75340223312378
Q_000143,MENU_001175,0,44,0.24119165539741516,0.0,0.0,0.0,4.82336378097534
Q_000143,MENU_001227,0,45,0.24001950025558472,0.0,0.0,0.0,4.75703001022339
Q_000143,MENU_001877,0,46,0.2391323298215866,0.0,0.0,0.0,4.6991171836853
Q_000143,MENU_001179,0,47,0.2389446198940277,0.0,0.0,0.0,4.82336378097534
Q_000143,MENU_001754,0,48,0.23840850591659546,0.0,0.0,0.0,4.81443309783936
Q_000143,MENU_002158,0,49,0.23747876286506653,0.0,0.0,0.25,4.64444398880005
Q_000143,MENU_002254,0,50,0.23746024072170258,0.0,0.0,0.0,4.81660079956055
Q_000144,MENU_000012,1,1,0.5234987735748291,0.25,0.5,0.25,4.85917997360229
Q_000144,MENU_000015,1,2,0.4903165400028229,0.25,0.5,0.25,4.85917997360229
Q_000144,MENU_001987,0,3,0.4847068190574646,0.0,0.0,0.25,4.59150314331055
Q_000144,MENU_000333,0,4,0.4787484407424927,0.25,0.0,0.25,4.60093212127686
Q_000144,MENU_000364,0,5,0.4787484407424927,0.25,0.0,0.25,4.71902799606323
Q_000144,MENU_000019,1,6,0.47028833627700806,0.25,0.5,0.0,4.85917997360229
Q_000144,MENU_000332,0,7,0.45404940843582153,0.25,0.0,0.25,4.60093212127686
Q_000144,MENU_000363,0,8,0.45404940843582153,0.25,0.0,0.25,4.71859407424927
Q_000144,MENU_000010,1,9,0.44001305103302,0.25,0.5,0.25,4.85917997360229
Q_000144,MENU_000011,1,10,0.4398057460784912,0.25,0.5,0.5,4.85917997360229
Q_000144,MENU_000016,1,11,0.43829047679901123,0.25,0.5,0.5,4.85917997360229
Q_000144,MENU_000017,1,12,0.4378271996974945,0.25,0.5,0.25,4.85917997360229
Q_000144,MENU_000014,1,13,0.42662811279296875,0.25,0.5,0.5,4.85917997360229
Q_000144,MENU_000322,0,14,0.40530407428741455,0.25,0.0,0.0,4.60093212127686
Q_000144,MENU_000339,0,15,0.40530407428741455,0.25,0.0,0.0,4.71902799606323
Q_000144,MENU_000286,0,16,0.4016282856464386,0.25,0.0,0.0,4.65069389343262
Q_000144,MENU_001253,0,17,0.3957996070384979,0.25,0.0,0.25,4.75340223312378
Q_000144,MENU_002497,0,18,0.39087235927581787,0.0,0.25,0.25,4.79312086105347
Q_000144,MENU_001249,0,19,0.3894602358341217,0.25,0.0,0.25,4.75340223312378
Q_000144,MENU_000838,0,20,0.3876582384109497,0.25,0.0,0.0,4.71359920501709
Q_000144,MENU_001252,0,21,0.3875102996826172,0.25,0.0,0.25,4.75340223312378
Q_000144,MENU_000861,0,22,0.38165801763534546,0.25,0.0,0.0,4.8529257774353
Q_000144,MENU_000337,0,23,0.38088133931159973,0.25,0.0,0.25,4.60093212127686
Q_000144,MENU_000500,0,24,0.38033270835876465,0.0,0.0,0.0,4.77500009536743
Q_000144,MENU_000839,0,25,0.37928837537765503,0.25,0.0,0.0,4.71359920501709
Q_000144,MENU_000335,0,26,0.3778604567050934,0.25,0.0,0.25,4.60093212127686
Q_000144,MENU_002549,0,27,0.371753066778183,0.0,0.0,0.0,4.86301422119141
Q_000144,MENU_000338,0,28,0.3708204925060272,0.25,0.0,0.25,4.60093212127686
Q_000144,MENU_001729,0,29,0.37046289443969727,0.25,0.0,0.0,3.84737396240234
Q_000144,MENU_001169,0,30,0.3690832555294037,0.0,0.0,0.25,4.82336378097534
Q_000144,MENU_000560,0,31,0.3674982786178589,0.25,0.0,0.0,4.23846197128296
Q_000144,MENU_001066,0,32,0.36609283089637756,0.25,0.0,0.0,4.25
Q_000144,MENU_000336,0,33,0.3659467399120331,0.25,0.0,0.25,4.60093212127686
Q_000144,MENU_001251,0,34,0.36421841382980347,0.25,0.0,0.25,4.75340223312378
Q_000144,MENU_002295,0,35,0.3627545237541199,0.0,0.0,0.25,4.54545497894287
Q_000144,MENU_002272,0,36,0.36254918575286865,0.25,0.0,0.5,4.58823490142822
Q_000144,MENU_001402,0,37,0.3620781898498535,0.25,0.0,0.0,4.8021821975708
Q_000144,MENU_000503,0,38,0.3598732054233551,0.0,0.0,0.0,4.77500009536743
Q_000144,MENU_000498,0,39,0.3573448657989502,0.0,0.0,0.0,4.77500009536743
Q_000144,MENU_001820,0,40,0.35728299617767334,0.25,0.0,0.0,4.6991171836853
Q_000144,MENU_001071,0,41,0.35664474964141846,0.0,0.0,0.0,4.25
Q_000144,MENU_000772,0,42,0.35358649492263794,0.25,0.0,0.25,4.75563907623291
Q_000144,MENU_000771,0,43,0.35240638256073,0.25,0.0,0.25,4.75563907623291
Q_000144,MENU_001727,0,44,0.34988194704055786,0.25,0.0,0.0,3.84737396240234
Q_000144,MENU_000257,0,45,0.34967705607414246,0.25,0.0,0.0,4.65069389343262
Q_000144,MENU_000836,0,46,0.34743067622184753,0.25,0.0,0.0,4.71359920501709
Q_000144,MENU_002263,0,47,0.34678715467453003,0.25,0.0,0.5,4.58823490142822
Q_000144,MENU_001843,0,48,0.3462282419204712,0.25,0.0,0.0,4.6991171836853
Q_000144,MENU_002656,0,49,0.34406471252441406,0.25,0.0,0.25,4.58833312988281
Q_000144,MENU_000488,0,50,0.34240657091140747,0.0,0.0,0.25,4.77500009536743
Q_000145,MENU_001233,1,1,0.6322907209396362,0.0,0.6,0.0,4.75703001022339
Q_000145,MENU_001230,1,2,0.6257752180099487,0.0,0.6,0.0,4.75703001022339
Q_000145,MENU_001226,1,3,0.6185051202774048,0.0,0.6,0.0,4.75703001022339
Q_000145,MENU_001227,1,4,0.6115851998329163,0.0,0.6,0.0,4.75703001022339
Q_000145,MENU_002609,0,5,0.6073843240737915,0.0,0.2,0.0,4.76699018478394
Q_000145,MENU_001221,1,6,0.6043615937232971,0.0,0.6,0.0,4.75703001022339
Q_000145,MENU_001214,1,7,0.5952894687652588,0.0,0.6,0.0,4.75703001022339
Q_000145,MENU_001229,1,8,0.5852608680725098,0.0,0.6,0.0,4.75703001022339
Q_000145,MENU_002614,0,9,0.5686416625976562,0.0,0.2,0.0,4.76699018478394
Q_000145,MENU_001234,1,10,0.5570489764213562,0.0,0.6,0.0,4.75703001022339
Q_000145,MENU_001112,0,11,0.5315696597099304,0.0,0.2,0.0,4.25
Q_000145,MENU_002606,0,12,0.5279159545898438,0.0,0.2,0.0,4.76699018478394
Q_000145,MENU_002602,0,13,0.522933840751648,0.0,0.2,0.0,4.76699018478394
Q_000145,MENU_002608,0,14,0.5171633958816528,0.0,0.2,0.0,4.76699018478394
Q_000145,MENU_001060,0,15,0.5020946264266968,0.0,0.2,0.0,4.25
Q_000145,MENU_001124,0,16,0.49850112199783325,0.0,0.2,0.0,4.25
Q_000145,MENU_002617,0,17,0.49707186222076416,0.0,0.2,0.0,4.76699018478394
Q_000145,MENU_001080,0,18,0.49477362632751465,0.0,0.2,0.0,4.25
Q_000145,MENU_002612,0,19,0.4940336346626282,0.0,0.2,0.0,4.76699018478394
Q_000145,MENU_002603,0,20,0.49300265312194824,0.0,0.2,0.0,4.76699018478394
Q_000145,MENU_001231,0,21,0.49252206087112427,0.0,0.2,0.0,4.75703001022339
Q_000145,MENU_002607,0,22,0.4882037043571472,0.0,0.2,0.0,4.76699018478394
Q_000145,MENU_001232,0,23,0.4794308543205261,0.0,0.2,0.0,4.75703001022339
Q_000145,MENU_002605,0,24,0.47456520795822144,0.0,0.2,0.0,4.76699018478394
Q_000145,MENU_001237,0,25,0.47365862131118774,0.0,0.2,0.0,4.75703001022339
Q_000145,MENU_001096,0,26,0.4713950455188751,0.0,0.2,0.0,4.25
Q_000145,MENU_002610,0,27,0.46988847851753235,0.0,0.2,0.0,4.76699018478394
Q_000145,MENU_001225,0,28,0.46898114681243896,0.0,0.2,0.0,4.75703001022339
Q_000145,MENU_001238,0,29,0.4671584367752075,0.0,0.2,0.0,4.75703001022339
Q_000145,MENU_002615,0,30,0.46292024850845337,0.0,0.2,0.0,4.76699018478394
Q_000145,MENU_001217,0,31,0.4593532681465149,0.0,0.2,0.0,4.75703001022339
Q_000145,MENU_001215,0,32,0.4566009044647217,0.0,0.2,0.0,4.75703001022339
Q_000145,MENU_001213,0,33,0.4442102313041687,0.0,0.2,0.0,4.75703001022339
Q_000145,MENU_002613,0,34,0.4418853521347046,0.0,0.2,0.0,4.76699018478394
Q_000145,MENU_002611,0,35,0.4331153631210327,0.0,0.2,0.0,4.76699018478394
Q_000145,MENU_001758,0,36,0.4294055700302124,0.0,0.0,0.0,4.81443309783936
Q_000145,MENU_001223,0,37,0.4285343885421753,0.0,0.2,0.0,4.75703001022339
Q_000145,MENU_001757,0,38,0.4281744956970215,0.0,0.0,0.0,4.81443309783936
Q_000145,MENU_002604,0,39,0.4242386221885681,0.0,0.2,0.0,4.76699018478394
Q_000145,MENU_001224,0,40,0.4230871796607971,0.0,0.2,0.0,4.75703001022339
Q_000145,MENU_002616,0,41,0.41618233919143677,0.0,0.2,0.0,4.76699018478394
Q_000145,MENU_002092,0,42,0.41586700081825256,0.0,0.0,0.0,4.71530199050903
Q_000145,MENU_001222,0,43,0.41195541620254517,0.0,0.2,0.0,4.75703001022339
Q_000145,MENU_001228,0,44,0.40870964527130127,0.0,0.2,0.0,4.75703001022339
Q_000145,MENU_000493,0,45,0.38762086629867554,0.0,0.0,0.0,4.77500009536743
Q_000145,MENU_002267,0,46,0.3784753680229187,0.0,0.0,0.0,4.58823490142822
Q_000145,MENU_001548,0,47,0.3776490092277527,0.0,0.0,0.0,4.20552682876587
Q_000145,MENU_001707,0,48,0.3763086795806885,0.0,0.0,0.0,3.84737396240234
Q_000145,MENU_001540,0,49,0.3761420249938965,0.0,0.0,0.0,4.20552682876587
Q_000145,MENU_001212,0,50,0.37556660175323486,0.0,0.0,0.0,4.75703001022339
Q_000146,MENU_002398,0,1,0.49469834566116333,0.0,0.0,0.6666666666666666,4.2142858505249
Q_000146,MENU_002082,1,2,0.44744306802749634,0.0,0.3333333333333333,0.0,4.52205896377563
Q_000146,MENU_002397,0,3,0.4349210262298584,0.0,0.0,0.3333333333333333,4.2142858505249
Q_000146,MENU_000671,0,4,0.4265280067920685,0.0,0.0,0.0,4.72276020050049
Q_000146,MENU_002083,1,5,0.39260828495025635,0.0,0.3333333333333333,0.0,4.52205896377563
Q_000146,MENU_002081,1,6,0.38756319880485535,0.0,0.3333333333333333,0.0,4.52205896377563
Q_000146,MENU_001971,0,7,0.36233025789260864,0.0,0.0,0.0,4.74074077606201
Q_000146,MENU_001961,0,8,0.3523402810096741,0.0,0.0,0.0,4.74074077606201
Q_000146,MENU_001647,0,9,0.3478747606277466,0.0,0.0,0.0,4.58868885040283
Q_000146,MENU_001771,0,10,0.339456170797348,0.0,0.0,0.0,4.81443309783936
Q_000146,MENU_001232,0,11,0.33915334939956665,0.0,0.0,0.0,4.75703001022339
Q_000146,MENU_000667,0,12,0.3385632038116455,0.0,0.0,0.0,4.72276020050049
Q_000146,MENU_002747,0,13,0.3384058475494385,0.0,0.0,0.0,0.0
Q_000146,MENU_001965,0,14,0.3366091251373291,0.0,0.0,0.0,4.74074077606201
Q_000146,MENU_001244,0,15,0.3338516652584076,0.0,0.0,0.0,4.22527122497559
Q_000146,MENU_000542,0,16,0.3327041566371918,0.0,0.0,0.0,4.23846197128296
Q_000146,MENU_002322,0,17,0.33245187997817993,0.0,0.0,0.0,4.681480884552
Q_000146,MENU_000518,0,18,0.33226004242897034,0.0,0.0,0.0,4.63044404983521
Q_000146,MENU_002820,0,19,0.33190661668777466,0.0,0.0,0.0,0.0
Q_000146,MENU_001399,0,20,0.3314300775527954,0.0,0.0,0.0,4.92768096923828
Q_000146,MENU_001763,0,21,0.3275626301765442,0.0,0.0,0.0,4.81443309783936
Q_000146,MENU_002819,0,22,0.32420459389686584,0.0,0.0,0.0,0.0
Q_000146,MENU_000531,0,23,0.32191336154937744,0.0,0.0,0.0,4.8056812286377
Q_000146,MENU_002179,0,24,0.32153892517089844,0.0,0.0,0.0,4.65195322036743
Q_000146,MENU_001962,0,25,0.3214591443538666,0.0,0.0,0.0,4.74074077606201
Q_000146,MENU_000530,0,26,0.3202705383300781,0.0,0.0,0.0,4.80430507659912
Q_000146,MENU_000044,0,27,0.3192567527294159,0.0,0.0,0.0,4.41972017288208
Q_000146,MENU_000296,0,28,0.3178446292877197,0.0,0.0,0.0,4.74418592453003
Q_000146,MENU_002506,0,29,0.31762373447418213,0.0,0.0,0.0,4.78878402709961
Q_000146,MENU_002545,0,30,0.3175513744354248,0.0,0.0,0.0,4.0580267906189
Q_000146,MENU_001968,0,31,0.3165459930896759,0.0,0.0,0.0,4.74074077606201
Q_000146,MENU_002619,0,32,0.3164345622062683,0.0,0.0,0.0,4.66666698455811
Q_000146,MENU_000321,0,33,0.31611597537994385,0.0,0.0,0.0,4.72118997573853
Q_000146,MENU_002073,0,34,0.3150886297225952,0.0,0.0,0.0,4.64740180969238
Q_000146,MENU_002070,0,35,0.3150886297225952,0.0,0.0,0.0,4.66840696334839
Q_000146,MENU_001969,0,36,0.31470155715942383,0.0,0.0,0.0,4.74074077606201
Q_000146,MENU_000506,0,37,0.3120078444480896,0.0,0.0,0.0,4.54321002960205
Q_000146,MENU_000055,0,38,0.3113180994987488,0.0,0.0,0.0,4.82178211212158
Q_000146,MENU_000528,0,39,0.31085681915283203,0.0,0.0,0.0,4.80430507659912
Q_000146,MENU_001431,0,40,0.3099660277366638,0.0,0.0,0.0,4.60449504852295
Q_000146,MENU_000875,0,41,0.30688562989234924,0.0,0.0,0.0,4.66089391708374
Q_000146,MENU_001792,0,42,0.3052407205104828,0.0,0.0,0.0,4.81443309783936
Q_000146,MENU_002057,0,43,0.3043341636657715,0.0,0.0,0.0,4.1811408996582
Q_000146,MENU_000215,0,44,0.3034210205078125,0.0,0.0,0.0,4.0
Q_000146,MENU_001104,0,45,0.30340200662612915,0.0,0.0,0.0,4.25
Q_000146,MENU_002494,0,46,0.3029369115829468,0.0,0.0,0.0,4.79312086105347
Q_000146,MENU_001105,0,47,0.3026670217514038,0.0,0.0,0.0,4.25
Q_000146,MENU_002745,0,48,0.3018600642681122,0.0,0.0,0.0,0.0
Q_000146,MENU_000217,0,49,0.30162930488586426,0.0,0.0,0.0,4.35269689559937
Q_000146,MENU_000497,0,50,0.3004773259162903,0.0,0.0,0.3333333333333333,4.77500009536743
Q_000147,MENU_001408,0,1,0.586108922958374,0.0,0.0,0.0,4.46881008148193
Q_000147,MENU_001055,0,2,0.5814412832260132,0.0,0.0,0.0,4.25
Q_000147,MENU_001036,0,3,0.569236159324646,0.0,0.0,0.0,4.25
Q_000147,MENU_001410,0,4,0.5651018619537354,0.0,0.0,0.0,4.46881008148193
Q_000147,MENU_001407,0,5,0.5621907711029053,0.0,0.0,0.0,4.46881008148193
Q_000147,MENU_001418,0,6,0.5607829689979553,0.0,0.0,0.0,4.46881008148193
Q_000147,MENU_001421,0,7,0.557318925857544,0.0,0.0,0.0,4.46881008148193
Q_000147,MENU_001056,0,8,0.5572026968002319,0.0,0.0,0.0,4.25
Q_000147,MENU_001048,0,9,0.5556676387786865,0.0,0.0,0.0,4.25
Q_000147,MENU_000006,0,10,0.5552873611450195,0.3333333333333333,0.0,0.3333333333333333,4.0
Q_000147,MENU_001049,0,11,0.554721474647522,0.0,0.0,0.0,4.25
Q_000147,MENU_000007,0,12,0.5538321137428284,0.3333333333333333,0.0,0.3333333333333333,4.0
Q_000147,MENU_001975,0,13,0.5534273386001587,0.0,0.0,0.0,4.74074077606201
Q_000147,MENU_001371,0,14,0.5533051490783691,0.0,0.0,0.0,4.75340223312378
Q_000147,MENU_001414,0,15,0.5498621463775635,0.0,0.0,0.0,4.46881008148193
Q_000147,MENU_001094,0,16,0.5472952723503113,0.0,0.0,0.0,4.25
Q_000147,MENU_000142,0,17,0.5467337965965271,0.0,0.0,0.0,4.63380479812622
Q_000147,MENU_001423,0,18,0.5451834797859192,0.0,0.0,0.0,4.46881008148193
Q_000147,MENU_001420,0,19,0.5440435409545898,0.0,0.0,0.0,4.46881008148193
Q_000147,MENU_001964,0,20,0.5414421558380127,0.0,0.0,0.0,4.74074077606201
Q_000147,MENU_001744,0,21,0.5412803888320923,0.0,0.3333333333333333,0.0,4.81443309783936
Q_000147,MENU_001108,0,22,0.5399497747421265,0.0,0.0,0.0,4.25
Q_000147,MENU_001085,0,23,0.5398401021957397,0.0,0.0,0.0,4.25
Q_000147,MENU_001969,0,24,0.5385452508926392,0.0,0.0,0.0,4.74074077606201
Q_000147,MENU_001973,0,25,0.5381118655204773,0.0,0.0,0.0,4.74074077606201
Q_000147,MENU_001406,0,26,0.5376269817352295,0.0,0.0,0.0,4.46881008148193
Q_000147,MENU_001084,0,27,0.5373814105987549,0.0,0.0,0.0,4.25
Q_000147,MENU_000702,0,28,0.5373057126998901,0.0,0.0,0.0,4.72276020050049
Q_000147,MENU_001416,0,29,0.5372704267501831,0.0,0.0,0.0,4.46881008148193
Q_000147,MENU_001062,0,30,0.5366990566253662,0.0,0.0,0.0,4.25
Q_000147,MENU_001059,0,31,0.5359674096107483,0.0,0.0,0.0,4.25
Q_000147,MENU_001090,0,32,0.5356649160385132,0.0,0.0,0.0,4.25
Q_000147,MENU_001063,0,33,0.5348945260047913,0.0,0.0,0.0,4.25
Q_000147,MENU_000558,0,34,0.5336641073226929,0.0,0.0,0.0,4.23846197128296
Q_000147,MENU_001372,0,35,0.533545970916748,0.0,0.0,0.0,4.75340223312378
Q_000147,MENU_001053,0,36,0.5321091413497925,0.0,0.0,0.0,4.25
Q_000147,MENU_001083,0,37,0.5317201614379883,0.0,0.0,0.0,4.25
Q_000147,MENU_001422,0,38,0.5312262773513794,0.0,0.0,0.0,4.46881008148193
Q_000147,MENU_001097,0,39,0.531083881855011,0.0,0.0,0.0,4.25
Q_000147,MENU_001082,0,40,0.5310764312744141,0.0,0.0,0.0,4.25
Q_000147,MENU_002633,0,41,0.5307688117027283,0.0,0.0,0.0,4.58833312988281
Q_000147,MENU_001282,0,42,0.5307098627090454,0.0,0.0,0.0,4.75340223312378
Q_000147,MENU_000184,0,43,0.530518651008606,0.0,0.0,0.0,4.63380479812622
Q_000147,MENU_001722,0,44,0.5303773880004883,0.0,0.0,0.0,3.84737396240234
Q_000147,MENU_001409,0,45,0.5301984548568726,0.0,0.0,0.0,4.46881008148193
Q_000147,MENU_001038,0,46,0.5275090932846069,0.0,0.0,0.0,4.25
Q_000147,MENU_001721,0,47,0.5273071527481079,0.0,0.0,0.0,3.84737396240234
Q_000147,MENU_002652,0,48,0.526422381401062,0.0,0.0,0.0,4.58833312988281
Q_000147,MENU_001100,0,49,0.5259215831756592,0.0,0.0,0.0,4.25
Q_000147,MENU_001263,0,50,0.5251563191413879,0.0,0.0,0.0,4.75340223312378
Q_000148,MENU_000527,0,1,0.5152105093002319,0.0,0.0,0.0,4.8056812286377
Q_000148,MENU_002062,1,2,0.5120376348495483,0.0,0.3333333333333333,0.0,4.77914094924927
Q_000148,MENU_000563,0,3,0.5020222067832947,0.0,0.0,0.0,3.98560500144959
Q_000148,MENU_002543,1,4,0.5020076632499695,0.0,0.3333333333333333,0.0,4.0580267906189
Q_000148,MENU_001502,1,5,0.48464545607566833,0.0,0.3333333333333333,0.0,4.26522302627563
Q_000148,MENU_000528,0,6,0.4787561595439911,0.0,0.0,0.0,4.80430507659912
Q_000148,MENU_002546,1,7,0.47827619314193726,0.0,0.3333333333333333,0.0,4.0580267906189
Q_000148,MENU_000566,0,8,0.4734005928039551,0.0,0.0,0.0,3.98560500144959
Q_000148,MENU_002274,0,9,0.47245633602142334,0.0,0.0,0.0,4.58823490142822
Q_000148,MENU_001400,0,10,0.4649044871330261,0.0,0.3333333333333333,0.0,4.59437894821167
Q_000148,MENU_001725,0,11,0.4633379578590393,0.0,0.0,0.0,3.84737396240234
Q_000148,MENU_000530,0,12,0.4630679488182068,0.0,0.0,0.0,4.80430507659912
Q_000148,MENU_002545,1,13,0.4608994126319885,0.0,0.3333333333333333,0.0,4.0580267906189
Q_000148,MENU_002059,1,14,0.45682746171951294,0.0,0.3333333333333333,0.0,4.77914094924927
Q_000148,MENU_000704,1,15,0.45391568541526794,0.0,0.3333333333333333,0.0,4.72276020050049
Q_000148,MENU_000587,0,16,0.4462495446205139,0.0,0.0,0.3333333333333333,4.80404376983643
Q_000148,MENU_000537,0,17,0.4419924318790436,0.0,0.3333333333333333,0.0,4.23846197128296
Q_000148,MENU_000559,0,18,0.4412859380245209,0.0,0.3333333333333333,0.0,4.23846197128296
Q_000148,MENU_002060,1,19,0.43956342339515686,0.0,0.3333333333333333,0.0,4.77914094924927
Q_000148,MENU_000478,0,20,0.4363078773021698,0.0,0.0,0.0,4.68128681182861
Q_000148,MENU_000538,0,21,0.4362404942512512,0.0,0.3333333333333333,0.0,4.23846197128296
Q_000148,MENU_001232,0,22,0.4343896210193634,0.0,0.0,0.0,4.75703001022339
Q_000148,MENU_001133,0,23,0.43388962745666504,0.0,0.3333333333333333,0.0,4.67459297180176
Q_000148,MENU_001666,0,24,0.4335956573486328,0.0,0.0,0.0,3.84737396240234
Q_000148,MENU_001726,0,25,0.43237221240997314,0.0,0.0,0.0,3.84737396240234
Q_000148,MENU_002063,1,26,0.43125635385513306,0.0,0.3333333333333333,0.0,4.77914094924927
Q_000148,MENU_001628,0,27,0.42818138003349304,0.0,0.0,0.0,4.58868885040283
Q_000148,MENU_000565,0,28,0.4279482960700989,0.0,0.0,0.0,3.98560500144959
Q_000148,MENU_002268,0,29,0.42763835191726685,0.0,0.0,0.0,4.58823490142822
Q_000148,MENU_002293,0,30,0.42696499824523926,0.0,0.0,0.0,4.58823490142822
Q_000148,MENU_000876,0,31,0.4260033369064331,0.0,0.0,0.0,0.0
Q_000148,MENU_002397,0,32,0.42476946115493774,0.0,0.3333333333333333,0.3333333333333333,4.2142858505249
Q_000148,MENU_001374,0,33,0.4246571660041809,0.0,0.3333333333333333,0.0,4.75340223312378
Q_000148,MENU_001730,0,34,0.4214015007019043,0.0,0.0,0.0,3.84737396240234
Q_000148,MENU_000529,0,35,0.41898104548454285,0.0,0.0,0.0,4.8056812286377
Q_000148,MENU_002292,0,36,0.4189637303352356,0.0,0.0,0.0,4.58823490142822
Q_000148,MENU_000189,0,37,0.4170682728290558,0.0,0.3333333333333333,0.0,4.63380479812622
Q_000148,MENU_001789,0,38,0.4119827151298523,0.0,0.0,0.0,4.81443309783936
Q_000148,MENU_002256,1,39,0.41165387630462646,0.0,0.3333333333333333,0.0,4.72893619537354
Q_000148,MENU_002018,1,40,0.4093245267868042,0.0,0.3333333333333333,0.0,4.1811408996582
Q_000148,MENU_002061,1,41,0.4089372456073761,0.0,0.3333333333333333,0.0,4.77914094924927
Q_000148,MENU_001676,0,42,0.40842902660369873,0.0,0.0,0.0,3.84737396240234
Q_000148,MENU_000408,0,43,0.4068981111049652,0.0,0.0,0.0,4.68128681182861
Q_000148,MENU_001624,0,44,0.40362393856048584,0.0,0.0,0.0,4.58868885040283
Q_000148,MENU_000556,0,45,0.4028092622756958,0.0,0.3333333333333333,0.0,4.23846197128296
Q_000148,MENU_002703,0,46,0.4020143449306488,0.0,0.0,0.0,4.78461503982544
Q_000148,MENU_002502,0,47,0.4003821611404419,0.0,0.0,0.0,4.78250598907471
Q_000148,MENU_000398,0,48,0.39990901947021484,0.0,0.0,0.0,4.68128681182861
Q_000148,MENU_002398,0,49,0.3997555375099182,0.0,0.3333333333333333,0.6666666666666666,4.2142858505249
Q_000148,MENU_002005,1,50,0.3995082378387451,0.0,0.3333333333333333,0.0,4.1811408996582
Q_000149,MENU_000293,0,1,0.4926510155200958,0.0,0.3333333333333333,0.0,4.74764919281006
Q_000149,MENU_000881,1,2,0.4791398346424103,0.3333333333333333,0.6666666666666666,0.0,4.0
Q_000149,MENU_000971,1,3,0.4772782623767853,0.3333333333333333,0.6666666666666666,0.0,4.0
Q_000149,MENU_000955,1,4,0.47668910026550293,0.3333333333333333,0.6666666666666666,0.0,4.0
Q_000149,MENU_000905,1,5,0.47347962856292725,0.3333333333333333,0.6666666666666666,0.0,4.0
Q_000149,MENU_000963,1,6,0.4704512357711792,0.3333333333333333,0.6666666666666666,0.0,4.0
Q_000149,MENU_000893,1,7,0.4698433578014374,0.3333333333333333,0.6666666666666666,0.0,4.0
Q_000149,MENU_000994,1,8,0.46072614192962646,0.3333333333333333,0.6666666666666666,0.0,4.0
Q_000149,MENU_000948,1,9,0.4570921063423157,0.3333333333333333,0.6666666666666666,0.0,4.0
Q_000149,MENU_000965,1,10,0.45652830600738525,0.3333333333333333,0.6666666666666666,0.0,4.0
Q_000149,MENU_000983,1,11,0.45550981163978577,0.3333333333333333,0.6666666666666666,0.0,4.0
Q_000149,MENU_000967,1,12,0.4532344937324524,0.3333333333333333,0.6666666666666666,0.0,4.0
Q_000149,MENU_000894,1,13,0.4507422149181366,0.0,0.6666666666666666,0.0,4.0
Q_000149,MENU_001811,0,14,0.43848535418510437,0.0,0.0,0.3333333333333333,4.6991171836853
Q_000149,MENU_000968,1,15,0.4335300028324127,0.3333333333333333,0.6666666666666666,0.0,4.0
Q_000149,MENU_001812,0,16,0.433487206697464,0.0,0.0,0.3333333333333333,4.6991171836853
Q_000149,MENU_000922,0,17,0.41993340849876404,0.3333333333333333,0.0,0.0,4.0
Q_000149,MENU_000901,0,18,0.409770667552948,0.0,0.3333333333333333,0.0,4.0
Q_000149,MENU_000902,0,19,0.39975547790527344,0.0,0.3333333333333333,0.0,4.0
Q_000149,MENU_001814,0,20,0.3946629762649536,0.0,0.0,0.3333333333333333,4.6991171836853
Q_000149,MENU_001815,0,21,0.3893660604953766,0.0,0.0,0.3333333333333333,4.6991171836853
Q_000149,MENU_000972,0,22,0.3809071183204651,0.0,0.3333333333333333,0.0,4.0
Q_000149,MENU_001490,0,23,0.37921595573425293,0.3333333333333333,0.0,0.0,4.7914719581604
Q_000149,MENU_001986,0,24,0.370351642370224,0.0,0.0,0.0,4.59150314331055
Q_000149,MENU_002514,0,25,0.36873406171798706,0.0,0.3333333333333333,0.0,4.66060876846313
Q_000149,MENU_000904,0,26,0.3603082299232483,0.0,0.3333333333333333,0.0,4.0
Q_000149,MENU_001983,0,27,0.3569954037666321,0.0,0.0,0.0,4.59150314331055
Q_000149,MENU_000956,0,28,0.3548929691314697,0.0,0.3333333333333333,0.0,4.0
Q_000149,MENU_000555,0,29,0.35419490933418274,0.3333333333333333,0.0,0.0,4.23846197128296
Q_000149,MENU_002773,0,30,0.34631025791168213,0.0,0.0,0.0,0.0
Q_000149,MENU_000957,0,31,0.3450639843940735,0.0,0.3333333333333333,0.0,4.0
Q_000149,MENU_000975,0,32,0.34019264578819275,0.0,0.0,0.0,4.0
Q_000149,MENU_000951,0,33,0.3349444568157196,0.0,0.3333333333333333,0.0,4.0
Q_000149,MENU_000942,0,34,0.3341692090034485,0.0,0.3333333333333333,0.0,4.0
Q_000149,MENU_000412,0,35,0.33410733938217163,0.0,0.0,0.0,4.68128681182861
Q_000149,MENU_000976,0,36,0.3278159201145172,0.0,0.0,0.0,4.0
Q_000149,MENU_000413,0,37,0.3271191418170929,0.0,0.0,0.0,4.68128681182861
Q_000149,MENU_000044,0,38,0.3247346878051758,0.0,0.0,0.0,4.41972017288208
Q_000149,MENU_002515,0,39,0.3190932869911194,0.0,0.3333333333333333,0.0,4.66060876846313
Q_000149,MENU_000673,0,40,0.31856387853622437,0.0,0.0,0.0,4.72276020050049
Q_000149,MENU_000981,0,41,0.31670302152633667,0.0,0.3333333333333333,0.0,4.0
Q_000149,MENU_000411,0,42,0.313277006149292,0.0,0.0,0.0,4.68128681182861
Q_000149,MENU_001747,0,43,0.30924680829048157,0.0,0.0,0.0,4.81443309783936
Q_000149,MENU_002620,0,44,0.30553334951400757,0.0,0.0,0.3333333333333333,4.65250015258789
Q_000149,MENU_000143,0,45,0.3046357035636902,0.0,0.0,0.0,4.63380479812622
Q_000149,MENU_001903,0,46,0.302669882774353,0.0,0.0,0.0,4.35897397994995
Q_000149,MENU_002786,0,47,0.2977284789085388,0.0,0.0,0.0,0.0
Q_000149,MENU_000033,0,48,0.2975587844848633,0.0,0.0,0.0,4.83308601379395
Q_000149,MENU_002467,0,49,0.2901003658771515,0.0,0.0,0.0,4.68452405929565
Q_000149,MENU_002068,0,50,0.2885367274284363,0.0,0.0,0.0,4.56661987304688
Q_000150,MENU_001180,1,1,0.468533456325531,0.0,0.6,0.2,4.82336378097534
Q_000150,MENU_002244,0,2,0.46646249294281006,0.2,0.0,0.0,4.65195322036743
Q_000150,MENU_001181,1,3,0.4576389789581299,0.0,0.6,0.2,4.82336378097534
Q_000150,MENU_002249,0,4,0.4535166621208191,0.0,0.0,0.2,4.65195322036743
Q_000150,MENU_001182,1,5,0.4510025978088379,0.0,0.6,0.2,4.82336378097534
Q_000150,MENU_002183,0,6,0.4502860903739929,0.2,0.0,0.0,4.65195322036743
Q_000150,MENU_001184,1,7,0.4459904432296753,0.0,0.6,0.2,4.82336378097534
Q_000150,MENU_002185,0,8,0.44330713152885437,0.2,0.0,0.0,4.65195322036743
Q_000150,MENU_002184,0,9,0.4318585991859436,0.0,0.0,0.0,4.65195322036743
Q_000150,MENU_001187,1,10,0.42783039808273315,0.0,0.6,0.2,4.82336378097534
Q_000150,MENU_002225,0,11,0.4229961037635803,0.0,0.0,0.0,4.65195322036743
Q_000150,MENU_001179,1,12,0.4220615029335022,0.0,0.6,0.2,4.82336378097534
Q_000150,MENU_001802,0,13,0.4213138818740845,0.0,0.0,0.0,4.6991171836853
Q_000150,MENU_001803,0,14,0.4194183349609375,0.0,0.0,0.0,4.6991171836853
Q_000150,MENU_002599,0,15,0.41898784041404724,0.2,0.0,0.0,4.67702722549438
Q_000150,MENU_002600,0,16,0.4175724387168884,0.2,0.0,0.0,4.67702722549438
Q_000150,MENU_002190,0,17,0.4171289801597595,0.0,0.0,0.0,4.65195322036743
Q_000150,MENU_001185,1,18,0.4165966808795929,0.0,0.6,0.2,4.82336378097534
Q_000150,MENU_002207,0,19,0.41636502742767334,0.0,0.0,0.2,4.65195322036743
Q_000150,MENU_002181,0,20,0.4158039689064026,0.0,0.0,0.2,4.65195322036743
Q_000150,MENU_002246,0,21,0.4156893193721771,0.2,0.0,0.0,4.65195322036743
Q_000150,MENU_001816,0,22,0.41228678822517395,0.0,0.0,0.2,4.6991171836853
Q_000150,MENU_002218,0,23,0.41122373938560486,0.0,0.0,0.0,4.65195322036743
Q_000150,MENU_002248,0,24,0.40699321031570435,0.2,0.0,0.0,4.65195322036743
Q_000150,MENU_002189,0,25,0.4052128195762634,0.0,0.0,0.2,4.65195322036743
Q_000150,MENU_001186,1,26,0.4020242393016815,0.0,0.6,0.2,4.82336378097534
Q_000150,MENU_002250,0,27,0.3979876935482025,0.0,0.0,0.2,4.65195322036743
Q_000150,MENU_002194,0,28,0.39526939392089844,0.0,0.0,0.0,4.65195322036743
Q_000150,MENU_002222,0,29,0.39466962218284607,0.0,0.0,0.0,4.65195322036743
Q_000150,MENU_001865,0,30,0.3944459557533264,0.2,0.0,0.0,4.6991171836853
Q_000150,MENU_001884,0,31,0.39336442947387695,0.0,0.0,0.0,4.6991171836853
Q_000150,MENU_002205,0,32,0.3929876685142517,0.0,0.0,0.0,4.65195322036743
Q_000150,MENU_002188,0,33,0.39243683218955994,0.0,0.0,0.0,4.65195322036743
Q_000150,MENU_002245,0,34,0.39233866333961487,0.2,0.0,0.0,4.65195322036743
Q_000150,MENU_001183,1,35,0.3907647728919983,0.0,0.6,0.2,4.82336378097534
Q_000150,MENU_001173,0,36,0.39036592841148376,0.0,0.0,0.2,4.82336378097534
Q_000150,MENU_002168,0,37,0.3900265395641327,0.0,0.0,0.0,4.65195322036743
Q_000150,MENU_002247,0,38,0.3890710771083832,0.2,0.0,0.0,4.65195322036743
Q_000150,MENU_002169,0,39,0.3886703550815582,0.0,0.0,0.0,4.65195322036743
Q_000150,MENU_002331,0,40,0.3868427872657776,0.0,0.0,0.2,4.79864883422852
Q_000150,MENU_001759,0,41,0.38544535636901855,0.0,0.0,0.0,4.81443309783936
Q_000150,MENU_002228,0,42,0.3845885992050171,0.0,0.0,0.0,4.65195322036743
Q_000150,MENU_002178,0,43,0.3844746947288513,0.0,0.0,0.2,4.65195322036743
Q_000150,MENU_001163,0,44,0.38399675488471985,0.0,0.0,0.2,4.82336378097534
Q_000150,MENU_001721,0,45,0.3837030529975891,0.0,0.0,0.0,3.84737396240234
Q_000150,MENU_001853,0,46,0.3835555911064148,0.0,0.0,0.2,4.6991171836853
Q_000150,MENU_001699,0,47,0.3822759985923767,0.0,0.0,0.0,3.84737396240234
Q_000150,MENU_002518,0,48,0.38104116916656494,0.0,0.0,0.0,4.38983106613159
Q_000150,MENU_002203,0,49,0.38082605600357056,0.0,0.0,0.0,4.65195322036743
Q_000150,MENU_002374,0,50,0.3800834119319916,0.0,0.0,0.0,4.57420492172241
Q_000151,MENU_002487,1,1,0.4158908724784851,0.0,0.3333333333333333,0.0,4.68452405929565
Q_000151,MENU_002478,1,2,0.40455004572868347,0.0,0.3333333333333333,0.0,4.68452405929565
Q_000151,MENU_002467,1,3,0.4002021849155426,0.0,0.3333333333333333,0.0,4.68452405929565
Q_000151,MENU_002481,1,4,0.39985841512680054,0.0,0.3333333333333333,0.0,4.68452405929565
Q_000151,MENU_002485,1,5,0.38988131284713745,0.0,0.3333333333333333,0.0,4.68452405929565
Q_000151,MENU_002468,1,6,0.3793610632419586,0.0,0.3333333333333333,0.0,4.68452405929565
Q_000151,MENU_002473,1,7,0.3780316412448883,0.0,0.3333333333333333,0.0,4.68452405929565
Q_000151,MENU_000592,0,8,0.3746509253978729,0.0,0.3333333333333333,0.0,4.64431381225586
Q_000151,MENU_002477,1,9,0.3692917823791504,0.0,0.3333333333333333,0.0,4.68452405929565
Q_000151,MENU_002472,1,10,0.3682170510292053,0.0,0.3333333333333333,0.0,4.68452405929565
Q_000151,MENU_002484,1,11,0.36593061685562134,0.0,0.3333333333333333,0.0,4.68452405929565
Q_000151,MENU_000243,0,12,0.36222147941589355,0.0,0.3333333333333333,0.0,4.14949178695679
Q_000151,MENU_002480,1,13,0.36179208755493164,0.0,0.3333333333333333,0.0,4.68452405929565
Q_000151,MENU_002476,1,14,0.35597389936447144,0.0,0.3333333333333333,0.0,4.68452405929565
Q_000151,MENU_001732,0,15,0.35550105571746826,0.0,0.0,0.3333333333333333,4.7578501701355
Q_000151,MENU_002407,0,16,0.35325711965560913,0.0,0.3333333333333333,0.0,4.2142858505249
Q_000151,MENU_001782,0,17,0.3518398106098175,0.0,0.3333333333333333,0.0,4.81443309783936
Q_000151,MENU_002479,1,18,0.3504642844200134,0.0,0.3333333333333333,0.0,4.68452405929565
Q_000151,MENU_002471,1,19,0.3468742370605469,0.0,0.3333333333333333,0.0,4.68452405929565
Q_000151,MENU_000294,0,20,0.34531137347221375,0.0,0.3333333333333333,0.0,4.74418592453003
Q_000151,MENU_000643,0,21,0.34446588158607483,0.0,0.3333333333333333,0.0,4.64431381225586
Q_000151,MENU_000603,0,22,0.34277692437171936,0.0,0.3333333333333333,0.0,4.64431381225586
Q_000151,MENU_000296,0,23,0.3414086401462555,0.0,0.3333333333333333,0.0,4.74418592453003
Q_000151,MENU_001591,0,24,0.3412114381790161,0.0,0.0,0.3333333333333333,4.70322608947754
Q_000151,MENU_001784,0,25,0.33902695775032043,0.0,0.3333333333333333,0.0,4.81443309783936
Q_000151,MENU_000596,0,26,0.3374103903770447,0.0,0.3333333333333333,0.0,4.64431381225586
Q_000151,MENU_002470,1,27,0.3365947902202606,0.0,0.3333333333333333,0.0,4.68452405929565
Q_000151,MENU_002544,0,28,0.3351835012435913,0.0,0.0,0.3333333333333333,4.0580267906189
Q_000151,MENU_001650,0,29,0.33398234844207764,0.0,0.0,0.0,4.58868885040283
Q_000151,MENU_001783,0,30,0.33223044872283936,0.0,0.3333333333333333,0.0,4.81443309783936
Q_000151,MENU_000614,0,31,0.33169102668762207,0.0,0.3333333333333333,0.0,4.64431381225586
Q_000151,MENU_002482,1,32,0.3301597237586975,0.0,0.3333333333333333,0.0,4.68452405929565
Q_000151,MENU_001511,0,33,0.3291581869125366,0.0,0.3333333333333333,0.0,4.49779605865479
Q_000151,MENU_002483,1,34,0.3268938660621643,0.0,0.3333333333333333,0.0,4.68452405929565
Q_000151,MENU_002772,0,35,0.32519516348838806,0.0,0.3333333333333333,0.0,0.0
Q_000151,MENU_000553,0,36,0.3246934413909912,0.0,0.3333333333333333,0.0,4.23846197128296
Q_000151,MENU_001392,0,37,0.3241637945175171,0.0,0.3333333333333333,0.0,4.75340223312378
Q_000151,MENU_001778,0,38,0.3238823413848877,0.0,0.3333333333333333,0.0,4.81443309783936
Q_000151,MENU_001338,0,39,0.3234143853187561,0.0,0.3333333333333333,0.0,4.75340223312378
Q_000151,MENU_001785,0,40,0.32315176725387573,0.0,0.3333333333333333,0.0,4.81443309783936
Q_000151,MENU_001014,0,41,0.3218819499015808,0.0,0.0,0.0,4.65962409973145
Q_000151,MENU_000639,0,42,0.3217031955718994,0.0,0.3333333333333333,0.0,4.64431381225586
Q_000151,MENU_002398,0,43,0.32082316279411316,0.0,0.0,0.6666666666666666,4.2142858505249
Q_000151,MENU_001777,0,44,0.3194102644920349,0.0,0.3333333333333333,0.0,4.81443309783936
Q_000151,MENU_000717,0,45,0.31761080026626587,0.0,0.3333333333333333,0.0,4.31238794326782
Q_000151,MENU_002805,0,46,0.31588998436927795,0.0,0.3333333333333333,0.0,0.0
Q_000151,MENU_000593,0,47,0.31389886140823364,0.0,0.3333333333333333,0.0,4.64431381225586
Q_000151,MENU_000864,0,48,0.31337547302246094,0.0,0.3333333333333333,0.0,4.85320281982422
Q_000151,MENU_000650,0,49,0.31300851702690125,0.0,0.3333333333333333,0.0,4.72276020050049
Q_000151,MENU_001961,0,50,0.31152665615081787,0.0,0.3333333333333333,0.0,4.74074077606201
Q_000152,MENU_002423,1,1,0.6451672911643982,0.0,0.6666666666666666,0.0,4.2142858505249
Q_000152,MENU_002377,1,2,0.6451672911643982,0.0,0.6666666666666666,0.0,4.57420492172241
Q_000152,MENU_002426,1,3,0.6242154836654663,0.0,0.6666666666666666,0.3333333333333333,4.2142858505249
Q_000152,MENU_002381,1,4,0.6242154836654663,0.0,0.6666666666666666,0.3333333333333333,4.57420492172241
Q_000152,MENU_002416,1,5,0.6183236837387085,0.0,0.6666666666666666,0.3333333333333333,4.2142858505249
Q_000152,MENU_002370,1,6,0.6183236837387085,0.0,0.6666666666666666,0.3333333333333333,4.57420492172241
Q_000152,MENU_002419,1,7,0.6059750914573669,0.0,0.6666666666666666,0.3333333333333333,4.2142858505249
Q_000152,MENU_002373,1,8,0.6059750914573669,0.0,0.6666666666666666,0.3333333333333333,4.57420492172241
Q_000152,MENU_001262,0,9,0.5873708724975586,0.0,0.3333333333333333,0.0,4.75340223312378
Q_000152,MENU_001263,0,10,0.5863998532295227,0.0,0.3333333333333333,0.0,4.75340223312378
Q_000152,MENU_001351,0,11,0.5790418386459351,0.0,0.0,0.0,4.75340223312378
Q_000152,MENU_002409,1,12,0.5781753063201904,0.0,0.6666666666666666,0.0,4.2142858505249
Q_000152,MENU_002400,1,13,0.5653669834136963,0.0,0.6666666666666666,0.3333333333333333,4.2142858505249
Q_000152,MENU_002357,1,14,0.5653669834136963,0.0,0.6666666666666666,0.3333333333333333,4.57420492172241
Q_000152,MENU_001371,0,15,0.5652652978897095,0.0,0.0,0.0,4.75340223312378
Q_000152,MENU_002363,1,16,0.5601466298103333,0.0,0.6666666666666666,0.0,4.57420492172241
Q_000152,MENU_002406,1,17,0.5601466298103333,0.0,0.6666666666666666,0.0,4.2142858505249
Q_000152,MENU_001353,0,18,0.559424638748169,0.0,0.0,0.0,4.75340223312378
Q_000152,MENU_002374,1,19,0.5589247941970825,0.0,0.6666666666666666,0.0,4.57420492172241
Q_000152,MENU_002420,1,20,0.5589247941970825,0.0,0.6666666666666666,0.0,4.2142858505249
Q_000152,MENU_002391,0,21,0.550264835357666,0.0,0.0,0.0,4.2142858505249
Q_000152,MENU_002348,0,22,0.550264835357666,0.0,0.0,0.0,4.57420492172241
Q_000152,MENU_001969,0,23,0.5479181408882141,0.0,0.0,0.0,4.74074077606201
Q_000152,MENU_002105,0,24,0.5434789061546326,0.3333333333333333,0.0,0.0,4.07968902587891
Q_000152,MENU_001359,0,25,0.5424242615699768,0.0,0.3333333333333333,0.0,4.75340223312378
Q_000152,MENU_001294,0,26,0.5419012308120728,0.0,0.3333333333333333,0.0,4.75340223312378
Q_000152,MENU_002696,0,27,0.5406440496444702,0.0,0.3333333333333333,0.0,4.78461503982544
Q_000152,MENU_001293,0,28,0.5363218784332275,0.0,0.3333333333333333,0.0,4.75340223312378
Q_000152,MENU_001975,0,29,0.5335459113121033,0.0,0.0,0.0,4.74074077606201
Q_000152,MENU_001418,0,30,0.5319911241531372,0.0,0.3333333333333333,0.0,4.46881008148193
Q_000152,MENU_001325,0,31,0.5302178859710693,0.0,0.3333333333333333,0.0,4.75340223312378
Q_000152,MENU_000246,0,32,0.5301186442375183,0.0,0.0,0.0,4.14949178695679
Q_000152,MENU_001332,0,33,0.5299334526062012,0.0,0.0,0.0,4.75340223312378
Q_000152,MENU_002404,1,34,0.5298417806625366,0.0,0.6666666666666666,0.0,4.2142858505249
Q_000152,MENU_002361,1,35,0.5298417806625366,0.0,0.6666666666666666,0.0,4.57420492172241
Q_000152,MENU_001340,0,36,0.5274502635002136,0.0,0.3333333333333333,0.0,4.75340223312378
Q_000152,MENU_001358,0,37,0.5271925330162048,0.0,0.3333333333333333,0.0,4.75340223312378
Q_000152,MENU_002414,1,38,0.5266457796096802,0.0,0.6666666666666666,0.0,4.2142858505249
Q_000152,MENU_002368,1,39,0.5266457796096802,0.0,0.6666666666666666,0.0,4.57420492172241
Q_000152,MENU_001281,0,40,0.5246258974075317,0.0,0.3333333333333333,0.0,4.75340223312378
Q_000152,MENU_001038,0,41,0.5244883298873901,0.0,0.3333333333333333,0.0,4.25
Q_000152,MENU_000523,0,42,0.5240263938903809,0.0,0.3333333333333333,0.0,4.63044404983521
Q_000152,MENU_002366,1,43,0.5238651633262634,0.0,0.6666666666666666,0.0,4.57420492172241
Q_000152,MENU_002411,1,44,0.5238651633262634,0.0,0.6666666666666666,0.0,4.2142858505249
Q_000152,MENU_001339,0,45,0.5238114595413208,0.0,0.3333333333333333,0.0,4.75340223312378
Q_000152,MENU_001420,0,46,0.5237707495689392,0.0,0.3333333333333333,0.0,4.46881008148193
Q_000152,MENU_001393,0,47,0.5222170948982239,0.0,0.3333333333333333,0.0,4.75340223312378
Q_000152,MENU_002016,0,48,0.5215410590171814,0.0,0.3333333333333333,0.0,4.1811408996582
Q_000152,MENU_001324,0,49,0.5209231376647949,0.0,0.3333333333333333,0.0,4.75340223312378
Q_000152,MENU_001394,0,50,0.5206499099731445,0.0,0.3333333333333333,0.0,4.75340223312378
Q_000153,MENU_001905,0,1,0.6189526319503784,0.0,0.0,0.0,4.35897397994995
Q_000153,MENU_001346,1,2,0.6121288537979126,0.0,0.5,0.0,4.75340223312378
Q_000153,MENU_000290,0,3,0.6100661754608154,0.0,0.5,0.0,4.65069389343262
Q_000153,MENU_001345,1,4,0.6089500188827515,0.0,0.5,0.0,4.75340223312378
Q_000153,MENU_001070,0,5,0.6070136427879333,0.0,0.5,0.0,4.25
Q_000153,MENU_001106,0,6,0.6050705909729004,0.0,0.5,0.0,4.25
Q_000153,MENU_001320,1,7,0.6020672917366028,0.0,0.5,0.0,4.75340223312378
Q_000153,MENU_001380,1,8,0.6004140377044678,0.0,0.5,0.0,4.75340223312378
Q_000153,MENU_002187,0,9,0.5948363542556763,0.0,0.0,0.0,4.65195322036743
Q_000153,MENU_001963,0,10,0.594416618347168,0.0,0.5,0.0,4.74074077606201
Q_000153,MENU_000320,0,11,0.5888477563858032,0.0,0.5,0.0,4.74902009963989
Q_000153,MENU_000319,0,12,0.5886253118515015,0.0,0.5,0.0,4.74902009963989
Q_000153,MENU_001321,0,13,0.585307240486145,0.0,0.0,0.0,4.75340223312378
Q_000153,MENU_000572,0,14,0.5850048065185547,0.0,0.5,0.0,4.48866987228394
Q_000153,MENU_000567,0,15,0.5773228406906128,0.0,0.5,0.0,4.48866987228394
Q_000153,MENU_001974,0,16,0.5762548446655273,0.0,0.5,0.0,4.74074077606201
Q_000153,MENU_001896,0,17,0.575867772102356,0.0,0.0,0.0,5.0
Q_000153,MENU_001579,0,18,0.5727019309997559,0.0,0.0,0.0,4.88386678695679
Q_000153,MENU_001047,0,19,0.5708404779434204,0.0,0.5,0.0,4.25
Q_000153,MENU_002684,0,20,0.570181131362915,0.0,0.0,0.0,4.78461503982544
Q_000153,MENU_000122,1,21,0.5660802721977234,0.0,0.5,0.0,4.63380479812622
Q_000153,MENU_000192,1,22,0.5613373517990112,0.0,0.5,0.0,4.63380479812622
Q_000153,MENU_001612,0,23,0.5610126852989197,0.0,0.0,0.0,0.0
Q_000153,MENU_001254,0,24,0.5594308376312256,0.0,0.0,0.0,4.75340223312378
Q_000153,MENU_000648,0,25,0.5591648817062378,0.0,0.5,0.0,4.72259521484375
Q_000153,MENU_000130,1,26,0.5578058958053589,0.0,0.5,0.0,4.63380479812622
Q_000153,MENU_000371,0,27,0.5572817325592041,0.0,0.5,0.0,4.71902799606323
Q_000153,MENU_001055,0,28,0.5554881691932678,0.0,0.5,0.0,4.25
Q_000153,MENU_001280,0,29,0.555038571357727,0.0,0.0,0.0,4.75340223312378
Q_000153,MENU_001886,0,30,0.5518351793289185,0.0,0.5,0.0,4.6991171836853
Q_000153,MENU_001342,1,31,0.5511807203292847,0.0,0.5,0.0,4.75340223312378
Q_000153,MENU_001048,0,32,0.550400972366333,0.0,0.5,0.0,4.25
Q_000153,MENU_001337,0,33,0.5497504472732544,0.0,0.0,0.0,4.75340223312378
Q_000153,MENU_001343,1,34,0.5477132797241211,0.0,0.5,0.0,4.75340223312378
Q_000153,MENU_001973,0,35,0.5473382472991943,0.0,0.5,0.0,4.74074077606201
Q_000153,MENU_002119,0,36,0.5473055839538574,0.0,0.5,0.0,4.64444398880005
Q_000153,MENU_000188,1,37,0.5463484525680542,0.0,0.5,0.0,4.63380479812622
Q_000153,MENU_000133,1,38,0.5463048815727234,0.0,0.5,0.0,4.63380479812622
Q_000153,MENU_001980,0,39,0.5442566871643066,0.0,0.0,0.0,4.6097559928894
Q_000153,MENU_001855,0,40,0.5435598492622375,0.0,0.5,0.0,4.6991171836853
Q_000153,MENU_001029,0,41,0.543130099773407,0.0,0.0,0.0,4.25
Q_000153,MENU_000129,1,42,0.5410150289535522,0.0,0.5,0.0,4.63380479812622
Q_000153,MENU_001289,1,43,0.5393046140670776,0.0,0.5,0.0,4.75340223312378
Q_000153,MENU_001063,0,44,0.5357333421707153,0.0,0.5,0.0,4.25
Q_000153,MENU_000696,0,45,0.5347559452056885,0.0,0.0,0.0,4.72259521484375
Q_000153,MENU_001895,0,46,0.5333390831947327,0.0,0.0,0.0,5.0
Q_000153,MENU_001056,0,47,0.5304645895957947,0.0,0.5,0.0,4.25
Q_000153,MENU_001288,1,48,0.5198026299476624,0.0,0.5,0.0,4.75340223312378
Q_000153,MENU_001042,0,49,0.5188001990318298,0.0,0.5,0.0,4.25
Q_000153,MENU_001392,0,50,0.5184077024459839,0.0,0.0,0.0,4.75340223312378
Q_000154,MENU_001581,0,1,0.5108893513679504,0.0,0.0,0.0,4.88310480117798
Q_000154,MENU_001252,0,2,0.494791716337204,0.0,0.0,0.0,4.75340223312378
Q_000154,MENU_000332,0,3,0.4836328625679016,0.0,0.5,0.0,4.60093212127686
Q_000154,MENU_000363,0,4,0.4836328625679016,0.0,0.5,0.0,4.71859407424927
Q_000154,MENU_001249,0,5,0.4826281666755676,0.0,0.0,0.0,4.75340223312378
Q_000154,MENU_001727,0,6,0.4806338846683502,0.0,0.5,0.0,3.84737396240234
Q_000154,MENU_000560,0,7,0.478031724691391,0.0,0.0,0.0,4.23846197128296
Q_000154,MENU_000286,0,8,0.4746086001396179,0.0,0.0,0.0,4.65069389343262
Q_000154,MENU_001729,0,9,0.4712066054344177,0.0,0.5,0.0,3.84737396240234
Q_000154,MENU_002282,0,10,0.47033798694610596,0.0,0.0,0.0,4.58823490142822
Q_000154,MENU_002259,0,11,0.46921074390411377,0.0,0.0,0.0,4.58823490142822
Q_000154,MENU_002291,0,12,0.4687667787075043,0.0,0.0,0.0,4.54545497894287
Q_000154,MENU_000116,0,13,0.4686099886894226,0.0,0.0,0.0,3.0
Q_000154,MENU_002295,0,14,0.46468842029571533,0.0,0.0,0.0,4.54545497894287
Q_000154,MENU_002308,0,15,0.464211642742157,0.0,0.0,0.0,4.54545497894287
Q_000154,MENU_000547,0,16,0.46180155873298645,0.0,0.0,0.0,4.23846197128296
Q_000154,MENU_000364,0,17,0.4609985947608948,0.0,0.5,0.0,4.71902799606323
Q_000154,MENU_000333,0,18,0.4609985947608948,0.0,0.5,0.0,4.60093212127686
Q_000154,MENU_002304,0,19,0.4575716257095337,0.0,0.0,0.0,4.58823490142822
Q_000154,MENU_000322,0,20,0.4570830762386322,0.0,0.5,0.0,4.60093212127686
Q_000154,MENU_000339,0,21,0.4570830762386322,0.0,0.5,0.0,4.71902799606323
Q_000154,MENU_000653,0,22,0.4565194249153137,0.0,0.0,0.0,4.72276020050049
Q_000154,MENU_002156,0,23,0.4562041759490967,0.0,0.5,0.0,4.64444398880005
Q_000154,MENU_002296,0,24,0.454620361328125,0.0,0.0,0.0,4.54545497894287
Q_000154,MENU_000287,0,25,0.45340508222579956,0.0,0.0,0.0,4.65069389343262
Q_000154,MENU_002004,0,26,0.45274609327316284,0.0,0.0,0.0,4.1811408996582
Q_000154,MENU_001733,0,27,0.4521617889404297,0.0,0.0,0.0,4.81443309783936
Q_000154,MENU_002125,0,28,0.44966548681259155,0.0,0.5,0.0,4.64444398880005
Q_000154,MENU_001112,0,29,0.44859403371810913,0.0,0.0,0.0,4.25
Q_000154,MENU_000274,0,30,0.4472680687904358,0.0,0.0,0.0,4.65069389343262
Q_000154,MENU_000774,0,31,0.4463998079299927,0.0,0.0,0.0,4.60988092422485
Q_000154,MENU_001987,0,32,0.4463544487953186,0.0,0.0,0.0,4.59150314331055
Q_000154,MENU_001080,0,33,0.4429173767566681,0.0,0.0,0.0,4.25
Q_000154,MENU_001564,0,34,0.4423840641975403,0.0,0.0,0.0,4.88310480117798
Q_000154,MENU_000842,0,35,0.441962867975235,0.0,0.5,0.0,4.71359920501709
Q_000154,MENU_001250,0,36,0.44151008129119873,0.0,0.0,0.0,4.75340223312378
Q_000154,MENU_000113,0,37,0.4406391978263855,0.0,0.0,0.0,3.0
Q_000154,MENU_001169,0,38,0.43846702575683594,0.0,0.5,0.0,4.82336378097534
Q_000154,MENU_000703,0,39,0.4382445812225342,0.0,0.0,0.0,4.72276020050049
Q_000154,MENU_002287,0,40,0.4375271499156952,0.0,0.5,0.0,4.58823490142822
Q_000154,MENU_001251,0,41,0.43732064962387085,0.0,0.0,0.0,4.75340223312378
Q_000154,MENU_000256,0,42,0.4370282292366028,0.0,0.0,0.0,4.65069389343262
Q_000154,MENU_001734,0,43,0.43584686517715454,0.0,0.0,0.0,4.81443309783936
Q_000154,MENU_001757,0,44,0.4355524778366089,0.0,0.0,0.0,4.81443309783936
Q_000154,MENU_000117,0,45,0.43340638279914856,0.0,0.0,0.0,3.0
Q_000154,MENU_002285,0,46,0.43339985609054565,0.0,0.5,0.0,4.58823490142822
Q_000154,MENU_000718,0,47,0.4325929582118988,0.0,0.0,0.0,4.31238794326782
Q_000154,MENU_000345,0,48,0.43088769912719727,0.0,0.5,0.0,4.71902799606323
Q_000154,MENU_000323,0,49,0.43088769912719727,0.0,0.5,0.0,4.60093212127686
Q_000154,MENU_001520,0,50,0.43065309524536133,0.0,0.0,0.0,4.20552682876587
Q_000155,MENU_001233,1,1,0.6048665642738342,0.0,0.75,0.0,4.75703001022339
Q_000155,MENU_001230,1,2,0.5862202644348145,0.0,0.75,0.0,4.75703001022339
Q_000155,MENU_001226,1,3,0.5802772045135498,0.0,0.75,0.0,4.75703001022339
Q_000155,MENU_001221,1,4,0.5695459842681885,0.0,0.75,0.0,4.75703001022339
Q_000155,MENU_002609,0,5,0.5624140501022339,0.0,0.25,0.0,4.76699018478394
Q_000155,MENU_001227,1,6,0.5622923970222473,0.0,0.75,0.0,4.75703001022339
Q_000155,MENU_001214,1,7,0.5614655613899231,0.0,0.75,0.0,4.75703001022339
Q_000155,MENU_001229,1,8,0.5477966666221619,0.0,0.75,0.0,4.75703001022339
Q_000155,MENU_001234,1,9,0.5406723022460938,0.0,0.75,0.0,4.75703001022339
Q_000155,MENU_002614,0,10,0.5341136455535889,0.0,0.25,0.0,4.76699018478394
Q_000155,MENU_002606,0,11,0.5116000771522522,0.0,0.25,0.0,4.76699018478394
Q_000155,MENU_002608,0,12,0.4984874129295349,0.0,0.25,0.0,4.76699018478394
Q_000155,MENU_001112,0,13,0.49267393350601196,0.0,0.25,0.0,4.25
Q_000155,MENU_002602,0,14,0.48364877700805664,0.0,0.25,0.0,4.76699018478394
Q_000155,MENU_001237,0,15,0.4729122221469879,0.0,0.25,0.0,4.75703001022339
Q_000155,MENU_002617,0,16,0.4660464823246002,0.0,0.25,0.0,4.76699018478394
Q_000155,MENU_001124,0,17,0.45665526390075684,0.0,0.25,0.0,4.25
Q_000155,MENU_002607,0,18,0.4552192687988281,0.0,0.25,0.0,4.76699018478394
Q_000155,MENU_001060,0,19,0.454319566488266,0.0,0.25,0.0,4.25
Q_000155,MENU_002615,0,20,0.45411416888237,0.0,0.25,0.0,4.76699018478394
Q_000155,MENU_001080,0,21,0.452613890171051,0.0,0.25,0.0,4.25
Q_000155,MENU_001231,0,22,0.45067471265792847,0.0,0.25,0.0,4.75703001022339
Q_000155,MENU_002612,0,23,0.4498994052410126,0.0,0.25,0.0,4.76699018478394
Q_000155,MENU_001225,0,24,0.44363173842430115,0.0,0.25,0.0,4.75703001022339
Q_000155,MENU_001217,0,25,0.44237375259399414,0.0,0.25,0.0,4.75703001022339
Q_000155,MENU_002605,0,26,0.4407879412174225,0.0,0.25,0.0,4.76699018478394
Q_000155,MENU_002603,0,27,0.44002765417099,0.0,0.25,0.0,4.76699018478394
Q_000155,MENU_002610,0,28,0.435319185256958,0.0,0.25,0.0,4.76699018478394
Q_000155,MENU_001215,0,29,0.4349626898765564,0.0,0.25,0.0,4.75703001022339
Q_000155,MENU_001232,0,30,0.4341491460800171,0.0,0.25,0.0,4.75703001022339
Q_000155,MENU_001238,0,31,0.43191125988960266,0.0,0.25,0.0,4.75703001022339
Q_000155,MENU_001096,0,32,0.42305105924606323,0.0,0.25,0.0,4.25
Q_000155,MENU_002613,0,33,0.4182785451412201,0.0,0.25,0.0,4.76699018478394
Q_000155,MENU_001213,0,34,0.40824782848358154,0.0,0.25,0.0,4.75703001022339
Q_000155,MENU_002604,0,35,0.4036645293235779,0.0,0.25,0.0,4.76699018478394
Q_000155,MENU_002611,0,36,0.3999452590942383,0.0,0.25,0.0,4.76699018478394
Q_000155,MENU_001222,0,37,0.3956373631954193,0.0,0.25,0.0,4.75703001022339
Q_000155,MENU_001223,0,38,0.39349886775016785,0.0,0.25,0.0,4.75703001022339
Q_000155,MENU_001224,0,39,0.39307650923728943,0.0,0.25,0.0,4.75703001022339
Q_000155,MENU_002616,0,40,0.3841526508331299,0.0,0.25,0.0,4.76699018478394
Q_000155,MENU_001758,0,41,0.3817865252494812,0.0,0.0,0.0,4.81443309783936
Q_000155,MENU_001757,0,42,0.3805919289588928,0.0,0.0,0.0,4.81443309783936
Q_000155,MENU_002309,0,43,0.3741058111190796,0.0,0.0,0.0,4.67123317718506
Q_000155,MENU_002267,0,44,0.370732843875885,0.0,0.0,0.0,4.58823490142822
Q_000155,MENU_001228,0,45,0.3680831789970398,0.0,0.25,0.0,4.75703001022339
Q_000155,MENU_002092,0,46,0.3639782965183258,0.0,0.0,0.0,4.71530199050903
Q_000155,MENU_002299,0,47,0.3595126271247864,0.0,0.0,0.0,4.58823490142822
Q_000155,MENU_002264,0,48,0.3570255637168884,0.0,0.0,0.0,4.58823490142822
Q_000155,MENU_001759,0,49,0.3566628098487854,0.0,0.0,0.0,4.81443309783936
Q_000155,MENU_000493,0,50,0.35614490509033203,0.0,0.0,0.0,4.77500009536743
Q_000156,MENU_000126,1,1,0.6615002751350403,0.25,0.5,0.0,4.63380479812622
Q_000156,MENU_000127,1,2,0.6398314237594604,0.25,0.5,0.0,4.63380479812622
Q_000156,MENU_000185,1,3,0.6363996267318726,0.25,0.5,0.0,4.63380479812622
Q_000156,MENU_000132,1,4,0.6215983629226685,0.25,0.5,0.0,4.63380479812622
Q_000156,MENU_000149,1,5,0.6129870414733887,0.25,0.5,0.0,4.63380479812622
Q_000156,MENU_000128,1,6,0.603008508682251,0.25,0.5,0.0,4.63380479812622
Q_000156,MENU_000145,1,7,0.5999841690063477,0.0,0.5,0.0,4.63380479812622
Q_000156,MENU_000578,0,8,0.5997540354728699,0.0,0.0,0.0,4.48866987228394
Q_000156,MENU_000134,1,9,0.593560516834259,0.0,0.5,0.0,4.63380479812622
Q_000156,MENU_002679,0,10,0.5920652747154236,0.0,0.0,0.0,4.7348837852478
Q_000156,MENU_002456,0,11,0.5909575819969177,0.0,0.25,0.0,4.77699613571167
Q_000156,MENU_002443,0,12,0.5816729068756104,0.0,0.25,0.0,4.77699613571167
Q_000156,MENU_000640,0,13,0.5805538892745972,0.0,0.25,0.0,4.64431381225586
Q_000156,MENU_002475,0,14,0.5745562314987183,0.0,0.0,0.0,4.68452405929565
Q_000156,MENU_002466,0,15,0.5744631886482239,0.0,0.25,0.0,4.77699613571167
Q_000156,MENU_002637,0,16,0.569809079170227,0.0,0.25,0.0,4.58833312988281
Q_000156,MENU_001531,0,17,0.5694168210029602,0.25,0.0,0.25,4.20552682876587
Q_000156,MENU_000609,0,18,0.5682582259178162,0.0,0.25,0.0,4.64431381225586
Q_000156,MENU_000611,0,19,0.567748486995697,0.0,0.25,0.0,4.64431381225586
Q_000156,MENU_002488,0,20,0.5670820474624634,0.0,0.0,0.0,4.68452405929565
Q_000156,MENU_000588,0,21,0.5667091608047485,0.0,0.25,0.0,4.64431381225586
Q_000156,MENU_002460,0,22,0.5664144158363342,0.0,0.25,0.0,4.77699613571167
Q_000156,MENU_002655,0,23,0.5648795366287231,0.25,0.25,0.0,4.58833312988281
Q_000156,MENU_002657,0,24,0.5643188953399658,0.0,0.25,0.0,4.58833312988281
Q_000156,MENU_001786,0,25,0.5640863180160522,0.0,0.0,0.0,4.81443309783936
Q_000156,MENU_000800,0,26,0.5640284419059753,0.0,0.25,0.0,4.64895582199097
Q_000156,MENU_000641,0,27,0.5628957748413086,0.0,0.25,0.0,4.64431381225586
Q_000156,MENU_000594,0,28,0.5624533891677856,0.0,0.25,0.0,4.64431381225586
Q_000156,MENU_002465,0,29,0.5623891353607178,0.0,0.25,0.0,4.77699613571167
Q_000156,MENU_002621,0,30,0.5619539022445679,0.0,0.25,0.0,4.58833312988281
Q_000156,MENU_000604,0,31,0.5619429349899292,0.0,0.25,0.0,4.64431381225586
Q_000156,MENU_002462,0,32,0.5594629049301147,0.0,0.25,0.0,4.77699613571167
Q_000156,MENU_002442,0,33,0.5591874122619629,0.0,0.25,0.0,4.77699613571167
Q_000156,MENU_001546,0,34,0.5580252408981323,0.25,0.0,0.25,4.20552682876587
Q_000156,MENU_002473,0,35,0.5570175647735596,0.0,0.0,0.0,4.68452405929565
Q_000156,MENU_002850,0,36,0.5564416646957397,0.0,0.0,0.25,0.0
Q_000156,MENU_001507,0,37,0.5551331043243408,0.0,0.25,0.0,4.26522302627563
Q_000156,MENU_001499,0,38,0.5542623996734619,0.25,0.0,0.25,4.26522302627563
Q_000156,MENU_000584,0,39,0.5534042119979858,0.25,0.0,0.0,4.49110698699951
Q_000156,MENU_001093,0,40,0.551197350025177,0.0,0.25,0.0,4.25
Q_000156,MENU_002457,0,41,0.5511294603347778,0.0,0.25,0.0,4.77699613571167
Q_000156,MENU_000152,1,42,0.5506641864776611,0.0,0.5,0.0,4.63380479812622
Q_000156,MENU_000597,0,43,0.5503276586532593,0.0,0.25,0.0,4.64431381225586
Q_000156,MENU_002638,0,44,0.5495065450668335,0.0,0.25,0.0,4.58833312988281
Q_000156,MENU_000183,1,45,0.5489177703857422,0.0,0.5,0.0,4.63380479812622
Q_000156,MENU_000085,0,46,0.5480135679244995,0.0,0.25,0.0,4.77519416809082
Q_000156,MENU_002469,0,47,0.5474330186843872,0.0,0.0,0.0,4.68452405929565
Q_000156,MENU_002444,0,48,0.5468886494636536,0.0,0.25,0.0,4.77699613571167
Q_000156,MENU_002472,0,49,0.5466195344924927,0.0,0.0,0.0,4.68452405929565
Q_000156,MENU_002659,0,50,0.5450205206871033,0.0,0.25,0.0,4.58833312988281
Q_000157,MENU_000553,1,1,0.6139672994613647,0.0,0.6666666666666666,0.0,4.23846197128296
Q_000157,MENU_000554,1,2,0.6095924377441406,0.0,0.6666666666666666,0.0,4.23846197128296
Q_000157,MENU_000540,1,3,0.6049672365188599,0.0,0.6666666666666666,0.0,4.23846197128296
Q_000157,MENU_000562,1,4,0.5991033315658569,0.0,0.6666666666666666,0.0,4.23846197128296
Q_000157,MENU_000551,1,5,0.5898487567901611,0.0,0.6666666666666666,0.0,4.23846197128296
Q_000157,MENU_000541,1,6,0.5765728950500488,0.0,0.6666666666666666,0.0,4.23846197128296
Q_000157,MENU_000552,1,7,0.5722652673721313,0.0,0.6666666666666666,0.0,4.23846197128296
Q_000157,MENU_000557,1,8,0.5678403973579407,0.0,0.6666666666666666,0.0,4.23846197128296
Q_000157,MENU_000545,1,9,0.5666335821151733,0.0,0.6666666666666666,0.0,4.23846197128296
Q_000157,MENU_000561,0,10,0.5640559196472168,0.3333333333333333,0.3333333333333333,0.0,4.23846197128296
Q_000157,MENU_001131,0,11,0.5611567497253418,0.3333333333333333,0.0,0.3333333333333333,4.63961410522461
Q_000157,MENU_002487,0,12,0.5561460256576538,0.0,0.3333333333333333,0.0,4.68452405929565
Q_000157,MENU_000558,1,13,0.5536103844642639,0.0,0.6666666666666666,0.0,4.23846197128296
Q_000157,MENU_002478,0,14,0.5414636731147766,0.0,0.3333333333333333,0.0,4.68452405929565
Q_000157,MENU_000548,0,15,0.5315291881561279,0.0,0.3333333333333333,0.0,4.23846197128296
Q_000157,MENU_002481,0,16,0.5312165021896362,0.0,0.3333333333333333,0.0,4.68452405929565
Q_000157,MENU_002476,0,17,0.52592933177948,0.0,0.3333333333333333,0.0,4.68452405929565
Q_000157,MENU_000531,0,18,0.5205588340759277,0.3333333333333333,0.0,0.0,4.8056812286377
Q_000157,MENU_000303,0,19,0.511812686920166,0.0,0.0,0.3333333333333333,4.29166698455811
Q_000157,MENU_001782,0,20,0.5092262625694275,0.0,0.3333333333333333,0.0,4.81443309783936
Q_000157,MENU_000592,0,21,0.5070863962173462,0.0,0.3333333333333333,0.0,4.64431381225586
Q_000157,MENU_002505,0,22,0.5070288181304932,0.0,0.0,0.0,4.61388111114502
Q_000157,MENU_000550,0,23,0.5066021084785461,0.0,0.3333333333333333,0.0,4.23846197128296
Q_000157,MENU_002485,0,24,0.504902720451355,0.0,0.3333333333333333,0.0,4.68452405929565
Q_000157,MENU_000543,0,25,0.5046337842941284,0.3333333333333333,0.3333333333333333,0.0,4.23846197128296
Q_000157,MENU_001973,0,26,0.5030763149261475,0.0,0.0,0.0,4.74074077606201
Q_000157,MENU_002484,0,27,0.4996424615383148,0.0,0.3333333333333333,0.0,4.68452405929565
Q_000157,MENU_000301,0,28,0.49854958057403564,0.0,0.0,0.3333333333333333,4.29166698455811
Q_000157,MENU_000305,0,29,0.49606016278266907,0.0,0.0,0.3333333333333333,4.29166698455811
Q_000157,MENU_000309,0,30,0.4904743432998657,0.0,0.0,0.3333333333333333,4.29166698455811
Q_000157,MENU_000555,0,31,0.4902414381504059,0.0,0.3333333333333333,0.0,4.23846197128296
Q_000157,MENU_002467,0,32,0.489787757396698,0.0,0.3333333333333333,0.0,4.68452405929565
Q_000157,MENU_001255,0,33,0.4878654181957245,0.0,0.0,0.0,4.75340223312378
Q_000157,MENU_001256,0,34,0.4862605929374695,0.0,0.0,0.0,4.75340223312378
Q_000157,MENU_000304,0,35,0.4859083890914917,0.0,0.0,0.3333333333333333,4.29166698455811
Q_000157,MENU_000539,0,36,0.4841059446334839,0.0,0.3333333333333333,0.0,4.23846197128296
Q_000157,MENU_001783,0,37,0.4835878014564514,0.0,0.3333333333333333,0.0,4.81443309783936
Q_000157,MENU_000302,0,38,0.4833258390426636,0.0,0.0,0.3333333333333333,4.29166698455811
Q_000157,MENU_000307,0,39,0.47790610790252686,0.0,0.0,0.3333333333333333,4.29166698455811
Q_000157,MENU_002694,0,40,0.47652727365493774,0.0,0.0,0.0,4.78461503982544
Q_000157,MENU_000542,0,41,0.47600919008255005,0.0,0.3333333333333333,0.0,4.23846197128296
Q_000157,MENU_001780,0,42,0.4757949411869049,0.0,0.3333333333333333,0.0,4.81443309783936
Q_000157,MENU_001111,0,43,0.47534051537513733,0.0,0.0,0.0,4.25
Q_000157,MENU_001390,0,44,0.47212570905685425,0.0,0.0,0.0,4.75340223312378
Q_000157,MENU_002468,0,45,0.471127986907959,0.0,0.3333333333333333,0.0,4.68452405929565
Q_000157,MENU_002470,0,46,0.47025203704833984,0.0,0.3333333333333333,0.0,4.68452405929565
Q_000157,MENU_000306,0,47,0.4693726599216461,0.0,0.0,0.3333333333333333,4.29166698455811
Q_000157,MENU_000310,0,48,0.46889954805374146,0.0,0.0,0.3333333333333333,4.29166698455811
Q_000157,MENU_000559,0,49,0.4669291377067566,0.0,0.3333333333333333,0.0,4.23846197128296
Q_000157,MENU_001966,0,50,0.4667850434780121,0.0,0.3333333333333333,0.0,4.74074077606201
Q_000158,MENU_001276,0,1,0.6419806480407715,0.0,0.0,0.0,4.75340223312378
Q_000158,MENU_001272,0,2,0.6373608708381653,0.0,0.0,0.0,4.75340223312378
Q_000158,MENU_000572,0,3,0.6353427171707153,0.0,0.0,0.0,4.48866987228394
Q_000158,MENU_000567,0,4,0.6233142018318176,0.0,0.0,0.0,4.48866987228394
Q_000158,MENU_001047,0,5,0.6179970502853394,0.0,0.0,0.0,4.25
Q_000158,MENU_001320,0,6,0.6164386868476868,0.0,0.0,0.0,4.75340223312378
Q_000158,MENU_001309,0,7,0.6142027378082275,0.0,0.0,0.0,4.75340223312378
Q_000158,MENU_001106,0,8,0.6094264388084412,0.0,0.0,0.0,4.25
Q_000158,MENU_000320,0,9,0.5961158275604248,0.0,0.0,0.0,4.74902009963989
Q_000158,MENU_001267,0,10,0.5938066244125366,0.0,0.0,0.0,4.75340223312378
Q_000158,MENU_001274,0,11,0.5935057401657104,0.0,0.0,0.0,4.75340223312378
Q_000158,MENU_001048,0,12,0.5920889973640442,0.0,0.0,0.0,4.25
Q_000158,MENU_001518,1,13,0.591246485710144,0.0,0.6666666666666666,0.0,4.65221118927002
Q_000158,MENU_001886,0,14,0.5895407199859619,0.0,0.0,0.0,4.6991171836853
Q_000158,MENU_001855,0,15,0.5894544124603271,0.0,0.0,0.0,4.6991171836853
Q_000158,MENU_001070,0,16,0.5884692072868347,0.0,0.0,0.0,4.25
Q_000158,MENU_000150,0,17,0.5870876908302307,0.0,0.0,0.0,4.63380479812622
Q_000158,MENU_001055,0,18,0.5797727108001709,0.0,0.0,0.0,4.25
Q_000158,MENU_002187,0,19,0.5786035656929016,0.0,0.0,0.0,4.65195322036743
Q_000158,MENU_001380,0,20,0.5779320001602173,0.0,0.0,0.0,4.75340223312378
Q_000158,MENU_000151,0,21,0.5767844915390015,0.0,0.0,0.0,4.63380479812622
Q_000158,MENU_001517,1,22,0.575467586517334,0.0,0.6666666666666666,0.0,4.65221118927002
Q_000158,MENU_001307,0,23,0.5731895565986633,0.0,0.0,0.0,4.75340223312378
Q_000158,MENU_001056,0,24,0.5709023475646973,0.0,0.0,0.0,4.25
Q_000158,MENU_001268,0,25,0.5690100789070129,0.0,0.0,0.0,4.75340223312378
Q_000158,MENU_001053,0,26,0.5680807828903198,0.0,0.0,0.0,4.25
Q_000158,MENU_001305,0,27,0.567247748374939,0.0,0.0,0.0,4.75340223312378
Q_000158,MENU_000290,0,28,0.5650544166564941,0.0,0.0,0.0,4.65069389343262
Q_000158,MENU_001254,0,29,0.5650326013565063,0.0,0.0,0.0,4.75340223312378
Q_000158,MENU_001579,0,30,0.5645707249641418,0.0,0.0,0.0,4.88386678695679
Q_000158,MENU_000573,0,31,0.5642845630645752,0.0,0.0,0.0,4.49110698699951
Q_000158,MENU_001280,0,32,0.5636229515075684,0.0,0.0,0.0,4.75340223312378
Q_000158,MENU_000319,0,33,0.5632545948028564,0.0,0.0,0.0,4.74902009963989
Q_000158,MENU_000693,0,34,0.5621152520179749,0.0,0.0,0.0,4.72276020050049
Q_000158,MENU_002578,0,35,0.561790943145752,0.0,0.0,0.0,4.67702722549438
Q_000158,MENU_000699,0,36,0.5607301592826843,0.0,0.0,0.0,4.72276020050049
Q_000158,MENU_001337,0,37,0.5603170394897461,0.0,0.0,0.0,4.75340223312378
Q_000158,MENU_001515,1,38,0.5601136684417725,0.0,0.6666666666666666,0.0,4.65221118927002
Q_000158,MENU_001321,0,39,0.5584836602210999,0.0,0.0,0.0,4.75340223312378
Q_000158,MENU_001436,0,40,0.5580708980560303,0.0,0.0,0.0,4.60264015197754
Q_000158,MENU_001896,0,41,0.5579046010971069,0.0,0.0,0.0,5.0
Q_000158,MENU_000696,0,42,0.5576224327087402,0.0,0.0,0.0,4.72259521484375
Q_000158,MENU_002252,0,43,0.5575609803199768,0.0,0.0,0.0,4.65195322036743
Q_000158,MENU_001895,0,44,0.5562189221382141,0.0,0.0,0.0,5.0
Q_000158,MENU_000695,0,45,0.5558544397354126,0.0,0.0,0.0,4.72276020050049
Q_000158,MENU_001452,0,46,0.5555200576782227,0.0,0.0,0.0,4.60264015197754
Q_000158,MENU_001457,0,47,0.5527653694152832,0.0,0.0,0.0,4.60264015197754
Q_000158,MENU_001974,0,48,0.5501472353935242,0.0,0.0,0.0,4.74074077606201
Q_000158,MENU_001963,0,49,0.5491004586219788,0.0,0.0,0.0,4.74074077606201
Q_000158,MENU_001031,0,50,0.548997163772583,0.0,0.0,0.0,4.25
Q_000159,MENU_002409,0,1,0.6644947528839111,0.3333333333333333,0.3333333333333333,0.3333333333333333,4.2142858505249
Q_000159,MENU_002420,0,2,0.6598639488220215,0.3333333333333333,0.3333333333333333,0.3333333333333333,4.2142858505249
Q_000159,MENU_002374,0,3,0.6598639488220215,0.3333333333333333,0.3333333333333333,0.3333333333333333,4.57420492172241
Q_000159,MENU_001294,0,4,0.6536090970039368,0.3333333333333333,0.3333333333333333,0.0,4.75340223312378
Q_000159,MENU_000246,0,5,0.6533102989196777,0.3333333333333333,0.0,0.3333333333333333,4.14949178695679
Q_000159,MENU_000366,0,6,0.6503046751022339,0.3333333333333333,0.0,0.3333333333333333,4.71902799606323
Q_000159,MENU_002105,0,7,0.6475054621696472,0.3333333333333333,0.3333333333333333,0.3333333333333333,4.07968902587891
Q_000159,MENU_000375,0,8,0.6285678148269653,0.3333333333333333,0.0,0.3333333333333333,4.71902799606323
Q_000159,MENU_002016,1,9,0.6283737421035767,0.3333333333333333,0.6666666666666666,0.3333333333333333,4.1811408996582
Q_000159,MENU_001975,0,10,0.6213530898094177,0.3333333333333333,0.0,0.0,4.74074077606201
Q_000159,MENU_002017,1,11,0.6175477504730225,0.3333333333333333,0.6666666666666666,0.3333333333333333,4.1811408996582
Q_000159,MENU_001293,0,12,0.6174432039260864,0.3333333333333333,0.3333333333333333,0.0,4.75340223312378
Q_000159,MENU_001681,0,13,0.6165121793746948,0.3333333333333333,0.0,0.0,3.84737396240234
Q_000159,MENU_001324,0,14,0.6161768436431885,0.3333333333333333,0.3333333333333333,0.0,4.75340223312378
Q_000159,MENU_002012,1,15,0.6152339577674866,0.3333333333333333,0.6666666666666666,0.3333333333333333,4.1811408996582
Q_000159,MENU_001290,0,16,0.6087232828140259,0.3333333333333333,0.3333333333333333,0.3333333333333333,4.75340223312378
Q_000159,MENU_000179,0,17,0.603074312210083,0.3333333333333333,0.3333333333333333,0.3333333333333333,4.63380479812622
Q_000159,MENU_001969,0,18,0.6001867055892944,0.3333333333333333,0.0,0.0,4.74074077606201
Q_000159,MENU_002121,0,19,0.5955964922904968,0.3333333333333333,0.3333333333333333,0.3333333333333333,4.64444398880005
Q_000159,MENU_001323,0,20,0.5929985046386719,0.3333333333333333,0.3333333333333333,0.3333333333333333,4.75340223312378
Q_000159,MENU_001361,0,21,0.5918865203857422,0.3333333333333333,0.3333333333333333,0.3333333333333333,4.75340223312378
Q_000159,MENU_001291,0,22,0.5882731676101685,0.3333333333333333,0.3333333333333333,0.3333333333333333,4.75340223312378
Q_000159,MENU_000355,0,23,0.5853821635246277,0.3333333333333333,0.0,0.3333333333333333,4.71902799606323
Q_000159,MENU_002040,1,24,0.5840296745300293,0.3333333333333333,0.6666666666666666,0.3333333333333333,4.1811408996582
Q_000159,MENU_001360,0,25,0.5830910205841064,0.3333333333333333,0.3333333333333333,0.3333333333333333,4.75340223312378
Q_000159,MENU_001296,0,26,0.5825622081756592,0.3333333333333333,0.3333333333333333,0.3333333333333333,4.75340223312378
Q_000159,MENU_002128,0,27,0.5684542059898376,0.3333333333333333,0.3333333333333333,0.0,4.64444398880005
Q_000159,MENU_001255,0,28,0.5656956434249878,0.0,0.3333333333333333,0.0,4.75340223312378
Q_000159,MENU_001049,0,29,0.5634535551071167,0.3333333333333333,0.3333333333333333,0.3333333333333333,4.25
Q_000159,MENU_002010,1,30,0.5627341270446777,0.3333333333333333,0.6666666666666666,0.3333333333333333,4.1811408996582
Q_000159,MENU_001722,0,31,0.561495840549469,0.3333333333333333,0.0,0.0,3.84737396240234
Q_000159,MENU_001721,0,32,0.5598765015602112,0.3333333333333333,0.0,0.0,3.84737396240234
Q_000159,MENU_000346,0,33,0.5595124959945679,0.3333333333333333,0.0,0.3333333333333333,4.71902799606323
Q_000159,MENU_001365,0,34,0.558748722076416,0.0,0.3333333333333333,0.0,4.75340223312378
Q_000159,MENU_001263,0,35,0.554761528968811,0.0,0.3333333333333333,0.0,4.75340223312378
Q_000159,MENU_001388,0,36,0.5547580718994141,0.0,0.3333333333333333,0.0,4.75340223312378
Q_000159,MENU_001680,0,37,0.5535358190536499,0.3333333333333333,0.0,0.0,3.84737396240234
Q_000159,MENU_001387,0,38,0.5532240271568298,0.0,0.3333333333333333,0.0,4.75340223312378
Q_000159,MENU_000354,0,39,0.5520482659339905,0.0,0.0,0.3333333333333333,4.71902799606323
Q_000159,MENU_001357,0,40,0.5515540838241577,0.0,0.3333333333333333,0.0,4.75340223312378
Q_000159,MENU_001683,0,41,0.5506638288497925,0.3333333333333333,0.0,0.0,3.84737396240234
Q_000159,MENU_001420,0,42,0.5492453575134277,0.0,0.3333333333333333,0.0,4.46881008148193
Q_000159,MENU_001993,0,43,0.549169659614563,0.3333333333333333,0.0,0.3333333333333333,4.11591005325317
Q_000159,MENU_001295,0,44,0.547924280166626,0.3333333333333333,0.3333333333333333,0.3333333333333333,4.75340223312378
Q_000159,MENU_001996,0,45,0.5478469729423523,0.3333333333333333,0.0,0.3333333333333333,4.11591005325317
Q_000159,MENU_001262,0,46,0.5468733310699463,0.0,0.3333333333333333,0.0,4.75340223312378
Q_000159,MENU_001363,0,47,0.5468339323997498,0.0,0.3333333333333333,0.3333333333333333,4.75340223312378
Q_000159,MENU_001595,0,48,0.5447617769241333,0.3333333333333333,0.3333333333333333,0.3333333333333333,4.87649393081665
Q_000159,MENU_001351,0,49,0.5424793362617493,0.0,0.0,0.0,4.75340223312378
Q_000159,MENU_001289,0,50,0.5419787168502808,0.3333333333333333,0.0,0.0,4.75340223312378
Q_000160,MENU_000385,1,1,0.5833982229232788,0.3333333333333333,0.3333333333333333,0.0,4.68128681182861
Q_000160,MENU_000480,1,2,0.5602326989173889,0.0,0.3333333333333333,0.0,4.68128681182861
Q_000160,MENU_000401,1,3,0.5601259469985962,0.0,0.3333333333333333,0.0,4.68128681182861
Q_000160,MENU_000417,1,4,0.5596661567687988,0.0,0.3333333333333333,0.0,4.68128681182861
Q_000160,MENU_000400,1,5,0.5589983463287354,0.0,0.3333333333333333,0.0,4.68128681182861
Q_000160,MENU_000427,1,6,0.558817982673645,0.3333333333333333,0.3333333333333333,0.0,4.68128681182861
Q_000160,MENU_000478,1,7,0.557101845741272,0.0,0.3333333333333333,0.0,4.68128681182861
Q_000160,MENU_000384,1,8,0.5532598495483398,0.0,0.3333333333333333,0.0,4.68128681182861
Q_000160,MENU_000420,1,9,0.5531617403030396,0.3333333333333333,0.3333333333333333,0.0,4.68128681182861
Q_000160,MENU_000426,1,10,0.5510449409484863,0.3333333333333333,0.3333333333333333,0.0,4.68128681182861
Q_000160,MENU_000447,1,11,0.5447254776954651,0.0,0.3333333333333333,0.0,4.68128681182861
Q_000160,MENU_000404,1,12,0.5441315174102783,0.0,0.3333333333333333,0.0,4.68128681182861
Q_000160,MENU_000411,1,13,0.5426600575447083,0.3333333333333333,0.3333333333333333,0.0,4.68128681182861
Q_000160,MENU_000430,1,14,0.5414645671844482,0.3333333333333333,0.3333333333333333,0.0,4.68128681182861
Q_000160,MENU_000419,1,15,0.5407905578613281,0.0,0.3333333333333333,0.0,4.68128681182861
Q_000160,MENU_000394,1,16,0.5396614074707031,0.0,0.3333333333333333,0.0,4.68128681182861
Q_000160,MENU_000395,1,17,0.5377585291862488,0.0,0.3333333333333333,0.0,4.68128681182861
Q_000160,MENU_000408,1,18,0.5374103784561157,0.0,0.3333333333333333,0.0,4.68128681182861
Q_000160,MENU_000416,1,19,0.5372192859649658,0.0,0.3333333333333333,0.0,4.68128681182861
Q_000160,MENU_000425,1,20,0.5349928140640259,0.3333333333333333,0.3333333333333333,0.0,4.68128681182861
Q_000160,MENU_000418,1,21,0.5338958501815796,0.0,0.3333333333333333,0.0,4.68128681182861
Q_000160,MENU_000410,1,22,0.5335290431976318,0.0,0.3333333333333333,0.0,4.68128681182861
Q_000160,MENU_000397,1,23,0.5333687663078308,0.0,0.3333333333333333,0.0,4.68128681182861
Q_000160,MENU_000414,1,24,0.530990481376648,0.0,0.3333333333333333,0.0,4.68128681182861
Q_000160,MENU_000487,1,25,0.5304039716720581,0.0,0.3333333333333333,0.0,4.68128681182861
Q_000160,MENU_000429,1,26,0.5287425518035889,0.0,0.3333333333333333,0.0,4.68128681182861
Q_000160,MENU_000393,1,27,0.5279178023338318,0.0,0.3333333333333333,0.0,4.68128681182861
Q_000160,MENU_000412,1,28,0.5266728401184082,0.0,0.3333333333333333,0.0,4.68128681182861
Q_000160,MENU_000415,1,29,0.5263804197311401,0.0,0.3333333333333333,0.0,4.68128681182861
Q_000160,MENU_000399,1,30,0.5248441696166992,0.0,0.3333333333333333,0.0,4.68128681182861
Q_000160,MENU_000431,1,31,0.5228817462921143,0.3333333333333333,0.3333333333333333,0.0,4.68128681182861
Q_000160,MENU_000461,1,32,0.5218296647071838,0.0,0.3333333333333333,0.0,4.68128681182861
Q_000160,MENU_000383,1,33,0.520904004573822,0.0,0.3333333333333333,0.0,4.68128681182861
Q_000160,MENU_000398,1,34,0.5148239135742188,0.0,0.3333333333333333,0.0,4.68128681182861
Q_000160,MENU_000392,1,35,0.5127260088920593,0.0,0.3333333333333333,0.0,4.68128681182861
Q_000160,MENU_000459,1,36,0.5098692178726196,0.0,0.3333333333333333,0.0,4.68128681182861
Q_000160,MENU_000452,1,37,0.5074971318244934,0.0,0.3333333333333333,0.0,4.68128681182861
Q_000160,MENU_000444,1,38,0.5067566633224487,0.0,0.3333333333333333,0.0,4.68128681182861
Q_000160,MENU_000382,1,39,0.5042532682418823,0.0,0.3333333333333333,0.0,4.68128681182861
Q_000160,MENU_000448,1,40,0.5021651983261108,0.0,0.3333333333333333,0.0,4.68128681182861
Q_000160,MENU_000457,1,41,0.5001046657562256,0.0,0.3333333333333333,0.0,4.68128681182861
Q_000160,MENU_000413,1,42,0.4965229034423828,0.0,0.3333333333333333,0.0,4.68128681182861
Q_000160,MENU_000451,1,43,0.4951540231704712,0.0,0.3333333333333333,0.0,4.68128681182861
Q_000160,MENU_000449,1,44,0.4946383237838745,0.0,0.3333333333333333,0.0,4.68128681182861
Q_000160,MENU_000409,0,45,0.49424463510513306,0.0,0.0,0.0,4.68128681182861
Q_000160,MENU_000396,1,46,0.49154746532440186,0.0,0.3333333333333333,0.0,4.68128681182861
Q_000160,MENU_000460,1,47,0.4890882074832916,0.0,0.3333333333333333,0.0,4.68128681182861
Q_000160,MENU_000479,0,48,0.48541855812072754,0.0,0.0,0.0,4.68128681182861
Q_000160,MENU_002643,0,49,0.48110753297805786,0.3333333333333333,0.0,0.3333333333333333,4.58833312988281
Q_000160,MENU_000445,0,50,0.4721021056175232,0.0,0.0,0.0,4.68128681182861
Q_000161,MENU_001037,0,1,0.6357824206352234,0.3333333333333333,0.3333333333333333,0.0,4.25
Q_000161,MENU_002379,0,2,0.6129418611526489,0.0,0.3333333333333333,0.6666666666666666,4.57420492172241
Q_000161,MENU_002425,0,3,0.6129418611526489,0.0,0.3333333333333333,0.6666666666666666,4.2142858505249
Q_000161,MENU_001038,0,4,0.6100131273269653,0.3333333333333333,0.3333333333333333,0.0,4.25
Q_000161,MENU_001095,0,5,0.6049928665161133,0.0,0.3333333333333333,0.0,4.25
Q_000161,MENU_001109,0,6,0.6031038165092468,0.3333333333333333,0.3333333333333333,0.0,4.25
Q_000161,MENU_001123,0,7,0.6016560792922974,0.0,0.3333333333333333,0.0,4.25
Q_000161,MENU_001100,0,8,0.5969598293304443,0.0,0.0,0.0,4.25
Q_000161,MENU_001125,0,9,0.5934288501739502,0.0,0.3333333333333333,0.0,4.25
Q_000161,MENU_000784,0,10,0.5914226174354553,0.3333333333333333,0.0,0.0,4.70389223098755
Q_000161,MENU_001277,0,11,0.5870975852012634,0.3333333333333333,0.3333333333333333,0.0,4.75340223312378
Q_000161,MENU_001028,0,12,0.5869421362876892,0.0,0.3333333333333333,0.0,4.25
Q_000161,MENU_001121,0,13,0.5855367183685303,0.0,0.3333333333333333,0.0,4.25
Q_000161,MENU_000636,0,14,0.5855048894882202,0.0,0.3333333333333333,0.0,4.64431381225586
Q_000161,MENU_001107,0,15,0.5835291147232056,0.0,0.3333333333333333,0.0,4.25
Q_000161,MENU_000593,0,16,0.5825557708740234,0.3333333333333333,0.3333333333333333,0.0,4.64431381225586
Q_000161,MENU_000004,0,17,0.5802809596061707,0.3333333333333333,0.0,0.0,4.0
Q_000161,MENU_001971,0,18,0.580162763595581,0.3333333333333333,0.0,0.0,4.74074077606201
Q_000161,MENU_001084,0,19,0.5768626928329468,0.0,0.3333333333333333,0.0,4.25
Q_000161,MENU_001099,0,20,0.5767791867256165,0.0,0.3333333333333333,0.0,4.25
Q_000161,MENU_000124,0,21,0.5709972381591797,0.0,0.0,0.0,4.63380479812622
Q_000161,MENU_001485,0,22,0.5705397725105286,0.0,0.0,0.0,4.60264015197754
Q_000161,MENU_001034,0,23,0.5704152584075928,0.0,0.3333333333333333,0.0,4.25
Q_000161,MENU_001120,0,24,0.5660338401794434,0.0,0.3333333333333333,0.0,4.25
Q_000161,MENU_001431,0,25,0.5638790130615234,0.0,0.0,0.0,4.60449504852295
Q_000161,MENU_001789,0,26,0.5623109340667725,0.0,0.0,0.0,4.81443309783936
Q_000161,MENU_001033,0,27,0.5618447661399841,0.0,0.3333333333333333,0.0,4.25
Q_000161,MENU_001059,0,28,0.5589950084686279,0.0,0.0,0.0,4.25
Q_000161,MENU_001058,0,29,0.5588030815124512,0.0,0.3333333333333333,0.0,4.25
Q_000161,MENU_001035,0,30,0.5570927262306213,0.0,0.3333333333333333,0.0,4.25
Q_000161,MENU_002488,0,31,0.5567376017570496,0.0,0.3333333333333333,0.0,4.68452405929565
Q_000161,MENU_000485,0,32,0.556719183921814,0.0,0.0,0.0,4.68128681182861
Q_000161,MENU_001077,0,33,0.5564446449279785,0.0,0.3333333333333333,0.0,4.25
Q_000161,MENU_001083,0,34,0.5559312105178833,0.0,0.3333333333333333,0.0,4.25
Q_000161,MENU_001031,0,35,0.5557570457458496,0.0,0.0,0.0,4.25
Q_000161,MENU_001046,0,36,0.5545126795768738,0.0,0.0,0.0,4.25
Q_000161,MENU_001075,0,37,0.5533309578895569,0.0,0.3333333333333333,0.0,4.25
Q_000161,MENU_001205,0,38,0.5523509979248047,0.3333333333333333,0.0,0.0,4.29862880706787
Q_000161,MENU_002792,1,39,0.5521345138549805,0.3333333333333333,0.6666666666666666,0.0,0.0
Q_000161,MENU_001086,0,40,0.5511173605918884,0.0,0.3333333333333333,0.0,4.25
Q_000161,MENU_000236,0,41,0.5490312576293945,0.0,0.3333333333333333,0.0,4.14949178695679
Q_000161,MENU_002190,0,42,0.5478924512863159,0.0,0.0,0.0,4.65195322036743
Q_000161,MENU_001030,0,43,0.5472738742828369,0.0,0.3333333333333333,0.0,4.25
Q_000161,MENU_000390,0,44,0.547184944152832,0.0,0.0,0.0,4.68128681182861
Q_000161,MENU_001279,0,45,0.5465666055679321,0.3333333333333333,0.3333333333333333,0.0,4.75340223312378
Q_000161,MENU_002103,0,46,0.5451780557632446,0.3333333333333333,0.3333333333333333,0.3333333333333333,4.07968902587891
Q_000161,MENU_001759,0,47,0.5444614291191101,0.3333333333333333,0.0,0.3333333333333333,4.81443309783936
Q_000161,MENU_001129,0,48,0.5442479848861694,0.0,0.3333333333333333,0.0,4.25
Q_000161,MENU_001102,0,49,0.5439348220825195,0.0,0.0,0.0,4.25
Q_000161,MENU_001105,0,50,0.5436685681343079,0.0,0.3333333333333333,0.0,4.25
Q_000162,MENU_002190,1,1,0.5130019783973694,0.0,0.5,0.0,4.65195322036743
Q_000162,MENU_000314,0,2,0.49955978989601135,0.0,0.0,0.0,4.74902009963989
Q_000162,MENU_000318,0,3,0.49681562185287476,0.0,0.0,0.0,4.74902009963989
Q_000162,MENU_001800,0,4,0.4937058091163635,0.0,0.0,0.0,4.6991171836853
Q_000162,MENU_002179,1,5,0.49152672290802,0.0,0.5,0.0,4.65195322036743
Q_000162,MENU_001263,0,6,0.48325029015541077,0.0,0.0,0.0,4.75340223312378
Q_000162,MENU_001733,0,7,0.48145657777786255,0.0,0.0,0.0,4.81443309783936
Q_000162,MENU_001400,0,8,0.48017585277557373,0.0,0.5,0.0,4.59437894821167
Q_000162,MENU_001432,0,9,0.4801219701766968,0.0,0.0,0.0,4.60449504852295
Q_000162,MENU_002224,1,10,0.4796529710292816,0.0,0.5,0.0,4.65195322036743
Q_000162,MENU_001371,0,11,0.4783881902694702,0.0,0.0,0.0,4.75340223312378
Q_000162,MENU_001788,0,12,0.47592848539352417,0.0,0.0,0.0,4.81443309783936
Q_000162,MENU_000580,0,13,0.47260332107543945,0.0,0.0,0.0,4.49110698699951
Q_000162,MENU_000569,0,14,0.47104865312576294,0.0,0.0,0.0,4.49110698699951
Q_000162,MENU_001063,0,15,0.4701962471008301,0.0,0.0,0.0,4.25
Q_000162,MENU_001806,0,16,0.4698898196220398,0.0,0.0,0.0,4.6991171836853
Q_000162,MENU_001883,0,17,0.46880263090133667,0.0,0.0,0.0,4.6991171836853
Q_000162,MENU_001431,0,18,0.46691426634788513,0.0,0.0,0.0,4.60449504852295
Q_000162,MENU_001372,0,19,0.46625974774360657,0.0,0.0,0.0,4.75340223312378
Q_000162,MENU_001259,0,20,0.46525755524635315,0.0,0.0,0.0,4.75340223312378
Q_000162,MENU_000710,0,21,0.46427178382873535,0.0,0.0,0.0,4.58141183853149
Q_000162,MENU_001344,0,22,0.4636704921722412,0.0,0.0,0.0,4.75340223312378
Q_000162,MENU_001364,0,23,0.463508665561676,0.0,0.0,0.0,4.75340223312378
Q_000162,MENU_002188,1,24,0.4620201587677002,0.0,0.5,0.0,4.65195322036743
Q_000162,MENU_001406,0,25,0.45980432629585266,0.0,0.0,0.0,4.46881008148193
Q_000162,MENU_000711,0,26,0.457989901304245,0.0,0.0,0.0,4.58141183853149
Q_000162,MENU_002603,0,27,0.45760276913642883,0.0,0.0,0.0,4.76699018478394
Q_000162,MENU_001060,0,28,0.45736122131347656,0.0,0.0,0.0,4.25
Q_000162,MENU_001882,0,29,0.45633772015571594,0.0,0.0,0.0,4.6991171836853
Q_000162,MENU_001384,0,30,0.455150842666626,0.0,0.0,0.0,4.75340223312378
Q_000162,MENU_002206,1,31,0.4544484615325928,0.0,0.5,0.0,4.65195322036743
Q_000162,MENU_000705,0,32,0.45401832461357117,0.0,0.0,0.0,4.58141183853149
Q_000162,MENU_002534,0,33,0.4535507261753082,0.0,0.0,0.0,4.41281080245972
Q_000162,MENU_001383,0,34,0.45348653197288513,0.0,0.0,0.0,4.75340223312378
Q_000162,MENU_001763,0,35,0.4530350863933563,0.0,0.0,0.0,4.81443309783936
Q_000162,MENU_000110,0,36,0.45178550481796265,0.0,0.0,0.0,4.69767379760742
Q_000162,MENU_001096,0,37,0.4489085078239441,0.0,0.0,0.0,4.25
Q_000162,MENU_002729,0,38,0.44831785559654236,0.0,0.0,0.0,4.66852378845215
Q_000162,MENU_002805,0,39,0.4471932053565979,0.0,0.0,0.0,0.0
Q_000162,MENU_001757,0,40,0.4466705024242401,0.0,0.0,0.0,4.81443309783936
Q_000162,MENU_001262,0,41,0.4466046392917633,0.0,0.0,0.0,4.75340223312378
Q_000162,MENU_001486,0,42,0.44642403721809387,0.0,0.0,0.0,4.60264015197754
Q_000162,MENU_001808,0,43,0.4456012547016144,0.0,0.0,0.0,4.6991171836853
Q_000162,MENU_000989,0,44,0.4455190896987915,0.5,0.0,0.0,4.0
Q_000162,MENU_001351,0,45,0.44419950246810913,0.0,0.0,0.0,4.75340223312378
Q_000162,MENU_002836,0,46,0.44404640793800354,0.0,0.0,0.5,0.0
Q_000162,MENU_001735,0,47,0.4434720277786255,0.0,0.0,0.0,4.81443309783936
Q_000162,MENU_001485,0,48,0.4432806372642517,0.0,0.0,0.0,4.60264015197754
Q_000162,MENU_000672,0,49,0.4430219829082489,0.0,0.0,0.0,4.72276020050049
Q_000162,MENU_001080,0,50,0.44220268726348877,0.0,0.0,0.0,4.25
Q_000163,MENU_000065,1,1,0.57173752784729,0.0,0.6666666666666666,0.0,4.82178211212158
Q_000163,MENU_000066,1,2,0.5392298698425293,0.0,0.6666666666666666,0.0,4.82178211212158
Q_000163,MENU_002528,0,3,0.5291087627410889,0.3333333333333333,0.0,0.3333333333333333,4.70963716506958
Q_000163,MENU_001354,0,4,0.5285834074020386,0.0,0.0,0.0,4.75340223312378
Q_000163,MENU_000055,0,5,0.5262041091918945,0.0,0.3333333333333333,0.0,4.82178211212158
Q_000163,MENU_001891,0,6,0.5240470767021179,0.0,0.0,0.0,5.0
Q_000163,MENU_002694,0,7,0.5220614075660706,0.0,0.0,0.0,4.78461503982544
Q_000163,MENU_002531,0,8,0.5153911113739014,0.3333333333333333,0.0,0.3333333333333333,4.70963716506958
Q_000163,MENU_002529,0,9,0.514824390411377,0.3333333333333333,0.0,0.0,4.70963716506958
Q_000163,MENU_000183,0,10,0.5107433795928955,0.0,0.0,0.0,4.63380479812622
Q_000163,MENU_001353,0,11,0.5072306394577026,0.0,0.0,0.0,4.75340223312378
Q_000163,MENU_000510,0,12,0.5036053657531738,0.0,0.0,0.0,4.77304601669312
Q_000163,MENU_000184,0,13,0.5019668936729431,0.0,0.0,0.0,4.63380479812622
Q_000163,MENU_000054,1,14,0.5017873048782349,0.0,0.6666666666666666,0.0,4.82178211212158
Q_000163,MENU_001975,0,15,0.4988155961036682,0.0,0.0,0.0,4.74074077606201
Q_000163,MENU_002530,0,16,0.4984816908836365,0.3333333333333333,0.0,0.3333333333333333,4.70963716506958
Q_000163,MENU_002692,0,17,0.49753814935684204,0.0,0.0,0.0,4.78461503982544
Q_000163,MENU_001884,0,18,0.4946413040161133,0.0,0.0,0.0,4.6991171836853
Q_000163,MENU_000126,0,19,0.494404137134552,0.0,0.0,0.0,4.63380479812622
Q_000163,MENU_000380,0,20,0.49388617277145386,0.3333333333333333,0.0,0.0,0.0
Q_000163,MENU_000123,0,21,0.4918040931224823,0.0,0.0,0.0,4.63380479812622
Q_000163,MENU_001896,0,22,0.48893415927886963,0.0,0.0,0.0,5.0
Q_000163,MENU_000194,0,23,0.48728278279304504,0.0,0.0,0.0,4.63380479812622
Q_000163,MENU_001802,0,24,0.4858565926551819,0.0,0.0,0.3333333333333333,4.6991171836853
Q_000163,MENU_001803,0,25,0.4850069582462311,0.0,0.0,0.3333333333333333,4.6991171836853
Q_000163,MENU_002485,0,26,0.48416873812675476,0.0,0.0,0.0,4.68452405929565
Q_000163,MENU_002460,0,27,0.4831163287162781,0.0,0.0,0.0,4.77699613571167
Q_000163,MENU_000176,0,28,0.48135340213775635,0.0,0.0,0.0,4.63380479812622
Q_000163,MENU_001062,0,29,0.48112958669662476,0.0,0.0,0.0,4.25
Q_000163,MENU_001134,0,30,0.48112839460372925,0.0,0.0,0.0,4.0
Q_000163,MENU_002557,0,31,0.4811054468154907,0.0,0.0,0.0,4.6232762336731
Q_000163,MENU_000562,0,32,0.48092150688171387,0.0,0.0,0.0,4.23846197128296
Q_000163,MENU_001133,0,33,0.4794872999191284,0.0,0.0,0.0,4.67459297180176
Q_000163,MENU_000128,0,34,0.479289174079895,0.0,0.0,0.0,4.63380479812622
Q_000163,MENU_002187,0,35,0.47902390360832214,0.0,0.0,0.0,4.65195322036743
Q_000163,MENU_000192,0,36,0.47880077362060547,0.0,0.0,0.0,4.63380479812622
Q_000163,MENU_001780,0,37,0.4781686067581177,0.0,0.0,0.0,4.81443309783936
Q_000163,MENU_002215,0,38,0.47664880752563477,0.0,0.0,0.0,4.65195322036743
Q_000163,MENU_001420,0,39,0.47552263736724854,0.0,0.0,0.0,4.46881008148193
Q_000163,MENU_000060,0,40,0.4751259982585907,0.0,0.3333333333333333,0.0,4.82178211212158
Q_000163,MENU_001384,0,41,0.47465425729751587,0.0,0.0,0.0,4.75340223312378
Q_000163,MENU_002065,0,42,0.4741469919681549,0.0,0.3333333333333333,0.0,4.66792488098145
Q_000163,MENU_000546,0,43,0.4735828936100006,0.0,0.0,0.0,4.23846197128296
Q_000163,MENU_000152,0,44,0.4734352231025696,0.0,0.0,0.0,4.63380479812622
Q_000163,MENU_000690,0,45,0.47111907601356506,0.0,0.0,0.0,4.72276020050049
Q_000163,MENU_000696,0,46,0.47062963247299194,0.0,0.0,0.0,4.72259521484375
Q_000163,MENU_002693,0,47,0.4698938727378845,0.0,0.0,0.0,4.78461503982544
Q_000163,MENU_000145,0,48,0.4695063829421997,0.0,0.0,0.0,4.63380479812622
Q_000163,MENU_002207,0,49,0.468915730714798,0.0,0.0,0.0,4.65195322036743
Q_000163,MENU_001344,0,50,0.46883514523506165,0.0,0.0,0.0,4.75340223312378
Q_000164,MENU_002520,0,1,0.48376011848449707,0.0,0.0,0.0,4.38983106613159
Q_000164,MENU_001975,0,2,0.4771729111671448,0.0,0.0,0.25,4.74074077606201
Q_000164,MENU_002409,0,3,0.47687798738479614,0.25,0.0,0.25,4.2142858505249
Q_000164,MENU_000710,0,4,0.4687498211860657,0.25,0.0,0.0,4.58141183853149
Q_000164,MENU_000711,0,5,0.46585604548454285,0.25,0.0,0.0,4.58141183853149
Q_000164,MENU_000366,0,6,0.46036332845687866,0.25,0.0,0.5,4.71902799606323
Q_000164,MENU_002516,0,7,0.45249441266059875,0.0,0.0,0.0,4.38983106613159
Q_000164,MENU_000677,0,8,0.44834470748901367,0.25,0.0,0.0,4.72276020050049
Q_000164,MENU_002513,0,9,0.447137713432312,0.0,0.0,0.0,4.67408514022827
Q_000164,MENU_002573,0,10,0.4418848752975464,0.0,0.0,0.0,4.67702722549438
Q_000164,MENU_000218,0,11,0.4379667341709137,0.0,0.0,0.25,4.35269689559937
Q_000164,MENU_000365,0,12,0.4355299770832062,0.25,0.0,0.5,4.71902799606323
Q_000164,MENU_000368,0,13,0.43383461236953735,0.25,0.0,0.5,4.71902799606323
Q_000164,MENU_001722,0,14,0.43284159898757935,0.0,0.0,0.0,3.84737396240234
Q_000164,MENU_001769,0,15,0.43104231357574463,0.0,0.0,0.0,4.81443309783936
Q_000164,MENU_001599,0,16,0.4300045967102051,0.25,0.0,0.0,4.86808490753174
Q_000164,MENU_001969,0,17,0.4277558922767639,0.25,0.0,0.0,4.74074077606201
Q_000164,MENU_000961,1,18,0.42729753255844116,0.0,0.5,0.0,4.0
Q_000164,MENU_002517,0,19,0.4270024299621582,0.0,0.0,0.0,4.38983106613159
Q_000164,MENU_000990,1,20,0.4262400269508362,0.25,0.5,0.25,4.0
Q_000164,MENU_001721,0,21,0.42409002780914307,0.0,0.0,0.0,3.84737396240234
Q_000164,MENU_000916,1,22,0.42380663752555847,0.0,0.5,0.0,4.0
Q_000164,MENU_001884,0,23,0.42261266708374023,0.0,0.0,0.0,4.6991171836853
Q_000164,MENU_001891,0,24,0.4219898581504822,0.0,0.0,0.25,5.0
Q_000164,MENU_000516,0,25,0.4218084216117859,0.25,0.25,0.0,4.64538478851318
Q_000164,MENU_000709,0,26,0.4213819205760956,0.25,0.0,0.0,4.58141183853149
Q_000164,MENU_002374,0,27,0.42055201530456543,0.0,0.0,0.0,4.57420492172241
Q_000164,MENU_002420,0,28,0.42055201530456543,0.0,0.0,0.0,4.2142858505249
Q_000164,MENU_000222,0,29,0.4204959571361542,0.0,0.0,0.25,4.14949178695679
Q_000164,MENU_002189,0,30,0.42047715187072754,0.0,0.0,0.0,4.65195322036743
Q_000164,MENU_000219,0,31,0.41917917132377625,0.0,0.0,0.0,4.35269689559937
Q_000164,MENU_000237,0,32,0.4191110134124756,0.0,0.0,0.0,4.14949178695679
Q_000164,MENU_000316,0,33,0.4188998341560364,0.25,0.0,0.0,4.74902009963989
Q_000164,MENU_000367,0,34,0.4184913635253906,0.25,0.0,0.5,4.71902799606323
Q_000164,MENU_001756,0,35,0.4183003008365631,0.0,0.0,0.0,4.81443309783936
Q_000164,MENU_001994,0,36,0.41768449544906616,0.0,0.0,0.0,4.11591005325317
Q_000164,MENU_001595,0,37,0.4167866110801697,0.0,0.0,0.0,4.87649393081665
Q_000164,MENU_000184,0,38,0.4159262180328369,0.25,0.0,0.0,4.63380479812622
Q_000164,MENU_000232,0,39,0.4153572618961334,0.0,0.0,0.0,4.14949178695679
Q_000164,MENU_000873,0,40,0.41535627841949463,0.25,0.25,0.0,4.46214008331299
Q_000164,MENU_002519,0,41,0.41494959592819214,0.0,0.0,0.0,4.38983106613159
Q_000164,MENU_001996,0,42,0.41371023654937744,0.0,0.0,0.0,4.11591005325317
Q_000164,MENU_001995,0,43,0.41342294216156006,0.0,0.0,0.0,4.11591005325317
Q_000164,MENU_002509,0,44,0.41307333111763,0.0,0.0,0.0,4.67408514022827
Q_000164,MENU_001793,0,45,0.4113169312477112,0.0,0.0,0.0,4.81443309783936
Q_000164,MENU_000872,0,46,0.4109349548816681,0.0,0.0,0.0,4.46214008331299
Q_000164,MENU_000958,1,47,0.410314679145813,0.0,0.5,0.0,4.0
Q_000164,MENU_002255,0,48,0.40988609194755554,0.25,0.0,0.25,4.81660079956055
Q_000164,MENU_000227,0,49,0.40908658504486084,0.0,0.0,0.0,4.14949178695679
Q_000164,MENU_001323,0,50,0.4084658920764923,0.25,0.0,0.25,4.75340223312378
Q_000165,MENU_001397,1,1,0.5802627801895142,0.0,0.5,0.0,4.75340223312378
Q_000165,MENU_002166,0,2,0.5694326758384705,0.0,0.25,0.0,4.64444398880005
Q_000165,MENU_002162,0,3,0.5298842191696167,0.0,0.0,0.0,4.64444398880005
Q_000165,MENU_001064,0,4,0.5263795852661133,0.0,0.0,0.0,4.25
Q_000165,MENU_002145,0,5,0.5240896940231323,0.0,0.0,0.25,4.64444398880005
Q_000165,MENU_001386,1,6,0.5140282511711121,0.0,0.5,0.0,4.75340223312378
Q_000165,MENU_001348,1,7,0.5129218101501465,0.0,0.5,0.0,4.75340223312378
Q_000165,MENU_001045,0,8,0.49682921171188354,0.0,0.0,0.0,4.25
Q_000165,MENU_001347,1,9,0.4863761067390442,0.0,0.5,0.0,4.75340223312378
Q_000165,MENU_000507,0,10,0.4809279441833496,0.0,0.0,0.0,4.69177389144897
Q_000165,MENU_000148,0,11,0.47579970955848694,0.0,0.25,0.0,4.63380479812622
Q_000165,MENU_001427,0,12,0.4754546880722046,0.25,0.0,0.25,4.30172395706177
Q_000165,MENU_000714,0,13,0.4694272577762604,0.0,0.25,0.0,4.58141183853149
Q_000165,MENU_001337,0,14,0.46893858909606934,0.0,0.0,0.0,4.75340223312378
Q_000165,MENU_000144,0,15,0.46867889165878296,0.0,0.25,0.0,4.63380479812622
Q_000165,MENU_001966,0,16,0.46354061365127563,0.25,0.0,0.0,4.74074077606201
Q_000165,MENU_002134,0,17,0.46165400743484497,0.0,0.0,0.0,4.64444398880005
Q_000165,MENU_000681,0,18,0.4615784287452698,0.25,0.0,0.0,4.72276020050049
Q_000165,MENU_002137,0,19,0.4602460265159607,0.0,0.0,0.0,4.64444398880005
Q_000165,MENU_002120,0,20,0.4598831236362457,0.0,0.0,0.0,4.64444398880005
Q_000165,MENU_000680,0,21,0.458224892616272,0.25,0.0,0.0,4.72276020050049
Q_000165,MENU_001863,0,22,0.456692636013031,0.0,0.0,0.0,4.6991171836853
Q_000165,MENU_002149,0,23,0.4558071494102478,0.0,0.0,0.0,4.64444398880005
Q_000165,MENU_001292,1,24,0.4536140561103821,0.0,0.5,0.0,4.75340223312378
Q_000165,MENU_002076,0,25,0.45316892862319946,0.0,0.0,0.25,5.0
Q_000165,MENU_002164,0,26,0.4517940282821655,0.0,0.0,0.0,4.64444398880005
Q_000165,MENU_000659,0,27,0.4510730803012848,0.0,0.0,0.0,4.72276020050049
Q_000165,MENU_000171,0,28,0.4500349164009094,0.0,0.0,0.0,4.63380479812622
Q_000165,MENU_002129,0,29,0.4497465193271637,0.0,0.25,0.0,4.64444398880005
Q_000165,MENU_001048,0,30,0.4487990140914917,0.0,0.0,0.0,4.25
Q_000165,MENU_000159,0,31,0.4483465552330017,0.0,0.25,0.0,4.63380479812622
Q_000165,MENU_001055,0,32,0.4450739026069641,0.0,0.0,0.0,4.25
Q_000165,MENU_002464,0,33,0.44228243827819824,0.0,0.0,0.0,4.77699613571167
Q_000165,MENU_001099,0,34,0.4415284991264343,0.25,0.0,0.0,4.25
Q_000165,MENU_002143,0,35,0.43922868371009827,0.0,0.0,0.0,4.64444398880005
Q_000165,MENU_001904,0,36,0.4382365047931671,0.0,0.0,0.25,4.35897397994995
Q_000165,MENU_002535,0,37,0.43711310625076294,0.0,0.0,0.0,4.41281080245972
Q_000165,MENU_002151,0,38,0.4369085431098938,0.0,0.25,0.0,4.64444398880005
Q_000165,MENU_000299,0,39,0.4368264377117157,0.0,0.0,0.25,4.74418592453003
Q_000165,MENU_000784,0,40,0.43646103143692017,0.25,0.0,0.25,4.70389223098755
Q_000165,MENU_001514,0,41,0.4345170855522156,0.0,0.0,0.0,4.65221118927002
Q_000165,MENU_002128,0,42,0.4339468479156494,0.0,0.0,0.0,4.64444398880005
Q_000165,MENU_000065,0,43,0.43385326862335205,0.0,0.0,0.0,4.82178211212158
Q_000165,MENU_000582,0,44,0.43365833163261414,0.0,0.0,0.0,4.49110698699951
Q_000165,MENU_002146,0,45,0.43334126472473145,0.0,0.0,0.0,4.64444398880005
Q_000165,MENU_000586,0,46,0.43304967880249023,0.0,0.0,0.0,4.48866987228394
Q_000165,MENU_001354,0,47,0.4326087236404419,0.0,0.0,0.0,4.75340223312378
Q_000165,MENU_002150,0,48,0.43234342336654663,0.0,0.25,0.0,4.64444398880005
Q_000165,MENU_002501,0,49,0.432167649269104,0.0,0.0,0.0,4.28089904785156
Q_000165,MENU_000320,0,50,0.4308350384235382,0.0,0.0,0.0,4.74902009963989
Q_000166,MENU_001182,1,1,0.5095527768135071,0.0,0.75,0.25,4.82336378097534
Q_000166,MENU_001180,1,2,0.5069670677185059,0.0,0.75,0.25,4.82336378097534
Q_000166,MENU_001187,1,3,0.4915764331817627,0.0,0.75,0.25,4.82336378097534
Q_000166,MENU_001181,1,4,0.48565617203712463,0.0,0.75,0.25,4.82336378097534
Q_000166,MENU_001185,1,5,0.4819788634777069,0.0,0.75,0.25,4.82336378097534
Q_000166,MENU_001184,1,6,0.4805641770362854,0.0,0.75,0.25,4.82336378097534
Q_000166,MENU_002183,0,7,0.47545504570007324,0.25,0.0,0.0,4.65195322036743
Q_000166,MENU_002244,0,8,0.463678240776062,0.25,0.0,0.0,4.65195322036743
Q_000166,MENU_002185,0,9,0.4548594057559967,0.25,0.0,0.0,4.65195322036743
Q_000166,MENU_002249,0,10,0.45248645544052124,0.0,0.0,0.25,4.65195322036743
Q_000166,MENU_002184,0,11,0.4522441029548645,0.0,0.0,0.0,4.65195322036743
Q_000166,MENU_001179,1,12,0.4513891935348511,0.0,0.75,0.25,4.82336378097534
Q_000166,MENU_001186,1,13,0.43671703338623047,0.0,0.75,0.25,4.82336378097534
Q_000166,MENU_002181,0,14,0.4336828589439392,0.0,0.0,0.25,4.65195322036743
Q_000166,MENU_001803,0,15,0.42776885628700256,0.0,0.0,0.0,4.6991171836853
Q_000166,MENU_001802,0,16,0.42746707797050476,0.0,0.0,0.0,4.6991171836853
Q_000166,MENU_001183,1,17,0.4273448586463928,0.0,0.75,0.25,4.82336378097534
Q_000166,MENU_001884,0,18,0.4243469834327698,0.0,0.0,0.0,4.6991171836853
Q_000166,MENU_001173,0,19,0.4240041673183441,0.0,0.0,0.25,4.82336378097534
Q_000166,MENU_002600,0,20,0.4211609363555908,0.25,0.0,0.0,4.67702722549438
Q_000166,MENU_002250,0,21,0.4209846258163452,0.0,0.0,0.25,4.65195322036743
Q_000166,MENU_002246,0,22,0.4190721809864044,0.25,0.0,0.0,4.65195322036743
Q_000166,MENU_002207,0,23,0.4158530533313751,0.0,0.0,0.25,4.65195322036743
Q_000166,MENU_001163,0,24,0.41551992297172546,0.0,0.0,0.25,4.82336378097534
Q_000166,MENU_002245,0,25,0.41219544410705566,0.25,0.0,0.0,4.65195322036743
Q_000166,MENU_002518,0,26,0.4113059639930725,0.0,0.0,0.0,4.38983106613159
Q_000166,MENU_002374,0,27,0.410706102848053,0.0,0.0,0.0,4.57420492172241
Q_000166,MENU_002420,0,28,0.410706102848053,0.0,0.0,0.0,4.2142858505249
Q_000166,MENU_002218,0,29,0.41026821732521057,0.0,0.0,0.0,4.65195322036743
Q_000166,MENU_002203,0,30,0.40626972913742065,0.0,0.0,0.0,4.65195322036743
Q_000166,MENU_002189,0,31,0.4050770699977875,0.0,0.0,0.25,4.65195322036743
Q_000166,MENU_002225,0,32,0.4041896462440491,0.0,0.0,0.0,4.65195322036743
Q_000166,MENU_002173,0,33,0.4024338722229004,0.0,0.0,0.25,4.65195322036743
Q_000166,MENU_002248,0,34,0.40134143829345703,0.25,0.0,0.0,4.65195322036743
Q_000166,MENU_002190,0,35,0.4009855389595032,0.0,0.0,0.0,4.65195322036743
Q_000166,MENU_002194,0,36,0.4005368947982788,0.0,0.0,0.0,4.65195322036743
Q_000166,MENU_001865,0,37,0.39949285984039307,0.25,0.0,0.0,4.6991171836853
Q_000166,MENU_002599,0,38,0.3992289900779724,0.25,0.0,0.0,4.67702722549438
Q_000166,MENU_001161,0,39,0.39878028631210327,0.0,0.0,0.25,4.82336378097534
Q_000166,MENU_001815,0,40,0.3987213671207428,0.0,0.0,0.0,4.6991171836853
Q_000166,MENU_001204,0,41,0.39766985177993774,0.0,0.0,0.0,4.29862880706787
Q_000166,MENU_002247,0,42,0.3973296582698822,0.25,0.0,0.0,4.65195322036743
Q_000166,MENU_001816,0,43,0.39691704511642456,0.0,0.0,0.25,4.6991171836853
Q_000166,MENU_000028,0,44,0.3967283368110657,0.0,0.0,0.0,4.47627115249634
Q_000166,MENU_001814,0,45,0.3955811560153961,0.0,0.0,0.0,4.6991171836853
Q_000166,MENU_002201,0,46,0.3953080475330353,0.0,0.0,0.0,4.65195322036743
Q_000166,MENU_002193,0,47,0.394921213388443,0.0,0.0,0.0,4.65195322036743
Q_000166,MENU_002169,0,48,0.3936167061328888,0.0,0.0,0.0,4.65195322036743
Q_000166,MENU_001759,0,49,0.39195749163627625,0.0,0.0,0.0,4.81443309783936
Q_000166,MENU_000029,0,50,0.3905177116394043,0.0,0.0,0.0,4.47627115249634
Q_000167,MENU_002520,0,1,0.5324846506118774,0.0,0.0,0.0,4.38983106613159
Q_000167,MENU_002516,0,2,0.49630632996559143,0.0,0.0,0.0,4.38983106613159
Q_000167,MENU_000711,0,3,0.49095362424850464,0.25,0.0,0.0,4.58141183853149
Q_000167,MENU_000710,0,4,0.4909370541572571,0.25,0.0,0.0,4.58141183853149
Q_000167,MENU_002513,0,5,0.4732326865196228,0.0,0.0,0.0,4.67408514022827
Q_000167,MENU_000961,1,6,0.4703129529953003,0.0,0.5,0.0,4.0
Q_000167,MENU_000709,0,7,0.46879807114601135,0.25,0.0,0.0,4.58141183853149
Q_000167,MENU_000194,0,8,0.46595966815948486,0.0,0.0,0.0,4.63380479812622
Q_000167,MENU_001884,0,9,0.46555212140083313,0.0,0.0,0.0,4.6991171836853
Q_000167,MENU_001352,0,10,0.46550440788269043,0.0,0.0,0.25,4.75340223312378
Q_000167,MENU_002517,0,11,0.4646967351436615,0.0,0.0,0.0,4.38983106613159
Q_000167,MENU_000916,1,12,0.46098363399505615,0.0,0.5,0.0,4.0
Q_000167,MENU_001769,0,13,0.46031367778778076,0.0,0.0,0.0,4.81443309783936
Q_000167,MENU_000516,0,14,0.45823490619659424,0.25,0.25,0.0,4.64538478851318
Q_000167,MENU_002509,0,15,0.456866055727005,0.0,0.0,0.0,4.67408514022827
Q_000167,MENU_000990,1,16,0.4561963677406311,0.25,0.5,0.25,4.0
Q_000167,MENU_002353,0,17,0.4554445743560791,0.0,0.0,0.0,4.57420492172241
Q_000167,MENU_002396,0,18,0.4554445743560791,0.0,0.0,0.0,4.2142858505249
Q_000167,MENU_001975,0,19,0.4550994336605072,0.0,0.0,0.25,4.74074077606201
Q_000167,MENU_002519,0,20,0.45480579137802124,0.0,0.0,0.0,4.38983106613159
Q_000167,MENU_002409,0,21,0.4525415301322937,0.25,0.0,0.25,4.2142858505249
Q_000167,MENU_000184,0,22,0.45181357860565186,0.25,0.0,0.0,4.63380479812622
Q_000167,MENU_002573,0,23,0.4516471028327942,0.0,0.0,0.0,4.67702722549438
Q_000167,MENU_002600,0,24,0.4485998749732971,0.0,0.0,0.0,4.67702722549438
Q_000167,MENU_001073,0,25,0.4479394257068634,0.0,0.0,0.25,4.25
Q_000167,MENU_002518,0,26,0.44660860300064087,0.0,0.0,0.0,4.38983106613159
Q_000167,MENU_002189,0,27,0.44577670097351074,0.0,0.0,0.0,4.65195322036743
Q_000167,MENU_001384,0,28,0.44328010082244873,0.0,0.0,0.0,4.75340223312378
Q_000167,MENU_001692,0,29,0.4432789087295532,0.0,0.0,0.0,3.84737396240234
Q_000167,MENU_000873,0,30,0.4390188455581665,0.25,0.25,0.0,4.46214008331299
Q_000167,MENU_000677,0,31,0.4355204701423645,0.25,0.0,0.0,4.72276020050049
Q_000167,MENU_001260,0,32,0.434708833694458,0.0,0.0,0.0,4.75340223312378
Q_000167,MENU_002788,0,33,0.4344496428966522,0.25,0.0,0.25,0.0
Q_000167,MENU_000219,0,34,0.43412649631500244,0.0,0.0,0.0,4.35269689559937
Q_000167,MENU_000218,0,35,0.4333455562591553,0.0,0.0,0.25,4.35269689559937
Q_000167,MENU_000586,0,36,0.43327271938323975,0.0,0.0,0.25,4.48866987228394
Q_000167,MENU_000237,0,37,0.43213170766830444,0.0,0.0,0.0,4.14949178695679
Q_000167,MENU_000532,0,38,0.43065738677978516,0.0,0.0,0.0,4.54899787902832
Q_000167,MENU_001599,0,39,0.43064451217651367,0.25,0.0,0.0,4.86808490753174
Q_000167,MENU_002813,0,40,0.43041926622390747,0.0,0.0,0.0,0.0
Q_000167,MENU_001330,0,41,0.429864764213562,0.0,0.0,0.0,4.75340223312378
Q_000167,MENU_001969,0,42,0.4290173053741455,0.25,0.0,0.0,4.74074077606201
Q_000167,MENU_001242,0,43,0.42756932973861694,0.0,0.0,0.0,4.22527122497559
Q_000167,MENU_001027,0,44,0.42592182755470276,0.0,0.0,0.0,4.25
Q_000167,MENU_001074,0,45,0.42555803060531616,0.0,0.0,0.0,4.25
Q_000167,MENU_000958,1,46,0.42454737424850464,0.0,0.5,0.0,4.0
Q_000167,MENU_000960,1,47,0.4243537485599518,0.0,0.5,0.0,4.0
Q_000167,MENU_001097,0,48,0.42422419786453247,0.0,0.0,0.0,4.25
Q_000167,MENU_002420,0,49,0.4241255521774292,0.0,0.0,0.0,4.2142858505249
Q_000167,MENU_002374,0,50,0.4241255521774292,0.0,0.0,0.0,4.57420492172241
Q_000168,MENU_001718,1,1,0.7378712892532349,0.0,0.5,0.0,3.84737396240234
Q_000168,MENU_001706,1,2,0.723346471786499,0.0,0.5,0.0,3.84737396240234
Q_000168,MENU_001670,1,3,0.7172709703445435,0.0,0.5,0.0,3.84737396240234
Q_000168,MENU_001704,1,4,0.7141928672790527,0.0,0.5,0.0,3.84737396240234
Q_000168,MENU_001673,1,5,0.7116503715515137,0.0,0.5,0.0,3.84737396240234
Q_000168,MENU_001700,1,6,0.709815263748169,0.0,0.5,0.0,3.84737396240234
Q_000168,MENU_001674,1,7,0.7083090543746948,0.0,0.5,0.0,3.84737396240234
Q_000168,MENU_001671,1,8,0.7063491344451904,0.0,0.5,0.0,3.84737396240234
Q_000168,MENU_001717,1,9,0.7011892795562744,0.0,0.5,0.0,3.84737396240234
Q_000168,MENU_001682,1,10,0.6989027261734009,0.0,0.5,0.0,3.84737396240234
Q_000168,MENU_001712,1,11,0.6970205903053284,0.0,0.5,0.0,3.84737396240234
Q_000168,MENU_001703,1,12,0.6969703435897827,0.0,0.5,0.0,3.84737396240234
Q_000168,MENU_001672,1,13,0.6947295665740967,0.0,0.5,0.0,3.84737396240234
Q_000168,MENU_001702,1,14,0.6926535367965698,0.0,0.5,0.0,3.84737396240234
Q_000168,MENU_001715,1,15,0.6919466257095337,0.0,0.5,0.0,3.84737396240234
Q_000168,MENU_001708,1,16,0.6868883371353149,0.0,0.5,0.0,3.84737396240234
Q_000168,MENU_001711,1,17,0.6845733523368835,0.0,0.5,0.0,3.84737396240234
Q_000168,MENU_001693,1,18,0.679799497127533,0.0,0.5,0.0,3.84737396240234
Q_000168,MENU_001701,1,19,0.6783831119537354,0.0,0.5,0.0,3.84737396240234
Q_000168,MENU_001695,1,20,0.6747687458992004,0.0,0.5,0.0,3.84737396240234
Q_000168,MENU_001710,1,21,0.6738914847373962,0.0,0.5,0.0,3.84737396240234
Q_000168,MENU_001707,1,22,0.670322597026825,0.0,0.5,0.0,3.84737396240234
Q_000168,MENU_001696,1,23,0.6585893630981445,0.0,0.5,0.0,3.84737396240234
Q_000168,MENU_001709,1,24,0.649040699005127,0.0,0.5,0.0,3.84737396240234
Q_000168,MENU_001724,0,25,0.5312702059745789,0.0,0.25,0.0,3.84737396240234
Q_000168,MENU_001705,0,26,0.5068222284317017,0.0,0.0,0.0,3.84737396240234
Q_000168,MENU_002257,0,27,0.5015194416046143,0.0,0.25,0.0,4.58823490142822
Q_000168,MENU_002495,0,28,0.4975661635398865,0.0,0.0,0.0,4.79312086105347
Q_000168,MENU_001665,0,29,0.49582117795944214,0.0,0.25,0.0,3.84737396240234
Q_000168,MENU_002313,0,30,0.4765004515647888,0.0,0.25,0.0,4.67123317718506
Q_000168,MENU_002270,0,31,0.45319777727127075,0.0,0.25,0.0,4.58823490142822
Q_000168,MENU_002258,0,32,0.44832688570022583,0.0,0.25,0.0,4.58823490142822
Q_000168,MENU_002302,0,33,0.43628475069999695,0.0,0.25,0.0,4.58823490142822
Q_000168,MENU_002280,0,34,0.43538105487823486,0.0,0.25,0.0,4.58823490142822
Q_000168,MENU_002262,0,35,0.43221336603164673,0.0,0.25,0.0,4.58823490142822
Q_000168,MENU_000230,0,36,0.4315931797027588,0.0,0.0,0.0,4.14949178695679
Q_000168,MENU_000262,0,37,0.4314063787460327,0.0,0.0,0.0,4.65069389343262
Q_000168,MENU_001635,0,38,0.42726415395736694,0.0,0.0,0.0,4.58868885040283
Q_000168,MENU_000013,0,39,0.42721259593963623,0.0,0.0,0.0,4.85917997360229
Q_000168,MENU_002681,0,40,0.42264288663864136,0.0,0.0,0.0,4.74509811401367
Q_000168,MENU_001694,0,41,0.4215466380119324,0.0,0.0,0.0,3.84737396240234
Q_000168,MENU_002282,0,42,0.41860753297805786,0.0,0.25,0.0,4.58823490142822
Q_000168,MENU_002822,0,43,0.4178905487060547,0.0,0.0,0.0,0.0
Q_000168,MENU_002309,0,44,0.4171447455883026,0.0,0.25,0.0,4.67123317718506
Q_000168,MENU_002271,0,45,0.41562238335609436,0.0,0.25,0.0,4.58823490142822
Q_000168,MENU_002314,0,46,0.4150450527667999,0.0,0.25,0.0,4.67123317718506
Q_000168,MENU_000775,0,47,0.41296249628067017,0.0,0.0,0.0,4.60988092422485
Q_000168,MENU_002312,0,48,0.4100455641746521,0.0,0.25,0.0,4.67123317718506
Q_000168,MENU_002284,0,49,0.40762636065483093,0.0,0.25,0.0,4.58823490142822
Q_000168,MENU_001493,0,50,0.40735000371932983,0.0,0.0,0.0,4.26522302627563
Q_000169,MENU_000318,0,1,0.5108389854431152,0.0,0.5,0.0,4.74902009963989
Q_000169,MENU_001432,1,2,0.5096522569656372,0.0,0.5,0.0,4.60449504852295
Q_000169,MENU_001806,0,3,0.4939056932926178,0.0,0.5,0.0,4.6991171836853
Q_000169,MENU_001431,1,4,0.4837290346622467,0.0,0.5,0.0,4.60449504852295
Q_000169,MENU_001486,0,5,0.48079144954681396,0.0,0.5,0.0,4.60264015197754
Q_000169,MENU_001263,0,6,0.4779268503189087,0.0,0.0,0.0,4.75340223312378
Q_000169,MENU_002190,0,7,0.4756396412849426,0.0,0.0,0.0,4.65195322036743
Q_000169,MENU_000705,1,8,0.47418951988220215,0.0,0.5,0.0,4.58141183853149
Q_000169,MENU_001400,0,9,0.47391244769096375,0.0,0.5,0.0,4.59437894821167
Q_000169,MENU_000580,1,10,0.47274845838546753,0.0,0.5,0.0,4.49110698699951
Q_000169,MENU_000710,1,11,0.47269803285598755,0.0,0.5,0.0,4.58141183853149
Q_000169,MENU_001435,0,12,0.4713810086250305,0.0,0.5,0.0,4.60264015197754
Q_000169,MENU_001344,0,13,0.4708417057991028,0.0,0.0,0.0,4.75340223312378
Q_000169,MENU_001808,0,14,0.4699056148529053,0.0,0.5,0.0,4.6991171836853
Q_000169,MENU_000673,0,15,0.4679604768753052,0.0,0.0,0.0,4.72276020050049
Q_000169,MENU_001485,0,16,0.46772855520248413,0.0,0.5,0.0,4.60264015197754
Q_000169,MENU_000314,0,17,0.4676074981689453,0.0,0.5,0.0,4.74902009963989
Q_000169,MENU_000569,1,18,0.46415892243385315,0.0,0.5,0.0,4.49110698699951
Q_000169,MENU_002620,1,19,0.46353399753570557,0.0,0.5,0.0,4.65250015258789
Q_000169,MENU_002179,0,20,0.4623163342475891,0.0,0.0,0.0,4.65195322036743
Q_000169,MENU_001800,0,21,0.46211326122283936,0.0,0.5,0.0,4.6991171836853
Q_000169,MENU_000711,1,22,0.46178728342056274,0.0,0.5,0.0,4.58141183853149
Q_000169,MENU_001805,0,23,0.4596272110939026,0.0,0.5,0.0,4.6991171836853
Q_000169,MENU_000110,1,24,0.4556484520435333,0.0,0.5,0.0,4.69767379760742
Q_000169,MENU_001788,0,25,0.4547004997730255,0.0,0.0,0.0,4.81443309783936
Q_000169,MENU_001733,0,26,0.4543628692626953,0.0,0.0,0.0,4.81443309783936
Q_000169,MENU_001815,0,27,0.4528900384902954,0.0,0.5,0.0,4.6991171836853
Q_000169,MENU_001883,0,28,0.4525010585784912,0.0,0.5,0.0,4.6991171836853
Q_000169,MENU_001807,1,29,0.45131823420524597,0.0,0.5,0.0,4.6991171836853
Q_000169,MENU_002188,0,30,0.4513110816478729,0.0,0.0,0.0,4.65195322036743
Q_000169,MENU_000712,1,31,0.44794753193855286,0.0,0.5,0.0,4.58141183853149
Q_000169,MENU_000672,0,32,0.4464818835258484,0.0,0.0,0.0,4.72276020050049
Q_000169,MENU_001406,0,33,0.4456090033054352,0.0,0.0,0.0,4.46881008148193
Q_000169,MENU_001900,0,34,0.44349613785743713,0.0,0.0,0.0,4.58653783798218
Q_000169,MENU_001804,1,35,0.4434114992618561,0.0,0.5,0.0,4.6991171836853
Q_000169,MENU_001063,0,36,0.44234389066696167,0.0,0.0,0.0,4.25
Q_000169,MENU_001814,1,37,0.44155484437942505,0.0,0.5,0.0,4.6991171836853
Q_000169,MENU_001484,0,38,0.44036924839019775,0.0,0.5,0.0,4.60264015197754
Q_000169,MENU_001812,0,39,0.43905356526374817,0.0,0.5,0.0,4.6991171836853
Q_000169,MENU_002729,1,40,0.43894004821777344,0.0,0.5,0.0,4.66852378845215
Q_000169,MENU_001371,0,41,0.43865013122558594,0.0,0.0,0.0,4.75340223312378
Q_000169,MENU_002833,0,42,0.438241183757782,0.0,0.0,0.0,0.0
Q_000169,MENU_001372,0,43,0.43810468912124634,0.0,0.0,0.0,4.75340223312378
Q_000169,MENU_001755,0,44,0.43781954050064087,0.0,0.0,0.0,4.81443309783936
Q_000169,MENU_001882,1,45,0.43742650747299194,0.0,0.5,0.0,4.6991171836853
Q_000169,MENU_000716,1,46,0.43697741627693176,0.0,0.5,0.0,4.58141183853149
Q_000169,MENU_001763,0,47,0.4352206885814667,0.0,0.0,0.0,4.81443309783936
Q_000169,MENU_001254,0,48,0.4351956248283386,0.0,0.0,0.0,4.75340223312378
Q_000169,MENU_001487,0,49,0.4351918697357178,0.0,0.5,0.0,4.60264015197754
Q_000169,MENU_002224,0,50,0.43425577878952026,0.0,0.0,0.0,4.65195322036743
Q_000170,MENU_002399,0,1,0.35456353425979614,0.0,0.0,0.0,4.2142858505249
Q_000170,MENU_002356,0,2,0.35456353425979614,0.0,0.0,0.0,4.57420492172241
Q_000170,MENU_001078,0,3,0.32118654251098633,0.0,0.0,0.0,4.25
Q_000170,MENU_000182,0,4,0.2968020439147949,0.0,0.0,0.0,4.63380479812622
Q_000170,MENU_000135,0,5,0.2906990349292755,0.0,0.0,0.0,4.63380479812622
Q_000170,MENU_000195,0,6,0.28705963492393494,0.0,0.0,0.0,4.63380479812622
Q_000170,MENU_001759,0,7,0.28261929750442505,0.0,0.0,0.0,4.81443309783936
Q_000170,MENU_002708,0,8,0.2788008749485016,0.0,0.0,0.0,4.66852378845215
Q_000170,MENU_001889,0,9,0.27168571949005127,0.0,0.0,0.0,3.94736790657043
Q_000170,MENU_000119,0,10,0.27141720056533813,0.0,0.0,0.0,4.63380479812622
Q_000170,MENU_002681,0,11,0.27134183049201965,0.0,0.0,0.3333333333333333,4.74509811401367
Q_000170,MENU_000191,0,12,0.2710540294647217,0.0,0.0,0.0,4.63380479812622
Q_000170,MENU_000125,0,13,0.2676812410354614,0.0,0.0,0.0,4.63380479812622
Q_000170,MENU_000987,1,14,0.2662901282310486,0.0,0.3333333333333333,0.0,4.0
Q_000170,MENU_002412,0,15,0.26547056436538696,0.0,0.0,0.0,4.2142858505249
Q_000170,MENU_002367,0,16,0.26547056436538696,0.0,0.0,0.0,4.57420492172241
Q_000170,MENU_000989,1,17,0.2653023600578308,0.0,0.3333333333333333,0.0,4.0
Q_000170,MENU_000265,0,18,0.26503902673721313,0.0,0.0,0.0,4.65069389343262
Q_000170,MENU_000203,0,19,0.26241323351860046,0.0,0.0,0.0,4.63380479812622
Q_000170,MENU_001232,0,20,0.2623419165611267,0.0,0.0,0.0,4.75703001022339
Q_000170,MENU_001555,0,21,0.2603224515914917,0.0,0.0,0.0,4.51582288742065
Q_000170,MENU_002400,0,22,0.2598705291748047,0.0,0.0,0.0,4.2142858505249
Q_000170,MENU_002357,0,23,0.2598705291748047,0.0,0.0,0.0,4.57420492172241
Q_000170,MENU_001987,0,24,0.2576158344745636,0.0,0.0,0.0,4.59150314331055
Q_000170,MENU_002570,0,25,0.25319182872772217,0.0,0.0,0.0,4.67702722549438
Q_000170,MENU_002179,0,26,0.25312548875808716,0.0,0.0,0.0,4.65195322036743
Q_000170,MENU_001754,0,27,0.2520137131214142,0.0,0.0,0.0,4.81443309783936
Q_000170,MENU_002631,0,28,0.2511928677558899,0.0,0.0,0.0,4.58833312988281
Q_000170,MENU_002373,0,29,0.24857881665229797,0.0,0.0,0.0,4.57420492172241
Q_000170,MENU_002419,0,30,0.24857881665229797,0.0,0.0,0.0,4.2142858505249
Q_000170,MENU_002347,0,31,0.2484823614358902,0.0,0.0,0.0,4.57420492172241
Q_000170,MENU_002390,0,32,0.2484823614358902,0.0,0.0,0.0,4.2142858505249
Q_000170,MENU_000865,0,33,0.24592620134353638,0.0,0.0,0.0,4.85320281982422
Q_000170,MENU_000953,1,34,0.24516595900058746,0.0,0.3333333333333333,0.0,4.0
Q_000170,MENU_001900,0,35,0.24412763118743896,0.0,0.0,0.0,4.58653783798218
Q_000170,MENU_000016,0,36,0.24312114715576172,0.0,0.0,0.3333333333333333,4.85917997360229
Q_000170,MENU_001971,0,37,0.23865483701229095,0.0,0.0,0.0,4.74074077606201
Q_000170,MENU_000988,1,38,0.23849648237228394,0.0,0.3333333333333333,0.0,4.0
Q_000170,MENU_002571,0,39,0.23684439063072205,0.0,0.0,0.0,4.67702722549438
Q_000170,MENU_001226,0,40,0.23615992069244385,0.0,0.0,0.0,4.75703001022339
Q_000170,MENU_000912,1,41,0.2360524982213974,0.0,0.3333333333333333,0.0,4.0
Q_000170,MENU_002409,0,42,0.2335277795791626,0.0,0.0,0.0,4.2142858505249
Q_000170,MENU_001494,0,43,0.23336577415466309,0.0,0.0,0.0,4.26522302627563
Q_000170,MENU_000892,1,44,0.23032067716121674,0.0,0.3333333333333333,0.0,4.0
Q_000170,MENU_001787,0,45,0.23009149730205536,0.0,0.0,0.0,4.81443309783936
Q_000170,MENU_001071,0,46,0.22901834547519684,0.0,0.0,0.0,4.25
Q_000170,MENU_002355,0,47,0.22841373085975647,0.0,0.0,0.0,4.57420492172241
Q_000170,MENU_000952,1,48,0.22815027832984924,0.0,0.3333333333333333,0.0,4.0
Q_000170,MENU_000530,0,49,0.2270907610654831,0.0,0.0,0.0,4.80430507659912
Q_000170,MENU_002398,0,50,0.22624816000461578,0.0,0.0,0.6666666666666666,4.2142858505249
Q_000171,MENU_000126,1,1,0.6615002751350403,0.25,0.5,0.0,4.63380479812622
Q_000171,MENU_000127,1,2,0.6398314237594604,0.25,0.5,0.0,4.63380479812622
Q_000171,MENU_000185,1,3,0.6363996267318726,0.25,0.5,0.0,4.63380479812622
Q_000171,MENU_000132,1,4,0.6215983629226685,0.25,0.5,0.0,4.63380479812622
Q_000171,MENU_000149,1,5,0.6129870414733887,0.25,0.5,0.0,4.63380479812622
Q_000171,MENU_000128,1,6,0.603008508682251,0.25,0.5,0.0,4.63380479812622
Q_000171,MENU_000145,1,7,0.5999841690063477,0.0,0.5,0.0,4.63380479812622
Q_000171,MENU_000578,0,8,0.5997540354728699,0.0,0.0,0.0,4.48866987228394
Q_000171,MENU_000134,1,9,0.593560516834259,0.0,0.5,0.0,4.63380479812622
Q_000171,MENU_002679,0,10,0.5920652747154236,0.0,0.0,0.0,4.7348837852478
Q_000171,MENU_002456,0,11,0.5909575819969177,0.0,0.25,0.0,4.77699613571167
Q_000171,MENU_002443,0,12,0.5816729068756104,0.0,0.25,0.0,4.77699613571167
Q_000171,MENU_000640,0,13,0.5805538892745972,0.0,0.25,0.0,4.64431381225586
Q_000171,MENU_002475,0,14,0.5745562314987183,0.0,0.0,0.0,4.68452405929565
Q_000171,MENU_002466,0,15,0.5744631886482239,0.0,0.25,0.0,4.77699613571167
Q_000171,MENU_002637,0,16,0.569809079170227,0.0,0.25,0.0,4.58833312988281
Q_000171,MENU_001531,0,17,0.5694168210029602,0.25,0.0,0.25,4.20552682876587
Q_000171,MENU_000609,0,18,0.5682582259178162,0.0,0.25,0.0,4.64431381225586
Q_000171,MENU_000611,0,19,0.567748486995697,0.0,0.25,0.0,4.64431381225586
Q_000171,MENU_002488,0,20,0.5670820474624634,0.0,0.0,0.0,4.68452405929565
Q_000171,MENU_000588,0,21,0.5667091608047485,0.0,0.25,0.0,4.64431381225586
Q_000171,MENU_002460,0,22,0.5664144158363342,0.0,0.25,0.0,4.77699613571167
Q_000171,MENU_002655,0,23,0.5648795366287231,0.25,0.25,0.0,4.58833312988281
Q_000171,MENU_002657,0,24,0.5643188953399658,0.0,0.25,0.0,4.58833312988281
Q_000171,MENU_001786,0,25,0.5640863180160522,0.0,0.0,0.0,4.81443309783936
Q_000171,MENU_000800,0,26,0.5640284419059753,0.0,0.25,0.0,4.64895582199097
Q_000171,MENU_000641,0,27,0.5628957748413086,0.0,0.25,0.0,4.64431381225586
Q_000171,MENU_000594,0,28,0.5624533891677856,0.0,0.25,0.0,4.64431381225586
Q_000171,MENU_002465,0,29,0.5623891353607178,0.0,0.25,0.0,4.77699613571167
Q_000171,MENU_002621,0,30,0.5619539022445679,0.0,0.25,0.0,4.58833312988281
Q_000171,MENU_000604,0,31,0.5619429349899292,0.0,0.25,0.0,4.64431381225586
Q_000171,MENU_002462,0,32,0.5594629049301147,0.0,0.25,0.0,4.77699613571167
Q_000171,MENU_002442,0,33,0.5591874122619629,0.0,0.25,0.0,4.77699613571167
Q_000171,MENU_001546,0,34,0.5580252408981323,0.25,0.0,0.25,4.20552682876587
Q_000171,MENU_002473,0,35,0.5570175647735596,0.0,0.0,0.0,4.68452405929565
Q_000171,MENU_002850,0,36,0.5564416646957397,0.0,0.0,0.25,0.0
Q_000171,MENU_001507,0,37,0.5551331043243408,0.0,0.25,0.0,4.26522302627563
Q_000171,MENU_001499,0,38,0.5542623996734619,0.25,0.0,0.25,4.26522302627563
Q_000171,MENU_000584,0,39,0.5534042119979858,0.25,0.0,0.0,4.49110698699951
Q_000171,MENU_001093,0,40,0.551197350025177,0.0,0.25,0.0,4.25
Q_000171,MENU_002457,0,41,0.5511294603347778,0.0,0.25,0.0,4.77699613571167
Q_000171,MENU_000152,1,42,0.5506641864776611,0.0,0.5,0.0,4.63380479812622
Q_000171,MENU_000597,0,43,0.5503276586532593,0.0,0.25,0.0,4.64431381225586
Q_000171,MENU_002638,0,44,0.5495065450668335,0.0,0.25,0.0,4.58833312988281
Q_000171,MENU_000183,1,45,0.5489177703857422,0.0,0.5,0.0,4.63380479812622
Q_000171,MENU_000085,0,46,0.5480135679244995,0.0,0.25,0.0,4.77519416809082
Q_000171,MENU_002469,0,47,0.5474330186843872,0.0,0.0,0.0,4.68452405929565
Q_000171,MENU_002444,0,48,0.5468886494636536,0.0,0.25,0.0,4.77699613571167
Q_000171,MENU_002472,0,49,0.5466195344924927,0.0,0.0,0.0,4.68452405929565
Q_000171,MENU_002659,0,50,0.5450205206871033,0.0,0.25,0.0,4.58833312988281
Q_000172,MENU_001066,1,1,0.5452262163162231,0.0,0.6,0.0,4.25
Q_000172,MENU_002549,0,2,0.5282289981842041,0.0,0.2,0.0,4.86301422119141
Q_000172,MENU_000257,0,3,0.5116870403289795,0.0,0.2,0.0,4.65069389343262
Q_000172,MENU_001218,0,4,0.5061799883842468,0.2,0.4,0.0,4.75703001022339
Q_000172,MENU_000503,0,5,0.5055078268051147,0.0,0.0,0.0,4.77500009536743
Q_000172,MENU_001219,0,6,0.50382399559021,0.2,0.4,0.0,4.75703001022339
Q_000172,MENU_001501,0,7,0.4982031285762787,0.0,0.2,0.0,4.26522302627563
Q_000172,MENU_001071,1,8,0.49740761518478394,0.0,0.6,0.0,4.25
Q_000172,MENU_000500,0,9,0.4945549964904785,0.0,0.0,0.0,4.77500009536743
Q_000172,MENU_000839,0,10,0.4865362048149109,0.0,0.0,0.2,4.71359920501709
Q_000172,MENU_000836,0,11,0.48634016513824463,0.0,0.0,0.0,4.71359920501709
Q_000172,MENU_000838,0,12,0.4853295683860779,0.0,0.0,0.0,4.71359920501709
Q_000172,MENU_000498,0,13,0.48445507884025574,0.0,0.0,0.0,4.77500009536743
Q_000172,MENU_001132,0,14,0.4800489842891693,0.0,0.2,0.2,4.92857122421265
Q_000172,MENU_002295,0,15,0.478522390127182,0.0,0.2,0.2,4.54545497894287
Q_000172,MENU_001231,0,16,0.472711443901062,0.0,0.0,0.0,4.75703001022339
Q_000172,MENU_001212,0,17,0.4703015089035034,0.0,0.4,0.0,4.75703001022339
Q_000172,MENU_001127,1,18,0.4697575867176056,0.0,0.6,0.0,4.25
Q_000172,MENU_002547,0,19,0.4686623215675354,0.0,0.0,0.0,4.86301422119141
Q_000172,MENU_001078,1,20,0.4659866988658905,0.0,0.6,0.0,4.25
Q_000172,MENU_002296,0,21,0.4628402590751648,0.0,0.2,0.0,4.54545497894287
Q_000172,MENU_000488,0,22,0.4581909477710724,0.0,0.0,0.4,4.77500009536743
Q_000172,MENU_001213,0,23,0.45574241876602173,0.0,0.0,0.0,4.75703001022339
Q_000172,MENU_001215,0,24,0.45530378818511963,0.0,0.0,0.0,4.75703001022339
Q_000172,MENU_000255,0,25,0.45431768894195557,0.0,0.2,0.0,4.65069389343262
Q_000172,MENU_000499,0,26,0.4495624005794525,0.0,0.0,0.0,4.77500009536743
Q_000172,MENU_001984,0,27,0.44954729080200195,0.0,0.0,0.0,4.59150314331055
Q_000172,MENU_002548,0,28,0.44587963819503784,0.0,0.0,0.0,4.86301422119141
Q_000172,MENU_001224,0,29,0.44545459747314453,0.0,0.0,0.0,4.75703001022339
Q_000172,MENU_000788,0,30,0.4437677264213562,0.2,0.2,0.0,4.70389223098755
Q_000172,MENU_000333,0,31,0.44298219680786133,0.0,0.0,0.0,4.60093212127686
Q_000172,MENU_000364,0,32,0.44298219680786133,0.0,0.0,0.0,4.71902799606323
Q_000172,MENU_000164,0,33,0.44191646575927734,0.0,0.0,0.0,4.63380479812622
Q_000172,MENU_001315,0,34,0.4414744973182678,0.2,0.0,0.2,4.75340223312378
Q_000172,MENU_001987,0,35,0.4411444664001465,0.0,0.0,0.0,4.59150314331055
Q_000172,MENU_002291,0,36,0.4404279291629791,0.0,0.2,0.0,4.54545497894287
Q_000172,MENU_001316,0,37,0.4395292401313782,0.2,0.0,0.2,4.75340223312378
Q_000172,MENU_001988,0,38,0.4361315369606018,0.0,0.2,0.0,4.67871189117432
Q_000172,MENU_001548,0,39,0.4360889196395874,0.0,0.2,0.0,4.20552682876587
Q_000172,MENU_001220,0,40,0.43584397435188293,0.0,0.4,0.0,4.75703001022339
Q_000172,MENU_000496,0,41,0.43236106634140015,0.0,0.0,0.0,4.77500009536743
Q_000172,MENU_002616,0,42,0.43152928352355957,0.0,0.0,0.0,4.76699018478394
Q_000172,MENU_000489,0,43,0.4301658868789673,0.0,0.0,0.2,4.77500009536743
Q_000172,MENU_001547,0,44,0.4280993342399597,0.0,0.2,0.0,4.20552682876587
Q_000172,MENU_000363,0,45,0.4279009699821472,0.0,0.0,0.0,4.71859407424927
Q_000172,MENU_000332,0,46,0.4279009699821472,0.0,0.0,0.0,4.60093212127686
Q_000172,MENU_001527,0,47,0.4253610074520111,0.0,0.2,0.0,4.20552682876587
Q_000172,MENU_001116,1,48,0.4250313341617584,0.0,0.6,0.0,4.25
Q_000172,MENU_000495,0,49,0.4246155619621277,0.0,0.0,0.0,4.77500009536743
Q_000172,MENU_001237,0,50,0.42460983991622925,0.0,0.0,0.0,4.75703001022339
Q_000173,MENU_002034,1,1,0.551583468914032,0.3333333333333333,0.3333333333333333,0.0,4.1811408996582
Q_000173,MENU_001527,0,2,0.5367130637168884,0.3333333333333333,0.0,0.0,4.20552682876587
Q_000173,MENU_001541,1,3,0.5289099216461182,0.3333333333333333,0.3333333333333333,0.0,4.20552682876587
Q_000173,MENU_002036,1,4,0.5265173316001892,0.3333333333333333,0.3333333333333333,0.0,4.1811408996582
Q_000173,MENU_000428,0,5,0.5200860500335693,0.3333333333333333,0.0,0.0,4.68128681182861
Q_000173,MENU_001547,0,6,0.5105072259902954,0.3333333333333333,0.0,0.0,4.20552682876587
Q_000173,MENU_002037,1,7,0.5029218196868896,0.3333333333333333,0.3333333333333333,0.0,4.1811408996582
Q_000173,MENU_001540,0,8,0.5022281408309937,0.3333333333333333,0.0,0.0,4.20552682876587
Q_000173,MENU_001543,1,9,0.4929538071155548,0.3333333333333333,0.3333333333333333,0.0,4.20552682876587
Q_000173,MENU_002038,1,10,0.47877928614616394,0.3333333333333333,0.3333333333333333,0.0,4.1811408996582
Q_000173,MENU_001542,1,11,0.4780224561691284,0.3333333333333333,0.3333333333333333,0.0,4.20552682876587
Q_000173,MENU_001548,0,12,0.47256535291671753,0.3333333333333333,0.0,0.0,4.20552682876587
Q_000173,MENU_002035,1,13,0.4724610149860382,0.3333333333333333,0.3333333333333333,0.0,4.1811408996582
Q_000173,MENU_001544,1,14,0.4708808958530426,0.3333333333333333,0.3333333333333333,0.0,4.20552682876587
Q_000173,MENU_001545,1,15,0.4529850482940674,0.3333333333333333,0.3333333333333333,0.0,4.20552682876587
Q_000173,MENU_001716,0,16,0.3872142732143402,0.0,0.0,0.0,3.84737396240234
Q_000173,MENU_000334,0,17,0.3871491551399231,0.0,0.0,0.0,4.60093212127686
Q_000173,MENU_000116,0,18,0.35933762788772583,0.0,0.0,0.0,3.0
Q_000173,MENU_000113,0,19,0.3580244183540344,0.0,0.0,0.0,3.0
Q_000173,MENU_002676,0,20,0.3577098846435547,0.0,0.0,0.0,4.7348837852478
Q_000173,MENU_002011,0,21,0.35600370168685913,0.0,0.0,0.0,4.1811408996582
Q_000173,MENU_001132,0,22,0.3508164882659912,0.0,0.0,0.0,4.92857122421265
Q_000173,MENU_000502,0,23,0.34453511238098145,0.0,0.0,0.0,4.77500009536743
Q_000173,MENU_001227,0,24,0.3440553545951843,0.0,0.0,0.0,4.75703001022339
Q_000173,MENU_001233,0,25,0.3429492712020874,0.0,0.0,0.0,4.75703001022339
Q_000173,MENU_002774,0,26,0.3411349356174469,0.0,0.0,0.0,0.0
Q_000173,MENU_001581,0,27,0.34062159061431885,0.0,0.0,0.0,4.88310480117798
Q_000173,MENU_001984,0,28,0.334639310836792,0.0,0.0,0.0,4.59150314331055
Q_000173,MENU_002031,0,29,0.3344729542732239,0.0,0.0,0.0,4.1811408996582
Q_000173,MENU_001251,0,30,0.3328610062599182,0.0,0.0,0.0,4.75340223312378
Q_000173,MENU_001500,0,31,0.33253785967826843,0.0,0.0,0.3333333333333333,4.26522302627563
Q_000173,MENU_001564,0,32,0.3312378525733948,0.0,0.0,0.0,4.88310480117798
Q_000173,MENU_002046,0,33,0.33096885681152344,0.0,0.0,0.0,4.1811408996582
Q_000173,MENU_000492,0,34,0.3307669460773468,0.0,0.0,0.0,4.77500009536743
Q_000173,MENU_001060,0,35,0.3300185203552246,0.0,0.0,0.0,4.25
Q_000173,MENU_000493,0,36,0.3265964686870575,0.0,0.0,0.0,4.77500009536743
Q_000173,MENU_001253,0,37,0.32649368047714233,0.0,0.0,0.0,4.75340223312378
Q_000173,MENU_002056,0,38,0.32594388723373413,0.0,0.0,0.0,4.1811408996582
Q_000173,MENU_000494,0,39,0.3253914415836334,0.0,0.0,0.0,4.77500009536743
Q_000173,MENU_001130,0,40,0.3250308930873871,0.0,0.0,0.0,4.63961410522461
Q_000173,MENU_002748,0,41,0.3238881528377533,0.0,0.0,0.0,0.0
Q_000173,MENU_002749,0,42,0.32141196727752686,0.0,0.0,0.0,0.0
Q_000173,MENU_002025,0,43,0.32076340913772583,0.0,0.0,0.0,4.1811408996582
Q_000173,MENU_002092,0,44,0.3204105794429779,0.0,0.0,0.0,4.71530199050903
Q_000173,MENU_001230,0,45,0.3201526403427124,0.0,0.0,0.0,4.75703001022339
Q_000173,MENU_002826,0,46,0.3199649751186371,0.0,0.0,0.0,0.0
Q_000173,MENU_001522,0,47,0.3195904791355133,0.0,0.0,0.0,4.20552682876587
Q_000173,MENU_000795,0,48,0.31958308815956116,0.0,0.0,0.0,4.70389223098755
Q_000173,MENU_000943,0,49,0.3183615803718567,0.0,0.0,0.0,4.0
Q_000173,MENU_001226,0,50,0.31821879744529724,0.0,0.0,0.0,4.75703001022339
Q_000174,MENU_001722,1,1,0.590192437171936,0.0,0.5,0.0,3.84737396240234
Q_000174,MENU_001683,1,2,0.5880521535873413,0.0,0.5,0.0,3.84737396240234
Q_000174,MENU_002780,1,3,0.5841245651245117,0.25,0.5,0.0,0.0
Q_000174,MENU_002788,1,4,0.5820755958557129,0.25,0.5,0.0,0.0
Q_000174,MENU_002002,1,5,0.578795313835144,0.25,0.5,0.0,4.1811408996582
Q_000174,MENU_001680,1,6,0.5771942138671875,0.0,0.5,0.0,3.84737396240234
Q_000174,MENU_001721,1,7,0.5751232504844666,0.0,0.5,0.0,3.84737396240234
Q_000174,MENU_002779,1,8,0.5750929117202759,0.25,0.5,0.0,0.0
Q_000174,MENU_002781,1,9,0.5739898681640625,0.25,0.5,0.0,0.0
Q_000174,MENU_002786,1,10,0.5715823173522949,0.25,0.5,0.0,0.0
Q_000174,MENU_002778,1,11,0.5662490129470825,0.25,0.5,0.0,0.0
Q_000174,MENU_002777,1,12,0.5637781023979187,0.25,0.5,0.0,0.0
Q_000174,MENU_001719,1,13,0.5631585717201233,0.0,0.5,0.0,3.84737396240234
Q_000174,MENU_001686,1,14,0.5620522499084473,0.0,0.5,0.0,3.84737396240234
Q_000174,MENU_001699,1,15,0.5618800520896912,0.0,0.5,0.0,3.84737396240234
Q_000174,MENU_002835,0,16,0.5575464963912964,0.25,0.5,0.0,0.0
Q_000174,MENU_002787,1,17,0.556899905204773,0.25,0.5,0.0,0.0
Q_000174,MENU_001453,0,18,0.5567742586135864,0.25,0.0,0.0,4.60264015197754
Q_000174,MENU_002783,1,19,0.5544030666351318,0.25,0.5,0.0,0.0
Q_000174,MENU_002816,0,20,0.5535324811935425,0.25,0.5,0.0,0.0
Q_000174,MENU_001687,1,21,0.5507395267486572,0.0,0.5,0.0,3.84737396240234
Q_000174,MENU_001465,0,22,0.550328254699707,0.25,0.0,0.0,4.60264015197754
Q_000174,MENU_002782,1,23,0.5498337745666504,0.25,0.5,0.0,0.0
Q_000174,MENU_001720,1,24,0.5488533973693848,0.0,0.5,0.0,3.84737396240234
Q_000174,MENU_002776,1,25,0.5448778867721558,0.25,0.5,0.0,0.0
Q_000174,MENU_001454,0,26,0.5444035530090332,0.25,0.0,0.0,4.60264015197754
Q_000174,MENU_002784,1,27,0.5425258278846741,0.25,0.5,0.0,0.0
Q_000174,MENU_001667,1,28,0.541778564453125,0.0,0.5,0.0,3.84737396240234
Q_000174,MENU_001668,1,29,0.5408206582069397,0.0,0.5,0.0,3.84737396240234
Q_000174,MENU_001664,1,30,0.5396786332130432,0.0,0.5,0.0,3.84737396240234
Q_000174,MENU_002840,0,31,0.5375540256500244,0.25,0.5,0.0,0.0
Q_000174,MENU_001685,1,32,0.5350398421287537,0.0,0.5,0.0,3.84737396240234
Q_000174,MENU_001459,0,33,0.5345199108123779,0.25,0.0,0.0,4.60264015197754
Q_000174,MENU_001728,1,34,0.5338318347930908,0.0,0.5,0.0,3.84737396240234
Q_000174,MENU_002001,1,35,0.5306508541107178,0.25,0.5,0.0,4.1811408996582
Q_000174,MENU_002751,0,36,0.5301104784011841,0.25,0.5,0.0,0.0
Q_000174,MENU_002775,1,37,0.529496431350708,0.25,0.5,0.0,0.0
Q_000174,MENU_001698,1,38,0.5287570953369141,0.0,0.5,0.0,3.84737396240234
Q_000174,MENU_002789,1,39,0.5285179018974304,0.25,0.5,0.0,0.0
Q_000174,MENU_002785,1,40,0.5263179540634155,0.25,0.5,0.0,0.0
Q_000174,MENU_002754,0,41,0.5240081548690796,0.25,0.5,0.0,0.0
Q_000174,MENU_002000,1,42,0.5232611894607544,0.25,0.5,0.0,4.1811408996582
Q_000174,MENU_001468,0,43,0.5224419236183167,0.25,0.0,0.0,4.60264015197754
Q_000174,MENU_002501,0,44,0.5206644535064697,0.0,0.0,0.0,4.28089904785156
Q_000174,MENU_001806,0,45,0.5184731483459473,0.0,0.0,0.0,4.6991171836853
Q_000174,MENU_001352,0,46,0.5175551772117615,0.0,0.0,0.0,4.75340223312378
Q_000174,MENU_001663,0,47,0.517170250415802,0.0,0.0,0.0,3.84737396240234
Q_000174,MENU_001420,0,48,0.5165232419967651,0.0,0.0,0.0,4.46881008148193
Q_000174,MENU_000133,0,49,0.5161383748054504,0.0,0.0,0.0,4.63380479812622
Q_000174,MENU_000184,0,50,0.5155962705612183,0.0,0.0,0.0,4.63380479812622
Q_000175,MENU_002162,1,1,0.5340762734413147,0.0,0.3333333333333333,0.0,4.64444398880005
Q_000175,MENU_002725,0,2,0.520089864730835,0.0,0.0,0.0,4.66852378845215
Q_000175,MENU_001559,0,3,0.49625515937805176,0.0,0.3333333333333333,0.0,4.51582288742065
Q_000175,MENU_000213,0,4,0.48616451025009155,0.0,0.0,0.0,4.7832818031311
Q_000175,MENU_000206,0,5,0.485496461391449,0.0,0.0,0.0,4.7832818031311
Q_000175,MENU_002137,1,6,0.4837469458580017,0.0,0.3333333333333333,0.0,4.64444398880005
Q_000175,MENU_002712,0,7,0.48261481523513794,0.0,0.0,0.0,4.66852378845215
Q_000175,MENU_002158,1,8,0.47823432087898254,0.0,0.3333333333333333,0.0,4.64444398880005
Q_000175,MENU_002160,1,9,0.4758330285549164,0.0,0.3333333333333333,0.0,4.64444398880005
Q_000175,MENU_001902,0,10,0.47352123260498047,0.0,0.0,0.0,4.3829460144043
Q_000175,MENU_002719,0,11,0.4697470963001251,0.0,0.0,0.0,4.66852378845215
Q_000175,MENU_002722,0,12,0.4667591452598572,0.0,0.0,0.0,4.66852378845215
Q_000175,MENU_001135,0,13,0.4662497639656067,0.0,0.3333333333333333,0.0,4.0
Q_000175,MENU_002147,1,14,0.465948224067688,0.0,0.3333333333333333,0.0,4.64444398880005
Q_000175,MENU_002726,0,15,0.4655933678150177,0.0,0.0,0.0,4.66852378845215
Q_000175,MENU_002142,1,16,0.46514788269996643,0.0,0.3333333333333333,0.0,4.64444398880005
Q_000175,MENU_002715,0,17,0.46391746401786804,0.0,0.0,0.0,4.66852378845215
Q_000175,MENU_001744,0,18,0.46007853746414185,0.0,0.0,0.0,4.81443309783936
Q_000175,MENU_002164,1,19,0.45831918716430664,0.0,0.3333333333333333,0.0,4.64444398880005
Q_000175,MENU_002728,0,20,0.4581526517868042,0.0,0.0,0.0,4.66852378845215
Q_000175,MENU_002718,0,21,0.45616650581359863,0.0,0.0,0.0,4.66852378845215
Q_000175,MENU_002720,0,22,0.4553089737892151,0.0,0.0,0.0,4.66852378845215
Q_000175,MENU_002706,0,23,0.4550207853317261,0.0,0.0,0.0,4.66852378845215
Q_000175,MENU_001344,0,24,0.45494887232780457,0.0,0.0,0.0,4.75340223312378
Q_000175,MENU_000212,0,25,0.45487529039382935,0.0,0.0,0.0,4.7832818031311
Q_000175,MENU_001893,0,26,0.4466584026813507,0.0,0.0,0.0,5.0
Q_000175,MENU_002709,0,27,0.44521594047546387,0.0,0.0,0.0,4.66852378845215
Q_000175,MENU_002710,0,28,0.44235309958457947,0.0,0.0,0.0,4.66852378845215
Q_000175,MENU_002353,0,29,0.44211187958717346,0.0,0.0,0.0,4.57420492172241
Q_000175,MENU_002396,0,30,0.44211187958717346,0.0,0.0,0.0,4.2142858505249
Q_000175,MENU_002348,0,31,0.44203537702560425,0.0,0.0,0.0,4.57420492172241
Q_000175,MENU_002391,0,32,0.44203537702560425,0.0,0.0,0.0,4.2142858505249
Q_000175,MENU_002131,1,33,0.44192469120025635,0.0,0.3333333333333333,0.0,4.64444398880005
Q_000175,MENU_001097,0,34,0.44144511222839355,0.0,0.0,0.0,4.25
Q_000175,MENU_001558,0,35,0.43996137380599976,0.0,0.0,0.0,4.51582288742065
Q_000175,MENU_000209,0,36,0.4335389733314514,0.0,0.0,0.0,4.7832818031311
Q_000175,MENU_002713,0,37,0.43350961804389954,0.0,0.0,0.0,4.66852378845215
Q_000175,MENU_000214,0,38,0.43230271339416504,0.0,0.0,0.0,4.7832818031311
Q_000175,MENU_002721,0,39,0.4318041205406189,0.0,0.0,0.3333333333333333,4.66852378845215
Q_000175,MENU_001970,0,40,0.4265304207801819,0.0,0.3333333333333333,0.0,4.74074077606201
Q_000175,MENU_002412,0,41,0.4229700565338135,0.0,0.0,0.0,4.2142858505249
Q_000175,MENU_002367,0,42,0.4229700565338135,0.0,0.0,0.0,4.57420492172241
Q_000175,MENU_002727,0,43,0.42235490679740906,0.0,0.0,0.0,4.66852378845215
Q_000175,MENU_002395,0,44,0.4222867488861084,0.0,0.0,0.0,4.2142858505249
Q_000175,MENU_002352,0,45,0.4222867488861084,0.0,0.0,0.0,4.57420492172241
Q_000175,MENU_001046,0,46,0.4220454692840576,0.0,0.0,0.0,4.25
Q_000175,MENU_002723,0,47,0.4218142628669739,0.0,0.0,0.0,4.66852378845215
Q_000175,MENU_002711,0,48,0.42155009508132935,0.0,0.0,0.0,4.66852378845215
Q_000175,MENU_000526,0,49,0.42037898302078247,0.0,0.0,0.0,4.63044404983521
Q_000175,MENU_002716,0,50,0.41590648889541626,0.0,0.0,0.0,4.66852378845215
Q_000176,MENU_002615,1,1,0.6538068652153015,0.0,0.75,0.0,4.76699018478394
Q_000176,MENU_002602,0,2,0.647091269493103,0.0,0.25,0.0,4.76699018478394
Q_000176,MENU_002612,1,3,0.6228150129318237,0.0,0.75,0.0,4.76699018478394
Q_000176,MENU_002607,1,4,0.618896484375,0.0,0.75,0.0,4.76699018478394
Q_000176,MENU_001237,0,5,0.6152276396751404,0.0,0.25,0.0,4.75703001022339
Q_000176,MENU_002605,1,6,0.6082186698913574,0.0,0.75,0.0,4.76699018478394
Q_000176,MENU_001238,0,7,0.6065906882286072,0.0,0.5,0.0,4.75703001022339
Q_000176,MENU_002616,1,8,0.6058287024497986,0.0,0.75,0.0,4.76699018478394
Q_000176,MENU_002608,1,9,0.6031018495559692,0.0,0.75,0.0,4.76699018478394
Q_000176,MENU_002606,0,10,0.6014993190765381,0.0,0.25,0.0,4.76699018478394
Q_000176,MENU_001112,0,11,0.5908147692680359,0.0,0.25,0.0,4.25
Q_000176,MENU_002603,0,12,0.5878785848617554,0.0,0.25,0.0,4.76699018478394
Q_000176,MENU_001213,0,13,0.5876686573028564,0.0,0.25,0.0,4.75703001022339
Q_000176,MENU_001231,0,14,0.587480902671814,0.0,0.25,0.0,4.75703001022339
Q_000176,MENU_002610,1,15,0.5800042152404785,0.0,0.75,0.0,4.76699018478394
Q_000176,MENU_002609,0,16,0.5777025818824768,0.0,0.25,0.0,4.76699018478394
Q_000176,MENU_002617,0,17,0.5742784142494202,0.0,0.25,0.0,4.76699018478394
Q_000176,MENU_001217,0,18,0.5727536678314209,0.0,0.25,0.0,4.75703001022339
Q_000176,MENU_001124,0,19,0.5717170238494873,0.0,0.25,0.0,4.25
Q_000176,MENU_001228,0,20,0.5644514560699463,0.0,0.5,0.0,4.75703001022339
Q_000176,MENU_002614,0,21,0.563866138458252,0.0,0.25,0.0,4.76699018478394
Q_000176,MENU_001225,0,22,0.5527610778808594,0.0,0.5,0.0,4.75703001022339
Q_000176,MENU_001215,0,23,0.548130989074707,0.0,0.25,0.0,4.75703001022339
Q_000176,MENU_001224,0,24,0.5454912185668945,0.0,0.25,0.0,4.75703001022339
Q_000176,MENU_001232,0,25,0.5439184308052063,0.0,0.5,0.0,4.75703001022339
Q_000176,MENU_002604,0,26,0.5405145883560181,0.0,0.25,0.0,4.76699018478394
Q_000176,MENU_001080,0,27,0.5401672124862671,0.0,0.25,0.0,4.25
Q_000176,MENU_001234,0,28,0.5257599353790283,0.0,0.25,0.0,4.75703001022339
Q_000176,MENU_001060,0,29,0.5249568819999695,0.0,0.25,0.0,4.25
Q_000176,MENU_001223,0,30,0.5228161215782166,0.0,0.5,0.0,4.75703001022339
Q_000176,MENU_001222,0,31,0.5200330018997192,0.0,0.5,0.0,4.75703001022339
Q_000176,MENU_001096,0,32,0.5095371603965759,0.0,0.25,0.0,4.25
Q_000176,MENU_001236,0,33,0.49929091334342957,0.0,0.5,0.0,4.75703001022339
Q_000176,MENU_001221,0,34,0.4949280023574829,0.0,0.25,0.0,4.75703001022339
Q_000176,MENU_001226,0,35,0.4945325553417206,0.0,0.25,0.0,4.75703001022339
Q_000176,MENU_001230,0,36,0.49136072397232056,0.0,0.25,0.0,4.75703001022339
Q_000176,MENU_001235,0,37,0.49075761437416077,0.0,0.5,0.0,4.75703001022339
Q_000176,MENU_000774,0,38,0.4819179177284241,0.25,0.0,0.5,4.60988092422485
Q_000176,MENU_001233,0,39,0.4798702895641327,0.0,0.25,0.0,4.75703001022339
Q_000176,MENU_002613,0,40,0.4745209217071533,0.0,0.25,0.0,4.76699018478394
Q_000176,MENU_001214,0,41,0.4741264283657074,0.0,0.25,0.0,4.75703001022339
Q_000176,MENU_001516,0,42,0.47408947348594666,0.0,0.0,0.0,4.65221118927002
Q_000176,MENU_000500,0,43,0.4688537120819092,0.0,0.0,0.0,4.77500009536743
Q_000176,MENU_001758,0,44,0.4657287299633026,0.0,0.0,0.0,4.81443309783936
Q_000176,MENU_000495,0,45,0.45316970348358154,0.0,0.0,0.0,4.77500009536743
Q_000176,MENU_001346,0,46,0.4509465992450714,0.0,0.0,0.0,4.75340223312378
Q_000176,MENU_001229,0,47,0.44936811923980713,0.0,0.25,0.0,4.75703001022339
Q_000176,MENU_002611,0,48,0.4409080743789673,0.0,0.25,0.0,4.76699018478394
Q_000176,MENU_002297,0,49,0.44006282091140747,0.0,0.0,0.0,4.58823490142822
Q_000176,MENU_002548,0,50,0.43774232268333435,0.0,0.0,0.0,4.86301422119141
Q_000177,MENU_002652,1,1,0.7870615720748901,0.7142857142857143,0.8571428571428571,0.0,4.58833312988281
Q_000177,MENU_002625,1,2,0.7732893228530884,0.7142857142857143,0.8571428571428571,0.0,4.58833312988281
Q_000177,MENU_002628,1,3,0.759335994720459,0.7142857142857143,0.8571428571428571,0.0,4.58833312988281
Q_000177,MENU_002645,1,4,0.7546999454498291,0.7142857142857143,0.8571428571428571,0.0,4.58833312988281
Q_000177,MENU_002649,1,5,0.7508482336997986,0.7142857142857143,0.8571428571428571,0.0,4.58833312988281
Q_000177,MENU_002647,1,6,0.7397940158843994,0.7142857142857143,0.8571428571428571,0.0,4.58833312988281
Q_000177,MENU_000185,0,7,0.5904913544654846,0.2857142857142857,0.0,0.2857142857142857,4.63380479812622
Q_000177,MENU_000040,0,8,0.5125967264175415,0.14285714285714285,0.0,0.0,4.03416109085083
Q_000177,MENU_002637,0,9,0.5067278146743774,0.14285714285714285,0.0,0.42857142857142855,4.58833312988281
Q_000177,MENU_002463,0,10,0.4953616261482239,0.0,0.14285714285714285,0.14285714285714285,4.77699613571167
Q_000177,MENU_002130,0,11,0.49521833658218384,0.14285714285714285,0.0,0.0,4.64444398880005
Q_000177,MENU_002573,0,12,0.4945504367351532,0.14285714285714285,0.14285714285714285,0.14285714285714285,4.67702722549438
Q_000177,MENU_000002,0,13,0.49223947525024414,0.0,0.0,0.14285714285714285,4.0
Q_000177,MENU_002443,0,14,0.4922327697277069,0.0,0.14285714285714285,0.14285714285714285,4.77699613571167
Q_000177,MENU_001894,0,15,0.4864654242992401,0.14285714285714285,0.0,0.2857142857142857,5.0
Q_000177,MENU_002460,0,16,0.4803093671798706,0.0,0.0,0.0,4.77699613571167
Q_000177,MENU_002452,0,17,0.4778623878955841,0.0,0.0,0.0,4.77699613571167
Q_000177,MENU_000045,0,18,0.4752040505409241,0.14285714285714285,0.0,0.14285714285714285,4.0
Q_000177,MENU_001912,0,19,0.4744923710823059,0.14285714285714285,0.14285714285714285,0.2857142857142857,4.81481504440308
Q_000177,MENU_001344,0,20,0.47375714778900146,0.0,0.0,0.0,4.75340223312378
Q_000177,MENU_002348,0,21,0.4734508991241455,0.0,0.0,0.14285714285714285,4.57420492172241
Q_000177,MENU_002391,0,22,0.4734508991241455,0.0,0.0,0.14285714285714285,4.2142858505249
Q_000177,MENU_002455,0,23,0.4729788899421692,0.0,0.0,0.0,4.77699613571167
Q_000177,MENU_000571,0,24,0.46085214614868164,0.0,0.0,0.0,4.49110698699951
Q_000177,MENU_001372,0,25,0.4571361541748047,0.0,0.0,0.2857142857142857,4.75340223312378
Q_000177,MENU_000192,0,26,0.4542117714881897,0.0,0.0,0.0,4.63380479812622
Q_000177,MENU_001978,0,27,0.45295679569244385,0.0,0.0,0.0,4.6097559928894
Q_000177,MENU_002465,0,28,0.4523943066596985,0.0,0.0,0.0,4.77699613571167
Q_000177,MENU_001336,0,29,0.4521448314189911,0.0,0.0,0.2857142857142857,4.75340223312378
Q_000177,MENU_002165,0,30,0.45213010907173157,0.0,0.0,0.14285714285714285,4.64444398880005
Q_000177,MENU_001933,0,31,0.44986119866371155,0.14285714285714285,0.0,0.0,4.81481504440308
Q_000177,MENU_000817,0,32,0.44933366775512695,0.14285714285714285,0.0,0.0,4.64895582199097
Q_000177,MENU_001602,0,33,0.44864702224731445,0.14285714285714285,0.0,0.0,4.87649393081665
Q_000177,MENU_001876,0,34,0.44859805703163147,0.0,0.0,0.14285714285714285,4.6991171836853
Q_000177,MENU_000208,0,35,0.448472261428833,0.0,0.0,0.0,4.7832818031311
Q_000177,MENU_002462,0,36,0.44798243045806885,0.0,0.0,0.2857142857142857,4.77699613571167
Q_000177,MENU_001059,0,37,0.4464765787124634,0.0,0.0,0.0,4.25
Q_000177,MENU_002134,0,38,0.44563978910446167,0.0,0.0,0.0,4.64444398880005
Q_000177,MENU_002349,0,39,0.4438743591308594,0.0,0.0,0.14285714285714285,4.57420492172241
Q_000177,MENU_002392,0,40,0.4438743591308594,0.0,0.0,0.14285714285714285,4.2142858505249
Q_000177,MENU_000207,0,41,0.44375377893447876,0.0,0.0,0.0,4.7832818031311
Q_000177,MENU_001023,0,42,0.4437359571456909,0.14285714285714285,0.0,0.14285714285714285,4.82307195663452
Q_000177,MENU_002444,0,43,0.44361215829849243,0.0,0.0,0.0,4.77699613571167
Q_000177,MENU_002149,0,44,0.4435544013977051,0.0,0.0,0.0,4.64444398880005
Q_000177,MENU_001496,0,45,0.44316697120666504,0.0,0.0,0.14285714285714285,4.26522302627563
Q_000177,MENU_001364,0,46,0.4427441656589508,0.0,0.0,0.14285714285714285,4.75340223312378
Q_000177,MENU_001134,0,47,0.44077837467193604,0.0,0.0,0.0,4.0
Q_000177,MENU_002145,0,48,0.4377683401107788,0.0,0.0,0.0,4.64444398880005
Q_000177,MENU_002442,0,49,0.43762829899787903,0.0,0.0,0.0,4.77699613571167
Q_000177,MENU_002841,0,50,0.4373614192008972,0.0,0.0,0.0,0.0
Q_000178,MENU_002529,0,1,0.3392682671546936,0.0,0.4,0.0,4.70963716506958
Q_000178,MENU_002619,0,2,0.3202645778656006,0.0,0.0,0.0,4.66666698455811
Q_000178,MENU_001971,0,3,0.3183358311653137,0.0,0.0,0.0,4.74074077606201
Q_000178,MENU_001232,0,4,0.30390849709510803,0.0,0.0,0.0,4.75703001022339
Q_000178,MENU_001966,0,5,0.3021359443664551,0.0,0.0,0.0,4.74074077606201
Q_000178,MENU_002025,0,6,0.2986390292644501,0.0,0.0,0.0,4.1811408996582
Q_000178,MENU_001961,0,7,0.29607003927230835,0.0,0.0,0.0,4.74074077606201
Q_000178,MENU_002056,0,8,0.29439985752105713,0.0,0.0,0.0,4.1811408996582
Q_000178,MENU_001962,0,9,0.2913215458393097,0.0,0.0,0.0,4.74074077606201
Q_000178,MENU_001965,0,10,0.28893721103668213,0.0,0.0,0.0,4.74074077606201
Q_000178,MENU_002024,0,11,0.28661298751831055,0.0,0.0,0.0,4.1811408996582
Q_000178,MENU_000321,0,12,0.2844061851501465,0.0,0.0,0.0,4.72118997573853
Q_000178,MENU_002850,0,13,0.2816569209098816,0.0,0.0,0.0,0.0
Q_000178,MENU_001555,0,14,0.28093597292900085,0.0,0.0,0.0,4.51582288742065
Q_000178,MENU_001210,0,15,0.28087079524993896,0.0,0.0,0.2,4.40959405899048
Q_000178,MENU_001683,0,16,0.2793933153152466,0.0,0.0,0.0,3.84737396240234
Q_000178,MENU_001552,0,17,0.2793009281158447,0.0,0.0,0.0,4.20552682876587
Q_000178,MENU_000695,0,18,0.2786324620246887,0.0,0.0,0.0,4.72276020050049
Q_000178,MENU_001501,0,19,0.27792882919311523,0.0,0.0,0.0,4.26522302627563
Q_000178,MENU_001315,0,20,0.2763635218143463,0.0,0.0,0.0,4.75340223312378
Q_000178,MENU_001786,0,21,0.2762208580970764,0.0,0.0,0.0,4.81443309783936
Q_000178,MENU_001722,0,22,0.27509647607803345,0.0,0.0,0.0,3.84737396240234
Q_000178,MENU_002023,0,23,0.274695485830307,0.0,0.0,0.0,4.1811408996582
Q_000178,MENU_002708,0,24,0.2746756970882416,0.0,0.0,0.0,4.66852378845215
Q_000178,MENU_002027,0,25,0.2737281918525696,0.0,0.0,0.0,4.1811408996582
Q_000178,MENU_001316,0,26,0.27056312561035156,0.0,0.0,0.0,4.75340223312378
Q_000178,MENU_000681,0,27,0.2703312039375305,0.0,0.0,0.0,4.72276020050049
Q_000178,MENU_001676,0,28,0.269997239112854,0.0,0.0,0.0,3.84737396240234
Q_000178,MENU_001730,0,29,0.2692200541496277,0.0,0.0,0.0,3.84737396240234
Q_000178,MENU_002043,0,30,0.26890134811401367,0.0,0.0,0.0,4.1811408996582
Q_000178,MENU_000181,0,31,0.2687244117259979,0.0,0.0,0.0,4.63380479812622
Q_000178,MENU_000667,0,32,0.26740404963493347,0.0,0.0,0.0,4.72276020050049
Q_000178,MENU_000126,0,33,0.2664804458618164,0.0,0.0,0.0,4.63380479812622
Q_000178,MENU_002681,0,34,0.26636502146720886,0.0,0.0,0.2,4.74509811401367
Q_000178,MENU_000875,0,35,0.26523005962371826,0.0,0.0,0.0,4.66089391708374
Q_000178,MENU_002552,0,36,0.26434603333473206,0.0,0.0,0.0,4.01298713684082
Q_000178,MENU_001209,0,37,0.26375919580459595,0.0,0.0,0.0,4.36710977554321
Q_000178,MENU_001726,0,38,0.26329144835472107,0.0,0.0,0.0,3.84737396240234
Q_000178,MENU_001496,0,39,0.262440025806427,0.0,0.0,0.2,4.26522302627563
Q_000178,MENU_001499,0,40,0.26239442825317383,0.0,0.0,0.2,4.26522302627563
Q_000178,MENU_000999,0,41,0.2618711292743683,0.0,0.0,0.0,0.0
Q_000178,MENU_001901,0,42,0.260834276676178,0.0,0.0,0.0,4.69818210601807
Q_000178,MENU_000217,0,43,0.26052314043045044,0.0,0.0,0.0,4.35269689559937
Q_000178,MENU_000056,0,44,0.26001739501953125,0.0,0.0,0.0,4.82178211212158
Q_000178,MENU_001530,0,45,0.2586687207221985,0.0,0.0,0.0,4.20552682876587
Q_000178,MENU_001529,0,46,0.2572813332080841,0.0,0.0,0.0,4.20552682876587
Q_000178,MENU_001801,0,47,0.25727373361587524,0.0,0.0,0.0,4.6991171836853
Q_000178,MENU_002397,0,48,0.256827712059021,0.0,0.0,0.2,4.2142858505249
Q_000178,MENU_000702,0,49,0.2560234069824219,0.0,0.0,0.0,4.72276020050049
Q_000178,MENU_000876,0,50,0.25539594888687134,0.0,0.0,0.0,0.0
Q_000179,MENU_000220,0,1,0.4532005488872528,0.0,0.0,0.0,4.14949178695679
Q_000179,MENU_000246,0,2,0.45239800214767456,0.0,0.0,0.0,4.14949178695679
Q_000179,MENU_000353,0,3,0.44736480712890625,0.0,0.0,0.0,4.71902799606323
Q_000179,MENU_002420,0,4,0.43928438425064087,0.0,0.0,0.0,4.2142858505249
Q_000179,MENU_002374,0,5,0.43928438425064087,0.0,0.0,0.0,4.57420492172241
Q_000179,MENU_002409,0,6,0.432597279548645,0.0,0.0,0.0,4.2142858505249
Q_000179,MENU_002210,0,7,0.42908716201782227,0.0,0.0,0.0,4.65195322036743
Q_000179,MENU_000367,0,8,0.42739325761795044,0.0,0.0,0.3333333333333333,4.71902799606323
Q_000179,MENU_000365,0,9,0.4242323040962219,0.0,0.0,0.3333333333333333,4.71902799606323
Q_000179,MENU_000352,0,10,0.423824667930603,0.0,0.0,0.0,4.71902799606323
Q_000179,MENU_000366,0,11,0.4208827614784241,0.0,0.0,0.3333333333333333,4.71902799606323
Q_000179,MENU_001908,1,12,0.41484665870666504,0.0,0.3333333333333333,0.0,4.81481504440308
Q_000179,MENU_000375,0,13,0.4144896864891052,0.0,0.0,0.0,4.71902799606323
Q_000179,MENU_000222,0,14,0.4121538996696472,0.0,0.0,0.3333333333333333,4.14949178695679
Q_000179,MENU_002180,0,15,0.4113312363624573,0.0,0.0,0.0,4.65195322036743
Q_000179,MENU_000001,0,16,0.408894419670105,0.0,0.0,0.0,4.0
Q_000179,MENU_000355,0,17,0.4079214930534363,0.0,0.0,0.0,4.71902799606323
Q_000179,MENU_000356,0,18,0.4052751064300537,0.0,0.0,0.0,4.71902799606323
Q_000179,MENU_000677,0,19,0.40166783332824707,0.0,0.0,0.0,4.72276020050049
Q_000179,MENU_001907,1,20,0.4012775421142578,0.0,0.3333333333333333,0.0,4.81481504440308
Q_000179,MENU_002170,0,21,0.3935524821281433,0.0,0.0,0.0,4.65195322036743
Q_000179,MENU_002561,0,22,0.39293015003204346,0.0,0.0,0.0,4.67702722549438
Q_000179,MENU_002588,0,23,0.3923601806163788,0.0,0.0,0.0,4.67702722549438
Q_000179,MENU_002217,0,24,0.3894190788269043,0.0,0.0,0.0,4.65195322036743
Q_000179,MENU_001289,0,25,0.38619041442871094,0.0,0.0,0.0,4.75340223312378
Q_000179,MENU_002766,0,26,0.3841303884983063,0.0,0.0,0.0,0.0
Q_000179,MENU_001943,1,27,0.3840155005455017,0.0,0.3333333333333333,0.0,4.81481504440308
Q_000179,MENU_001911,1,28,0.3829607367515564,0.0,0.3333333333333333,0.0,4.81481504440308
Q_000179,MENU_001256,0,29,0.3813502788543701,0.0,0.0,0.0,4.75340223312378
Q_000179,MENU_002568,0,30,0.3805057406425476,0.0,0.0,0.0,4.67702722549438
Q_000179,MENU_002220,0,31,0.37838172912597656,0.0,0.0,0.0,4.65195322036743
Q_000179,MENU_001269,0,32,0.3773635923862457,0.0,0.0,0.0,4.75340223312378
Q_000179,MENU_000374,0,33,0.3752502202987671,0.0,0.0,0.0,4.71902799606323
Q_000179,MENU_001954,1,34,0.37455466389656067,0.0,0.3333333333333333,0.0,4.81481504440308
Q_000179,MENU_002001,0,35,0.37413084506988525,0.0,0.0,0.0,4.1811408996582
Q_000179,MENU_002779,0,36,0.37389159202575684,0.0,0.0,0.0,0.0
Q_000179,MENU_002002,0,37,0.3725806772708893,0.0,0.0,0.0,4.1811408996582
Q_000179,MENU_000755,0,38,0.37216150760650635,0.0,0.0,0.0,4.67195796966553
Q_000179,MENU_002765,0,39,0.3717556595802307,0.0,0.0,0.0,0.0
Q_000179,MENU_002200,0,40,0.3704524338245392,0.0,0.0,0.0,4.65195322036743
Q_000179,MENU_000266,0,41,0.36950239539146423,0.0,0.0,0.0,4.65069389343262
Q_000179,MENU_002501,0,42,0.36936721205711365,0.0,0.0,0.0,4.28089904785156
Q_000179,MENU_000232,0,43,0.36866509914398193,0.0,0.0,0.0,4.14949178695679
Q_000179,MENU_000231,0,44,0.36851343512535095,0.0,0.0,0.0,4.14949178695679
Q_000179,MENU_001906,1,45,0.3676387667655945,0.0,0.3333333333333333,0.0,4.81481504440308
Q_000179,MENU_000371,0,46,0.36706483364105225,0.0,0.0,0.0,4.71902799606323
Q_000179,MENU_000176,0,47,0.3659193515777588,0.0,0.0,0.0,4.63380479812622
Q_000179,MENU_000354,0,48,0.36542820930480957,0.0,0.0,0.0,4.71902799606323
Q_000179,MENU_002664,0,49,0.36509957909584045,0.0,0.0,0.0,4.7348837852478
Q_000179,MENU_000350,0,50,0.36454153060913086,0.0,0.0,0.0,4.71902799606323
Q_000180,MENU_001055,0,1,0.5321821570396423,0.0,0.0,0.0,4.25
Q_000180,MENU_001681,0,2,0.5321143269538879,0.0,0.0,0.0,3.84737396240234
Q_000180,MENU_001352,0,3,0.5272924900054932,0.0,0.0,0.0,4.75340223312378
Q_000180,MENU_001722,0,4,0.5236352682113647,0.0,0.3333333333333333,0.0,3.84737396240234
Q_000180,MENU_001884,0,5,0.5223236680030823,0.0,0.0,0.0,4.6991171836853
Q_000180,MENU_001351,0,6,0.5222682952880859,0.0,0.0,0.0,4.75340223312378
Q_000180,MENU_001721,0,7,0.5187424421310425,0.0,0.3333333333333333,0.0,3.84737396240234
Q_000180,MENU_002501,0,8,0.5167003273963928,0.0,0.0,0.0,4.28089904785156
Q_000180,MENU_001053,0,9,0.5162715911865234,0.0,0.0,0.0,4.25
Q_000180,MENU_001048,0,10,0.5160664916038513,0.0,0.0,0.0,4.25
Q_000180,MENU_001062,0,11,0.5149998068809509,0.0,0.0,0.0,4.25
Q_000180,MENU_001117,0,12,0.5103042125701904,0.0,0.0,0.0,4.25
Q_000180,MENU_001688,0,13,0.5080661773681641,0.0,0.0,0.0,3.84737396240234
Q_000180,MENU_001663,0,14,0.5066385269165039,0.0,0.0,0.0,3.84737396240234
Q_000180,MENU_001680,0,15,0.5058789253234863,0.0,0.3333333333333333,0.0,3.84737396240234
Q_000180,MENU_001683,0,16,0.5027784109115601,0.0,0.3333333333333333,0.0,3.84737396240234
Q_000180,MENU_000184,0,17,0.5027148723602295,0.0,0.0,0.0,4.63380479812622
Q_000180,MENU_001380,0,18,0.5026301145553589,0.0,0.0,0.0,4.75340223312378
Q_000180,MENU_001371,0,19,0.5014455914497375,0.0,0.0,0.0,4.75340223312378
Q_000180,MENU_000133,0,20,0.5011640787124634,0.0,0.0,0.0,4.63380479812622
Q_000180,MENU_001420,0,21,0.5010716319084167,0.0,0.0,0.0,4.46881008148193
Q_000180,MENU_000228,0,22,0.49988821148872375,0.0,0.3333333333333333,0.0,4.14949178695679
Q_000180,MENU_002190,0,23,0.49720311164855957,0.0,0.0,0.0,4.65195322036743
Q_000180,MENU_002353,0,24,0.49451112747192383,0.0,0.0,0.0,4.57420492172241
Q_000180,MENU_002396,0,25,0.49451112747192383,0.0,0.0,0.0,4.2142858505249
Q_000180,MENU_000221,0,26,0.4942675530910492,0.0,0.3333333333333333,0.0,4.14949178695679
Q_000180,MENU_000710,0,27,0.4939057230949402,0.0,0.0,0.0,4.58141183853149
Q_000180,MENU_001121,0,28,0.4938351511955261,0.0,0.0,0.0,4.25
Q_000180,MENU_001354,0,29,0.4927143454551697,0.0,0.0,0.0,4.75340223312378
Q_000180,MENU_001975,0,30,0.49252286553382874,0.0,0.0,0.0,4.74074077606201
Q_000180,MENU_002684,0,31,0.4909725785255432,0.0,0.0,0.0,4.78461503982544
Q_000180,MENU_001063,0,32,0.4895535707473755,0.0,0.0,0.0,4.25
Q_000180,MENU_001027,0,33,0.4889301061630249,0.0,0.0,0.0,4.25
Q_000180,MENU_001372,0,34,0.48879167437553406,0.0,0.0,0.0,4.75340223312378
Q_000180,MENU_001699,0,35,0.48831886053085327,0.0,0.3333333333333333,0.0,3.84737396240234
Q_000180,MENU_001100,0,36,0.48762208223342896,0.0,0.0,0.0,4.25
Q_000180,MENU_001072,0,37,0.48697593808174133,0.0,0.0,0.0,4.25
Q_000180,MENU_001059,0,38,0.48658865690231323,0.0,0.0,0.0,4.25
Q_000180,MENU_001719,0,39,0.48614639043807983,0.0,0.3333333333333333,0.0,3.84737396240234
Q_000180,MENU_001056,0,40,0.4858461022377014,0.0,0.0,0.0,4.25
Q_000180,MENU_001720,0,41,0.4857977032661438,0.0,0.3333333333333333,0.0,3.84737396240234
Q_000180,MENU_000681,0,42,0.48568224906921387,0.0,0.0,0.0,4.72276020050049
Q_000180,MENU_001029,0,43,0.4845834970474243,0.0,0.0,0.0,4.25
Q_000180,MENU_002197,0,44,0.48426133394241333,0.0,0.0,0.0,4.65195322036743
Q_000180,MENU_002409,0,45,0.4841976463794708,0.0,0.0,0.0,4.2142858505249
Q_000180,MENU_000709,0,46,0.48401328921318054,0.0,0.0,0.0,4.58141183853149
Q_000180,MENU_002704,0,47,0.4828968942165375,0.0,0.0,0.0,4.66253900527954
Q_000180,MENU_000122,0,48,0.482568621635437,0.0,0.0,0.0,4.63380479812622
Q_000180,MENU_001458,0,49,0.48212724924087524,0.0,0.0,0.0,4.60264015197754
Q_000180,MENU_001867,0,50,0.4812239408493042,0.0,0.0,0.0,4.6991171836853
Q_000181,MENU_001578,1,1,0.5460225343704224,0.0,0.6666666666666666,0.0,4.88310480117798
Q_000181,MENU_001975,0,2,0.5426175594329834,0.0,0.0,0.0,4.74074077606201
Q_000181,MENU_001964,0,3,0.538264274597168,0.0,0.0,0.0,4.74074077606201
Q_000181,MENU_001405,0,4,0.5246284604072571,0.0,0.3333333333333333,0.0,4.79053592681885
Q_000181,MENU_001568,1,5,0.5228762626647949,0.0,0.6666666666666666,0.0,4.88310480117798
Q_000181,MENU_002529,0,6,0.51682049036026,0.0,0.0,0.0,4.70963716506958
Q_000181,MENU_000008,0,7,0.5133826732635498,0.0,0.0,0.3333333333333333,4.0
Q_000181,MENU_001973,0,8,0.5130608677864075,0.0,0.0,0.0,4.74074077606201
Q_000181,MENU_001263,0,9,0.5122966170310974,0.0,0.0,0.0,4.75340223312378
Q_000181,MENU_001583,1,10,0.5096241235733032,0.0,0.6666666666666666,0.0,4.88310480117798
Q_000181,MENU_000546,0,11,0.5028467178344727,0.0,0.0,0.0,4.23846197128296
Q_000181,MENU_001420,0,12,0.502165675163269,0.0,0.0,0.0,4.46881008148193
Q_000181,MENU_001352,0,13,0.49996572732925415,0.0,0.0,0.0,4.75340223312378
Q_000181,MENU_001456,0,14,0.4994738698005676,0.0,0.3333333333333333,0.0,4.60264015197754
Q_000181,MENU_001974,0,15,0.49884575605392456,0.0,0.0,0.0,4.74074077606201
Q_000181,MENU_001567,1,16,0.49823424220085144,0.0,0.6666666666666666,0.0,4.88310480117798
Q_000181,MENU_001282,0,17,0.49752742052078247,0.0,0.0,0.0,4.75340223312378
Q_000181,MENU_001966,0,18,0.4956377148628235,0.0,0.0,0.0,4.74074077606201
Q_000181,MENU_001382,0,19,0.495431125164032,0.0,0.0,0.0,4.75340223312378
Q_000181,MENU_002667,0,20,0.4939492344856262,0.0,0.0,0.0,4.7348837852478
Q_000181,MENU_001080,0,21,0.49229854345321655,0.0,0.0,0.0,4.25
Q_000181,MENU_000005,0,22,0.49022164940834045,0.0,0.0,0.3333333333333333,4.0
Q_000181,MENU_001969,0,23,0.4899711608886719,0.0,0.0,0.0,4.74074077606201
Q_000181,MENU_001962,0,24,0.4882466197013855,0.0,0.0,0.0,4.74074077606201
Q_000181,MENU_002099,0,25,0.4875833988189697,0.0,0.0,0.0,4.58823490142822
Q_000181,MENU_001725,0,26,0.48542654514312744,0.0,0.0,0.0,3.84737396240234
Q_000181,MENU_000215,0,27,0.48511481285095215,0.0,0.0,0.0,4.0
Q_000181,MENU_001344,0,28,0.4848328232765198,0.0,0.0,0.0,4.75340223312378
Q_000181,MENU_001459,0,29,0.48404908180236816,0.0,0.3333333333333333,0.0,4.60264015197754
Q_000181,MENU_001722,0,30,0.4832932949066162,0.0,0.0,0.0,3.84737396240234
Q_000181,MENU_001413,0,31,0.48323920369148254,0.0,0.0,0.0,4.46881008148193
Q_000181,MENU_002323,0,32,0.4828326106071472,0.0,0.0,0.0,4.681480884552
Q_000181,MENU_000681,0,33,0.4825035035610199,0.0,0.0,0.0,4.72276020050049
Q_000181,MENU_001970,0,34,0.48110008239746094,0.0,0.0,0.0,4.74074077606201
Q_000181,MENU_001582,1,35,0.47982197999954224,0.0,0.6666666666666666,0.0,4.88310480117798
Q_000181,MENU_000216,0,36,0.47977688908576965,0.0,0.0,0.0,4.0
Q_000181,MENU_000039,0,37,0.47950640320777893,0.0,0.0,0.0,4.83308601379395
Q_000181,MENU_000695,0,38,0.4791935682296753,0.0,0.0,0.0,4.72276020050049
Q_000181,MENU_001062,0,39,0.47845155000686646,0.0,0.0,0.0,4.25
Q_000181,MENU_000562,0,40,0.47822466492652893,0.0,0.0,0.0,4.23846197128296
Q_000181,MENU_000690,0,41,0.47815942764282227,0.0,0.0,0.0,4.72276020050049
Q_000181,MENU_001277,0,42,0.4780429005622864,0.0,0.0,0.0,4.75340223312378
Q_000181,MENU_000556,0,43,0.47787511348724365,0.0,0.0,0.0,4.23846197128296
Q_000181,MENU_000004,0,44,0.4772360324859619,0.0,0.0,0.0,4.0
Q_000181,MENU_001896,0,45,0.47713157534599304,0.0,0.0,0.0,5.0
Q_000181,MENU_001351,0,46,0.47681599855422974,0.0,0.0,0.0,4.75340223312378
Q_000181,MENU_001454,0,47,0.47476673126220703,0.0,0.3333333333333333,0.0,4.60264015197754
Q_000181,MENU_001891,0,48,0.4746723175048828,0.0,0.0,0.0,5.0
Q_000181,MENU_001453,0,49,0.4743105173110962,0.0,0.3333333333333333,0.0,4.60264015197754
Q_000181,MENU_001418,0,50,0.4736095368862152,0.0,0.0,0.0,4.46881008148193
Q_000182,MENU_002529,1,1,0.5026193857192993,0.0,0.75,0.0,4.70963716506958
Q_000182,MENU_001966,0,2,0.4600328207015991,0.0,0.0,0.0,4.74074077606201
Q_000182,MENU_001962,0,3,0.45924311876296997,0.0,0.0,0.0,4.74074077606201
Q_000182,MENU_000183,0,4,0.449008584022522,0.0,0.0,0.0,4.63380479812622
Q_000182,MENU_001134,0,5,0.4341691732406616,0.0,0.0,0.0,4.0
Q_000182,MENU_000040,0,6,0.4331061840057373,0.0,0.0,0.0,4.03416109085083
Q_000182,MENU_001961,0,7,0.42524680495262146,0.0,0.0,0.0,4.74074077606201
Q_000182,MENU_000681,0,8,0.4234594702720642,0.0,0.0,0.0,4.72276020050049
Q_000182,MENU_000184,0,9,0.4216836988925934,0.0,0.0,0.0,4.63380479812622
Q_000182,MENU_002619,0,10,0.419617235660553,0.0,0.0,0.0,4.66666698455811
Q_000182,MENU_000556,0,11,0.41870176792144775,0.0,0.0,0.0,4.23846197128296
Q_000182,MENU_002528,1,12,0.4186406135559082,0.0,0.75,0.0,4.70963716506958
Q_000182,MENU_001964,0,13,0.4184147119522095,0.0,0.0,0.0,4.74074077606201
Q_000182,MENU_000126,0,14,0.41707074642181396,0.0,0.0,0.0,4.63380479812622
Q_000182,MENU_001971,0,15,0.4166066646575928,0.0,0.0,0.0,4.74074077606201
Q_000182,MENU_001420,0,16,0.4162173867225647,0.0,0.0,0.0,4.46881008148193
Q_000182,MENU_000695,0,17,0.4160085916519165,0.0,0.0,0.0,4.72276020050049
Q_000182,MENU_001973,0,18,0.41514238715171814,0.0,0.0,0.0,4.74074077606201
Q_000182,MENU_000690,0,19,0.4148196578025818,0.0,0.0,0.0,4.72276020050049
Q_000182,MENU_000134,0,20,0.41438350081443787,0.0,0.0,0.0,4.63380479812622
Q_000182,MENU_001891,0,21,0.411962628364563,0.0,0.0,0.0,5.0
Q_000182,MENU_000525,0,22,0.40848857164382935,0.0,0.5,0.5,4.63044404983521
Q_000182,MENU_000538,0,23,0.40837210416793823,0.0,0.0,0.0,4.23846197128296
Q_000182,MENU_002530,1,24,0.40822482109069824,0.0,0.75,0.0,4.70963716506958
Q_000182,MENU_000133,0,25,0.40770822763442993,0.0,0.0,0.0,4.63380479812622
Q_000182,MENU_000639,0,26,0.40702855587005615,0.0,0.0,0.0,4.64431381225586
Q_000182,MENU_000546,0,27,0.40676605701446533,0.0,0.0,0.0,4.23846197128296
Q_000182,MENU_000041,0,28,0.4063226282596588,0.0,0.0,0.0,4.03416109085083
Q_000182,MENU_000693,0,29,0.4060521721839905,0.0,0.0,0.0,4.72276020050049
Q_000182,MENU_001975,0,30,0.4056245684623718,0.0,0.0,0.0,4.74074077606201
Q_000182,MENU_000670,0,31,0.40552082657814026,0.0,0.0,0.0,4.72276020050049
Q_000182,MENU_002455,0,32,0.40416574478149414,0.0,0.0,0.0,4.77699613571167
Q_000182,MENU_000999,0,33,0.39976227283477783,0.0,0.0,0.25,0.0
Q_000182,MENU_001722,0,34,0.3984364867210388,0.0,0.0,0.0,3.84737396240234
Q_000182,MENU_001969,0,35,0.3981150686740875,0.0,0.0,0.0,4.74074077606201
Q_000182,MENU_000140,0,36,0.3975246846675873,0.0,0.0,0.0,4.63380479812622
Q_000182,MENU_000123,0,37,0.3964582681655884,0.0,0.0,0.0,4.63380479812622
Q_000182,MENU_001096,0,38,0.39628008008003235,0.0,0.0,0.0,4.25
Q_000182,MENU_001660,0,39,0.3960134983062744,0.0,0.0,0.0,3.70588207244873
Q_000182,MENU_000142,0,40,0.39430612325668335,0.0,0.0,0.0,4.63380479812622
Q_000182,MENU_001754,0,41,0.39415574073791504,0.0,0.0,0.0,4.81443309783936
Q_000182,MENU_000194,0,42,0.39392274618148804,0.0,0.0,0.0,4.63380479812622
Q_000182,MENU_000152,0,43,0.3933172821998596,0.0,0.0,0.0,4.63380479812622
Q_000182,MENU_002190,0,44,0.392524391412735,0.0,0.0,0.0,4.65195322036743
Q_000182,MENU_001316,0,45,0.3925074338912964,0.0,0.0,0.0,4.75340223312378
Q_000182,MENU_000719,0,46,0.3921145498752594,0.0,0.0,0.0,4.67195796966553
Q_000182,MENU_000702,0,47,0.3920593857765198,0.0,0.0,0.0,4.72276020050049
Q_000182,MENU_000559,0,48,0.39196163415908813,0.0,0.0,0.0,4.23846197128296
Q_000182,MENU_001496,0,49,0.3917003870010376,0.0,0.0,0.0,4.26522302627563
Q_000182,MENU_000668,0,50,0.3908088803291321,0.0,0.0,0.0,4.72276020050049
Q_000183,MENU_002478,0,1,0.5329446792602539,0.0,0.5,0.0,4.68452405929565
Q_000183,MENU_002487,0,2,0.5291329026222229,0.0,0.5,0.0,4.68452405929565
Q_000183,MENU_002485,0,3,0.5237154960632324,0.0,0.5,0.0,4.68452405929565
Q_000183,MENU_002481,0,4,0.5204336643218994,0.0,0.5,0.0,4.68452405929565
Q_000183,MENU_001782,1,5,0.5063496828079224,0.0,0.5,0.0,4.81443309783936
Q_000183,MENU_002476,0,6,0.5038785934448242,0.0,0.5,0.0,4.68452405929565
Q_000183,MENU_002467,0,7,0.4968245327472687,0.0,0.5,0.0,4.68452405929565
Q_000183,MENU_002484,0,8,0.49439263343811035,0.0,0.5,0.0,4.68452405929565
Q_000183,MENU_002468,0,9,0.4893738627433777,0.0,0.5,0.0,4.68452405929565
Q_000183,MENU_000592,0,10,0.4834084212779999,0.0,0.5,0.0,4.64431381225586
Q_000183,MENU_002480,0,11,0.48327529430389404,0.0,0.5,0.0,4.68452405929565
Q_000183,MENU_001783,1,12,0.47773945331573486,0.0,0.5,0.0,4.81443309783936
Q_000183,MENU_001775,1,13,0.47415369749069214,0.0,0.5,0.0,4.81443309783936
Q_000183,MENU_001784,1,14,0.4740225374698639,0.0,0.5,0.0,4.81443309783936
Q_000183,MENU_001777,1,15,0.4694042205810547,0.0,0.5,0.0,4.81443309783936
Q_000183,MENU_002473,0,16,0.46938079595565796,0.0,0.5,0.0,4.68452405929565
Q_000183,MENU_002477,0,17,0.4691990911960602,0.0,0.5,0.0,4.68452405929565
Q_000183,MENU_001780,1,18,0.4678700268268585,0.0,0.5,0.0,4.81443309783936
Q_000183,MENU_001778,1,19,0.4660889208316803,0.0,0.5,0.0,4.81443309783936
Q_000183,MENU_001785,1,20,0.46014970541000366,0.0,0.5,0.0,4.81443309783936
Q_000183,MENU_002479,0,21,0.45993831753730774,0.0,0.5,0.0,4.68452405929565
Q_000183,MENU_002472,0,22,0.45562636852264404,0.0,0.5,0.0,4.68452405929565
Q_000183,MENU_000243,0,23,0.45195549726486206,0.0,0.5,0.0,4.14949178695679
Q_000183,MENU_000603,0,24,0.44879746437072754,0.0,0.5,0.0,4.64431381225586
Q_000183,MENU_000614,0,25,0.4475133717060089,0.0,0.5,0.0,4.64431381225586
Q_000183,MENU_001392,0,26,0.4460546374320984,0.0,0.5,0.0,4.75340223312378
Q_000183,MENU_002470,0,27,0.4457026720046997,0.0,0.5,0.0,4.68452405929565
Q_000183,MENU_000553,0,28,0.4433128535747528,0.0,0.5,0.0,4.23846197128296
Q_000183,MENU_000558,0,29,0.44148164987564087,0.0,0.5,0.0,4.23846197128296
Q_000183,MENU_001732,0,30,0.440923273563385,0.0,0.0,0.5,4.7578501701355
Q_000183,MENU_000562,0,31,0.43941131234169006,0.0,0.5,0.0,4.23846197128296
Q_000183,MENU_000596,0,32,0.4390515685081482,0.0,0.5,0.0,4.64431381225586
Q_000183,MENU_001591,0,33,0.4367920756340027,0.0,0.0,0.5,4.70322608947754
Q_000183,MENU_001781,1,34,0.4364171624183655,0.0,0.5,0.0,4.81443309783936
Q_000183,MENU_000554,0,35,0.43310225009918213,0.0,0.5,0.0,4.23846197128296
Q_000183,MENU_000540,0,36,0.4318654537200928,0.0,0.5,0.0,4.23846197128296
Q_000183,MENU_002486,0,37,0.43074387311935425,0.0,0.5,0.0,4.68452405929565
Q_000183,MENU_000551,0,38,0.4292038381099701,0.0,0.5,0.0,4.23846197128296
Q_000183,MENU_001776,1,39,0.42598605155944824,0.0,0.5,0.0,4.81443309783936
Q_000183,MENU_002216,0,40,0.42349207401275635,0.0,0.0,0.0,4.65195322036743
Q_000183,MENU_000593,0,41,0.42202091217041016,0.0,0.5,0.0,4.64431381225586
Q_000183,MENU_002047,1,42,0.42191994190216064,0.0,0.5,0.0,4.1811408996582
Q_000183,MENU_001779,1,43,0.4217797517776489,0.0,0.5,0.0,4.81443309783936
Q_000183,MENU_000552,0,44,0.4189774990081787,0.0,0.5,0.0,4.23846197128296
Q_000183,MENU_000294,1,45,0.4183495044708252,0.0,0.5,0.0,4.74418592453003
Q_000183,MENU_000557,0,46,0.41615375876426697,0.0,0.5,0.0,4.23846197128296
Q_000183,MENU_000643,0,47,0.4151690602302551,0.0,0.5,0.0,4.64431381225586
Q_000183,MENU_002172,0,48,0.41433125734329224,0.0,0.0,0.0,4.65195322036743
Q_000183,MENU_001338,0,49,0.4137750267982483,0.0,0.5,0.0,4.75340223312378
Q_000183,MENU_002471,0,50,0.4132955074310303,0.0,0.5,0.0,4.68452405929565
Q_000184,MENU_000246,1,1,0.627586841583252,0.0,0.6666666666666666,0.0,4.14949178695679
Q_000184,MENU_000231,1,2,0.6176522970199585,0.0,0.6666666666666666,0.0,4.14949178695679
Q_000184,MENU_000222,1,3,0.6135141849517822,0.0,0.6666666666666666,0.3333333333333333,4.14949178695679
Q_000184,MENU_000232,1,4,0.5915138721466064,0.0,0.6666666666666666,0.0,4.14949178695679
Q_000184,MENU_000229,1,5,0.5883253216743469,0.0,0.6666666666666666,0.0,4.14949178695679
Q_000184,MENU_000220,1,6,0.5861861705780029,0.0,0.6666666666666666,0.0,4.14949178695679
Q_000184,MENU_000227,1,7,0.5780304670333862,0.0,0.6666666666666666,0.0,4.14949178695679
Q_000184,MENU_000228,1,8,0.5709075927734375,0.0,0.6666666666666666,0.0,4.14949178695679
Q_000184,MENU_000233,1,9,0.5380612015724182,0.0,0.6666666666666666,0.0,4.14949178695679
Q_000184,MENU_001722,0,10,0.5351381897926331,0.0,0.3333333333333333,0.0,3.84737396240234
Q_000184,MENU_000252,1,11,0.5343717336654663,0.0,0.6666666666666666,0.0,4.14949178695679
Q_000184,MENU_000144,0,12,0.5316753387451172,0.0,0.0,0.0,4.63380479812622
Q_000184,MENU_001721,0,13,0.5313717722892761,0.0,0.3333333333333333,0.0,3.84737396240234
Q_000184,MENU_000224,1,14,0.5268319249153137,0.0,0.6666666666666666,0.0,4.14949178695679
Q_000184,MENU_001072,0,15,0.5245054960250854,0.0,0.0,0.0,4.25
Q_000184,MENU_000253,1,16,0.5239790678024292,0.0,0.6666666666666666,0.0,4.14949178695679
Q_000184,MENU_001680,0,17,0.5239517688751221,0.0,0.3333333333333333,0.0,3.84737396240234
Q_000184,MENU_001683,0,18,0.5225791931152344,0.0,0.3333333333333333,0.0,3.84737396240234
Q_000184,MENU_001063,0,19,0.5188219547271729,0.0,0.0,0.0,4.25
Q_000184,MENU_001053,0,20,0.5169107913970947,0.0,0.0,0.0,4.25
Q_000184,MENU_001085,0,21,0.5152644515037537,0.0,0.0,0.0,4.25
Q_000184,MENU_002190,0,22,0.5137069821357727,0.0,0.0,0.0,4.65195322036743
Q_000184,MENU_000681,0,23,0.5135172605514526,0.0,0.0,0.0,4.72276020050049
Q_000184,MENU_001896,0,24,0.5121527910232544,0.0,0.0,0.0,5.0
Q_000184,MENU_000133,0,25,0.5107817053794861,0.0,0.0,0.0,4.63380479812622
Q_000184,MENU_001048,0,26,0.5102440118789673,0.0,0.0,0.0,4.25
Q_000184,MENU_000680,0,27,0.5094331502914429,0.0,0.0,0.0,4.72276020050049
Q_000184,MENU_001086,0,28,0.5061864852905273,0.0,0.0,0.0,4.25
Q_000184,MENU_002210,0,29,0.5048389434814453,0.0,0.0,0.0,4.65195322036743
Q_000184,MENU_000670,0,30,0.5029930472373962,0.0,0.0,0.0,4.72276020050049
Q_000184,MENU_002215,0,31,0.5020608901977539,0.0,0.0,0.0,4.65195322036743
Q_000184,MENU_001055,0,32,0.501829206943512,0.0,0.0,0.0,4.25
Q_000184,MENU_001084,0,33,0.5011769533157349,0.0,0.0,0.0,4.25
Q_000184,MENU_000122,0,34,0.5000377893447876,0.0,0.0,0.0,4.63380479812622
Q_000184,MENU_001049,0,35,0.4992848038673401,0.0,0.0,0.0,4.25
Q_000184,MENU_001062,0,36,0.49866384267807007,0.0,0.0,0.0,4.25
Q_000184,MENU_001997,0,37,0.49717628955841064,0.0,0.0,0.0,4.81096696853638
Q_000184,MENU_000553,0,38,0.4947258234024048,0.0,0.0,0.0,4.23846197128296
Q_000184,MENU_000142,0,39,0.4944881200790405,0.0,0.0,0.0,4.63380479812622
Q_000184,MENU_001891,0,40,0.4941621422767639,0.0,0.0,0.0,5.0
Q_000184,MENU_002684,0,41,0.4937419891357422,0.0,0.0,0.0,4.78461503982544
Q_000184,MENU_001660,0,42,0.4930115342140198,0.0,0.0,0.0,3.70588207244873
Q_000184,MENU_000695,0,43,0.4929083585739136,0.0,0.0,0.0,4.72276020050049
Q_000184,MENU_000040,0,44,0.4928361773490906,0.0,0.0,0.0,4.03416109085083
Q_000184,MENU_000567,0,45,0.49212923645973206,0.0,0.0,0.0,4.48866987228394
Q_000184,MENU_002121,0,46,0.49061840772628784,0.0,0.0,0.0,4.64444398880005
Q_000184,MENU_001482,0,47,0.48980844020843506,0.0,0.0,0.0,4.60264015197754
Q_000184,MENU_000192,0,48,0.48967069387435913,0.0,0.0,0.0,4.63380479812622
Q_000184,MENU_001686,0,49,0.48935389518737793,0.0,0.3333333333333333,0.0,3.84737396240234
Q_000184,MENU_000221,0,50,0.48848792910575867,0.0,0.3333333333333333,0.0,4.14949178695679
Q_000185,MENU_002520,0,1,0.5669068098068237,0.0,0.0,0.0,4.38983106613159
Q_000185,MENU_002516,0,2,0.5419048070907593,0.0,0.0,0.0,4.38983106613159
Q_000185,MENU_002409,0,3,0.5139052271842957,0.3333333333333333,0.0,0.3333333333333333,4.2142858505249
Q_000185,MENU_002519,0,4,0.5000240802764893,0.0,0.0,0.0,4.38983106613159
Q_000185,MENU_002513,0,5,0.4994931221008301,0.0,0.0,0.0,4.67408514022827
Q_000185,MENU_000961,1,6,0.49577435851097107,0.0,0.6666666666666666,0.0,4.0
Q_000185,MENU_000711,0,7,0.4928860068321228,0.3333333333333333,0.0,0.0,4.58141183853149
Q_000185,MENU_000710,0,8,0.4924975633621216,0.3333333333333333,0.0,0.0,4.58141183853149
Q_000185,MENU_001975,0,9,0.49139684438705444,0.0,0.0,0.3333333333333333,4.74074077606201
Q_000185,MENU_002517,0,10,0.48626068234443665,0.0,0.0,0.0,4.38983106613159
Q_000185,MENU_000709,0,11,0.4850005507469177,0.3333333333333333,0.0,0.0,4.58141183853149
Q_000185,MENU_001884,0,12,0.480670690536499,0.0,0.0,0.0,4.6991171836853
Q_000185,MENU_001769,0,13,0.4802538752555847,0.0,0.0,0.0,4.81443309783936
Q_000185,MENU_000184,0,14,0.4800257682800293,0.3333333333333333,0.0,0.0,4.63380479812622
Q_000185,MENU_002374,0,15,0.47744762897491455,0.0,0.0,0.0,4.57420492172241
Q_000185,MENU_002420,0,16,0.47744762897491455,0.0,0.0,0.0,4.2142858505249
Q_000185,MENU_001352,0,17,0.4768884778022766,0.0,0.0,0.3333333333333333,4.75340223312378
Q_000185,MENU_002509,0,18,0.47473156452178955,0.0,0.0,0.0,4.67408514022827
Q_000185,MENU_001969,0,19,0.4736366868019104,0.3333333333333333,0.0,0.0,4.74074077606201
Q_000185,MENU_000194,0,20,0.4729212522506714,0.0,0.0,0.0,4.63380479812622
Q_000185,MENU_000366,0,21,0.4711155295372009,0.3333333333333333,0.0,0.3333333333333333,4.71902799606323
Q_000185,MENU_000990,1,22,0.47066164016723633,0.3333333333333333,0.6666666666666666,0.3333333333333333,4.0
Q_000185,MENU_002518,0,23,0.4700765609741211,0.0,0.0,0.0,4.38983106613159
Q_000185,MENU_001384,0,24,0.4682682752609253,0.0,0.0,0.0,4.75340223312378
Q_000185,MENU_002788,0,25,0.46526697278022766,0.3333333333333333,0.0,0.3333333333333333,0.0
Q_000185,MENU_000873,0,26,0.4630553722381592,0.3333333333333333,0.3333333333333333,0.0,4.46214008331299
Q_000185,MENU_000365,0,27,0.4616527557373047,0.3333333333333333,0.0,0.3333333333333333,4.71902799606323
Q_000185,MENU_000916,1,28,0.46063563227653503,0.0,0.6666666666666666,0.0,4.0
Q_000185,MENU_001372,0,29,0.45794492959976196,0.0,0.0,0.0,4.75340223312378
Q_000185,MENU_001599,0,30,0.456787109375,0.3333333333333333,0.0,0.0,4.86808490753174
Q_000185,MENU_001351,0,31,0.45660650730133057,0.0,0.0,0.0,4.75340223312378
Q_000185,MENU_002813,0,32,0.45317354798316956,0.0,0.0,0.0,0.0
Q_000185,MENU_000516,0,33,0.4523567855358124,0.3333333333333333,0.3333333333333333,0.0,4.64538478851318
Q_000185,MENU_000677,0,34,0.4519965350627899,0.3333333333333333,0.0,0.0,4.72276020050049
Q_000185,MENU_000368,0,35,0.45199131965637207,0.3333333333333333,0.0,0.3333333333333333,4.71902799606323
Q_000185,MENU_000237,0,36,0.4513380825519562,0.0,0.0,0.0,4.14949178695679
Q_000185,MENU_001259,0,37,0.45120930671691895,0.0,0.0,0.0,4.75340223312378
Q_000185,MENU_001242,0,38,0.4488293528556824,0.0,0.0,0.0,4.22527122497559
Q_000185,MENU_001260,0,39,0.44842299818992615,0.0,0.0,0.0,4.75340223312378
Q_000185,MENU_002817,0,40,0.4478030204772949,0.3333333333333333,0.0,0.3333333333333333,0.0
Q_000185,MENU_000586,0,41,0.4475560784339905,0.0,0.0,0.3333333333333333,4.48866987228394
Q_000185,MENU_002600,0,42,0.44514963030815125,0.0,0.0,0.0,4.67702722549438
Q_000185,MENU_002573,0,43,0.445019006729126,0.0,0.0,0.0,4.67702722549438
Q_000185,MENU_001425,0,44,0.4443318545818329,0.0,0.0,0.3333333333333333,4.46881008148193
Q_000185,MENU_001383,0,45,0.44427376985549927,0.0,0.0,0.0,4.75340223312378
Q_000185,MENU_000218,0,46,0.44390952587127686,0.0,0.0,0.3333333333333333,4.35269689559937
Q_000185,MENU_001073,0,47,0.4437173008918762,0.0,0.0,0.3333333333333333,4.25
Q_000185,MENU_002396,0,48,0.44367337226867676,0.0,0.0,0.0,4.2142858505249
Q_000185,MENU_002353,0,49,0.44367337226867676,0.0,0.0,0.0,4.57420492172241
Q_000185,MENU_001354,0,50,0.44307419657707214,0.0,0.0,0.0,4.75340223312378
Q_000186,MENU_001722,1,1,0.590192437171936,0.0,0.5,0.0,3.84737396240234
Q_000186,MENU_001683,1,2,0.5880521535873413,0.0,0.5,0.0,3.84737396240234
Q_000186,MENU_002780,1,3,0.5841245651245117,0.25,0.5,0.0,0.0
Q_000186,MENU_002788,1,4,0.5820755958557129,0.25,0.5,0.0,0.0
Q_000186,MENU_002002,1,5,0.578795313835144,0.25,0.5,0.0,4.1811408996582
Q_000186,MENU_001680,1,6,0.5771942138671875,0.0,0.5,0.0,3.84737396240234
Q_000186,MENU_001721,1,7,0.5751232504844666,0.0,0.5,0.0,3.84737396240234
Q_000186,MENU_002779,1,8,0.5750929117202759,0.25,0.5,0.0,0.0
Q_000186,MENU_002781,1,9,0.5739898681640625,0.25,0.5,0.0,0.0
Q_000186,MENU_002786,1,10,0.5715823173522949,0.25,0.5,0.0,0.0
Q_000186,MENU_002778,1,11,0.5662490129470825,0.25,0.5,0.0,0.0
Q_000186,MENU_002777,1,12,0.5637781023979187,0.25,0.5,0.0,0.0
Q_000186,MENU_001719,1,13,0.5631585717201233,0.0,0.5,0.0,3.84737396240234
Q_000186,MENU_001686,1,14,0.5620522499084473,0.0,0.5,0.0,3.84737396240234
Q_000186,MENU_001699,1,15,0.5618800520896912,0.0,0.5,0.0,3.84737396240234
Q_000186,MENU_002835,0,16,0.5575464963912964,0.25,0.5,0.0,0.0
Q_000186,MENU_002787,1,17,0.556899905204773,0.25,0.5,0.0,0.0
Q_000186,MENU_001453,0,18,0.5567742586135864,0.25,0.0,0.0,4.60264015197754
Q_000186,MENU_002783,1,19,0.5544030666351318,0.25,0.5,0.0,0.0
Q_000186,MENU_002816,0,20,0.5535324811935425,0.25,0.5,0.0,0.0
Q_000186,MENU_001687,1,21,0.5507395267486572,0.0,0.5,0.0,3.84737396240234
Q_000186,MENU_001465,0,22,0.550328254699707,0.25,0.0,0.0,4.60264015197754
Q_000186,MENU_002782,1,23,0.5498337745666504,0.25,0.5,0.0,0.0
Q_000186,MENU_001720,1,24,0.5488533973693848,0.0,0.5,0.0,3.84737396240234
Q_000186,MENU_002776,1,25,0.5448778867721558,0.25,0.5,0.0,0.0
Q_000186,MENU_001454,0,26,0.5444035530090332,0.25,0.0,0.0,4.60264015197754
Q_000186,MENU_002784,1,27,0.5425258278846741,0.25,0.5,0.0,0.0
Q_000186,MENU_001667,1,28,0.541778564453125,0.0,0.5,0.0,3.84737396240234
Q_000186,MENU_001668,1,29,0.5408206582069397,0.0,0.5,0.0,3.84737396240234
Q_000186,MENU_001664,1,30,0.5396786332130432,0.0,0.5,0.0,3.84737396240234
Q_000186,MENU_002840,0,31,0.5375540256500244,0.25,0.5,0.0,0.0
Q_000186,MENU_001685,1,32,0.5350398421287537,0.0,0.5,0.0,3.84737396240234
Q_000186,MENU_001459,0,33,0.5345199108123779,0.25,0.0,0.0,4.60264015197754
Q_000186,MENU_001728,1,34,0.5338318347930908,0.0,0.5,0.0,3.84737396240234
Q_000186,MENU_002001,1,35,0.5306508541107178,0.25,0.5,0.0,4.1811408996582
Q_000186,MENU_002751,0,36,0.5301104784011841,0.25,0.5,0.0,0.0
Q_000186,MENU_002775,1,37,0.529496431350708,0.25,0.5,0.0,0.0
Q_000186,MENU_001698,1,38,0.5287570953369141,0.0,0.5,0.0,3.84737396240234
Q_000186,MENU_002789,1,39,0.5285179018974304,0.25,0.5,0.0,0.0
Q_000186,MENU_002785,1,40,0.5263179540634155,0.25,0.5,0.0,0.0
Q_000186,MENU_002754,0,41,0.5240081548690796,0.25,0.5,0.0,0.0
Q_000186,MENU_002000,1,42,0.5232611894607544,0.25,0.5,0.0,4.1811408996582
Q_000186,MENU_001468,0,43,0.5224419236183167,0.25,0.0,0.0,4.60264015197754
Q_000186,MENU_002501,0,44,0.5206644535064697,0.0,0.0,0.0,4.28089904785156
Q_000186,MENU_001806,0,45,0.5184731483459473,0.0,0.0,0.0,4.6991171836853
Q_000186,MENU_001352,0,46,0.5175551772117615,0.0,0.0,0.0,4.75340223312378
Q_000186,MENU_001663,0,47,0.517170250415802,0.0,0.0,0.0,3.84737396240234
Q_000186,MENU_001420,0,48,0.5165232419967651,0.0,0.0,0.0,4.46881008148193
Q_000186,MENU_000133,0,49,0.5161383748054504,0.0,0.0,0.0,4.63380479812622
Q_000186,MENU_000184,0,50,0.5155962705612183,0.0,0.0,0.0,4.63380479812622
Q_000187,MENU_001210,0,1,0.29116737842559814,0.0,0.0,0.25,4.40959405899048
Q_000187,MENU_002619,0,2,0.2888900935649872,0.0,0.0,0.0,4.66666698455811
Q_000187,MENU_001209,0,3,0.2869895100593567,0.0,0.0,0.0,4.36710977554321
Q_000187,MENU_001232,0,4,0.28681543469429016,0.0,0.0,0.0,4.75703001022339
Q_000187,MENU_001501,0,5,0.2793363928794861,0.0,0.0,0.0,4.26522302627563
Q_000187,MENU_002708,0,6,0.27381300926208496,0.0,0.0,0.0,4.66852378845215
Q_000187,MENU_001971,0,7,0.2668633460998535,0.0,0.0,0.0,4.74074077606201
Q_000187,MENU_002025,0,8,0.2626965045928955,0.0,0.0,0.0,4.1811408996582
Q_000187,MENU_001730,0,9,0.26264020800590515,0.0,0.0,0.0,3.84737396240234
Q_000187,MENU_001211,0,10,0.2609637975692749,0.0,0.0,0.25,4.36710977554321
Q_000187,MENU_000265,0,11,0.26041167974472046,0.0,0.0,0.0,4.65069389343262
Q_000187,MENU_002056,0,12,0.25500690937042236,0.0,0.0,0.0,4.1811408996582
Q_000187,MENU_001319,0,13,0.25301000475883484,0.0,0.0,0.0,4.75340223312378
Q_000187,MENU_000321,0,14,0.2517446279525757,0.0,0.0,0.0,4.72118997573853
Q_000187,MENU_002552,0,15,0.25016605854034424,0.0,0.0,0.0,4.01298713684082
Q_000187,MENU_001676,0,16,0.2490258812904358,0.0,0.0,0.0,3.84737396240234
Q_000187,MENU_002024,0,17,0.24817049503326416,0.0,0.0,0.0,4.1811408996582
Q_000187,MENU_001315,0,18,0.246019184589386,0.0,0.0,0.0,4.75340223312378
Q_000187,MENU_002681,0,19,0.24491485953330994,0.0,0.0,0.25,4.74509811401367
Q_000187,MENU_000999,0,20,0.2445790022611618,0.0,0.0,0.0,0.0
Q_000187,MENU_002494,0,21,0.242437943816185,0.0,0.0,0.0,4.79312086105347
Q_000187,MENU_002023,0,22,0.24192818999290466,0.0,0.0,0.0,4.1811408996582
Q_000187,MENU_001726,0,23,0.24186909198760986,0.0,0.0,0.0,3.84737396240234
Q_000187,MENU_000528,0,24,0.24124562740325928,0.0,0.0,0.0,4.80430507659912
Q_000187,MENU_000875,0,25,0.2378251999616623,0.0,0.0,0.0,4.66089391708374
Q_000187,MENU_001801,0,26,0.23732882738113403,0.0,0.0,0.0,4.6991171836853
Q_000187,MENU_001552,0,27,0.23650631308555603,0.0,0.0,0.0,4.20552682876587
Q_000187,MENU_002347,0,28,0.23594704270362854,0.0,0.0,0.0,4.57420492172241
Q_000187,MENU_002390,0,29,0.23594704270362854,0.0,0.0,0.0,4.2142858505249
Q_000187,MENU_002419,0,30,0.23307198286056519,0.0,0.0,0.0,4.2142858505249
Q_000187,MENU_002373,0,31,0.23307198286056519,0.0,0.0,0.0,4.57420492172241
Q_000187,MENU_000255,0,32,0.23233920335769653,0.0,0.0,0.0,4.65069389343262
Q_000187,MENU_000845,0,33,0.23125571012496948,0.0,0.0,0.0,4.32532787322998
Q_000187,MENU_001786,0,34,0.23079876601696014,0.0,0.0,0.0,4.81443309783936
Q_000187,MENU_000843,0,35,0.22931432723999023,0.0,0.0,0.0,4.16129016876221
Q_000187,MENU_001722,0,36,0.22887393832206726,0.0,0.0,0.0,3.84737396240234
Q_000187,MENU_002529,0,37,0.2277379035949707,0.0,0.5,0.0,4.70963716506958
Q_000187,MENU_001961,0,38,0.2272544801235199,0.0,0.0,0.0,4.74074077606201
Q_000187,MENU_001530,0,39,0.2263035923242569,0.0,0.0,0.0,4.20552682876587
Q_000187,MENU_000527,0,40,0.22590021789073944,0.0,0.0,0.0,4.8056812286377
Q_000187,MENU_002062,0,41,0.22577711939811707,0.0,0.0,0.0,4.77914094924927
Q_000187,MENU_002179,0,42,0.22572603821754456,0.0,0.0,0.0,4.65195322036743
Q_000187,MENU_001316,0,43,0.22569546103477478,0.0,0.0,0.0,4.75340223312378
Q_000187,MENU_002412,0,44,0.22530625760555267,0.0,0.0,0.0,4.2142858505249
Q_000187,MENU_002367,0,45,0.22530625760555267,0.0,0.0,0.0,4.57420492172241
Q_000187,MENU_001966,0,46,0.2252153605222702,0.0,0.0,0.0,4.74074077606201
Q_000187,MENU_001759,0,47,0.22518892586231232,0.0,0.0,0.0,4.81443309783936
Q_000187,MENU_000667,0,48,0.22440865635871887,0.0,0.0,0.0,4.72276020050049
Q_000187,MENU_002293,0,49,0.22364714741706848,0.0,0.0,0.0,4.58823490142822
Q_000187,MENU_002398,0,50,0.22351762652397156,0.0,0.0,0.5,4.2142858505249
Q_000188,MENU_001106,1,1,0.6235969662666321,0.0,0.6666666666666666,0.0,4.25
Q_000188,MENU_001056,1,2,0.6204773187637329,0.0,0.6666666666666666,0.0,4.25
Q_000188,MENU_001055,1,3,0.6180262565612793,0.0,0.6666666666666666,0.0,4.25
Q_000188,MENU_001070,1,4,0.6104437112808228,0.0,0.6666666666666666,0.0,4.25
Q_000188,MENU_001048,1,5,0.6014583706855774,0.0,0.6666666666666666,0.0,4.25
Q_000188,MENU_001047,1,6,0.601176381111145,0.0,0.6666666666666666,0.0,4.25
Q_000188,MENU_001053,0,7,0.5889542698860168,0.0,0.3333333333333333,0.0,4.25
Q_000188,MENU_001029,0,8,0.5881860852241516,0.0,0.3333333333333333,0.0,4.25
Q_000188,MENU_001042,1,9,0.5865733027458191,0.0,0.6666666666666666,0.0,4.25
Q_000188,MENU_001031,0,10,0.5845929384231567,0.0,0.3333333333333333,0.0,4.25
Q_000188,MENU_001579,0,11,0.582139790058136,0.0,0.0,0.0,4.88386678695679
Q_000188,MENU_001457,0,12,0.5815445780754089,0.3333333333333333,0.3333333333333333,0.0,4.60264015197754
Q_000188,MENU_002684,0,13,0.5812496542930603,0.0,0.0,0.0,4.78461503982544
Q_000188,MENU_001452,0,14,0.5744003057479858,0.3333333333333333,0.3333333333333333,0.0,4.60264015197754
Q_000188,MENU_001458,0,15,0.5696121454238892,0.3333333333333333,0.3333333333333333,0.0,4.60264015197754
Q_000188,MENU_001436,0,16,0.5654317736625671,0.0,0.3333333333333333,0.0,4.60264015197754
Q_000188,MENU_001063,1,17,0.5639002323150635,0.0,0.6666666666666666,0.0,4.25
Q_000188,MENU_001380,0,18,0.5599278211593628,0.0,0.3333333333333333,0.0,4.75340223312378
Q_000188,MENU_000320,0,19,0.5582249164581299,0.0,0.3333333333333333,0.0,4.74902009963989
Q_000188,MENU_000567,0,20,0.5507996678352356,0.0,0.3333333333333333,0.0,4.48866987228394
Q_000188,MENU_001905,0,21,0.5481126308441162,0.0,0.0,0.0,4.35897397994995
Q_000188,MENU_001294,0,22,0.5472824573516846,0.0,0.0,0.0,4.75340223312378
Q_000188,MENU_001963,0,23,0.545944333076477,0.0,0.3333333333333333,0.0,4.74074077606201
Q_000188,MENU_001280,0,24,0.5440720319747925,0.0,0.0,0.0,4.75340223312378
Q_000188,MENU_000290,0,25,0.5413386225700378,0.0,0.3333333333333333,0.0,4.65069389343262
Q_000188,MENU_000572,0,26,0.5399035215377808,0.0,0.3333333333333333,0.0,4.48866987228394
Q_000188,MENU_001973,0,27,0.5395211577415466,0.0,0.3333333333333333,0.0,4.74074077606201
Q_000188,MENU_000122,0,28,0.5369734168052673,0.0,0.3333333333333333,0.0,4.63380479812622
Q_000188,MENU_000371,0,29,0.536483108997345,0.0,0.3333333333333333,0.0,4.71902799606323
Q_000188,MENU_002685,0,30,0.5353574752807617,0.0,0.0,0.0,4.78461503982544
Q_000188,MENU_001293,0,31,0.5338180661201477,0.0,0.0,0.0,4.75340223312378
Q_000188,MENU_002187,0,32,0.5313316583633423,0.0,0.0,0.0,4.65195322036743
Q_000188,MENU_000319,0,33,0.5305506587028503,0.0,0.3333333333333333,0.0,4.74902009963989
Q_000188,MENU_002119,0,34,0.5295544862747192,0.0,0.3333333333333333,0.0,4.64444398880005
Q_000188,MENU_001117,0,35,0.5282953381538391,0.0,0.3333333333333333,0.0,4.25
Q_000188,MENU_001320,0,36,0.5248462557792664,0.0,0.3333333333333333,0.0,4.75340223312378
Q_000188,MENU_001346,0,37,0.5246412754058838,0.0,0.3333333333333333,0.0,4.75340223312378
Q_000188,MENU_000133,0,38,0.5233851075172424,0.0,0.3333333333333333,0.0,4.63380479812622
Q_000188,MENU_001254,0,39,0.5199779868125916,0.0,0.0,0.0,4.75340223312378
Q_000188,MENU_001410,0,40,0.5197221040725708,0.0,0.0,0.0,4.46881008148193
Q_000188,MENU_000192,0,41,0.51731938123703,0.0,0.3333333333333333,0.0,4.63380479812622
Q_000188,MENU_001974,0,42,0.517223596572876,0.0,0.3333333333333333,0.0,4.74074077606201
Q_000188,MENU_001345,0,43,0.5165938138961792,0.0,0.3333333333333333,0.0,4.75340223312378
Q_000188,MENU_001408,0,44,0.5157626271247864,0.0,0.0,0.0,4.46881008148193
Q_000188,MENU_001067,0,45,0.5152532458305359,0.0,0.3333333333333333,0.0,4.25
Q_000188,MENU_001392,0,46,0.5146374702453613,0.0,0.0,0.0,4.75340223312378
Q_000188,MENU_001108,1,47,0.5143581628799438,0.0,0.6666666666666666,0.0,4.25
Q_000188,MENU_001100,0,48,0.5133957862854004,0.0,0.3333333333333333,0.0,4.25
Q_000188,MENU_001289,0,49,0.5124045610427856,0.0,0.3333333333333333,0.0,4.75340223312378
Q_000188,MENU_001062,0,50,0.5121080875396729,0.0,0.3333333333333333,0.0,4.25
Q_000189,MENU_002603,0,1,0.6170831322669983,0.0,0.3333333333333333,0.0,4.76699018478394
Q_000189,MENU_002606,0,2,0.61644047498703,0.0,0.3333333333333333,0.0,4.76699018478394
Q_000189,MENU_002602,0,3,0.6118549108505249,0.0,0.3333333333333333,0.0,4.76699018478394
Q_000189,MENU_002614,0,4,0.6077892780303955,0.0,0.3333333333333333,0.0,4.76699018478394
Q_000189,MENU_001213,1,5,0.5877484083175659,0.0,0.6666666666666666,0.0,4.75703001022339
Q_000189,MENU_001237,1,6,0.5873858332633972,0.0,0.6666666666666666,0.0,4.75703001022339
Q_000189,MENU_001217,1,7,0.58109450340271,0.0,0.6666666666666666,0.0,4.75703001022339
Q_000189,MENU_002608,0,8,0.5803950428962708,0.0,0.3333333333333333,0.0,4.76699018478394
Q_000189,MENU_001112,0,9,0.5783706903457642,0.0,0.3333333333333333,0.0,4.25
Q_000189,MENU_002605,0,10,0.5758090019226074,0.0,0.3333333333333333,0.0,4.76699018478394
Q_000189,MENU_001215,1,11,0.5720281600952148,0.0,0.6666666666666666,0.0,4.75703001022339
Q_000189,MENU_002615,0,12,0.568940281867981,0.0,0.3333333333333333,0.0,4.76699018478394
Q_000189,MENU_002617,0,13,0.5673248171806335,0.0,0.3333333333333333,0.0,4.76699018478394
Q_000189,MENU_001231,1,14,0.5665007829666138,0.0,0.6666666666666666,0.0,4.75703001022339
Q_000189,MENU_002607,0,15,0.5639634728431702,0.0,0.3333333333333333,0.0,4.76699018478394
Q_000189,MENU_001124,0,16,0.5635388493537903,0.0,0.3333333333333333,0.0,4.25
Q_000189,MENU_002612,0,17,0.5621907711029053,0.0,0.3333333333333333,0.0,4.76699018478394
Q_000189,MENU_002610,0,18,0.5545635223388672,0.0,0.3333333333333333,0.0,4.76699018478394
Q_000189,MENU_002613,0,19,0.5510596632957458,0.0,0.3333333333333333,0.0,4.76699018478394
Q_000189,MENU_001080,0,20,0.5455607175827026,0.0,0.3333333333333333,0.0,4.25
Q_000189,MENU_002609,0,21,0.5444427728652954,0.0,0.3333333333333333,0.0,4.76699018478394
Q_000189,MENU_001224,1,22,0.5437674522399902,0.0,0.6666666666666666,0.0,4.75703001022339
Q_000189,MENU_001232,0,23,0.5360656976699829,0.0,0.3333333333333333,0.0,4.75703001022339
Q_000189,MENU_001238,0,24,0.5300259590148926,0.0,0.3333333333333333,0.0,4.75703001022339
Q_000189,MENU_002604,0,25,0.5284572839736938,0.0,0.3333333333333333,0.0,4.76699018478394
Q_000189,MENU_001060,0,26,0.5237618684768677,0.0,0.3333333333333333,0.0,4.25
Q_000189,MENU_001225,0,27,0.5219787955284119,0.0,0.3333333333333333,0.0,4.75703001022339
Q_000189,MENU_002616,0,28,0.5204741358757019,0.0,0.3333333333333333,0.0,4.76699018478394
Q_000189,MENU_001228,0,29,0.5179857611656189,0.0,0.3333333333333333,0.0,4.75703001022339
Q_000189,MENU_002611,0,30,0.5159834623336792,0.0,0.3333333333333333,0.0,4.76699018478394
Q_000189,MENU_001214,0,31,0.5131534337997437,0.0,0.3333333333333333,0.0,4.75703001022339
Q_000189,MENU_001233,0,32,0.5088300108909607,0.0,0.3333333333333333,0.0,4.75703001022339
Q_000189,MENU_001096,0,33,0.5075178742408752,0.0,0.3333333333333333,0.0,4.25
Q_000189,MENU_001230,0,34,0.49905189871788025,0.0,0.3333333333333333,0.0,4.75703001022339
Q_000189,MENU_001758,0,35,0.4888189733028412,0.0,0.0,0.0,4.81443309783936
Q_000189,MENU_001226,0,36,0.48684361577033997,0.0,0.3333333333333333,0.0,4.75703001022339
Q_000189,MENU_002092,0,37,0.4833911061286926,0.0,0.0,0.0,4.71530199050903
Q_000189,MENU_000500,0,38,0.47907134890556335,0.0,0.0,0.0,4.77500009536743
Q_000189,MENU_001222,0,39,0.47829294204711914,0.0,0.3333333333333333,0.0,4.75703001022339
Q_000189,MENU_000495,0,40,0.4779075086116791,0.0,0.0,0.0,4.77500009536743
Q_000189,MENU_001223,0,41,0.4741315245628357,0.0,0.3333333333333333,0.0,4.75703001022339
Q_000189,MENU_002264,0,42,0.46912187337875366,0.0,0.0,0.0,4.58823490142822
Q_000189,MENU_001757,0,43,0.4639308452606201,0.0,0.0,0.0,4.81443309783936
Q_000189,MENU_001236,0,44,0.46016475558280945,0.0,0.3333333333333333,0.0,4.75703001022339
Q_000189,MENU_001234,0,45,0.45474183559417725,0.0,0.3333333333333333,0.0,4.75703001022339
Q_000189,MENU_001516,0,46,0.44716009497642517,0.0,0.0,0.0,4.65221118927002
Q_000189,MENU_002267,0,47,0.44271379709243774,0.0,0.0,0.0,4.58823490142822
Q_000189,MENU_001227,0,48,0.43081241846084595,0.0,0.3333333333333333,0.0,4.75703001022339
Q_000189,MENU_001071,0,49,0.4302840530872345,0.0,0.0,0.0,4.25
Q_000189,MENU_001735,0,50,0.4296196699142456,0.0,0.0,0.0,4.81443309783936
Q_000190,MENU_002522,1,1,0.5726133584976196,0.0,0.5,0.5,4.70963716506958
Q_000190,MENU_002526,1,2,0.5703836679458618,0.0,0.5,0.5,4.70963716506958
Q_000190,MENU_002523,1,3,0.5495656728744507,0.0,0.5,0.5,4.70963716506958
Q_000190,MENU_002521,1,4,0.5482810139656067,0.0,0.5,0.5,4.70963716506958
Q_000190,MENU_002524,1,5,0.5461856126785278,0.0,0.5,0.5,4.70963716506958
Q_000190,MENU_002525,1,6,0.5457376837730408,0.0,0.5,0.5,4.70963716506958
Q_000190,MENU_002529,0,7,0.5043933987617493,0.0,0.0,0.0,4.70963716506958
Q_000190,MENU_000516,0,8,0.4991014301776886,0.0,0.5,0.0,4.64538478851318
Q_000190,MENU_002531,0,9,0.482536256313324,0.0,0.0,0.0,4.70963716506958
Q_000190,MENU_000950,0,10,0.4607456922531128,0.0,0.0,0.0,4.0
Q_000190,MENU_001351,0,11,0.4603801369667053,0.0,0.0,0.0,4.75340223312378
Q_000190,MENU_001459,0,12,0.45312386751174927,0.0,0.0,0.0,4.60264015197754
Q_000190,MENU_002530,0,13,0.443378746509552,0.0,0.0,0.0,4.70963716506958
Q_000190,MENU_000532,0,14,0.43636083602905273,0.0,0.5,0.0,4.54899787902832
Q_000190,MENU_000874,0,15,0.433756947517395,0.0,0.5,0.0,4.46214008331299
Q_000190,MENU_001465,0,16,0.4305424690246582,0.0,0.0,0.0,4.60264015197754
Q_000190,MENU_001453,0,17,0.4268641471862793,0.0,0.0,0.0,4.60264015197754
Q_000190,MENU_001454,0,18,0.42593657970428467,0.0,0.0,0.0,4.60264015197754
Q_000190,MENU_002736,0,19,0.42495542764663696,0.0,0.0,0.0,0.0
Q_000190,MENU_002759,0,20,0.4222855865955353,0.0,0.0,0.0,0.0
Q_000190,MENU_002528,0,21,0.4203171730041504,0.0,0.0,0.0,4.70963716506958
Q_000190,MENU_001261,0,22,0.4193132519721985,0.0,0.0,0.0,4.75340223312378
Q_000190,MENU_001259,0,23,0.4189571142196655,0.0,0.0,0.0,4.75340223312378
Q_000190,MENU_001383,0,24,0.4179324805736542,0.0,0.0,0.0,4.75340223312378
Q_000190,MENU_001353,0,25,0.41732674837112427,0.0,0.0,0.0,4.75340223312378
Q_000190,MENU_001732,0,26,0.4141794443130493,0.0,0.5,0.0,4.7578501701355
Q_000190,MENU_002807,0,27,0.41196969151496887,0.0,0.0,0.0,0.0
Q_000190,MENU_001460,0,28,0.4099906384944916,0.0,0.0,0.0,4.60264015197754
Q_000190,MENU_001344,0,29,0.4089125394821167,0.0,0.0,0.0,4.75340223312378
Q_000190,MENU_001468,0,30,0.40517371892929077,0.0,0.0,0.0,4.60264015197754
Q_000190,MENU_000228,0,31,0.4040580987930298,0.0,0.0,0.0,4.14949178695679
Q_000190,MENU_001481,0,32,0.40391576290130615,0.0,0.0,0.0,4.60264015197754
Q_000190,MENU_001328,0,33,0.40293797850608826,0.0,0.0,0.0,4.75340223312378
Q_000190,MENU_002732,0,34,0.402739942073822,0.0,0.0,0.0,0.0
Q_000190,MENU_001352,0,35,0.3999486267566681,0.0,0.0,0.0,4.75340223312378
Q_000190,MENU_001455,0,36,0.39085498452186584,0.0,0.0,0.0,4.60264015197754
Q_000190,MENU_000575,0,37,0.39042308926582336,0.0,0.5,0.0,4.48866987228394
Q_000190,MENU_001312,0,38,0.3903653025627136,0.0,0.0,0.0,4.75340223312378
Q_000190,MENU_001470,0,39,0.3895202875137329,0.0,0.0,0.0,4.60264015197754
Q_000190,MENU_001900,0,40,0.3890748620033264,0.0,0.0,0.0,4.58653783798218
Q_000190,MENU_002509,0,41,0.3884192109107971,0.0,0.0,0.0,4.67408514022827
Q_000190,MENU_001097,0,42,0.38836413621902466,0.0,0.0,0.0,4.25
Q_000190,MENU_000210,0,43,0.3857421278953552,0.0,0.0,0.0,4.7832818031311
Q_000190,MENU_001384,0,44,0.38549718260765076,0.0,0.0,0.0,4.75340223312378
Q_000190,MENU_000577,0,45,0.38326412439346313,0.0,0.5,0.0,4.48866987228394
Q_000190,MENU_001263,0,46,0.38210296630859375,0.0,0.0,0.0,4.75340223312378
Q_000190,MENU_001062,0,47,0.3802017867565155,0.0,0.0,0.0,4.25
Q_000190,MENU_002696,0,48,0.37983328104019165,0.0,0.0,0.0,4.78461503982544
Q_000190,MENU_001354,0,49,0.37921565771102905,0.0,0.0,0.0,4.75340223312378
Q_000190,MENU_001262,0,50,0.3782285451889038,0.0,0.0,0.0,4.75340223312378
Q_000191,MENU_002189,1,1,0.5701589584350586,0.5,0.5,0.0,4.65195322036743
Q_000191,MENU_002573,1,2,0.5512330532073975,0.5,0.5,0.5,4.67702722549438
Q_000191,MENU_001912,1,3,0.5441469550132751,0.5,0.5,0.5,4.81481504440308
Q_000191,MENU_002589,1,4,0.5342229604721069,0.5,0.5,0.0,4.67702722549438
Q_000191,MENU_002175,1,5,0.5299816131591797,0.5,0.5,0.5,4.65195322036743
Q_000191,MENU_001023,0,6,0.5077873468399048,0.5,0.0,0.5,4.82307195663452
Q_000191,MENU_002562,1,7,0.50579833984375,0.5,0.5,0.5,4.67702722549438
Q_000191,MENU_000741,1,8,0.4947288930416107,0.5,0.5,0.0,4.67195796966553
Q_000191,MENU_000185,0,9,0.49236536026000977,0.5,0.0,0.5,4.63380479812622
Q_000191,MENU_000723,1,10,0.49231666326522827,0.5,0.5,0.5,4.67195796966553
Q_000191,MENU_001894,0,11,0.49140557646751404,0.5,0.0,0.5,5.0
Q_000191,MENU_001492,0,12,0.4907505512237549,0.0,0.0,0.5,4.7914719581604
Q_000191,MENU_002587,1,13,0.4892238676548004,0.5,0.5,0.5,4.67702722549438
Q_000191,MENU_001938,1,14,0.48053622245788574,0.0,0.5,0.5,4.81481504440308
Q_000191,MENU_000639,0,15,0.47791510820388794,0.5,0.0,0.0,4.64431381225586
Q_000191,MENU_002443,0,16,0.4774740934371948,0.0,0.5,0.5,4.77699613571167
Q_000191,MENU_002566,1,17,0.4763941764831543,0.5,0.5,0.0,4.67702722549438
Q_000191,MENU_001942,1,18,0.4740416407585144,0.0,0.5,0.5,4.81481504440308
Q_000191,MENU_000755,1,19,0.4720589220523834,0.5,0.5,0.0,4.67195796966553
Q_000191,MENU_002221,1,20,0.4687148332595825,0.5,0.5,0.5,4.65195322036743
Q_000191,MENU_002637,0,21,0.4650976061820984,0.5,0.0,0.5,4.58833312988281
Q_000191,MENU_001602,0,22,0.46312543749809265,0.5,0.0,0.0,4.87649393081665
Q_000191,MENU_000075,0,23,0.4548039436340332,0.5,0.0,0.0,4.72087717056274
Q_000191,MENU_002254,0,24,0.45249438285827637,0.0,0.0,0.0,4.81660079956055
Q_000191,MENU_002619,0,25,0.4518175721168518,0.5,0.0,0.0,4.66666698455811
Q_000191,MENU_001919,1,26,0.4474746882915497,0.0,0.5,0.5,4.81481504440308
Q_000191,MENU_000131,0,27,0.4474134147167206,0.0,0.0,0.0,4.63380479812622
Q_000191,MENU_000045,0,28,0.4447585344314575,0.5,0.0,0.5,4.0
Q_000191,MENU_000198,0,29,0.44308608770370483,0.0,0.0,0.0,4.63380479812622
Q_000191,MENU_001945,1,30,0.4380374848842621,0.0,0.5,0.5,4.81481504440308
Q_000191,MENU_002233,1,31,0.4334833025932312,0.5,0.5,0.5,4.65195322036743
Q_000191,MENU_000373,0,32,0.4299854338169098,0.0,0.0,0.5,4.71902799606323
Q_000191,MENU_000194,0,33,0.42995211482048035,0.0,0.0,0.0,4.63380479812622
Q_000191,MENU_001933,0,34,0.4248838722705841,0.5,0.0,0.0,4.81481504440308
Q_000191,MENU_000751,0,35,0.42378512024879456,0.5,0.0,0.5,4.67195796966553
Q_000191,MENU_001473,0,36,0.42375659942626953,0.5,0.5,0.0,4.60264015197754
Q_000191,MENU_001916,1,37,0.4234780967235565,0.5,0.5,0.5,4.81481504440308
Q_000191,MENU_002058,0,38,0.4197332262992859,0.5,0.0,0.5,4.83122396469116
Q_000191,MENU_001455,0,39,0.4182479679584503,0.5,0.0,0.0,4.60264015197754
Q_000191,MENU_002463,0,40,0.4174162447452545,0.0,0.5,0.5,4.77699613571167
Q_000191,MENU_001434,0,41,0.4119322896003723,0.5,0.0,0.0,4.6047158241272
Q_000191,MENU_001278,0,42,0.41141706705093384,0.0,0.0,0.0,4.75340223312378
Q_000191,MENU_001413,0,43,0.4099767208099365,0.0,0.0,0.0,4.46881008148193
Q_000191,MENU_002625,0,44,0.4099156856536865,0.5,0.5,0.0,4.58833312988281
Q_000191,MENU_000372,0,45,0.40812188386917114,0.0,0.0,0.5,4.71902799606323
Q_000191,MENU_002130,0,46,0.4066433906555176,0.5,0.0,0.0,4.64444398880005
Q_000191,MENU_002017,0,47,0.40551406145095825,0.0,0.0,0.0,4.1811408996582
Q_000191,MENU_001173,0,48,0.4054422378540039,0.0,0.0,0.5,4.82336378097534
Q_000191,MENU_002690,0,49,0.40472501516342163,0.0,0.0,0.0,4.78461503982544
Q_000191,MENU_001137,0,50,0.40432482957839966,0.0,0.0,0.5,4.82336378097534
Q_000192,MENU_000816,1,1,0.5819680094718933,0.0,0.6666666666666666,0.0,4.64895582199097
Q_000192,MENU_000803,1,2,0.576972484588623,0.0,0.6666666666666666,0.0,4.64895582199097
Q_000192,MENU_000798,1,3,0.5734996199607849,0.0,0.6666666666666666,0.0,4.64895582199097
Q_000192,MENU_000818,1,4,0.5728467702865601,0.0,0.6666666666666666,0.0,4.64895582199097
Q_000192,MENU_000812,1,5,0.5707404017448425,0.0,0.6666666666666666,0.0,4.64895582199097
Q_000192,MENU_002379,0,6,0.5684055089950562,0.0,0.3333333333333333,0.3333333333333333,4.57420492172241
Q_000192,MENU_002425,0,7,0.5684055089950562,0.0,0.3333333333333333,0.3333333333333333,4.2142858505249
Q_000192,MENU_002474,0,8,0.5672874450683594,0.0,0.3333333333333333,0.0,4.68452405929565
Q_000192,MENU_000826,1,9,0.56621915102005,0.3333333333333333,0.6666666666666666,0.0,4.64895582199097
Q_000192,MENU_000807,1,10,0.5635314583778381,0.0,0.6666666666666666,0.0,4.64895582199097
Q_000192,MENU_000805,1,11,0.5590461492538452,0.0,0.6666666666666666,0.0,4.64895582199097
Q_000192,MENU_000797,1,12,0.5574303865432739,0.3333333333333333,0.6666666666666666,0.0,4.64895582199097
Q_000192,MENU_000806,1,13,0.5509262681007385,0.0,0.6666666666666666,0.0,4.64895582199097
Q_000192,MENU_000815,1,14,0.5474745631217957,0.0,0.6666666666666666,0.0,4.64895582199097
Q_000192,MENU_001277,0,15,0.5448926687240601,0.3333333333333333,0.3333333333333333,0.0,4.75340223312378
Q_000192,MENU_000820,1,16,0.5412290096282959,0.0,0.6666666666666666,0.0,4.64895582199097
Q_000192,MENU_000810,1,17,0.5384808778762817,0.3333333333333333,0.6666666666666666,0.0,4.64895582199097
Q_000192,MENU_000817,1,18,0.5364555716514587,0.0,0.6666666666666666,0.0,4.64895582199097
Q_000192,MENU_001037,0,19,0.5337443947792053,0.3333333333333333,0.3333333333333333,0.0,4.25
Q_000192,MENU_001773,0,20,0.5315836668014526,0.0,0.0,0.0,4.81443309783936
Q_000192,MENU_000813,1,21,0.5312479734420776,0.0,0.6666666666666666,0.0,4.64895582199097
Q_000192,MENU_000819,1,22,0.5306705236434937,0.0,0.6666666666666666,0.0,4.64895582199097
Q_000192,MENU_000809,1,23,0.5283559560775757,0.0,0.6666666666666666,0.0,4.64895582199097
Q_000192,MENU_000670,0,24,0.5261339545249939,0.0,0.0,0.3333333333333333,4.72276020050049
Q_000192,MENU_001107,0,25,0.525220513343811,0.0,0.3333333333333333,0.0,4.25
Q_000192,MENU_000814,1,26,0.5246523022651672,0.3333333333333333,0.6666666666666666,0.0,4.64895582199097
Q_000192,MENU_000823,1,27,0.5246230363845825,0.0,0.6666666666666666,0.0,4.64895582199097
Q_000192,MENU_001971,0,28,0.5221285820007324,0.3333333333333333,0.0,0.0,4.74074077606201
Q_000192,MENU_001038,0,29,0.5215041041374207,0.3333333333333333,0.3333333333333333,0.0,4.25
Q_000192,MENU_000824,1,30,0.5194967985153198,0.0,0.6666666666666666,0.0,4.64895582199097
Q_000192,MENU_000210,0,31,0.5181208848953247,0.0,0.3333333333333333,0.0,4.7832818031311
Q_000192,MENU_000636,0,32,0.5174157619476318,0.0,0.3333333333333333,0.0,4.64431381225586
Q_000192,MENU_000523,0,33,0.5168732404708862,0.3333333333333333,0.3333333333333333,0.0,4.63044404983521
Q_000192,MENU_001028,0,34,0.5155451893806458,0.0,0.3333333333333333,0.0,4.25
Q_000192,MENU_001344,0,35,0.5128978490829468,0.0,0.0,0.0,4.75340223312378
Q_000192,MENU_002002,0,36,0.5109811425209045,0.0,0.0,0.0,4.1811408996582
Q_000192,MENU_000784,0,37,0.5057221055030823,0.3333333333333333,0.0,0.0,4.70389223098755
Q_000192,MENU_001205,0,38,0.5049608945846558,0.3333333333333333,0.0,0.0,4.29862880706787
Q_000192,MENU_001117,0,39,0.5043112635612488,0.0,0.0,0.0,4.25
Q_000192,MENU_001075,0,40,0.5041516423225403,0.0,0.3333333333333333,0.0,4.25
Q_000192,MENU_001371,0,41,0.4990583062171936,0.0,0.0,0.0,4.75340223312378
Q_000192,MENU_000228,0,42,0.49856311082839966,0.0,0.0,0.0,4.14949178695679
Q_000192,MENU_000593,0,43,0.4976244568824768,0.3333333333333333,0.3333333333333333,0.0,4.64431381225586
Q_000192,MENU_000591,0,44,0.4955446720123291,0.0,0.3333333333333333,0.0,4.64431381225586
Q_000192,MENU_001351,0,45,0.4914654493331909,0.0,0.0,0.0,4.75340223312378
Q_000192,MENU_001969,0,46,0.49003875255584717,0.0,0.0,0.0,4.74074077606201
Q_000192,MENU_001100,0,47,0.4899848699569702,0.0,0.0,0.0,4.25
Q_000192,MENU_000822,0,48,0.48946163058280945,0.0,0.3333333333333333,0.0,4.64895582199097
Q_000192,MENU_001046,0,49,0.4889993369579315,0.0,0.0,0.0,4.25
Q_000192,MENU_001278,0,50,0.48835989832878113,0.3333333333333333,0.3333333333333333,0.3333333333333333,4.75340223312378
Q_000193,MENU_000997,0,1,0.5737007856369019,0.0,0.0,0.0,4.65557909011841
Q_000193,MENU_002274,1,2,0.569968581199646,0.0,0.5,0.0,4.58823490142822
Q_000193,MENU_000380,0,3,0.5611077547073364,0.0,0.0,0.0,0.0
Q_000193,MENU_000518,1,4,0.5607993602752686,0.0,0.5,0.0,4.63044404983521
Q_000193,MENU_000452,0,5,0.5462310314178467,0.0,0.0,0.0,4.68128681182861
Q_000193,MENU_000062,0,6,0.5387580394744873,0.0,0.0,0.0,4.82178211212158
Q_000193,MENU_000448,0,7,0.5351458787918091,0.0,0.0,0.0,4.68128681182861
Q_000193,MENU_002318,1,8,0.5344210863113403,0.0,0.5,0.0,4.67123317718506
Q_000193,MENU_000052,0,9,0.5342216491699219,0.0,0.0,0.0,4.82178211212158
Q_000193,MENU_000521,1,10,0.5337362289428711,0.0,0.5,0.0,4.63044404983521
Q_000193,MENU_000399,0,11,0.5336241722106934,0.0,0.0,0.0,4.68128681182861
Q_000193,MENU_000451,0,12,0.5330473780632019,0.0,0.0,0.0,4.68128681182861
Q_000193,MENU_001789,0,13,0.530733585357666,0.0,0.0,0.0,4.81443309783936
Q_000193,MENU_000449,0,14,0.5289947390556335,0.0,0.0,0.0,4.68128681182861
Q_000193,MENU_001374,0,15,0.5277278423309326,0.0,0.0,0.0,4.75340223312378
Q_000193,MENU_000055,0,16,0.5273932218551636,0.0,0.0,0.0,4.82178211212158
Q_000193,MENU_002317,1,17,0.5269462466239929,0.0,0.5,0.0,4.67123317718506
Q_000193,MENU_000416,0,18,0.5245615839958191,0.0,0.0,0.0,4.68128681182861
Q_000193,MENU_000398,0,19,0.52018141746521,0.0,0.0,0.0,4.68128681182861
Q_000193,MENU_001400,0,20,0.5185102224349976,0.0,0.0,0.0,4.59437894821167
Q_000193,MENU_000478,0,21,0.5182725191116333,0.0,0.0,0.0,4.68128681182861
Q_000193,MENU_000401,0,22,0.5173693299293518,0.0,0.0,0.0,4.68128681182861
Q_000193,MENU_000415,0,23,0.5165744423866272,0.0,0.0,0.0,4.68128681182861
Q_000193,MENU_000566,0,24,0.5142886638641357,0.0,0.0,0.0,3.98560500144959
Q_000193,MENU_000400,0,25,0.5138788819313049,0.0,0.0,0.0,4.68128681182861
Q_000193,MENU_000059,0,26,0.5111985802650452,0.0,0.0,0.0,4.82178211212158
Q_000193,MENU_000447,0,27,0.5087618827819824,0.0,0.0,0.0,4.68128681182861
Q_000193,MENU_001764,0,28,0.507631778717041,0.0,0.0,0.0,4.81443309783936
Q_000193,MENU_000404,0,29,0.5066719055175781,0.0,0.0,0.0,4.68128681182861
Q_000193,MENU_000408,0,30,0.5048664212226868,0.0,0.0,0.0,4.68128681182861
Q_000193,MENU_001297,0,31,0.5041735172271729,0.0,0.0,0.0,4.75340223312378
Q_000193,MENU_001766,0,32,0.5030514001846313,0.0,0.0,0.0,4.81443309783936
Q_000193,MENU_000773,0,33,0.5009353160858154,0.0,0.5,0.0,4.60988092422485
Q_000193,MENU_001763,0,34,0.5007719397544861,0.0,0.0,0.0,4.81443309783936
Q_000193,MENU_001724,0,35,0.5001131892204285,0.0,0.5,0.0,3.84737396240234
Q_000193,MENU_000417,0,36,0.49722421169281006,0.0,0.0,0.0,4.68128681182861
Q_000193,MENU_000065,0,37,0.49535292387008667,0.0,0.0,0.0,4.82178211212158
Q_000193,MENU_001762,0,38,0.4940640330314636,0.0,0.0,0.0,4.81443309783936
Q_000193,MENU_000053,0,39,0.4920900762081146,0.0,0.0,0.0,4.82178211212158
Q_000193,MENU_000837,0,40,0.48949724435806274,0.0,0.0,0.0,4.71359920501709
Q_000193,MENU_001665,0,41,0.4890637993812561,0.0,0.5,0.0,3.84737396240234
Q_000193,MENU_001965,0,42,0.48898810148239136,0.0,0.0,0.0,4.74074077606201
Q_000193,MENU_001035,0,43,0.4858246147632599,0.0,0.0,0.0,4.25
Q_000193,MENU_000487,0,44,0.4845566153526306,0.0,0.0,0.0,4.68128681182861
Q_000193,MENU_000667,0,45,0.48435208201408386,0.0,0.0,0.0,4.72276020050049
Q_000193,MENU_000410,0,46,0.48419177532196045,0.0,0.0,0.0,4.68128681182861
Q_000193,MENU_002311,1,47,0.4835868775844574,0.0,0.5,0.0,4.67123317718506
Q_000193,MENU_000434,0,48,0.4824536442756653,0.0,0.0,0.0,4.68128681182861
Q_000193,MENU_001375,0,49,0.4821912348270416,0.0,0.0,0.0,4.75340223312378
Q_000193,MENU_000563,0,50,0.4810238480567932,0.0,0.0,0.0,3.98560500144959
Q_000194,MENU_001397,1,1,0.5802627801895142,0.0,0.5,0.0,4.75340223312378
Q_000194,MENU_002166,0,2,0.5694326758384705,0.0,0.25,0.0,4.64444398880005
Q_000194,MENU_002162,0,3,0.5298842191696167,0.0,0.0,0.0,4.64444398880005
Q_000194,MENU_001064,0,4,0.5263795852661133,0.0,0.0,0.0,4.25
Q_000194,MENU_002145,0,5,0.5240896940231323,0.0,0.0,0.25,4.64444398880005
Q_000194,MENU_001386,1,6,0.5140282511711121,0.0,0.5,0.0,4.75340223312378
Q_000194,MENU_001348,1,7,0.5129218101501465,0.0,0.5,0.0,4.75340223312378
Q_000194,MENU_001045,0,8,0.49682921171188354,0.0,0.0,0.0,4.25
Q_000194,MENU_001347,1,9,0.4863761067390442,0.0,0.5,0.0,4.75340223312378
Q_000194,MENU_000507,0,10,0.4809279441833496,0.0,0.0,0.0,4.69177389144897
Q_000194,MENU_000148,0,11,0.47579970955848694,0.0,0.25,0.0,4.63380479812622
Q_000194,MENU_001427,0,12,0.4754546880722046,0.25,0.0,0.25,4.30172395706177
Q_000194,MENU_000714,0,13,0.4694272577762604,0.0,0.25,0.0,4.58141183853149
Q_000194,MENU_001337,0,14,0.46893858909606934,0.0,0.0,0.0,4.75340223312378
Q_000194,MENU_000144,0,15,0.46867889165878296,0.0,0.25,0.0,4.63380479812622
Q_000194,MENU_001966,0,16,0.46354061365127563,0.25,0.0,0.0,4.74074077606201
Q_000194,MENU_002134,0,17,0.46165400743484497,0.0,0.0,0.0,4.64444398880005
Q_000194,MENU_000681,0,18,0.4615784287452698,0.25,0.0,0.0,4.72276020050049
Q_000194,MENU_002137,0,19,0.4602460265159607,0.0,0.0,0.0,4.64444398880005
Q_000194,MENU_002120,0,20,0.4598831236362457,0.0,0.0,0.0,4.64444398880005
Q_000194,MENU_000680,0,21,0.458224892616272,0.25,0.0,0.0,4.72276020050049
Q_000194,MENU_001863,0,22,0.456692636013031,0.0,0.0,0.0,4.6991171836853
Q_000194,MENU_002149,0,23,0.4558071494102478,0.0,0.0,0.0,4.64444398880005
Q_000194,MENU_001292,1,24,0.4536140561103821,0.0,0.5,0.0,4.75340223312378
Q_000194,MENU_002076,0,25,0.45316892862319946,0.0,0.0,0.25,5.0
Q_000194,MENU_002164,0,26,0.4517940282821655,0.0,0.0,0.0,4.64444398880005
Q_000194,MENU_000659,0,27,0.4510730803012848,0.0,0.0,0.0,4.72276020050049
Q_000194,MENU_000171,0,28,0.4500349164009094,0.0,0.0,0.0,4.63380479812622
Q_000194,MENU_002129,0,29,0.4497465193271637,0.0,0.25,0.0,4.64444398880005
Q_000194,MENU_001048,0,30,0.4487990140914917,0.0,0.0,0.0,4.25
Q_000194,MENU_000159,0,31,0.4483465552330017,0.0,0.25,0.0,4.63380479812622
Q_000194,MENU_001055,0,32,0.4450739026069641,0.0,0.0,0.0,4.25
Q_000194,MENU_002464,0,33,0.44228243827819824,0.0,0.0,0.0,4.77699613571167
Q_000194,MENU_001099,0,34,0.4415284991264343,0.25,0.0,0.0,4.25
Q_000194,MENU_002143,0,35,0.43922868371009827,0.0,0.0,0.0,4.64444398880005
Q_000194,MENU_001904,0,36,0.4382365047931671,0.0,0.0,0.25,4.35897397994995
Q_000194,MENU_002535,0,37,0.43711310625076294,0.0,0.0,0.0,4.41281080245972
Q_000194,MENU_002151,0,38,0.4369085431098938,0.0,0.25,0.0,4.64444398880005
Q_000194,MENU_000299,0,39,0.4368264377117157,0.0,0.0,0.25,4.74418592453003
Q_000194,MENU_000784,0,40,0.43646103143692017,0.25,0.0,0.25,4.70389223098755
Q_000194,MENU_001514,0,41,0.4345170855522156,0.0,0.0,0.0,4.65221118927002
Q_000194,MENU_002128,0,42,0.4339468479156494,0.0,0.0,0.0,4.64444398880005
Q_000194,MENU_000065,0,43,0.43385326862335205,0.0,0.0,0.0,4.82178211212158
Q_000194,MENU_000582,0,44,0.43365833163261414,0.0,0.0,0.0,4.49110698699951
Q_000194,MENU_002146,0,45,0.43334126472473145,0.0,0.0,0.0,4.64444398880005
Q_000194,MENU_000586,0,46,0.43304967880249023,0.0,0.0,0.0,4.48866987228394
Q_000194,MENU_001354,0,47,0.4326087236404419,0.0,0.0,0.0,4.75340223312378
Q_000194,MENU_002150,0,48,0.43234342336654663,0.0,0.25,0.0,4.64444398880005
Q_000194,MENU_002501,0,49,0.432167649269104,0.0,0.0,0.0,4.28089904785156
Q_000194,MENU_000320,0,50,0.4308350384235382,0.0,0.0,0.0,4.74902009963989
Q_000195,MENU_001394,1,1,0.6050528287887573,0.0,0.6666666666666666,0.16666666666666666,4.75340223312378
Q_000195,MENU_001294,1,2,0.5852312445640564,0.0,0.6666666666666666,0.16666666666666666,4.75340223312378
Q_000195,MENU_001359,1,3,0.5833650827407837,0.0,0.6666666666666666,0.16666666666666666,4.75340223312378
Q_000195,MENU_001393,1,4,0.5727574229240417,0.0,0.6666666666666666,0.16666666666666666,4.75340223312378
Q_000195,MENU_001325,1,5,0.5721165537834167,0.0,0.6666666666666666,0.16666666666666666,4.75340223312378
Q_000195,MENU_001388,1,6,0.5715428590774536,0.0,0.6666666666666666,0.16666666666666666,4.75340223312378
Q_000195,MENU_001293,1,7,0.5687742233276367,0.0,0.6666666666666666,0.16666666666666666,4.75340223312378
Q_000195,MENU_001365,1,8,0.5619317889213562,0.0,0.6666666666666666,0.16666666666666666,4.75340223312378
Q_000195,MENU_001357,1,9,0.5590234398841858,0.0,0.6666666666666666,0.16666666666666666,4.75340223312378
Q_000195,MENU_001355,1,10,0.5589877963066101,0.0,0.6666666666666666,0.16666666666666666,4.75340223312378
Q_000195,MENU_001387,1,11,0.5577502250671387,0.0,0.6666666666666666,0.16666666666666666,4.75340223312378
Q_000195,MENU_001324,1,12,0.5523525476455688,0.0,0.6666666666666666,0.16666666666666666,4.75340223312378
Q_000195,MENU_001358,1,13,0.5521619319915771,0.0,0.6666666666666666,0.16666666666666666,4.75340223312378
Q_000195,MENU_001082,0,14,0.5450111031532288,0.0,0.5,0.0,4.25
Q_000195,MENU_001327,1,15,0.5448306798934937,0.0,0.6666666666666666,0.16666666666666666,4.75340223312378
Q_000195,MENU_001331,1,16,0.5260852575302124,0.0,0.6666666666666666,0.16666666666666666,4.75340223312378
Q_000195,MENU_002016,0,17,0.5226187705993652,0.0,0.16666666666666666,0.0,4.1811408996582
Q_000195,MENU_001044,0,18,0.5204171538352966,0.0,0.5,0.0,4.25
Q_000195,MENU_001043,0,19,0.5203819274902344,0.0,0.5,0.0,4.25
Q_000195,MENU_002423,0,20,0.5192449688911438,0.0,0.16666666666666666,0.0,4.2142858505249
Q_000195,MENU_002377,0,21,0.5192449688911438,0.0,0.16666666666666666,0.0,4.57420492172241
Q_000195,MENU_001326,1,22,0.5175138711929321,0.0,0.6666666666666666,0.16666666666666666,4.75340223312378
Q_000195,MENU_001263,0,23,0.5113868713378906,0.0,0.16666666666666666,0.0,4.75340223312378
Q_000195,MENU_001262,0,24,0.5033993124961853,0.0,0.16666666666666666,0.16666666666666666,4.75340223312378
Q_000195,MENU_002012,0,25,0.4982748031616211,0.0,0.16666666666666666,0.0,4.1811408996582
Q_000195,MENU_002017,0,26,0.49233585596084595,0.0,0.16666666666666666,0.0,4.1811408996582
Q_000195,MENU_001038,0,27,0.4914681911468506,0.0,0.16666666666666666,0.0,4.25
Q_000195,MENU_001329,1,28,0.4911068081855774,0.0,0.6666666666666666,0.16666666666666666,4.75340223312378
Q_000195,MENU_002416,0,29,0.4877691864967346,0.0,0.16666666666666666,0.3333333333333333,4.2142858505249
Q_000195,MENU_002370,0,30,0.4877691864967346,0.0,0.16666666666666666,0.3333333333333333,4.57420492172241
Q_000195,MENU_001281,0,31,0.48375368118286133,0.0,0.16666666666666666,0.16666666666666666,4.75340223312378
Q_000195,MENU_001311,0,32,0.483407199382782,0.0,0.16666666666666666,0.0,4.75340223312378
Q_000195,MENU_001323,1,33,0.4818911552429199,0.0,0.6666666666666666,0.16666666666666666,4.75340223312378
Q_000195,MENU_002702,0,34,0.4792303740978241,0.0,0.16666666666666666,0.0,4.78461503982544
Q_000195,MENU_001340,0,35,0.4790791869163513,0.0,0.16666666666666666,0.0,4.75340223312378
Q_000195,MENU_001036,0,36,0.4789457321166992,0.0,0.16666666666666666,0.0,4.25
Q_000195,MENU_002409,0,37,0.47763368487358093,0.0,0.16666666666666666,0.16666666666666666,4.2142858505249
Q_000195,MENU_001107,0,38,0.47008267045021057,0.0,0.16666666666666666,0.0,4.25
Q_000195,MENU_001298,0,39,0.46948564052581787,0.0,0.16666666666666666,0.16666666666666666,4.75340223312378
Q_000195,MENU_000591,0,40,0.46834796667099,0.0,0.0,0.0,4.64431381225586
Q_000195,MENU_001037,0,41,0.468339204788208,0.0,0.16666666666666666,0.0,4.25
Q_000195,MENU_002696,0,42,0.466718852519989,0.0,0.16666666666666666,0.0,4.78461503982544
Q_000195,MENU_001322,0,43,0.46670442819595337,0.0,0.16666666666666666,0.0,4.75340223312378
Q_000195,MENU_002699,0,44,0.46604353189468384,0.0,0.16666666666666666,0.0,4.78461503982544
Q_000195,MENU_002374,0,45,0.464970201253891,0.0,0.16666666666666666,0.16666666666666666,4.57420492172241
Q_000195,MENU_002420,0,46,0.464970201253891,0.0,0.16666666666666666,0.16666666666666666,4.2142858505249
Q_000195,MENU_002040,0,47,0.4648342728614807,0.0,0.16666666666666666,0.0,4.1811408996582
Q_000195,MENU_001975,0,48,0.4643963575363159,0.0,0.0,0.0,4.74074077606201
Q_000195,MENU_002429,0,49,0.46414077281951904,0.0,0.16666666666666666,0.0,4.2142858505249
Q_000195,MENU_002384,0,50,0.46414077281951904,0.0,0.16666666666666666,0.0,4.57420492172241
Q_000196,MENU_002424,1,1,0.5492336750030518,0.0,0.5,0.25,4.2142858505249
Q_000196,MENU_002378,1,2,0.5492336750030518,0.0,0.5,0.25,4.57420492172241
Q_000196,MENU_002382,1,3,0.5415977239608765,0.0,0.5,0.25,4.57420492172241
Q_000196,MENU_002427,1,4,0.5415977239608765,0.0,0.5,0.25,4.2142858505249
Q_000196,MENU_002412,1,5,0.5368220806121826,0.0,0.5,0.25,4.2142858505249
Q_000196,MENU_002367,1,6,0.5368220806121826,0.0,0.5,0.25,4.57420492172241
Q_000196,MENU_002362,1,7,0.48437803983688354,0.0,0.5,0.0,4.57420492172241
Q_000196,MENU_002405,1,8,0.48437803983688354,0.0,0.5,0.0,4.2142858505249
Q_000196,MENU_002410,1,9,0.4743739664554596,0.0,0.5,0.25,4.2142858505249
Q_000196,MENU_002365,1,10,0.4743739664554596,0.0,0.5,0.25,4.57420492172241
Q_000196,MENU_002422,1,11,0.471841037273407,0.0,0.5,0.0,4.2142858505249
Q_000196,MENU_002376,1,12,0.471841037273407,0.0,0.5,0.0,4.57420492172241
Q_000196,MENU_002372,1,13,0.4440067708492279,0.0,0.5,0.25,4.57420492172241
Q_000196,MENU_002418,1,14,0.4440067708492279,0.0,0.5,0.25,4.2142858505249
Q_000196,MENU_002369,1,15,0.4290403425693512,0.0,0.5,0.25,4.57420492172241
Q_000196,MENU_002415,1,16,0.4290403425693512,0.0,0.5,0.25,4.2142858505249
Q_000196,MENU_002403,1,17,0.4096628725528717,0.0,0.5,0.0,4.2142858505249
Q_000196,MENU_002360,1,18,0.4096628725528717,0.0,0.5,0.0,4.57420492172241
Q_000196,MENU_001214,0,19,0.39585912227630615,0.0,0.0,0.0,4.75703001022339
Q_000196,MENU_001303,0,20,0.3889598846435547,0.0,0.0,0.25,4.75340223312378
Q_000196,MENU_002696,0,21,0.3871624171733856,0.0,0.0,0.25,4.78461503982544
Q_000196,MENU_001270,0,22,0.38651132583618164,0.0,0.0,0.25,4.75340223312378
Q_000196,MENU_000077,0,23,0.3861831724643707,0.0,0.0,0.0,4.76417207717896
Q_000196,MENU_002264,0,24,0.3851742744445801,0.0,0.0,0.0,4.58823490142822
Q_000196,MENU_001300,0,25,0.3825584053993225,0.0,0.0,0.25,4.75340223312378
Q_000196,MENU_001267,0,26,0.38249754905700684,0.0,0.0,0.25,4.75340223312378
Q_000196,MENU_001717,0,27,0.3785988688468933,0.0,0.0,0.0,3.84737396240234
Q_000196,MENU_002273,0,28,0.37850749492645264,0.0,0.0,0.0,4.58823490142822
Q_000196,MENU_000909,0,29,0.37847447395324707,0.0,0.0,0.0,4.0
Q_000196,MENU_001735,0,30,0.3782430589199066,0.0,0.0,0.0,4.81443309783936
Q_000196,MENU_001252,0,31,0.3765745460987091,0.0,0.0,0.25,4.75340223312378
Q_000196,MENU_001228,0,32,0.37573033571243286,0.0,0.0,0.0,4.75703001022339
Q_000196,MENU_000503,0,33,0.37557291984558105,0.0,0.0,0.0,4.77500009536743
Q_000196,MENU_002026,0,34,0.37475842237472534,0.0,0.0,0.0,4.1811408996582
Q_000196,MENU_000774,0,35,0.3742714524269104,0.0,0.0,0.0,4.60988092422485
Q_000196,MENU_002507,0,36,0.37272173166275024,0.0,0.0,0.0,4.78878402709961
Q_000196,MENU_002106,0,37,0.3723669648170471,0.0,0.0,0.0,4.07968902587891
Q_000196,MENU_001729,0,38,0.3718664050102234,0.0,0.0,0.0,3.84737396240234
Q_000196,MENU_001644,0,39,0.37110596895217896,0.0,0.0,0.0,4.58868885040283
Q_000196,MENU_000957,0,40,0.3686595559120178,0.0,0.0,0.0,4.0
Q_000196,MENU_000986,0,41,0.3683295249938965,0.0,0.0,0.0,4.0
Q_000196,MENU_002204,0,42,0.36411207914352417,0.0,0.0,0.0,4.65195322036743
Q_000196,MENU_001671,0,43,0.36364319920539856,0.0,0.0,0.0,3.84737396240234
Q_000196,MENU_002028,0,44,0.3626784086227417,0.0,0.0,0.0,4.1811408996582
Q_000196,MENU_001117,0,45,0.3619316816329956,0.0,0.0,0.0,4.25
Q_000196,MENU_002304,0,46,0.36150699853897095,0.0,0.0,0.0,4.58823490142822
Q_000196,MENU_000970,0,47,0.36128294467926025,0.0,0.0,0.0,4.0
Q_000196,MENU_002560,0,48,0.36086034774780273,0.0,0.0,0.0,4.67702722549438
Q_000196,MENU_001705,0,49,0.3603801727294922,0.0,0.0,0.0,3.84737396240234
Q_000196,MENU_002206,0,50,0.3603462874889374,0.0,0.0,0.0,4.65195322036743
Q_000197,MENU_002379,1,1,0.5912348031997681,0.0,0.5,1.0,4.57420492172241
Q_000197,MENU_002425,1,2,0.5912348031997681,0.0,0.5,1.0,4.2142858505249
Q_000197,MENU_001037,0,3,0.5418371558189392,0.5,0.5,0.0,4.25
Q_000197,MENU_001971,0,4,0.5412399768829346,0.5,0.0,0.0,4.74074077606201
Q_000197,MENU_002103,0,5,0.5362058877944946,0.5,0.5,0.5,4.07968902587891
Q_000197,MENU_001109,0,6,0.5271822214126587,0.5,0.5,0.0,4.25
Q_000197,MENU_001277,0,7,0.5231781005859375,0.5,0.5,0.0,4.75340223312378
Q_000197,MENU_001759,0,8,0.5151708126068115,0.5,0.0,0.5,4.81443309783936
Q_000197,MENU_001028,0,9,0.5119057893753052,0.0,0.5,0.0,4.25
Q_000197,MENU_001095,0,10,0.5104386210441589,0.0,0.5,0.0,4.25
Q_000197,MENU_000362,1,11,0.5085901021957397,0.0,0.5,0.5,4.71902799606323
Q_000197,MENU_001100,0,12,0.5062255859375,0.0,0.0,0.0,4.25
Q_000197,MENU_000784,0,13,0.5047106146812439,0.5,0.0,0.0,4.70389223098755
Q_000197,MENU_001038,0,14,0.5046009421348572,0.5,0.5,0.0,4.25
Q_000197,MENU_001121,0,15,0.4963383376598358,0.0,0.5,0.0,4.25
Q_000197,MENU_002399,1,16,0.4957692325115204,0.0,0.5,0.0,4.2142858505249
Q_000197,MENU_002356,1,17,0.4957692325115204,0.0,0.5,0.0,4.57420492172241
Q_000197,MENU_001123,0,18,0.4887844920158386,0.0,0.5,0.0,4.25
Q_000197,MENU_000228,0,19,0.48697003722190857,0.0,0.0,0.0,4.14949178695679
Q_000197,MENU_001107,0,20,0.4859066605567932,0.0,0.5,0.0,4.25
Q_000197,MENU_002364,1,21,0.48493829369544983,0.0,0.5,0.5,4.57420492172241
Q_000197,MENU_002408,1,22,0.48493829369544983,0.0,0.5,0.5,4.2142858505249
Q_000197,MENU_001033,0,23,0.48434746265411377,0.0,0.5,0.0,4.25
Q_000197,MENU_001125,0,24,0.4830586910247803,0.0,0.5,0.0,4.25
Q_000197,MENU_002107,0,25,0.4826553761959076,0.5,0.5,0.5,4.07968902587891
Q_000197,MENU_001084,0,26,0.48259952664375305,0.0,0.5,0.0,4.25
Q_000197,MENU_000236,0,27,0.48229220509529114,0.0,0.5,0.0,4.14949178695679
Q_000197,MENU_001046,0,28,0.4781486392021179,0.0,0.0,0.0,4.25
Q_000197,MENU_000124,0,29,0.4766899645328522,0.0,0.0,0.0,4.63380479812622
Q_000197,MENU_000370,1,30,0.4760717749595642,0.0,0.5,0.0,4.71902799606323
Q_000197,MENU_000346,1,31,0.47434401512145996,0.0,0.5,0.5,4.71902799606323
Q_000197,MENU_000234,0,32,0.4739843010902405,0.0,0.5,0.0,4.14949178695679
Q_000197,MENU_000636,0,33,0.47385895252227783,0.0,0.5,0.0,4.64431381225586
Q_000197,MENU_001075,0,34,0.473369300365448,0.0,0.5,0.0,4.25
Q_000197,MENU_000347,1,35,0.4725492596626282,0.0,0.5,0.5,4.71902799606323
Q_000197,MENU_002112,0,36,0.472332239151001,0.5,0.5,1.0,4.07968902587891
Q_000197,MENU_000225,0,37,0.4723186790943146,0.0,0.5,0.0,4.14949178695679
Q_000197,MENU_000517,0,38,0.4721221923828125,0.0,0.0,0.0,4.62876319885254
Q_000197,MENU_001077,0,39,0.4712996184825897,0.0,0.5,0.0,4.25
Q_000197,MENU_002109,0,40,0.47123244404792786,0.5,0.5,0.5,4.07968902587891
Q_000197,MENU_001773,0,41,0.4685772955417633,0.0,0.0,0.0,4.81443309783936
Q_000197,MENU_000369,1,42,0.46836066246032715,0.0,0.5,0.0,4.71902799606323
Q_000197,MENU_001099,0,43,0.4676940143108368,0.0,0.5,0.0,4.25
Q_000197,MENU_001059,0,44,0.46764829754829407,0.0,0.0,0.0,4.25
Q_000197,MENU_000522,0,45,0.46480032801628113,0.0,0.0,0.0,4.63044404983521
Q_000197,MENU_002108,0,46,0.4627286195755005,0.5,0.0,0.5,4.07968902587891
Q_000197,MENU_000523,0,47,0.46234047412872314,0.5,0.5,0.0,4.63044404983521
Q_000197,MENU_000004,0,48,0.4615422785282135,0.5,0.0,0.0,4.0
Q_000197,MENU_001034,0,49,0.46085354685783386,0.0,0.5,0.0,4.25
Q_000197,MENU_001083,0,50,0.4607046842575073,0.0,0.5,0.0,4.25
Q_000198,MENU_001564,0,1,0.48878756165504456,0.0,0.0,0.0,4.88310480117798
Q_000198,MENU_001527,0,2,0.4793024957180023,0.0,0.3333333333333333,0.0,4.20552682876587
Q_000198,MENU_001250,0,3,0.46978873014450073,0.0,0.3333333333333333,0.0,4.75340223312378
Q_000198,MENU_000285,0,4,0.4652644693851471,0.0,0.3333333333333333,0.0,4.65069389343262
Q_000198,MENU_000174,0,5,0.4649401307106018,0.0,0.0,0.0,4.63380479812622
Q_000198,MENU_001716,0,6,0.4637610614299774,0.0,0.0,0.0,3.84737396240234
Q_000198,MENU_000259,0,7,0.46366727352142334,0.0,0.3333333333333333,0.0,4.65069389343262
Q_000198,MENU_001540,0,8,0.45906007289886475,0.0,0.3333333333333333,0.0,4.20552682876587
Q_000198,MENU_000676,0,9,0.4568990468978882,0.0,0.0,0.0,4.72276020050049
Q_000198,MENU_000287,0,10,0.45606112480163574,0.0,0.3333333333333333,0.0,4.65069389343262
Q_000198,MENU_000256,0,11,0.45587268471717834,0.0,0.3333333333333333,0.0,4.65069389343262
Q_000198,MENU_001984,0,12,0.45400094985961914,0.0,0.0,0.0,4.59150314331055
Q_000198,MENU_000669,0,13,0.4524959325790405,0.0,0.0,0.0,4.72276020050049
Q_000198,MENU_000334,0,14,0.45206767320632935,0.0,0.0,0.0,4.60093212127686
Q_000198,MENU_000117,0,15,0.4516143798828125,0.0,0.3333333333333333,0.0,3.0
Q_000198,MENU_000286,0,16,0.4515097439289093,0.0,0.3333333333333333,0.0,4.65069389343262
Q_000198,MENU_000323,0,17,0.45124542713165283,0.0,0.0,0.0,4.60093212127686
Q_000198,MENU_000345,0,18,0.45124542713165283,0.0,0.0,0.0,4.71902799606323
Q_000198,MENU_000257,0,19,0.4505293071269989,0.0,0.3333333333333333,0.0,4.65069389343262
Q_000198,MENU_000703,0,20,0.44971609115600586,0.0,0.3333333333333333,0.0,4.72276020050049
Q_000198,MENU_001860,1,21,0.44895094633102417,0.0,0.3333333333333333,0.0,4.6991171836853
Q_000198,MENU_000675,0,22,0.44813570380210876,0.0,0.0,0.0,4.72276020050049
Q_000198,MENU_001547,0,23,0.4469877779483795,0.0,0.3333333333333333,0.0,4.20552682876587
Q_000198,MENU_001520,0,24,0.4468045234680176,0.0,0.0,0.0,4.20552682876587
Q_000198,MENU_001679,0,25,0.4449447691440582,0.0,0.0,0.0,3.84737396240234
Q_000198,MENU_000274,0,26,0.44409459829330444,0.0,0.3333333333333333,0.0,4.65069389343262
Q_000198,MENU_000255,0,27,0.4440072178840637,0.0,0.3333333333333333,0.0,4.65069389343262
Q_000198,MENU_000536,0,28,0.4434078335762024,0.0,0.3333333333333333,0.0,4.55335521697998
Q_000198,MENU_001678,0,29,0.44106122851371765,0.0,0.0,0.0,3.84737396240234
Q_000198,MENU_000841,0,30,0.43743565678596497,0.0,0.0,0.0,4.71359920501709
Q_000198,MENU_000718,0,31,0.4363119900226593,0.0,0.3333333333333333,0.0,4.31238794326782
Q_000198,MENU_001861,1,32,0.43588149547576904,0.0,0.3333333333333333,0.0,4.6991171836853
Q_000198,MENU_000674,0,33,0.43586087226867676,0.0,0.0,0.0,4.72276020050049
Q_000198,MENU_000113,0,34,0.43583786487579346,0.0,0.3333333333333333,0.0,3.0
Q_000198,MENU_001504,0,35,0.4352239966392517,0.3333333333333333,0.3333333333333333,0.3333333333333333,4.26522302627563
Q_000198,MENU_000838,0,36,0.43472111225128174,0.0,0.0,0.0,4.71359920501709
Q_000198,MENU_000842,0,37,0.43461763858795166,0.0,0.0,0.0,4.71359920501709
Q_000198,MENU_000190,0,38,0.43403661251068115,0.0,0.0,0.0,4.63380479812622
Q_000198,MENU_001705,0,39,0.4333585500717163,0.0,0.0,0.0,3.84737396240234
Q_000198,MENU_000655,0,40,0.43323779106140137,0.0,0.0,0.0,4.72276020050049
Q_000198,MENU_002004,0,41,0.4324702322483063,0.0,0.0,0.0,4.1811408996582
Q_000198,MENU_001581,0,42,0.4311786890029907,0.0,0.0,0.0,4.88310480117798
Q_000198,MENU_000871,0,43,0.430125892162323,0.0,0.3333333333333333,0.0,4.8529257774353
Q_000198,MENU_002676,0,44,0.4300384521484375,0.0,0.0,0.0,4.7348837852478
Q_000198,MENU_001170,0,45,0.42819052934646606,0.0,0.0,0.3333333333333333,4.82336378097534
Q_000198,MENU_000116,0,46,0.42711231112480164,0.0,0.3333333333333333,0.0,3.0
Q_000198,MENU_001727,0,47,0.42699265480041504,0.0,0.0,0.0,3.84737396240234
Q_000198,MENU_000358,0,48,0.42678338289260864,0.0,0.0,0.0,4.71902799606323
Q_000198,MENU_000327,0,49,0.42678338289260864,0.0,0.0,0.0,4.60093212127686
Q_000198,MENU_001252,0,50,0.4251478910446167,0.0,0.3333333333333333,0.0,4.75340223312378
Q_000199,MENU_002190,1,1,0.5130019783973694,0.0,0.5,0.0,4.65195322036743
Q_000199,MENU_000314,0,2,0.49955978989601135,0.0,0.0,0.0,4.74902009963989
Q_000199,MENU_000318,0,3,0.49681562185287476,0.0,0.0,0.0,4.74902009963989
Q_000199,MENU_001800,0,4,0.4937058091163635,0.0,0.0,0.0,4.6991171836853
Q_000199,MENU_002179,1,5,0.49152672290802,0.0,0.5,0.0,4.65195322036743
Q_000199,MENU_001263,0,6,0.48325029015541077,0.0,0.0,0.0,4.75340223312378
Q_000199,MENU_001733,0,7,0.48145657777786255,0.0,0.0,0.0,4.81443309783936
Q_000199,MENU_001400,0,8,0.48017585277557373,0.0,0.5,0.0,4.59437894821167
Q_000199,MENU_001432,0,9,0.4801219701766968,0.0,0.0,0.0,4.60449504852295
Q_000199,MENU_002224,1,10,0.4796529710292816,0.0,0.5,0.0,4.65195322036743
Q_000199,MENU_001371,0,11,0.4783881902694702,0.0,0.0,0.0,4.75340223312378
Q_000199,MENU_001788,0,12,0.47592848539352417,0.0,0.0,0.0,4.81443309783936
Q_000199,MENU_000580,0,13,0.47260332107543945,0.0,0.0,0.0,4.49110698699951
Q_000199,MENU_000569,0,14,0.47104865312576294,0.0,0.0,0.0,4.49110698699951
Q_000199,MENU_001063,0,15,0.4701962471008301,0.0,0.0,0.0,4.25
Q_000199,MENU_001806,0,16,0.4698898196220398,0.0,0.0,0.0,4.6991171836853
Q_000199,MENU_001883,0,17,0.46880263090133667,0.0,0.0,0.0,4.6991171836853
Q_000199,MENU_001431,0,18,0.46691426634788513,0.0,0.0,0.0,4.60449504852295
Q_000199,MENU_001372,0,19,0.46625974774360657,0.0,0.0,0.0,4.75340223312378
Q_000199,MENU_001259,0,20,0.46525755524635315,0.0,0.0,0.0,4.75340223312378
Q_000199,MENU_000710,0,21,0.46427178382873535,0.0,0.0,0.0,4.58141183853149
Q_000199,MENU_001344,0,22,0.4636704921722412,0.0,0.0,0.0,4.75340223312378
Q_000199,MENU_001364,0,23,0.463508665561676,0.0,0.0,0.0,4.75340223312378
Q_000199,MENU_002188,1,24,0.4620201587677002,0.0,0.5,0.0,4.65195322036743
Q_000199,MENU_001406,0,25,0.45980432629585266,0.0,0.0,0.0,4.46881008148193
Q_000199,MENU_000711,0,26,0.457989901304245,0.0,0.0,0.0,4.58141183853149
Q_000199,MENU_002603,0,27,0.45760276913642883,0.0,0.0,0.0,4.76699018478394
Q_000199,MENU_001060,0,28,0.45736122131347656,0.0,0.0,0.0,4.25
Q_000199,MENU_001882,0,29,0.45633772015571594,0.0,0.0,0.0,4.6991171836853
Q_000199,MENU_001384,0,30,0.455150842666626,0.0,0.0,0.0,4.75340223312378
Q_000199,MENU_002206,1,31,0.4544484615325928,0.0,0.5,0.0,4.65195322036743
Q_000199,MENU_000705,0,32,0.45401832461357117,0.0,0.0,0.0,4.58141183853149
Q_000199,MENU_002534,0,33,0.4535507261753082,0.0,0.0,0.0,4.41281080245972
Q_000199,MENU_001383,0,34,0.45348653197288513,0.0,0.0,0.0,4.75340223312378
Q_000199,MENU_001763,0,35,0.4530350863933563,0.0,0.0,0.0,4.81443309783936
Q_000199,MENU_000110,0,36,0.45178550481796265,0.0,0.0,0.0,4.69767379760742
Q_000199,MENU_001096,0,37,0.4489085078239441,0.0,0.0,0.0,4.25
Q_000199,MENU_002729,0,38,0.44831785559654236,0.0,0.0,0.0,4.66852378845215
Q_000199,MENU_002805,0,39,0.4471932053565979,0.0,0.0,0.0,0.0
Q_000199,MENU_001757,0,40,0.4466705024242401,0.0,0.0,0.0,4.81443309783936
Q_000199,MENU_001262,0,41,0.4466046392917633,0.0,0.0,0.0,4.75340223312378
Q_000199,MENU_001486,0,42,0.44642403721809387,0.0,0.0,0.0,4.60264015197754
Q_000199,MENU_001808,0,43,0.4456012547016144,0.0,0.0,0.0,4.6991171836853
Q_000199,MENU_000989,0,44,0.4455190896987915,0.5,0.0,0.0,4.0
Q_000199,MENU_001351,0,45,0.44419950246810913,0.0,0.0,0.0,4.75340223312378
Q_000199,MENU_002836,0,46,0.44404640793800354,0.0,0.0,0.5,0.0
Q_000199,MENU_001735,0,47,0.4434720277786255,0.0,0.0,0.0,4.81443309783936
Q_000199,MENU_001485,0,48,0.4432806372642517,0.0,0.0,0.0,4.60264015197754
Q_000199,MENU_000672,0,49,0.4430219829082489,0.0,0.0,0.0,4.72276020050049
Q_000199,MENU_001080,0,50,0.44220268726348877,0.0,0.0,0.0,4.25
Q_000200,MENU_002490,1,1,0.4598758816719055,0.0,0.6666666666666666,0.0,4.05000019073486
Q_000200,MENU_000796,1,2,0.4544993042945862,0.0,0.6666666666666666,0.0,4.78873205184937
Q_000200,MENU_000795,0,3,0.4117784798145294,0.0,0.0,0.0,4.70389223098755
Q_000200,MENU_001203,0,4,0.3951283395290375,0.0,0.0,0.0,4.29862880706787
Q_000200,MENU_001236,0,5,0.38758766651153564,0.0,0.0,0.0,4.75703001022339
Q_000200,MENU_001663,0,6,0.387380987405777,0.0,0.0,0.0,3.84737396240234
Q_000200,MENU_001465,0,7,0.382808655500412,0.0,0.0,0.0,4.60264015197754
Q_000200,MENU_000677,0,8,0.38274356722831726,0.0,0.0,0.0,4.72276020050049
Q_000200,MENU_002491,1,9,0.3798116445541382,0.0,0.6666666666666666,0.0,4.05000019073486
Q_000200,MENU_001669,0,10,0.3779999315738678,0.0,0.0,0.0,3.84737396240234
Q_000200,MENU_002322,0,11,0.3778649568557739,0.0,0.0,0.0,4.681480884552
Q_000200,MENU_002256,0,12,0.3775625228881836,0.0,0.0,0.0,4.72893619537354
Q_000200,MENU_002560,0,13,0.37630078196525574,0.0,0.0,0.0,4.67702722549438
Q_000200,MENU_002529,0,14,0.37575650215148926,0.0,0.0,0.0,4.70963716506958
Q_000200,MENU_001864,0,15,0.37500154972076416,0.0,0.0,0.0,4.6991171836853
Q_000200,MENU_002561,0,16,0.37476807832717896,0.0,0.0,0.0,4.67702722549438
Q_000200,MENU_001074,0,17,0.3735046982765198,0.0,0.3333333333333333,0.0,4.25
Q_000200,MENU_000789,0,18,0.3732985258102417,0.0,0.0,0.0,4.70389223098755
Q_000200,MENU_000791,0,19,0.37304002046585083,0.0,0.0,0.0,4.70389223098755
Q_000200,MENU_001819,0,20,0.37169310450553894,0.0,0.0,0.0,4.6991171836853
Q_000200,MENU_001486,0,21,0.36983931064605713,0.0,0.0,0.0,4.60264015197754
Q_000200,MENU_001432,0,22,0.3691869378089905,0.0,0.0,0.0,4.60449504852295
Q_000200,MENU_002578,0,23,0.3684975504875183,0.0,0.0,0.0,4.67702722549438
Q_000200,MENU_001989,0,24,0.36650946736335754,0.0,0.0,0.0,4.67871189117432
Q_000200,MENU_002563,0,25,0.36636731028556824,0.0,0.0,0.0,4.67702722549438
Q_000200,MENU_001757,0,26,0.36492395401000977,0.0,0.0,0.0,4.81443309783936
Q_000200,MENU_001228,0,27,0.3641543686389923,0.0,0.0,0.0,4.75703001022339
Q_000200,MENU_002569,0,28,0.3633442223072052,0.0,0.0,0.0,4.67702722549438
Q_000200,MENU_002052,0,29,0.36166465282440186,0.0,0.0,0.0,4.1811408996582
Q_000200,MENU_002598,0,30,0.36126941442489624,0.0,0.0,0.0,4.67702722549438
Q_000200,MENU_002514,0,31,0.3605676293373108,0.0,0.0,0.0,4.66060876846313
Q_000200,MENU_001232,0,32,0.3604423403739929,0.0,0.0,0.0,4.75703001022339
Q_000200,MENU_002515,0,33,0.36029052734375,0.0,0.0,0.0,4.66060876846313
Q_000200,MENU_002823,0,34,0.36015546321868896,0.0,0.0,0.0,0.0
Q_000200,MENU_002030,0,35,0.3584875464439392,0.0,0.0,0.0,4.1811408996582
Q_000200,MENU_002591,0,36,0.35796692967414856,0.0,0.0,0.0,4.67702722549438
Q_000200,MENU_001755,0,37,0.3578692078590393,0.0,0.0,0.0,4.81443309783936
Q_000200,MENU_002501,0,38,0.35714590549468994,0.0,0.0,0.0,4.28089904785156
Q_000200,MENU_002034,0,39,0.35711804032325745,0.0,0.0,0.0,4.1811408996582
Q_000200,MENU_002824,0,40,0.3560367226600647,0.0,0.3333333333333333,0.0,0.0
Q_000200,MENU_001810,0,41,0.35543256998062134,0.0,0.0,0.0,4.6991171836853
Q_000200,MENU_001097,0,42,0.35500574111938477,0.0,0.3333333333333333,0.0,4.25
Q_000200,MENU_001039,0,43,0.35391223430633545,0.0,0.3333333333333333,0.0,4.25
Q_000200,MENU_001088,0,44,0.3535030484199524,0.0,0.3333333333333333,0.0,4.25
Q_000200,MENU_000971,0,45,0.35300391912460327,0.0,0.0,0.0,4.0
Q_000200,MENU_001891,0,46,0.3523203730583191,0.0,0.0,0.0,5.0
Q_000200,MENU_001225,0,47,0.351839542388916,0.0,0.0,0.0,4.75703001022339
Q_000200,MENU_001758,0,48,0.3515627086162567,0.0,0.0,0.0,4.81443309783936
Q_000200,MENU_002006,0,49,0.35117608308792114,0.0,0.0,0.0,4.1811408996582
Q_000200,MENU_002493,1,50,0.3506028652191162,0.0,0.6666666666666666,0.0,4.05000019073486
